incident_id,road_id,incident_type,severity,date,latitude,longitude,description,data_source
INC001000,R0002,FALLEN_TREE,2,2023-12-15,25.917945,91.477229,Synthetic incident record,SYNTHETIC
INC001001,R0007,FALLEN_TREE,2,2023-04-10,24.892367,91.877841,Synthetic incident record,SYNTHETIC
INC001002,R0008,LANDSLIDE,4,2023-10-21,24.885249,91.900474,Synthetic incident record,SYNTHETIC
INC001003,R0009,ROAD_BLOCKAGE,3,2023-01-22,24.870314,91.868718,Synthetic incident record,SYNTHETIC
INC001004,R0011,ROAD_BLOCKAGE,4,2023-07-07,24.875841,91.874482,Synthetic incident record,SYNTHETIC
INC001005,R0013,FALLEN_TREE,1,2023-11-16,24.857477,91.934911,Synthetic incident record,SYNTHETIC
INC001006,R0013,FLOOD,2,2023-06-16,24.848407,91.936556,Synthetic incident record,SYNTHETIC
INC001007,R0013,ACCIDENT,4,2023-09-22,24.848461,91.92233,Synthetic incident record,SYNTHETIC
INC001008,R0015,ACCIDENT,2,2023-09-21,24.980892,92.051155,Synthetic incident record,SYNTHETIC
INC001009,R0016,ACCIDENT,5,2023-01-02,24.970104,92.026062,Synthetic incident record,SYNTHETIC
INC001010,R0018,ACCIDENT,4,2023-08-06,26.089688,91.609953,Synthetic incident record,SYNTHETIC
INC001011,R0020,FALLEN_TREE,2,2023-10-23,26.111273,91.712282,Synthetic incident record,SYNTHETIC
INC001012,R0022,FALLEN_TREE,1,2023-07-07,26.152453,91.647129,Synthetic incident record,SYNTHETIC
INC001013,R0025,ROAD_BLOCKAGE,3,2023-05-09,26.198274,91.848451,Synthetic incident record,SYNTHETIC
INC001014,R0027,FLOOD,1,2023-10-16,26.184495,91.845782,Synthetic incident record,SYNTHETIC
INC001015,R0027,FLOOD,1,2023-01-28,26.189638,91.839722,Synthetic incident record,SYNTHETIC
INC001016,R0028,ROAD_BLOCKAGE,3,2023-03-03,26.183526,91.847459,Synthetic incident record,SYNTHETIC
INC001017,R0030,FALLEN_TREE,2,2023-04-11,26.210424,91.652315,Synthetic incident record,SYNTHETIC
INC001018,R0030,FLOOD,2,2023-09-12,26.196111,91.636146,Synthetic incident record,SYNTHETIC
INC001019,R0031,ACCIDENT,5,2023-06-28,26.173877,91.673984,Synthetic incident record,SYNTHETIC
INC001020,R0032,ROAD_BLOCKAGE,5,2023-08-10,26.176053,91.674045,Synthetic incident record,SYNTHETIC
INC001021,R0033,ACCIDENT,2,2023-01-13,26.172626,91.675831,Synthetic incident record,SYNTHETIC
INC001022,R0034,ACCIDENT,4,2023-02-14,26.185687,91.66326,Synthetic incident record,SYNTHETIC
INC001023,R0035,FLOOD,4,2023-02-13,26.197368,91.566044,Synthetic incident record,SYNTHETIC
INC001024,R0038,LANDSLIDE,4,2023-08-13,26.153056,91.676715,Synthetic incident record,SYNTHETIC
INC001025,R0043,FLOOD,4,2023-05-17,26.115406,91.723045,Synthetic incident record,SYNTHETIC
INC001026,R0044,LANDSLIDE,1,2023-06-09,26.1191,91.823005,Synthetic incident record,SYNTHETIC
INC001027,R0044,ROAD_BLOCKAGE,1,2023-02-21,26.113662,91.822871,Synthetic incident record,SYNTHETIC
INC001028,R0047,ACCIDENT,5,2023-03-22,26.114609,91.831786,Synthetic incident record,SYNTHETIC
INC001029,R0051,ACCIDENT,3,2023-05-10,26.099912,91.801167,Synthetic incident record,SYNTHETIC
INC001030,R0052,FALLEN_TREE,4,2023-05-03,26.096818,91.803462,Synthetic incident record,SYNTHETIC
INC001031,R0053,LANDSLIDE,1,2023-07-17,26.100401,91.81043,Synthetic incident record,SYNTHETIC
INC001032,R0054,ACCIDENT,4,2023-07-06,26.094062,91.800325,Synthetic incident record,SYNTHETIC
INC001033,R0056,ACCIDENT,1,2023-12-12,26.123767,91.793233,Synthetic incident record,SYNTHETIC
INC001034,R0058,ROAD_BLOCKAGE,4,2023-05-08,26.148046,91.794398,Synthetic incident record,SYNTHETIC
INC001035,R0061,ACCIDENT,2,2023-05-31,26.167084,92.357292,Synthetic incident record,SYNTHETIC
INC001036,R0063,ACCIDENT,5,2023-03-01,26.147074,91.792959,Synthetic incident record,SYNTHETIC
INC001037,R0065,ROAD_BLOCKAGE,4,2023-01-09,25.399368,91.777191,Synthetic incident record,SYNTHETIC
INC001038,R0067,ACCIDENT,3,2023-04-26,25.444436,91.813822,Synthetic incident record,SYNTHETIC
INC001039,R0068,FLOOD,2,2023-04-09,25.620323,91.869549,Synthetic incident record,SYNTHETIC
INC001040,R0069,LANDSLIDE,4,2023-06-12,25.581137,91.870975,Synthetic incident record,SYNTHETIC
INC001041,R0071,ROAD_BLOCKAGE,1,2023-10-31,24.81066,92.797523,Synthetic incident record,SYNTHETIC
INC001042,R0071,ROAD_BLOCKAGE,5,2023-05-08,24.807096,92.786403,Synthetic incident record,SYNTHETIC
INC001043,R0071,FLOOD,5,2023-02-20,24.813571,92.797153,Synthetic incident record,SYNTHETIC
INC001044,R0071,LANDSLIDE,5,2023-10-13,24.808632,92.797908,Synthetic incident record,SYNTHETIC
INC001045,R0072,LANDSLIDE,1,2023-11-13,24.806121,92.796293,Synthetic incident record,SYNTHETIC
INC001046,R0073,ROAD_BLOCKAGE,4,2023-08-08,24.805425,92.790276,Synthetic incident record,SYNTHETIC
INC001047,R0076,ROAD_BLOCKAGE,4,2023-12-15,24.856052,92.499815,Synthetic incident record,SYNTHETIC
INC001048,R0078,LANDSLIDE,3,2023-07-10,25.434252,91.845161,Synthetic incident record,SYNTHETIC
INC001049,R0079,FLOOD,3,2023-01-18,25.20633,92.049259,Synthetic incident record,SYNTHETIC
INC001050,R0080,ROAD_BLOCKAGE,2,2023-10-15,25.224305,92.085499,Synthetic incident record,SYNTHETIC
INC001051,R0081,FALLEN_TREE,2,2023-09-30,25.255936,92.08811,Synthetic incident record,SYNTHETIC
INC001052,R0083,ACCIDENT,2,2023-12-21,25.164623,92.395919,Synthetic incident record,SYNTHETIC
INC001053,R0086,ACCIDENT,3,2023-06-22,25.245842,91.941167,Synthetic incident record,SYNTHETIC
INC001054,R0089,ROAD_BLOCKAGE,1,2023-12-20,24.869503,92.584785,Synthetic incident record,SYNTHETIC
INC001055,R0089,FLOOD,2,2023-07-05,24.878476,92.57895,Synthetic incident record,SYNTHETIC
INC001056,R0089,ROAD_BLOCKAGE,4,2023-12-08,24.872628,92.573996,Synthetic incident record,SYNTHETIC
INC001057,R0092,ACCIDENT,5,2023-02-22,25.567411,91.880441,Synthetic incident record,SYNTHETIC
INC001058,R0093,ACCIDENT,5,2023-12-16,25.317504,92.131678,Synthetic incident record,SYNTHETIC
INC001059,R0094,ROAD_BLOCKAGE,4,2023-05-04,25.392605,92.144718,Synthetic incident record,SYNTHETIC
INC001060,R0095,LANDSLIDE,4,2023-12-12,25.41446,92.176381,Synthetic incident record,SYNTHETIC
INC001061,R0096,FLOOD,1,2023-05-09,24.824789,92.795126,Synthetic incident record,SYNTHETIC
INC001062,R0096,FALLEN_TREE,5,2023-08-25,24.826922,92.811094,Synthetic incident record,SYNTHETIC
INC001063,R0096,ROAD_BLOCKAGE,5,2023-09-04,24.822278,92.803318,Synthetic incident record,SYNTHETIC
INC001064,R0096,FALLEN_TREE,1,2023-03-27,24.821611,92.794318,Synthetic incident record,SYNTHETIC
INC001065,R0097,FLOOD,2,2023-08-26,26.048439,91.346993,Synthetic incident record,SYNTHETIC
INC001066,R0098,FALLEN_TREE,2,2023-12-07,26.099445,91.6056,Synthetic incident record,SYNTHETIC
INC001067,R0099,FLOOD,2,2023-09-03,26.143408,91.630067,Synthetic incident record,SYNTHETIC
INC001068,R0101,ACCIDENT,2,2023-04-06,26.168541,91.697871,Synthetic incident record,SYNTHETIC
INC001069,R0103,FLOOD,3,2023-06-09,26.193425,91.758332,Synthetic incident record,SYNTHETIC
INC001070,R0103,FALLEN_TREE,4,2023-02-02,26.183785,91.757735,Synthetic incident record,SYNTHETIC
INC001071,R0103,ROAD_BLOCKAGE,4,2023-11-19,26.191029,91.759852,Synthetic incident record,SYNTHETIC
INC001072,R0106,FLOOD,3,2023-04-05,26.178093,91.738424,Synthetic incident record,SYNTHETIC
INC001073,R0108,FLOOD,3,2023-09-21,26.147374,91.732666,Synthetic incident record,SYNTHETIC
INC001074,R0110,FALLEN_TREE,4,2023-11-10,26.1199,91.711146,Synthetic incident record,SYNTHETIC
INC001075,R0110,FLOOD,5,2023-08-05,26.122035,91.704208,Synthetic incident record,SYNTHETIC
INC001076,R0110,ACCIDENT,2,2023-07-11,26.117484,91.7132,Synthetic incident record,SYNTHETIC
INC001077,R0113,ACCIDENT,1,2023-06-01,26.185981,91.75183,Synthetic incident record,SYNTHETIC
INC001078,R0120,LANDSLIDE,5,2023-09-30,26.192088,91.756881,Synthetic incident record,SYNTHETIC
INC001079,R0124,ACCIDENT,4,2023-08-21,24.898071,91.86255,Synthetic incident record,SYNTHETIC
INC001080,R0126,LANDSLIDE,4,2023-05-24,24.896952,91.867191,Synthetic incident record,SYNTHETIC
INC001081,R0129,FALLEN_TREE,5,2023-02-22,26.146905,91.767917,Synthetic incident record,SYNTHETIC
INC001082,R0130,FALLEN_TREE,3,2023-07-05,26.102548,91.789179,Synthetic incident record,SYNTHETIC
INC001083,R0133,FLOOD,2,2023-11-27,26.133942,91.749964,Synthetic incident record,SYNTHETIC
INC001084,R0133,FLOOD,1,2023-09-10,26.14837,91.755626,Synthetic incident record,SYNTHETIC
INC001085,R0134,FALLEN_TREE,3,2023-10-10,26.151817,91.732442,Synthetic incident record,SYNTHETIC
INC001086,R0135,LANDSLIDE,5,2023-12-31,26.12058,91.79324,Synthetic incident record,SYNTHETIC
INC001087,R0136,FALLEN_TREE,4,2023-10-19,25.608374,91.86554,Synthetic incident record,SYNTHETIC
INC001088,R0136,ROAD_BLOCKAGE,3,2023-07-01,25.614951,91.868845,Synthetic incident record,SYNTHETIC
INC001089,R0136,FLOOD,4,2023-06-22,25.601076,91.873244,Synthetic incident record,SYNTHETIC
INC001090,R0137,ROAD_BLOCKAGE,5,2023-11-13,25.633976,91.891908,Synthetic incident record,SYNTHETIC
INC001091,R0138,LANDSLIDE,1,2023-07-09,25.636748,91.893572,Synthetic incident record,SYNTHETIC
INC001092,R0139,FALLEN_TREE,5,2023-04-27,25.660202,91.883763,Synthetic incident record,SYNTHETIC
INC001093,R0142,ROAD_BLOCKAGE,3,2023-08-01,25.73087,91.882822,Synthetic incident record,SYNTHETIC
INC001094,R0143,LANDSLIDE,5,2023-02-16,25.739176,91.888611,Synthetic incident record,SYNTHETIC
INC001095,R0144,ACCIDENT,2,2023-09-16,26.145959,92.003317,Synthetic incident record,SYNTHETIC
INC001096,R0145,ACCIDENT,2,2023-06-05,26.183759,92.259706,Synthetic incident record,SYNTHETIC
INC001097,R0145,ACCIDENT,5,2023-05-16,26.184112,92.267985,Synthetic incident record,SYNTHETIC
INC001098,R0145,LANDSLIDE,1,2023-02-10,26.182244,92.265377,Synthetic incident record,SYNTHETIC
INC001099,R0148,ROAD_BLOCKAGE,5,2023-08-08,26.160999,92.301554,Synthetic incident record,SYNTHETIC
INC001100,R0149,LANDSLIDE,2,2023-03-23,26.158563,92.338892,Synthetic incident record,SYNTHETIC
INC001101,R0150,FALLEN_TREE,1,2023-11-08,26.162243,92.324084,Synthetic incident record,SYNTHETIC
INC001102,R0151,ROAD_BLOCKAGE,5,2023-03-06,26.178116,92.310075,Synthetic incident record,SYNTHETIC
INC001103,R0152,LANDSLIDE,5,2023-03-04,26.165813,92.342035,Synthetic incident record,SYNTHETIC
INC001104,R0154,ACCIDENT,1,2023-04-15,26.177867,92.344186,Synthetic incident record,SYNTHETIC
INC001105,R0158,FLOOD,3,2023-01-23,24.897388,91.879376,Synthetic incident record,SYNTHETIC
INC001106,R0158,LANDSLIDE,3,2023-05-25,24.88683,91.864581,Synthetic incident record,SYNTHETIC
INC001107,R0161,FLOOD,2,2023-10-15,24.864511,92.575921,Synthetic incident record,SYNTHETIC
INC001108,R0162,LANDSLIDE,4,2023-04-28,24.8802,92.576704,Synthetic incident record,SYNTHETIC
INC001109,R0164,FALLEN_TREE,5,2023-08-10,26.190942,91.75881,Synthetic incident record,SYNTHETIC
INC001110,R0165,ACCIDENT,2,2023-03-07,26.193555,91.749532,Synthetic incident record,SYNTHETIC
INC001111,R0166,ROAD_BLOCKAGE,3,2023-11-02,25.826043,92.086988,Synthetic incident record,SYNTHETIC
INC001112,R0168,ACCIDENT,2,2023-11-04,24.965718,91.8772,Synthetic incident record,SYNTHETIC
INC001113,R0169,LANDSLIDE,2,2023-03-22,25.544341,91.817663,Synthetic incident record,SYNTHETIC
INC001114,R0169,FLOOD,5,2023-09-30,25.530516,91.823904,Synthetic incident record,SYNTHETIC
INC001115,R0170,ROAD_BLOCKAGE,3,2023-07-24,25.25063,91.580024,Synthetic incident record,SYNTHETIC
INC001116,R0175,ACCIDENT,4,2023-04-05,26.179804,91.749693,Synthetic incident record,SYNTHETIC
INC001117,R0176,FALLEN_TREE,2,2023-10-08,26.179707,91.685605,Synthetic incident record,SYNTHETIC
INC001118,R0178,ACCIDENT,2,2023-02-20,26.155094,91.709224,Synthetic incident record,SYNTHETIC
INC001119,R0180,FLOOD,2,2023-11-22,26.115752,91.798022,Synthetic incident record,SYNTHETIC
INC001120,R0180,FLOOD,1,2023-03-19,26.119941,91.795238,Synthetic incident record,SYNTHETIC
INC001121,R0180,ROAD_BLOCKAGE,5,2023-02-16,26.125897,91.790441,Synthetic incident record,SYNTHETIC
INC001122,R0180,LANDSLIDE,3,2023-12-03,26.118877,91.80493,Synthetic incident record,SYNTHETIC
INC001123,R0182,FLOOD,4,2023-07-26,25.559504,91.916423,Synthetic incident record,SYNTHETIC
INC001124,R0182,ROAD_BLOCKAGE,3,2023-03-19,25.558023,91.912892,Synthetic incident record,SYNTHETIC
INC001125,R0182,ROAD_BLOCKAGE,4,2023-01-07,25.562516,91.914831,Synthetic incident record,SYNTHETIC
INC001126,R0184,LANDSLIDE,5,2023-10-21,26.184109,91.776982,Synthetic incident record,SYNTHETIC
INC001127,R0185,FLOOD,4,2023-07-21,26.130281,91.793211,Synthetic incident record,SYNTHETIC
INC001128,R0189,FALLEN_TREE,2,2023-01-25,26.148676,91.702775,Synthetic incident record,SYNTHETIC
INC001129,R0191,LANDSLIDE,4,2023-04-21,26.15858,91.705331,Synthetic incident record,SYNTHETIC
INC001130,R0193,FLOOD,3,2023-04-11,26.147504,91.699013,Synthetic incident record,SYNTHETIC
INC001131,R0194,LANDSLIDE,5,2023-11-11,26.168705,91.699012,Synthetic incident record,SYNTHETIC
INC001132,R0195,ACCIDENT,3,2023-10-04,26.12955,91.669074,Synthetic incident record,SYNTHETIC
INC001133,R0196,LANDSLIDE,3,2023-11-14,26.156391,91.678375,Synthetic incident record,SYNTHETIC
INC001134,R0199,FLOOD,4,2023-08-17,26.194875,91.748915,Synthetic incident record,SYNTHETIC
INC001135,R0200,LANDSLIDE,3,2023-03-16,26.194492,91.762991,Synthetic incident record,SYNTHETIC
INC001136,R0200,FLOOD,3,2023-03-03,26.195769,91.757785,Synthetic incident record,SYNTHETIC
INC001137,R0200,ACCIDENT,3,2023-06-22,26.192571,91.75039,Synthetic incident record,SYNTHETIC
INC001138,R0201,LANDSLIDE,2,2023-08-13,26.19311,91.750829,Synthetic incident record,SYNTHETIC
INC001139,R0202,ACCIDENT,5,2023-11-16,26.112171,91.788801,Synthetic incident record,SYNTHETIC
INC001140,R0204,FALLEN_TREE,2,2023-06-10,26.147355,91.788095,Synthetic incident record,SYNTHETIC
INC001141,R0204,ACCIDENT,1,2023-06-21,26.144005,91.792702,Synthetic incident record,SYNTHETIC
INC001142,R0211,ACCIDENT,4,2023-04-04,25.550906,91.914957,Synthetic incident record,SYNTHETIC
INC001143,R0211,FLOOD,4,2023-11-30,25.567431,91.917761,Synthetic incident record,SYNTHETIC
INC001144,R0215,ROAD_BLOCKAGE,1,2023-11-16,25.562124,91.88274,Synthetic incident record,SYNTHETIC
INC001145,R0217,FALLEN_TREE,3,2023-11-12,25.585439,91.866333,Synthetic incident record,SYNTHETIC
INC001146,R0219,LANDSLIDE,2,2023-03-03,26.173657,91.575983,Synthetic incident record,SYNTHETIC
INC001147,R0220,LANDSLIDE,1,2023-05-05,26.120423,91.687881,Synthetic incident record,SYNTHETIC
INC001148,R0220,FALLEN_TREE,3,2023-05-25,26.132386,91.680607,Synthetic incident record,SYNTHETIC
INC001149,R0222,FLOOD,4,2023-07-17,26.109303,91.600775,Synthetic incident record,SYNTHETIC
INC001150,R0222,ROAD_BLOCKAGE,4,2023-01-15,26.108079,91.59813,Synthetic incident record,SYNTHETIC
INC001151,R0224,LANDSLIDE,4,2023-04-07,25.587034,91.891926,Synthetic incident record,SYNTHETIC
INC001152,R0225,LANDSLIDE,5,2023-11-18,25.591917,91.884576,Synthetic incident record,SYNTHETIC
INC001153,R0228,FALLEN_TREE,5,2023-12-31,25.533363,91.892163,Synthetic incident record,SYNTHETIC
INC001154,R0228,FLOOD,3,2023-06-06,25.535398,91.898663,Synthetic incident record,SYNTHETIC
INC001155,R0228,FLOOD,3,2023-04-05,25.542782,91.895528,Synthetic incident record,SYNTHETIC
INC001156,R0229,FLOOD,3,2023-03-10,25.575091,91.889653,Synthetic incident record,SYNTHETIC
INC001157,R0229,LANDSLIDE,1,2023-08-06,25.570279,91.880589,Synthetic incident record,SYNTHETIC
INC001158,R0231,ACCIDENT,5,2023-06-20,25.584619,91.876784,Synthetic incident record,SYNTHETIC
INC001159,R0231,ACCIDENT,2,2023-10-20,25.580121,91.868532,Synthetic incident record,SYNTHETIC
INC001160,R0231,ROAD_BLOCKAGE,1,2023-02-20,25.580705,91.884168,Synthetic incident record,SYNTHETIC
INC001161,R0232,LANDSLIDE,1,2023-04-11,25.569293,91.870125,Synthetic incident record,SYNTHETIC
INC001162,R0234,LANDSLIDE,5,2023-02-24,24.880966,92.210048,Synthetic incident record,SYNTHETIC
INC001163,R0236,ACCIDENT,1,2023-11-09,25.561654,91.864952,Synthetic incident record,SYNTHETIC
INC001164,R0237,ROAD_BLOCKAGE,2,2023-03-16,25.579961,91.868249,Synthetic incident record,SYNTHETIC
INC001165,R0240,LANDSLIDE,4,2023-12-30,24.887096,91.872337,Synthetic incident record,SYNTHETIC
INC001166,R0240,FALLEN_TREE,3,2023-07-17,24.869519,91.873602,Synthetic incident record,SYNTHETIC
INC001167,R0241,LANDSLIDE,4,2023-06-05,24.889345,91.897651,Synthetic incident record,SYNTHETIC
INC001168,R0244,LANDSLIDE,1,2023-04-28,24.963696,91.862572,Synthetic incident record,SYNTHETIC
INC001169,R0245,ROAD_BLOCKAGE,5,2023-05-21,24.914156,91.948081,Synthetic incident record,SYNTHETIC
INC001170,R0249,FLOOD,2,2023-01-18,26.18613,91.756999,Synthetic incident record,SYNTHETIC
INC001171,R0249,ACCIDENT,1,2023-04-23,26.188265,91.75391,Synthetic incident record,SYNTHETIC
INC001172,R0250,FLOOD,3,2023-02-24,26.19923,91.747183,Synthetic incident record,SYNTHETIC
INC001173,R0251,ACCIDENT,2,2023-06-11,26.187905,91.742085,Synthetic incident record,SYNTHETIC
INC001174,R0253,ROAD_BLOCKAGE,5,2023-01-08,24.886099,92.761228,Synthetic incident record,SYNTHETIC
INC001175,R0253,ROAD_BLOCKAGE,3,2023-11-24,24.887639,92.772787,Synthetic incident record,SYNTHETIC
INC001176,R0253,ROAD_BLOCKAGE,3,2023-04-07,24.896692,92.771205,Synthetic incident record,SYNTHETIC
INC001177,R0253,FLOOD,2,2023-06-14,24.888379,92.764917,Synthetic incident record,SYNTHETIC
INC001178,R0259,LANDSLIDE,5,2023-02-05,26.183197,91.742968,Synthetic incident record,SYNTHETIC
INC001179,R0260,ACCIDENT,4,2023-01-11,26.16385,91.744718,Synthetic incident record,SYNTHETIC
INC001180,R0263,ACCIDENT,3,2023-09-13,25.971261,91.548012,Synthetic incident record,SYNTHETIC
INC001181,R0264,ROAD_BLOCKAGE,1,2023-12-08,26.142841,91.62037,Synthetic incident record,SYNTHETIC
INC001182,R0265,FLOOD,5,2023-04-25,25.541062,91.899051,Synthetic incident record,SYNTHETIC
INC001183,R0269,FLOOD,5,2023-10-05,25.098275,92.120626,Synthetic incident record,SYNTHETIC
INC001184,R0271,FALLEN_TREE,2,2023-08-03,25.142708,92.126373,Synthetic incident record,SYNTHETIC
INC001185,R0272,LANDSLIDE,2,2023-02-10,25.134526,92.121005,Synthetic incident record,SYNTHETIC
INC001186,R0273,ROAD_BLOCKAGE,1,2023-03-28,25.118373,92.109059,Synthetic incident record,SYNTHETIC
INC001187,R0275,LANDSLIDE,5,2023-08-07,25.179192,92.057861,Synthetic incident record,SYNTHETIC
INC001188,R0277,FLOOD,2,2023-06-22,25.095706,91.980967,Synthetic incident record,SYNTHETIC
INC001189,R0278,ACCIDENT,3,2023-11-06,25.129952,92.108029,Synthetic incident record,SYNTHETIC
INC001190,R0279,ACCIDENT,1,2023-01-29,25.08989,92.113667,Synthetic incident record,SYNTHETIC
INC001191,R0280,FALLEN_TREE,1,2023-10-22,24.991706,92.051227,Synthetic incident record,SYNTHETIC
INC001192,R0280,ROAD_BLOCKAGE,4,2023-09-07,24.980122,92.037486,Synthetic incident record,SYNTHETIC
INC001193,R0283,FLOOD,5,2023-12-31,25.145376,92.11099,Synthetic incident record,SYNTHETIC
INC001194,R0286,FLOOD,1,2023-01-17,25.175273,92.059521,Synthetic incident record,SYNTHETIC
INC001195,R0288,ROAD_BLOCKAGE,2,2023-05-11,24.99382,92.038296,Synthetic incident record,SYNTHETIC
INC001196,R0288,ROAD_BLOCKAGE,1,2023-01-12,24.999484,92.040081,Synthetic incident record,SYNTHETIC
INC001197,R0291,ROAD_BLOCKAGE,5,2023-02-26,25.064389,92.103382,Synthetic incident record,SYNTHETIC
INC001198,R0295,ACCIDENT,3,2023-07-17,24.91201,92.715587,Synthetic incident record,SYNTHETIC
INC001199,R0296,LANDSLIDE,2,2023-12-31,24.832583,92.78347,Synthetic incident record,SYNTHETIC
INC001200,R0297,FALLEN_TREE,1,2023-03-27,24.907944,92.702258,Synthetic incident record,SYNTHETIC
INC001201,R0297,FALLEN_TREE,2,2023-06-25,24.891939,92.710014,Synthetic incident record,SYNTHETIC
INC001202,R0297,FLOOD,3,2023-08-11,24.906875,92.71847,Synthetic incident record,SYNTHETIC
INC001203,R0297,ROAD_BLOCKAGE,4,2023-04-13,24.890374,92.713504,Synthetic incident record,SYNTHETIC
INC001204,R0298,FLOOD,4,2023-10-28,24.928151,92.642791,Synthetic incident record,SYNTHETIC
INC001205,R0298,FALLEN_TREE,1,2023-02-08,24.932918,92.639655,Synthetic incident record,SYNTHETIC
INC001206,R0298,ACCIDENT,2,2023-07-29,24.937015,92.637402,Synthetic incident record,SYNTHETIC
INC001207,R0301,FALLEN_TREE,2,2023-02-03,24.831935,92.392941,Synthetic incident record,SYNTHETIC
INC001208,R0302,ACCIDENT,5,2023-04-06,24.842054,92.376149,Synthetic incident record,SYNTHETIC
INC001209,R0303,ACCIDENT,1,2023-11-14,24.843045,92.397823,Synthetic incident record,SYNTHETIC
INC001210,R0304,LANDSLIDE,3,2023-12-25,24.840149,92.840293,Synthetic incident record,SYNTHETIC
INC001211,R0306,FALLEN_TREE,1,2023-06-07,24.871395,92.372821,Synthetic incident record,SYNTHETIC
INC001212,R0307,LANDSLIDE,1,2023-07-12,24.852388,92.334638,Synthetic incident record,SYNTHETIC
INC001213,R0308,FALLEN_TREE,3,2023-05-20,24.873267,92.377813,Synthetic incident record,SYNTHETIC
INC001214,R0309,ROAD_BLOCKAGE,5,2023-07-17,24.879593,92.373602,Synthetic incident record,SYNTHETIC
INC001215,R0309,ROAD_BLOCKAGE,4,2023-08-14,24.863287,92.375742,Synthetic incident record,SYNTHETIC
INC001216,R0309,FALLEN_TREE,2,2023-12-15,24.87294,92.368073,Synthetic incident record,SYNTHETIC
INC001217,R0311,ROAD_BLOCKAGE,5,2023-11-09,24.865709,92.35502,Synthetic incident record,SYNTHETIC
INC001218,R0313,ACCIDENT,2,2023-02-16,24.83924,92.355386,Synthetic incident record,SYNTHETIC
INC001219,R0316,ROAD_BLOCKAGE,3,2023-06-27,24.829716,92.624469,Synthetic incident record,SYNTHETIC
INC001220,R0316,LANDSLIDE,4,2023-09-26,24.824368,92.615282,Synthetic incident record,SYNTHETIC
INC001221,R0317,ROAD_BLOCKAGE,3,2023-12-23,24.820967,92.800284,Synthetic incident record,SYNTHETIC
INC001222,R0318,ACCIDENT,2,2023-01-29,24.816444,92.804971,Synthetic incident record,SYNTHETIC
INC001223,R0321,ACCIDENT,3,2023-01-25,24.804034,92.793876,Synthetic incident record,SYNTHETIC
INC001224,R0323,FALLEN_TREE,5,2023-02-06,24.815817,92.546732,Synthetic incident record,SYNTHETIC
INC001225,R0325,ROAD_BLOCKAGE,2,2023-02-09,24.824044,92.789387,Synthetic incident record,SYNTHETIC
INC001226,R0327,FALLEN_TREE,1,2023-02-09,24.813508,92.649449,Synthetic incident record,SYNTHETIC
INC001227,R0328,LANDSLIDE,3,2023-08-04,25.854633,92.888217,Synthetic incident record,SYNTHETIC
INC001228,R0330,FALLEN_TREE,2,2023-06-18,26.114022,91.793086,Synthetic incident record,SYNTHETIC
INC001229,R0331,FALLEN_TREE,3,2023-07-10,26.204801,92.367429,Synthetic incident record,SYNTHETIC
INC001230,R0333,FLOOD,3,2023-09-06,26.10184,91.772103,Synthetic incident record,SYNTHETIC
INC001231,R0334,FLOOD,5,2023-06-07,26.119846,91.783033,Synthetic incident record,SYNTHETIC
INC001232,R0334,ROAD_BLOCKAGE,1,2023-01-12,26.101799,91.788751,Synthetic incident record,SYNTHETIC
INC001233,R0334,ACCIDENT,5,2023-08-21,26.114308,91.788206,Synthetic incident record,SYNTHETIC
INC001234,R0334,FLOOD,1,2023-06-12,26.10424,91.788677,Synthetic incident record,SYNTHETIC
INC001235,R0335,FALLEN_TREE,5,2023-11-15,26.113367,91.713142,Synthetic incident record,SYNTHETIC
INC001236,R0336,ACCIDENT,3,2023-07-15,26.104919,91.797149,Synthetic incident record,SYNTHETIC
INC001237,R0337,LANDSLIDE,2,2023-01-17,26.116955,91.795438,Synthetic incident record,SYNTHETIC
INC001238,R0338,FALLEN_TREE,4,2023-07-29,26.13173,91.692277,Synthetic incident record,SYNTHETIC
INC001239,R0339,FALLEN_TREE,3,2023-09-08,26.108345,91.719927,Synthetic incident record,SYNTHETIC
INC001240,R0341,FLOOD,2,2023-03-20,26.135658,91.670267,Synthetic incident record,SYNTHETIC
INC001241,R0342,FALLEN_TREE,1,2023-08-14,26.121667,91.789813,Synthetic incident record,SYNTHETIC
INC001242,R0347,ACCIDENT,3,2023-03-16,26.035875,91.859165,Synthetic incident record,SYNTHETIC
INC001243,R0347,ACCIDENT,5,2023-01-27,26.048821,91.876782,Synthetic incident record,SYNTHETIC
INC001244,R0347,ACCIDENT,3,2023-01-21,26.04965,91.874664,Synthetic incident record,SYNTHETIC
INC001245,R0347,FLOOD,5,2023-09-14,26.037875,91.872005,Synthetic incident record,SYNTHETIC
INC001246,R0349,ACCIDENT,3,2023-10-08,26.077754,91.430741,Synthetic incident record,SYNTHETIC
INC001247,R0350,FALLEN_TREE,3,2023-03-01,26.066997,91.438318,Synthetic incident record,SYNTHETIC
INC001248,R0351,FALLEN_TREE,4,2023-07-18,26.083347,91.462302,Synthetic incident record,SYNTHETIC
INC001249,R0352,LANDSLIDE,4,2023-02-15,26.047586,91.37851,Synthetic incident record,SYNTHETIC
INC001250,R0353,ACCIDENT,5,2023-08-16,26.077705,91.457235,Synthetic incident record,SYNTHETIC
INC001251,R0355,LANDSLIDE,5,2023-12-10,26.064469,91.539073,Synthetic incident record,SYNTHETIC
INC001252,R0356,ROAD_BLOCKAGE,5,2023-11-16,26.068856,91.571621,Synthetic incident record,SYNTHETIC
INC001253,R0359,ROAD_BLOCKAGE,1,2023-04-12,26.217311,92.533443,Synthetic incident record,SYNTHETIC
INC001254,R0361,ACCIDENT,4,2023-02-15,26.179448,92.550587,Synthetic incident record,SYNTHETIC
INC001255,R0363,LANDSLIDE,1,2023-08-30,26.146595,92.538839,Synthetic incident record,SYNTHETIC
INC001256,R0365,FLOOD,2,2023-03-18,26.136762,92.531084,Synthetic incident record,SYNTHETIC
INC001257,R0366,ACCIDENT,1,2023-05-02,26.150563,92.526822,Synthetic incident record,SYNTHETIC
INC001258,R0367,LANDSLIDE,1,2023-11-13,26.148681,92.523451,Synthetic incident record,SYNTHETIC
INC001259,R0368,ACCIDENT,3,2023-07-23,26.196351,92.560198,Synthetic incident record,SYNTHETIC
INC001260,R0372,FLOOD,3,2023-07-27,26.068591,91.465305,Synthetic incident record,SYNTHETIC
INC001261,R0375,ACCIDENT,4,2023-12-28,24.927173,91.451957,Synthetic incident record,SYNTHETIC
INC001262,R0380,FALLEN_TREE,5,2023-05-27,25.002289,92.353432,Synthetic incident record,SYNTHETIC
INC001263,R0382,ROAD_BLOCKAGE,5,2023-11-03,24.890351,92.168038,Synthetic incident record,SYNTHETIC
INC001264,R0383,FLOOD,3,2023-11-08,24.993357,92.301831,Synthetic incident record,SYNTHETIC
INC001265,R0387,FALLEN_TREE,2,2023-07-26,24.849128,92.017839,Synthetic incident record,SYNTHETIC
INC001266,R0388,ACCIDENT,4,2023-01-24,24.91003,92.154243,Synthetic incident record,SYNTHETIC
INC001267,R0388,LANDSLIDE,4,2023-06-01,24.912386,92.157605,Synthetic incident record,SYNTHETIC
INC001268,R0388,FLOOD,2,2023-09-07,24.916025,92.157058,Synthetic incident record,SYNTHETIC
INC001269,R0388,FLOOD,5,2023-09-19,24.91462,92.167167,Synthetic incident record,SYNTHETIC
INC001270,R0389,LANDSLIDE,3,2023-05-11,24.98815,92.308313,Synthetic incident record,SYNTHETIC
INC001271,R0390,FLOOD,4,2023-01-08,24.852348,92.003029,Synthetic incident record,SYNTHETIC
INC001272,R0391,FALLEN_TREE,1,2023-11-30,24.982572,92.291284,Synthetic incident record,SYNTHETIC
INC001273,R0392,LANDSLIDE,4,2023-11-12,24.875395,92.371628,Synthetic incident record,SYNTHETIC
INC001274,R0393,LANDSLIDE,4,2023-08-19,24.869623,92.435604,Synthetic incident record,SYNTHETIC
INC001275,R0394,ACCIDENT,4,2023-06-12,24.887911,92.068644,Synthetic incident record,SYNTHETIC
INC001276,R0400,FALLEN_TREE,2,2023-07-14,24.94482,91.39554,Synthetic incident record,SYNTHETIC
INC001277,R0401,ROAD_BLOCKAGE,4,2023-12-16,24.903216,91.464976,Synthetic incident record,SYNTHETIC
INC001278,R0404,FALLEN_TREE,4,2023-10-11,25.028068,91.380037,Synthetic incident record,SYNTHETIC
INC001279,R0408,ACCIDENT,3,2023-02-13,24.946204,91.406722,Synthetic incident record,SYNTHETIC
INC001280,R0410,ACCIDENT,2,2023-11-30,25.03337,91.38157,Synthetic incident record,SYNTHETIC
INC001281,R0411,FALLEN_TREE,3,2023-01-01,25.029598,91.374204,Synthetic incident record,SYNTHETIC
INC001282,R0411,ACCIDENT,2,2023-11-21,25.029222,91.376853,Synthetic incident record,SYNTHETIC
INC001283,R0411,ROAD_BLOCKAGE,2,2023-10-03,25.046888,91.384462,Synthetic incident record,SYNTHETIC
INC001284,R0411,ROAD_BLOCKAGE,2,2023-08-05,25.039938,91.382518,Synthetic incident record,SYNTHETIC
INC001285,R0413,FALLEN_TREE,4,2023-10-21,25.031738,91.313666,Synthetic incident record,SYNTHETIC
INC001286,R0414,FALLEN_TREE,1,2023-08-22,25.050024,91.382183,Synthetic incident record,SYNTHETIC
INC001287,R0415,FLOOD,1,2023-12-18,24.918074,91.471806,Synthetic incident record,SYNTHETIC
INC001288,R0415,FLOOD,2,2023-11-07,24.932956,91.460025,Synthetic incident record,SYNTHETIC
INC001289,R0415,LANDSLIDE,4,2023-05-25,24.930001,91.469831,Synthetic incident record,SYNTHETIC
INC001290,R0415,LANDSLIDE,3,2023-11-24,24.929293,91.470912,Synthetic incident record,SYNTHETIC
INC001291,R0417,ACCIDENT,2,2023-10-31,25.07443,91.391353,Synthetic incident record,SYNTHETIC
INC001292,R0417,LANDSLIDE,1,2023-07-11,25.062369,91.408765,Synthetic incident record,SYNTHETIC
INC001293,R0417,LANDSLIDE,3,2023-06-25,25.076454,91.391031,Synthetic incident record,SYNTHETIC
INC001294,R0417,ACCIDENT,3,2023-11-20,25.074415,91.404525,Synthetic incident record,SYNTHETIC
INC001295,R0418,FALLEN_TREE,3,2023-03-23,24.9456,91.426897,Synthetic incident record,SYNTHETIC
INC001296,R0420,LANDSLIDE,4,2023-11-06,24.924627,92.777154,Synthetic incident record,SYNTHETIC
INC001297,R0421,FALLEN_TREE,1,2023-07-18,24.841375,92.831048,Synthetic incident record,SYNTHETIC
INC001298,R0424,ROAD_BLOCKAGE,2,2023-10-18,26.108964,92.867221,Synthetic incident record,SYNTHETIC
INC001299,R0425,FLOOD,4,2023-09-22,26.111919,92.882898,Synthetic incident record,SYNTHETIC
INC001300,R0427,FALLEN_TREE,4,2023-06-03,26.107147,92.868173,Synthetic incident record,SYNTHETIC
INC001301,R0427,FLOOD,4,2023-08-16,26.117127,92.880491,Synthetic incident record,SYNTHETIC
INC001302,R0427,FALLEN_TREE,4,2023-01-21,26.108884,92.865344,Synthetic incident record,SYNTHETIC
INC001303,R0427,ACCIDENT,5,2023-10-08,26.118062,92.872795,Synthetic incident record,SYNTHETIC
INC001304,R0429,FALLEN_TREE,4,2023-10-17,24.809818,92.601377,Synthetic incident record,SYNTHETIC
INC001305,R0429,FLOOD,4,2023-01-27,24.825084,92.599675,Synthetic incident record,SYNTHETIC
INC001306,R0430,LANDSLIDE,3,2023-01-02,24.752195,92.591659,Synthetic incident record,SYNTHETIC
INC001307,R0433,LANDSLIDE,2,2023-03-15,24.908015,92.584294,Synthetic incident record,SYNTHETIC
INC001308,R0435,LANDSLIDE,4,2023-02-05,24.96975,92.551825,Synthetic incident record,SYNTHETIC
INC001309,R0436,FALLEN_TREE,4,2023-06-22,24.973922,92.569113,Synthetic incident record,SYNTHETIC
INC001310,R0438,LANDSLIDE,5,2023-01-09,26.130291,92.838232,Synthetic incident record,SYNTHETIC
INC001311,R0439,ROAD_BLOCKAGE,5,2023-03-13,26.121028,92.876078,Synthetic incident record,SYNTHETIC
INC001312,R0440,FLOOD,1,2023-02-19,24.879339,92.596478,Synthetic incident record,SYNTHETIC
INC001313,R0441,FALLEN_TREE,1,2023-06-13,24.867537,92.587564,Synthetic incident record,SYNTHETIC
INC001314,R0443,FALLEN_TREE,3,2023-08-14,24.838597,92.834343,Synthetic incident record,SYNTHETIC
INC001315,R0444,FALLEN_TREE,5,2023-06-09,24.872125,92.350299,Synthetic incident record,SYNTHETIC
INC001316,R0446,FLOOD,3,2023-09-15,25.15918,91.338414,Synthetic incident record,SYNTHETIC
INC001317,R0447,ACCIDENT,3,2023-05-05,25.168041,91.340322,Synthetic incident record,SYNTHETIC
INC001318,R0448,FALLEN_TREE,4,2023-08-06,25.117171,91.341021,Synthetic incident record,SYNTHETIC
INC001319,R0449,LANDSLIDE,3,2023-08-17,25.108222,91.361028,Synthetic incident record,SYNTHETIC
INC001320,R0450,ACCIDENT,5,2023-07-15,24.788553,91.361655,Synthetic incident record,SYNTHETIC
INC001321,R0451,FLOOD,3,2023-01-27,26.170413,91.726942,Synthetic incident record,SYNTHETIC
INC001322,R0452,FLOOD,4,2023-10-27,26.16435,91.762011,Synthetic incident record,SYNTHETIC
INC001323,R0453,ACCIDENT,4,2023-04-12,26.169126,91.687214,Synthetic incident record,SYNTHETIC
INC001324,R0454,LANDSLIDE,2,2023-02-05,26.185321,91.742737,Synthetic incident record,SYNTHETIC
INC001325,R0455,LANDSLIDE,4,2023-06-07,26.177104,91.745704,Synthetic incident record,SYNTHETIC
INC001326,R0456,ACCIDENT,3,2023-01-03,26.176154,91.726212,Synthetic incident record,SYNTHETIC
INC001327,R0457,ACCIDENT,1,2023-04-28,26.192999,91.758551,Synthetic incident record,SYNTHETIC
INC001328,R0459,LANDSLIDE,5,2023-05-29,26.116862,91.774358,Synthetic incident record,SYNTHETIC
INC001329,R0460,ACCIDENT,1,2023-02-07,26.173513,91.737044,Synthetic incident record,SYNTHETIC
INC001330,R0462,ROAD_BLOCKAGE,1,2023-08-25,26.187839,91.770489,Synthetic incident record,SYNTHETIC
INC001331,R0466,FLOOD,3,2023-06-29,25.701953,91.986203,Synthetic incident record,SYNTHETIC
INC001332,R0466,FLOOD,4,2023-05-23,25.716202,91.984383,Synthetic incident record,SYNTHETIC
INC001333,R0469,FLOOD,3,2023-06-15,25.717033,91.992114,Synthetic incident record,SYNTHETIC
INC001334,R0470,FALLEN_TREE,3,2023-01-07,25.667743,91.895563,Synthetic incident record,SYNTHETIC
INC001335,R0471,ACCIDENT,2,2023-12-13,25.667587,91.898825,Synthetic incident record,SYNTHETIC
INC001336,R0472,LANDSLIDE,4,2023-01-25,25.669066,91.900526,Synthetic incident record,SYNTHETIC
INC001337,R0474,ROAD_BLOCKAGE,3,2023-12-02,25.672471,91.893972,Synthetic incident record,SYNTHETIC
INC001338,R0476,FALLEN_TREE,2,2023-01-25,25.661943,91.89238,Synthetic incident record,SYNTHETIC
INC001339,R0477,ACCIDENT,4,2023-01-25,25.64208,91.844784,Synthetic incident record,SYNTHETIC
INC001340,R0479,FALLEN_TREE,3,2023-05-26,25.569275,91.895232,Synthetic incident record,SYNTHETIC
INC001341,R0479,ROAD_BLOCKAGE,5,2023-09-11,25.575771,91.885499,Synthetic incident record,SYNTHETIC
INC001342,R0479,FLOOD,5,2023-09-23,25.567956,91.887895,Synthetic incident record,SYNTHETIC
INC001343,R0481,ACCIDENT,3,2023-03-24,25.565361,91.878651,Synthetic incident record,SYNTHETIC
INC001344,R0483,LANDSLIDE,5,2023-09-09,25.575866,91.887816,Synthetic incident record,SYNTHETIC
INC001345,R0485,FLOOD,5,2023-11-04,25.561658,91.885233,Synthetic incident record,SYNTHETIC
INC001346,R0486,ROAD_BLOCKAGE,4,2023-07-10,24.847153,91.890456,Synthetic incident record,SYNTHETIC
INC001347,R0486,FALLEN_TREE,2,2023-01-14,24.841695,91.894305,Synthetic incident record,SYNTHETIC
INC001348,R0486,FALLEN_TREE,2,2023-03-03,24.847784,91.886947,Synthetic incident record,SYNTHETIC
INC001349,R0487,FALLEN_TREE,5,2023-03-06,24.831752,91.904862,Synthetic incident record,SYNTHETIC
INC001350,R0489,LANDSLIDE,4,2023-06-22,24.82638,91.89528,Synthetic incident record,SYNTHETIC
INC001351,R0492,ACCIDENT,2,2023-11-04,24.8434,91.890264,Synthetic incident record,SYNTHETIC
INC001352,R0492,ROAD_BLOCKAGE,1,2023-02-21,24.842949,91.900314,Synthetic incident record,SYNTHETIC
INC001353,R0492,FALLEN_TREE,2,2023-08-09,24.845969,91.896469,Synthetic incident record,SYNTHETIC
INC001354,R0492,LANDSLIDE,1,2023-04-23,24.857186,91.903018,Synthetic incident record,SYNTHETIC
INC001355,R0494,FLOOD,2,2023-03-01,24.795178,91.90937,Synthetic incident record,SYNTHETIC
INC001356,R0495,FLOOD,3,2023-08-20,25.57913,91.900462,Synthetic incident record,SYNTHETIC
INC001357,R0496,FALLEN_TREE,3,2023-07-19,25.566868,91.894779,Synthetic incident record,SYNTHETIC
INC001358,R0498,LANDSLIDE,3,2023-03-28,25.570412,91.881234,Synthetic incident record,SYNTHETIC
INC001359,R0498,LANDSLIDE,5,2023-04-19,25.572851,91.882508,Synthetic incident record,SYNTHETIC
INC001360,R0498,ACCIDENT,3,2023-05-28,25.571558,91.887466,Synthetic incident record,SYNTHETIC
INC001361,R0499,ROAD_BLOCKAGE,2,2023-07-30,25.585673,91.880106,Synthetic incident record,SYNTHETIC
INC001362,R0502,LANDSLIDE,1,2023-02-07,25.559653,91.876963,Synthetic incident record,SYNTHETIC
INC001363,R0504,LANDSLIDE,1,2023-02-18,25.561517,91.895446,Synthetic incident record,SYNTHETIC
INC001364,R0506,FALLEN_TREE,4,2023-04-29,25.556616,91.895047,Synthetic incident record,SYNTHETIC
INC001365,R0507,FALLEN_TREE,4,2023-12-13,25.576463,91.885104,Synthetic incident record,SYNTHETIC
INC001366,R0508,FLOOD,1,2023-01-11,25.57224,91.879801,Synthetic incident record,SYNTHETIC
INC001367,R0510,FLOOD,4,2023-11-11,25.570983,91.911766,Synthetic incident record,SYNTHETIC
INC001368,R0511,LANDSLIDE,5,2023-08-01,25.574932,91.914177,Synthetic incident record,SYNTHETIC
INC001369,R0513,ACCIDENT,1,2023-02-01,24.808566,91.799999,Synthetic incident record,SYNTHETIC
INC001370,R0515,ACCIDENT,3,2023-05-29,24.872707,91.856914,Synthetic incident record,SYNTHETIC
INC001371,R0516,ACCIDENT,5,2023-03-27,24.865874,91.842124,Synthetic incident record,SYNTHETIC
INC001372,R0518,ROAD_BLOCKAGE,2,2023-09-15,24.853697,91.851876,Synthetic incident record,SYNTHETIC
INC001373,R0523,FALLEN_TREE,1,2023-02-13,24.93291,91.689335,Synthetic incident record,SYNTHETIC
INC001374,R0524,FALLEN_TREE,4,2023-01-03,24.905546,91.736976,Synthetic incident record,SYNTHETIC
INC001375,R0527,LANDSLIDE,4,2023-08-17,24.903259,91.732705,Synthetic incident record,SYNTHETIC
INC001376,R0531,FLOOD,3,2023-04-14,24.885095,91.877568,Synthetic incident record,SYNTHETIC
INC001377,R0531,ROAD_BLOCKAGE,3,2023-01-10,24.896063,91.876274,Synthetic incident record,SYNTHETIC
INC001378,R0531,ACCIDENT,4,2023-03-07,24.888324,91.875648,Synthetic incident record,SYNTHETIC
INC001379,R0532,LANDSLIDE,1,2023-08-22,24.886802,91.866049,Synthetic incident record,SYNTHETIC
INC001380,R0533,ROAD_BLOCKAGE,5,2023-01-20,24.878853,91.862984,Synthetic incident record,SYNTHETIC
INC001381,R0534,FLOOD,3,2023-05-12,24.861505,91.848418,Synthetic incident record,SYNTHETIC
INC001382,R0535,FALLEN_TREE,2,2023-10-20,24.914139,91.813986,Synthetic incident record,SYNTHETIC
INC001383,R0536,LANDSLIDE,4,2023-09-17,24.857321,91.927292,Synthetic incident record,SYNTHETIC
INC001384,R0538,ACCIDENT,4,2023-01-03,24.899944,91.824725,Synthetic incident record,SYNTHETIC
INC001385,R0539,ACCIDENT,3,2023-06-07,24.869621,91.840963,Synthetic incident record,SYNTHETIC
INC001386,R0542,FLOOD,5,2023-07-30,24.885972,91.875327,Synthetic incident record,SYNTHETIC
INC001387,R0544,LANDSLIDE,1,2023-07-11,24.883365,91.877298,Synthetic incident record,SYNTHETIC
INC001388,R0545,ROAD_BLOCKAGE,3,2023-11-15,24.862257,91.859183,Synthetic incident record,SYNTHETIC
INC001389,R0547,ACCIDENT,4,2023-04-28,24.881003,91.831483,Synthetic incident record,SYNTHETIC
INC001390,R0548,ACCIDENT,3,2023-02-16,24.859973,91.855901,Synthetic incident record,SYNTHETIC
INC001391,R0551,FLOOD,3,2023-11-21,24.861308,91.85447,Synthetic incident record,SYNTHETIC
INC001392,R0555,ROAD_BLOCKAGE,5,2023-09-11,24.914968,91.940812,Synthetic incident record,SYNTHETIC
INC001393,R0556,FLOOD,3,2023-09-02,24.974218,92.044847,Synthetic incident record,SYNTHETIC
INC001394,R0556,LANDSLIDE,5,2023-03-10,24.989933,92.031515,Synthetic incident record,SYNTHETIC
INC001395,R0557,ACCIDENT,2,2023-07-11,24.936457,91.976696,Synthetic incident record,SYNTHETIC
INC001396,R0560,ACCIDENT,4,2023-11-09,24.953338,92.010031,Synthetic incident record,SYNTHETIC
INC001397,R0561,ACCIDENT,5,2023-02-26,24.924684,91.961556,Synthetic incident record,SYNTHETIC
INC001398,R0562,ROAD_BLOCKAGE,4,2023-04-16,24.932463,91.979326,Synthetic incident record,SYNTHETIC
INC001399,R0562,FLOOD,1,2023-09-27,24.93181,91.979531,Synthetic incident record,SYNTHETIC
INC001400,R0562,ACCIDENT,3,2023-07-24,24.932182,91.977219,Synthetic incident record,SYNTHETIC
INC001401,R0563,ACCIDENT,2,2023-12-04,24.947117,91.983383,Synthetic incident record,SYNTHETIC
INC001402,R0567,ROAD_BLOCKAGE,4,2023-05-07,25.558289,91.876338,Synthetic incident record,SYNTHETIC
INC001403,R0568,FLOOD,4,2023-05-23,25.58376,91.880595,Synthetic incident record,SYNTHETIC
INC001404,R0569,FLOOD,5,2023-05-22,25.582347,91.893288,Synthetic incident record,SYNTHETIC
INC001405,R0572,ACCIDENT,1,2023-11-01,25.451088,92.200648,Synthetic incident record,SYNTHETIC
INC001406,R0576,LANDSLIDE,1,2023-04-27,25.114933,91.32793,Synthetic incident record,SYNTHETIC
INC001407,R0577,ROAD_BLOCKAGE,1,2023-03-02,25.09725,91.303802,Synthetic incident record,SYNTHETIC
INC001408,R0580,FALLEN_TREE,2,2023-07-17,26.037967,91.336216,Synthetic incident record,SYNTHETIC
INC001409,R0581,ROAD_BLOCKAGE,5,2023-04-22,26.025205,91.329308,Synthetic incident record,SYNTHETIC
INC001410,R0583,ROAD_BLOCKAGE,2,2023-12-10,26.184254,92.210173,Synthetic incident record,SYNTHETIC
INC001411,R0583,FALLEN_TREE,4,2023-04-09,26.169554,92.22366,Synthetic incident record,SYNTHETIC
INC001412,R0583,FALLEN_TREE,4,2023-06-03,26.175119,92.22307,Synthetic incident record,SYNTHETIC
INC001413,R0584,FLOOD,4,2023-09-27,24.742936,91.264295,Synthetic incident record,SYNTHETIC
INC001414,R0585,ACCIDENT,1,2023-03-07,25.243776,91.948675,Synthetic incident record,SYNTHETIC
INC001415,R0586,LANDSLIDE,3,2023-08-15,25.33904,92.147159,Synthetic incident record,SYNTHETIC
INC001416,R0587,FLOOD,4,2023-07-16,25.400419,92.153496,Synthetic incident record,SYNTHETIC
INC001417,R0588,LANDSLIDE,2,2023-10-24,25.436804,92.18846,Synthetic incident record,SYNTHETIC
INC001418,R0589,ROAD_BLOCKAGE,5,2023-11-12,25.439439,92.192418,Synthetic incident record,SYNTHETIC
INC001419,R0590,LANDSLIDE,4,2023-10-10,25.386964,92.169564,Synthetic incident record,SYNTHETIC
INC001420,R0590,ACCIDENT,3,2023-05-09,25.382094,92.157168,Synthetic incident record,SYNTHETIC
INC001421,R0592,ROAD_BLOCKAGE,1,2023-09-03,25.35429,92.136569,Synthetic incident record,SYNTHETIC
INC001422,R0598,FLOOD,3,2023-09-26,24.968316,91.398447,Synthetic incident record,SYNTHETIC
INC001423,R0600,LANDSLIDE,4,2023-11-21,24.931115,91.353394,Synthetic incident record,SYNTHETIC
INC001424,R0600,FALLEN_TREE,4,2023-06-03,24.921508,91.357476,Synthetic incident record,SYNTHETIC
INC001425,R0603,ROAD_BLOCKAGE,2,2023-05-14,24.83489,92.780146,Synthetic incident record,SYNTHETIC
INC001426,R0605,ROAD_BLOCKAGE,4,2023-12-30,24.827217,92.686421,Synthetic incident record,SYNTHETIC
INC001427,R0606,FLOOD,1,2023-10-13,24.826906,92.733097,Synthetic incident record,SYNTHETIC
INC001428,R0609,FLOOD,3,2023-02-03,24.921791,92.74696,Synthetic incident record,SYNTHETIC
INC001429,R0612,ROAD_BLOCKAGE,3,2023-05-30,24.822751,92.786363,Synthetic incident record,SYNTHETIC
INC001430,R0614,ACCIDENT,1,2023-09-29,24.78718,92.769782,Synthetic incident record,SYNTHETIC
INC001431,R0615,ROAD_BLOCKAGE,4,2023-05-04,24.827825,92.771693,Synthetic incident record,SYNTHETIC
INC001432,R0616,ROAD_BLOCKAGE,1,2023-10-30,24.827936,92.794269,Synthetic incident record,SYNTHETIC
INC001433,R0619,LANDSLIDE,3,2023-05-22,24.818843,92.766724,Synthetic incident record,SYNTHETIC
INC001434,R0620,ROAD_BLOCKAGE,3,2023-11-29,24.824143,92.793218,Synthetic incident record,SYNTHETIC
INC001435,R0624,ROAD_BLOCKAGE,3,2023-02-15,24.815032,92.768684,Synthetic incident record,SYNTHETIC
INC001436,R0625,FLOOD,1,2023-03-25,24.806796,92.779093,Synthetic incident record,SYNTHETIC
INC001437,R0625,ROAD_BLOCKAGE,1,2023-03-24,24.825892,92.787185,Synthetic incident record,SYNTHETIC
INC001438,R0626,ROAD_BLOCKAGE,4,2023-06-22,24.816957,92.767095,Synthetic incident record,SYNTHETIC
INC001439,R0628,FALLEN_TREE,5,2023-10-02,24.922803,92.940276,Synthetic incident record,SYNTHETIC
INC001440,R0629,ACCIDENT,1,2023-10-13,24.901398,92.930261,Synthetic incident record,SYNTHETIC
INC001441,R0630,LANDSLIDE,4,2023-07-22,24.889148,92.904815,Synthetic incident record,SYNTHETIC
INC001442,R0632,LANDSLIDE,5,2023-09-21,24.905311,92.90705,Synthetic incident record,SYNTHETIC
INC001443,R0633,FLOOD,5,2023-06-07,24.89535,92.901837,Synthetic incident record,SYNTHETIC
INC001444,R0637,FALLEN_TREE,5,2023-10-03,24.878572,92.767399,Synthetic incident record,SYNTHETIC
INC001445,R0641,LANDSLIDE,5,2023-02-04,24.872262,92.828591,Synthetic incident record,SYNTHETIC
INC001446,R0643,ROAD_BLOCKAGE,2,2023-03-17,24.853759,92.612806,Synthetic incident record,SYNTHETIC
INC001447,R0643,ROAD_BLOCKAGE,4,2023-11-04,24.853338,92.622197,Synthetic incident record,SYNTHETIC
INC001448,R0643,ACCIDENT,4,2023-06-06,24.857262,92.623584,Synthetic incident record,SYNTHETIC
INC001449,R0644,FLOOD,2,2023-03-17,24.815601,92.651766,Synthetic incident record,SYNTHETIC
INC001450,R0649,FLOOD,1,2023-03-28,24.851527,92.969527,Synthetic incident record,SYNTHETIC
INC001451,R0651,ACCIDENT,2,2023-09-19,24.864653,92.915305,Synthetic incident record,SYNTHETIC
INC001452,R0654,ROAD_BLOCKAGE,5,2023-04-19,24.828767,93.01685,Synthetic incident record,SYNTHETIC
INC001453,R0654,LANDSLIDE,1,2023-12-06,24.823266,93.023259,Synthetic incident record,SYNTHETIC
INC001454,R0654,LANDSLIDE,2,2023-07-09,24.835793,93.029806,Synthetic incident record,SYNTHETIC
INC001455,R0654,FLOOD,3,2023-10-22,24.835178,93.024369,Synthetic incident record,SYNTHETIC
INC001456,R0657,FALLEN_TREE,3,2023-02-06,24.816006,92.952058,Synthetic incident record,SYNTHETIC
INC001457,R0658,ROAD_BLOCKAGE,3,2023-07-02,24.841899,92.95806,Synthetic incident record,SYNTHETIC
INC001458,R0658,ACCIDENT,3,2023-11-29,24.843003,92.951494,Synthetic incident record,SYNTHETIC
INC001459,R0659,ACCIDENT,5,2023-03-13,24.840915,92.955304,Synthetic incident record,SYNTHETIC
INC001460,R0660,FALLEN_TREE,1,2023-10-28,24.838927,92.967392,Synthetic incident record,SYNTHETIC
INC001461,R0662,LANDSLIDE,4,2023-12-09,24.847368,92.965064,Synthetic incident record,SYNTHETIC
INC001462,R0663,ACCIDENT,2,2023-05-26,25.475621,92.472523,Synthetic incident record,SYNTHETIC
INC001463,R0667,ROAD_BLOCKAGE,1,2023-03-25,25.538163,92.632925,Synthetic incident record,SYNTHETIC
INC001464,R0669,ROAD_BLOCKAGE,5,2023-10-12,24.885108,92.879279,Synthetic incident record,SYNTHETIC
INC001465,R0670,ACCIDENT,3,2023-07-29,24.871978,92.872105,Synthetic incident record,SYNTHETIC
INC001466,R0671,ROAD_BLOCKAGE,2,2023-06-04,25.571087,91.879501,Synthetic incident record,SYNTHETIC
INC001467,R0671,ROAD_BLOCKAGE,1,2023-03-22,25.570165,91.879551,Synthetic incident record,SYNTHETIC
INC001468,R0671,FALLEN_TREE,1,2023-11-07,25.567811,91.869775,Synthetic incident record,SYNTHETIC
INC001469,R0676,FLOOD,4,2023-10-21,25.598616,92.064598,Synthetic incident record,SYNTHETIC
INC001470,R0678,ACCIDENT,4,2023-03-14,25.587747,92.066684,Synthetic incident record,SYNTHETIC
INC001471,R0678,ACCIDENT,1,2023-12-20,25.589306,92.059907,Synthetic incident record,SYNTHETIC
INC001472,R0678,FLOOD,3,2023-03-04,25.583599,92.068697,Synthetic incident record,SYNTHETIC
INC001473,R0678,FLOOD,4,2023-11-09,25.58217,92.058764,Synthetic incident record,SYNTHETIC
INC001474,R0681,ROAD_BLOCKAGE,5,2023-02-25,25.575141,91.887266,Synthetic incident record,SYNTHETIC
INC001475,R0682,FALLEN_TREE,2,2023-05-06,25.572353,91.911006,Synthetic incident record,SYNTHETIC
INC001476,R0683,ACCIDENT,1,2023-04-26,25.571975,91.920226,Synthetic incident record,SYNTHETIC
INC001477,R0684,ROAD_BLOCKAGE,3,2023-11-21,25.576154,91.89776,Synthetic incident record,SYNTHETIC
INC001478,R0684,ROAD_BLOCKAGE,3,2023-02-14,25.579269,91.878991,Synthetic incident record,SYNTHETIC
INC001479,R0684,FALLEN_TREE,5,2023-08-22,25.579493,91.884475,Synthetic incident record,SYNTHETIC
INC001480,R0684,FALLEN_TREE,2,2023-01-30,25.574186,91.894921,Synthetic incident record,SYNTHETIC
INC001481,R0685,FLOOD,4,2023-12-23,25.490546,91.853601,Synthetic incident record,SYNTHETIC
INC001482,R0692,FALLEN_TREE,5,2023-04-19,25.504533,91.822693,Synthetic incident record,SYNTHETIC
INC001483,R0692,FALLEN_TREE,3,2023-11-01,25.495763,91.810589,Synthetic incident record,SYNTHETIC
INC001484,R0692,FALLEN_TREE,3,2023-12-09,25.493927,91.813269,Synthetic incident record,SYNTHETIC
INC001485,R0693,ACCIDENT,3,2023-12-07,25.478856,91.767157,Synthetic incident record,SYNTHETIC
INC001486,R0695,FALLEN_TREE,2,2023-04-02,25.588995,91.883311,Synthetic incident record,SYNTHETIC
INC001487,R0697,LANDSLIDE,2,2023-09-30,25.630624,91.902567,Synthetic incident record,SYNTHETIC
INC001488,R0702,ROAD_BLOCKAGE,3,2023-10-11,25.597248,91.881773,Synthetic incident record,SYNTHETIC
INC001489,R0704,FALLEN_TREE,3,2023-09-24,25.563763,91.878291,Synthetic incident record,SYNTHETIC
INC001490,R0706,FLOOD,4,2023-01-05,25.427659,91.786978,Synthetic incident record,SYNTHETIC
INC001491,R0706,ACCIDENT,4,2023-03-11,25.414751,91.790716,Synthetic incident record,SYNTHETIC
INC001492,R0706,FLOOD,4,2023-11-04,25.429046,91.793237,Synthetic incident record,SYNTHETIC
INC001493,R0707,ROAD_BLOCKAGE,3,2023-03-16,25.520015,91.907758,Synthetic incident record,SYNTHETIC
INC001494,R0708,FALLEN_TREE,3,2023-09-06,24.896755,91.879338,Synthetic incident record,SYNTHETIC
INC001495,R0709,ACCIDENT,5,2023-04-02,25.030806,91.827852,Synthetic incident record,SYNTHETIC
INC001496,R0711,LANDSLIDE,1,2023-11-25,24.981208,91.841586,Synthetic incident record,SYNTHETIC
INC001497,R0713,ROAD_BLOCKAGE,5,2023-11-24,24.890667,91.870097,Synthetic incident record,SYNTHETIC
INC001498,R0716,FALLEN_TREE,3,2023-07-08,25.056408,91.554087,Synthetic incident record,SYNTHETIC
INC001499,R0718,ACCIDENT,2,2023-10-25,25.047919,91.566274,Synthetic incident record,SYNTHETIC
INC001500,R0720,ROAD_BLOCKAGE,3,2023-02-04,25.562834,91.892937,Synthetic incident record,SYNTHETIC
INC001501,R0721,ROAD_BLOCKAGE,1,2023-09-21,25.212052,91.926323,Synthetic incident record,SYNTHETIC
INC001502,R0722,FALLEN_TREE,5,2023-01-25,25.272862,91.723717,Synthetic incident record,SYNTHETIC
INC001503,R0722,ACCIDENT,3,2023-07-07,25.273374,91.737659,Synthetic incident record,SYNTHETIC
INC001504,R0722,FLOOD,4,2023-07-13,25.262292,91.730319,Synthetic incident record,SYNTHETIC
INC001505,R0723,ACCIDENT,5,2023-12-24,25.22912,91.68457,Synthetic incident record,SYNTHETIC
INC001506,R0725,FLOOD,1,2023-02-14,25.882504,92.599838,Synthetic incident record,SYNTHETIC
INC001507,R0727,FLOOD,2,2023-08-22,26.000809,92.758141,Synthetic incident record,SYNTHETIC
INC001508,R0728,FLOOD,3,2023-01-13,26.010379,92.751523,Synthetic incident record,SYNTHETIC
INC001509,R0729,ROAD_BLOCKAGE,5,2023-08-03,25.957576,92.953484,Synthetic incident record,SYNTHETIC
INC001510,R0735,LANDSLIDE,1,2023-09-26,25.10995,92.359474,Synthetic incident record,SYNTHETIC
INC001511,R0735,FLOOD,2,2023-08-02,25.101637,92.366714,Synthetic incident record,SYNTHETIC
INC001512,R0735,FLOOD,4,2023-02-23,25.099316,92.36597,Synthetic incident record,SYNTHETIC
INC001513,R0735,ACCIDENT,5,2023-02-22,25.113959,92.363368,Synthetic incident record,SYNTHETIC
INC001514,R0738,FLOOD,2,2023-01-12,24.866928,92.355996,Synthetic incident record,SYNTHETIC
INC001515,R0742,FLOOD,5,2023-02-18,25.149506,91.537435,Synthetic incident record,SYNTHETIC
INC001516,R0743,FLOOD,1,2023-10-01,25.173053,91.425699,Synthetic incident record,SYNTHETIC
INC001517,R0744,ACCIDENT,3,2023-11-21,25.718842,91.971938,Synthetic incident record,SYNTHETIC
INC001518,R0747,ACCIDENT,4,2023-05-27,24.900133,91.868525,Synthetic incident record,SYNTHETIC
INC001519,R0747,LANDSLIDE,4,2023-12-04,24.90667,91.85987,Synthetic incident record,SYNTHETIC
INC001520,R0751,LANDSLIDE,2,2023-08-06,24.92613,92.850348,Synthetic incident record,SYNTHETIC
INC001521,R0752,ACCIDENT,3,2023-08-23,24.853461,92.845616,Synthetic incident record,SYNTHETIC
INC001522,R0752,LANDSLIDE,5,2023-09-30,24.853656,92.845175,Synthetic incident record,SYNTHETIC
INC001523,R0752,FLOOD,1,2023-12-06,24.85577,92.839178,Synthetic incident record,SYNTHETIC
INC001524,R0752,LANDSLIDE,3,2023-04-11,24.850105,92.833998,Synthetic incident record,SYNTHETIC
INC001525,R0754,LANDSLIDE,4,2023-05-26,24.896584,92.861669,Synthetic incident record,SYNTHETIC
INC001526,R0758,LANDSLIDE,1,2023-08-17,24.85668,92.843251,Synthetic incident record,SYNTHETIC
INC001527,R0759,FALLEN_TREE,5,2023-11-06,24.858956,92.832548,Synthetic incident record,SYNTHETIC
INC001528,R0761,ROAD_BLOCKAGE,4,2023-08-04,24.886929,92.851796,Synthetic incident record,SYNTHETIC
INC001529,R0762,LANDSLIDE,4,2023-05-29,24.853981,92.836012,Synthetic incident record,SYNTHETIC
INC001530,R0764,FLOOD,5,2023-08-23,24.847789,92.827744,Synthetic incident record,SYNTHETIC
INC001531,R0764,FALLEN_TREE,5,2023-02-13,24.84243,92.840343,Synthetic incident record,SYNTHETIC
INC001532,R0764,ACCIDENT,2,2023-04-12,24.84718,92.826969,Synthetic incident record,SYNTHETIC
INC001533,R0765,ACCIDENT,5,2023-04-21,24.848977,92.848421,Synthetic incident record,SYNTHETIC
INC001534,R0765,FLOOD,1,2023-06-20,24.859926,92.831133,Synthetic incident record,SYNTHETIC
INC001535,R0766,ACCIDENT,2,2023-04-29,24.899388,92.861585,Synthetic incident record,SYNTHETIC
INC001536,R0766,LANDSLIDE,2,2023-10-10,24.895416,92.847654,Synthetic incident record,SYNTHETIC
INC001537,R0766,LANDSLIDE,1,2023-05-14,24.892619,92.852768,Synthetic incident record,SYNTHETIC
INC001538,R0768,ROAD_BLOCKAGE,5,2023-01-07,24.849429,92.837666,Synthetic incident record,SYNTHETIC
INC001539,R0769,ROAD_BLOCKAGE,1,2023-05-15,24.885547,92.86272,Synthetic incident record,SYNTHETIC
INC001540,R0772,ROAD_BLOCKAGE,5,2023-02-14,25.968648,92.587875,Synthetic incident record,SYNTHETIC
INC001541,R0775,ACCIDENT,2,2023-08-14,25.88274,92.751322,Synthetic incident record,SYNTHETIC
INC001542,R0776,ACCIDENT,2,2023-03-31,25.892658,92.74143,Synthetic incident record,SYNTHETIC
INC001543,R0777,LANDSLIDE,3,2023-05-23,25.971275,92.59882,Synthetic incident record,SYNTHETIC
INC001544,R0777,FLOOD,1,2023-03-31,25.963966,92.586097,Synthetic incident record,SYNTHETIC
INC001545,R0778,ACCIDENT,4,2023-10-28,26.011967,92.491675,Synthetic incident record,SYNTHETIC
INC001546,R0784,LANDSLIDE,2,2023-04-12,25.401041,92.841424,Synthetic incident record,SYNTHETIC
INC001547,R0785,LANDSLIDE,3,2023-08-29,25.423212,92.785724,Synthetic incident record,SYNTHETIC
INC001548,R0786,FLOOD,5,2023-02-23,25.417232,92.985919,Synthetic incident record,SYNTHETIC
INC001549,R0787,FLOOD,2,2023-10-04,25.432849,92.88383,Synthetic incident record,SYNTHETIC
INC001550,R0788,FALLEN_TREE,4,2023-08-11,25.401273,92.851278,Synthetic incident record,SYNTHETIC
INC001551,R0788,ROAD_BLOCKAGE,5,2023-08-23,25.413882,92.850703,Synthetic incident record,SYNTHETIC
INC001552,R0788,LANDSLIDE,4,2023-02-19,25.417471,92.852803,Synthetic incident record,SYNTHETIC
INC001553,R0788,ROAD_BLOCKAGE,2,2023-12-21,25.41036,92.856096,Synthetic incident record,SYNTHETIC
INC001554,R0789,ROAD_BLOCKAGE,2,2023-11-28,25.280335,93.011415,Synthetic incident record,SYNTHETIC
INC001555,R0790,FALLEN_TREE,2,2023-09-17,25.425658,93.001521,Synthetic incident record,SYNTHETIC
INC001556,R0795,ACCIDENT,1,2023-09-04,26.163009,92.360903,Synthetic incident record,SYNTHETIC
INC001557,R0799,ACCIDENT,1,2023-03-25,26.121444,92.284261,Synthetic incident record,SYNTHETIC
INC001558,R0799,ACCIDENT,2,2023-03-15,26.125831,92.276368,Synthetic incident record,SYNTHETIC
INC001559,R0801,ROAD_BLOCKAGE,5,2023-08-04,26.125316,91.978752,Synthetic incident record,SYNTHETIC
INC001560,R0801,FALLEN_TREE,5,2023-06-04,26.109737,91.984812,Synthetic incident record,SYNTHETIC
INC001561,R0802,ROAD_BLOCKAGE,2,2023-08-16,26.115429,91.976637,Synthetic incident record,SYNTHETIC
INC001562,R0805,ACCIDENT,4,2023-03-30,26.124592,91.982673,Synthetic incident record,SYNTHETIC
INC001563,R0806,ROAD_BLOCKAGE,2,2023-04-04,26.127901,91.987475,Synthetic incident record,SYNTHETIC
INC001564,R0806,FALLEN_TREE,4,2023-07-25,26.121973,91.988305,Synthetic incident record,SYNTHETIC
INC001565,R0806,FLOOD,1,2023-06-30,26.116704,91.981589,Synthetic incident record,SYNTHETIC
INC001566,R0806,FLOOD,3,2023-02-27,26.12708,91.987944,Synthetic incident record,SYNTHETIC
INC001567,R0811,FALLEN_TREE,1,2023-07-12,26.093055,91.883421,Synthetic incident record,SYNTHETIC
INC001568,R0812,ROAD_BLOCKAGE,5,2023-03-09,26.120504,91.818013,Synthetic incident record,SYNTHETIC
INC001569,R0812,FALLEN_TREE,4,2023-04-09,26.115399,91.826074,Synthetic incident record,SYNTHETIC
INC001570,R0812,FALLEN_TREE,5,2023-07-18,26.126754,91.82821,Synthetic incident record,SYNTHETIC
INC001571,R0812,FLOOD,4,2023-05-12,26.125335,91.827058,Synthetic incident record,SYNTHETIC
INC001572,R0813,ACCIDENT,1,2023-08-09,26.109917,92.06935,Synthetic incident record,SYNTHETIC
INC001573,R0813,LANDSLIDE,3,2023-11-20,26.110716,92.081026,Synthetic incident record,SYNTHETIC
INC001574,R0813,ACCIDENT,2,2023-10-07,26.121346,92.064389,Synthetic incident record,SYNTHETIC
INC001575,R0813,FLOOD,1,2023-01-24,26.111863,92.079931,Synthetic incident record,SYNTHETIC
INC001576,R0817,FALLEN_TREE,1,2023-04-26,25.749816,91.877866,Synthetic incident record,SYNTHETIC
INC001577,R0821,FALLEN_TREE,5,2023-02-23,24.809615,92.801784,Synthetic incident record,SYNTHETIC
INC001578,R0822,ACCIDENT,4,2023-01-03,24.811324,92.792823,Synthetic incident record,SYNTHETIC
INC001579,R0823,LANDSLIDE,5,2023-02-07,24.808304,92.804597,Synthetic incident record,SYNTHETIC
INC001580,R0826,ROAD_BLOCKAGE,3,2023-11-02,24.827586,92.801788,Synthetic incident record,SYNTHETIC
INC001581,R0827,ACCIDENT,5,2023-07-04,24.817631,92.806318,Synthetic incident record,SYNTHETIC
INC001582,R0828,FLOOD,2,2023-05-29,24.811084,92.79646,Synthetic incident record,SYNTHETIC
INC001583,R0829,ROAD_BLOCKAGE,2,2023-06-11,24.833617,92.801569,Synthetic incident record,SYNTHETIC
INC001584,R0829,ACCIDENT,1,2023-08-02,24.823311,92.801925,Synthetic incident record,SYNTHETIC
INC001585,R0832,ROAD_BLOCKAGE,4,2023-04-12,24.818711,92.786113,Synthetic incident record,SYNTHETIC
INC001586,R0832,ROAD_BLOCKAGE,1,2023-03-22,24.821755,92.788494,Synthetic incident record,SYNTHETIC
INC001587,R0832,FLOOD,3,2023-06-16,24.820106,92.778836,Synthetic incident record,SYNTHETIC
INC001588,R0832,ACCIDENT,4,2023-06-18,24.807001,92.77885,Synthetic incident record,SYNTHETIC
INC001589,R0834,FALLEN_TREE,1,2023-12-03,24.82747,92.776692,Synthetic incident record,SYNTHETIC
INC001590,R0834,ACCIDENT,2,2023-12-03,24.821057,92.765412,Synthetic incident record,SYNTHETIC
INC001591,R0838,FALLEN_TREE,4,2023-03-19,24.818301,92.807834,Synthetic incident record,SYNTHETIC
INC001592,R0839,ROAD_BLOCKAGE,5,2023-12-05,26.005143,92.888535,Synthetic incident record,SYNTHETIC
INC001593,R0839,FALLEN_TREE,3,2023-07-12,25.997196,92.887494,Synthetic incident record,SYNTHETIC
INC001594,R0841,ACCIDENT,4,2023-03-21,25.953223,92.902337,Synthetic incident record,SYNTHETIC
INC001595,R0842,LANDSLIDE,5,2023-05-31,25.997701,92.856048,Synthetic incident record,SYNTHETIC
INC001596,R0843,FLOOD,4,2023-04-24,26.01581,92.932815,Synthetic incident record,SYNTHETIC
INC001597,R0843,FALLEN_TREE,3,2023-11-24,26.00019,92.92567,Synthetic incident record,SYNTHETIC
INC001598,R0846,FALLEN_TREE,3,2023-04-07,26.026462,92.825336,Synthetic incident record,SYNTHETIC
INC001599,R0848,FALLEN_TREE,3,2023-02-19,25.996711,92.819578,Synthetic incident record,SYNTHETIC
INC001600,R0849,ACCIDENT,3,2023-02-16,26.025555,92.82751,Synthetic incident record,SYNTHETIC
INC001601,R0850,FLOOD,2,2023-11-06,26.166542,91.725814,Synthetic incident record,SYNTHETIC
INC001602,R0853,FLOOD,2,2023-08-06,26.098823,91.887919,Synthetic incident record,SYNTHETIC
INC001603,R0855,ACCIDENT,1,2023-11-14,24.885988,91.874745,Synthetic incident record,SYNTHETIC
INC001604,R0859,LANDSLIDE,3,2023-03-12,24.894621,91.86287,Synthetic incident record,SYNTHETIC
INC001605,R0860,FLOOD,3,2023-01-02,25.413069,91.68756,Synthetic incident record,SYNTHETIC
INC001606,R0866,ACCIDENT,3,2023-01-20,25.397363,91.450484,Synthetic incident record,SYNTHETIC
INC001607,R0867,ROAD_BLOCKAGE,3,2023-11-18,25.147262,91.446231,Synthetic incident record,SYNTHETIC
INC001608,R0868,LANDSLIDE,3,2023-03-14,25.424703,91.373596,Synthetic incident record,SYNTHETIC
INC001609,R0869,LANDSLIDE,3,2023-02-28,25.219057,91.396427,Synthetic incident record,SYNTHETIC
INC001610,R0870,ROAD_BLOCKAGE,5,2023-09-23,25.401057,91.549106,Synthetic incident record,SYNTHETIC
INC001611,R0872,FALLEN_TREE,4,2023-10-05,25.3706,91.464906,Synthetic incident record,SYNTHETIC
INC001612,R0876,LANDSLIDE,2,2023-01-07,25.385656,91.603827,Synthetic incident record,SYNTHETIC
INC001613,R0877,LANDSLIDE,2,2023-03-14,25.199431,91.384152,Synthetic incident record,SYNTHETIC
INC001614,R0878,ROAD_BLOCKAGE,5,2023-10-10,25.161859,91.519922,Synthetic incident record,SYNTHETIC
INC001615,R0881,ROAD_BLOCKAGE,2,2023-09-28,25.404834,91.472734,Synthetic incident record,SYNTHETIC
INC001616,R0882,LANDSLIDE,2,2023-09-05,25.400577,91.433631,Synthetic incident record,SYNTHETIC
INC001617,R0882,FALLEN_TREE,4,2023-07-31,25.400074,91.435773,Synthetic incident record,SYNTHETIC
INC001618,R0884,ROAD_BLOCKAGE,2,2023-03-04,25.395885,91.545682,Synthetic incident record,SYNTHETIC
INC001619,R0885,FLOOD,1,2023-07-22,25.506938,91.481167,Synthetic incident record,SYNTHETIC
INC001620,R0887,FLOOD,3,2023-12-04,25.178493,91.56543,Synthetic incident record,SYNTHETIC
INC001621,R0888,FLOOD,1,2023-11-15,25.485506,91.46993,Synthetic incident record,SYNTHETIC
INC001622,R0890,LANDSLIDE,1,2023-08-26,25.188662,91.39522,Synthetic incident record,SYNTHETIC
INC001623,R0890,ACCIDENT,1,2023-04-17,25.193599,91.385182,Synthetic incident record,SYNTHETIC
INC001624,R0891,FALLEN_TREE,2,2023-02-06,25.522998,91.27263,Synthetic incident record,SYNTHETIC
INC001625,R0893,ACCIDENT,2,2023-12-29,25.162202,91.56515,Synthetic incident record,SYNTHETIC
INC001626,R0894,FLOOD,3,2023-04-17,25.225858,91.380119,Synthetic incident record,SYNTHETIC
INC001627,R0894,FALLEN_TREE,3,2023-07-05,25.207571,91.38486,Synthetic incident record,SYNTHETIC
INC001628,R0894,LANDSLIDE,3,2023-11-06,25.207699,91.38304,Synthetic incident record,SYNTHETIC
INC001629,R0895,FALLEN_TREE,5,2023-08-30,25.382655,91.505459,Synthetic incident record,SYNTHETIC
INC001630,R0898,FALLEN_TREE,4,2023-12-14,25.410051,91.466916,Synthetic incident record,SYNTHETIC
INC001631,R0901,ROAD_BLOCKAGE,2,2023-03-10,25.39606,91.441353,Synthetic incident record,SYNTHETIC
INC001632,R0907,FALLEN_TREE,4,2023-02-21,25.231097,91.362668,Synthetic incident record,SYNTHETIC
INC001633,R0908,LANDSLIDE,1,2023-06-26,25.28376,91.582455,Synthetic incident record,SYNTHETIC
INC001634,R0912,FALLEN_TREE,2,2023-04-19,25.329492,91.381465,Synthetic incident record,SYNTHETIC
INC001635,R0912,ROAD_BLOCKAGE,1,2023-03-28,25.336188,91.394763,Synthetic incident record,SYNTHETIC
INC001636,R0914,ACCIDENT,5,2023-10-12,25.515896,91.471058,Synthetic incident record,SYNTHETIC
INC001637,R0916,LANDSLIDE,1,2023-05-14,25.186125,91.415054,Synthetic incident record,SYNTHETIC
INC001638,R0916,FLOOD,2,2023-05-06,25.173651,91.426936,Synthetic incident record,SYNTHETIC
INC001639,R0916,ACCIDENT,3,2023-04-25,25.174784,91.419503,Synthetic incident record,SYNTHETIC
INC001640,R0916,ROAD_BLOCKAGE,4,2023-07-25,25.173675,91.413993,Synthetic incident record,SYNTHETIC
INC001641,R0917,LANDSLIDE,1,2023-03-13,25.376151,91.456176,Synthetic incident record,SYNTHETIC
INC001642,R0920,FLOOD,3,2023-06-24,25.23982,91.398964,Synthetic incident record,SYNTHETIC
INC001643,R0922,LANDSLIDE,5,2023-04-03,25.20704,91.294138,Synthetic incident record,SYNTHETIC
INC001644,R0923,FLOOD,1,2023-11-13,25.524692,91.424599,Synthetic incident record,SYNTHETIC
INC001645,R0927,FALLEN_TREE,1,2023-11-01,25.181111,91.643808,Synthetic incident record,SYNTHETIC
INC001646,R0929,ROAD_BLOCKAGE,5,2023-01-17,25.193037,91.643371,Synthetic incident record,SYNTHETIC
INC001647,R0932,ACCIDENT,1,2023-10-09,25.178135,91.632057,Synthetic incident record,SYNTHETIC
INC001648,R0933,LANDSLIDE,3,2023-11-08,25.220948,91.940346,Synthetic incident record,SYNTHETIC
INC001649,R0934,ROAD_BLOCKAGE,3,2023-04-28,25.173644,91.687152,Synthetic incident record,SYNTHETIC
INC001650,R0935,LANDSLIDE,2,2023-09-28,25.162727,91.697723,Synthetic incident record,SYNTHETIC
INC001651,R0937,ACCIDENT,1,2023-02-17,25.177006,91.632683,Synthetic incident record,SYNTHETIC
INC001652,R0938,LANDSLIDE,5,2023-10-19,25.195288,91.765199,Synthetic incident record,SYNTHETIC
INC001653,R0939,ACCIDENT,5,2023-11-18,25.186647,92.006294,Synthetic incident record,SYNTHETIC
INC001654,R0941,ROAD_BLOCKAGE,4,2023-08-09,25.243733,91.934634,Synthetic incident record,SYNTHETIC
INC001655,R0943,ROAD_BLOCKAGE,3,2023-11-27,25.503029,91.712527,Synthetic incident record,SYNTHETIC
INC001656,R0944,ACCIDENT,2,2023-03-03,25.460066,91.603406,Synthetic incident record,SYNTHETIC
INC001657,R0945,LANDSLIDE,2,2023-07-26,25.39949,91.606598,Synthetic incident record,SYNTHETIC
INC001658,R0945,FLOOD,4,2023-11-10,25.414156,91.610013,Synthetic incident record,SYNTHETIC
INC001659,R0945,ACCIDENT,5,2023-07-28,25.398809,91.599123,Synthetic incident record,SYNTHETIC
INC001660,R0945,ACCIDENT,5,2023-02-28,25.401914,91.598878,Synthetic incident record,SYNTHETIC
INC001661,R0946,FLOOD,4,2023-08-03,25.251512,91.46587,Synthetic incident record,SYNTHETIC
INC001662,R0947,FLOOD,5,2023-09-02,25.450826,91.597061,Synthetic incident record,SYNTHETIC
INC001663,R0950,FALLEN_TREE,3,2023-01-16,25.277931,91.569958,Synthetic incident record,SYNTHETIC
INC001664,R0951,ROAD_BLOCKAGE,1,2023-04-04,25.460011,91.624255,Synthetic incident record,SYNTHETIC
INC001665,R0952,FLOOD,1,2023-01-02,25.445311,91.618645,Synthetic incident record,SYNTHETIC
INC001666,R0953,ROAD_BLOCKAGE,5,2023-03-03,25.457066,91.601222,Synthetic incident record,SYNTHETIC
INC001667,R0955,FALLEN_TREE,3,2023-06-22,26.156008,91.810959,Synthetic incident record,SYNTHETIC
INC001668,R0956,ACCIDENT,4,2023-10-05,26.13433,91.817427,Synthetic incident record,SYNTHETIC
INC001669,R0957,LANDSLIDE,5,2023-12-23,26.136607,91.801051,Synthetic incident record,SYNTHETIC
INC001670,R0959,FALLEN_TREE,4,2023-03-11,26.132095,91.841217,Synthetic incident record,SYNTHETIC
INC001671,R0960,ROAD_BLOCKAGE,5,2023-10-29,26.134988,91.804701,Synthetic incident record,SYNTHETIC
INC001672,R0962,ROAD_BLOCKAGE,1,2023-03-18,24.9994,92.462518,Synthetic incident record,SYNTHETIC
INC001673,R0963,ACCIDENT,3,2023-09-13,24.92845,91.838281,Synthetic incident record,SYNTHETIC
INC001674,R0965,ROAD_BLOCKAGE,5,2023-03-02,24.895489,91.880813,Synthetic incident record,SYNTHETIC
INC001675,R0965,ROAD_BLOCKAGE,5,2023-09-26,24.88093,91.861309,Synthetic incident record,SYNTHETIC
INC001676,R0967,FLOOD,1,2023-10-31,24.888848,91.866633,Synthetic incident record,SYNTHETIC
INC001677,R0968,ROAD_BLOCKAGE,2,2023-12-22,24.804568,91.762391,Synthetic incident record,SYNTHETIC
INC001678,R0970,ROAD_BLOCKAGE,1,2023-07-27,26.132087,91.831495,Synthetic incident record,SYNTHETIC
INC001679,R0970,ROAD_BLOCKAGE,2,2023-03-09,26.143604,91.838583,Synthetic incident record,SYNTHETIC
INC001680,R0971,ROAD_BLOCKAGE,3,2023-03-02,26.130342,91.801351,Synthetic incident record,SYNTHETIC
INC001681,R0972,FALLEN_TREE,3,2023-07-02,26.131942,91.813074,Synthetic incident record,SYNTHETIC
INC001682,R0974,ACCIDENT,1,2023-02-19,24.863113,92.572045,Synthetic incident record,SYNTHETIC
INC001683,R0975,ROAD_BLOCKAGE,2,2023-07-22,24.869107,92.572613,Synthetic incident record,SYNTHETIC
INC001684,R0976,LANDSLIDE,3,2023-03-16,25.193003,91.635772,Synthetic incident record,SYNTHETIC
INC001685,R0980,LANDSLIDE,4,2023-12-05,25.14175,91.761083,Synthetic incident record,SYNTHETIC
INC001686,R0981,FLOOD,4,2023-08-02,25.155844,91.685469,Synthetic incident record,SYNTHETIC
INC001687,R0982,ACCIDENT,4,2023-04-22,26.14885,91.664296,Synthetic incident record,SYNTHETIC
INC001688,R0983,FALLEN_TREE,5,2023-06-15,26.152919,91.654985,Synthetic incident record,SYNTHETIC
INC001689,R0984,FLOOD,3,2023-10-20,26.158888,91.658213,Synthetic incident record,SYNTHETIC
INC001690,R0985,FALLEN_TREE,2,2023-12-30,26.13083,91.615189,Synthetic incident record,SYNTHETIC
INC001691,R0986,ROAD_BLOCKAGE,5,2023-07-28,26.101315,91.610392,Synthetic incident record,SYNTHETIC
INC001692,R0989,LANDSLIDE,3,2023-06-04,26.103596,91.591465,Synthetic incident record,SYNTHETIC
INC001693,R0991,LANDSLIDE,5,2023-10-20,26.091604,91.573181,Synthetic incident record,SYNTHETIC
INC001694,R0992,ACCIDENT,1,2023-10-03,26.109279,92.863165,Synthetic incident record,SYNTHETIC
INC001695,R0994,ROAD_BLOCKAGE,2,2023-10-25,26.123914,92.86566,Synthetic incident record,SYNTHETIC
INC001696,R0995,ACCIDENT,2,2023-03-12,26.125508,93.023171,Synthetic incident record,SYNTHETIC
INC001697,R0996,FALLEN_TREE,4,2023-08-04,26.09715,92.868357,Synthetic incident record,SYNTHETIC
INC001698,R0999,ROAD_BLOCKAGE,5,2023-10-23,26.16253,91.527965,Synthetic incident record,SYNTHETIC
INC001699,R1000,LANDSLIDE,4,2023-02-25,26.182326,91.479763,Synthetic incident record,SYNTHETIC
INC001700,R1003,FLOOD,2,2023-04-11,25.494926,91.714892,Synthetic incident record,SYNTHETIC
INC001701,R1003,FALLEN_TREE,2,2023-01-31,25.497572,91.708196,Synthetic incident record,SYNTHETIC
INC001702,R1003,ACCIDENT,1,2023-05-08,25.494405,91.709408,Synthetic incident record,SYNTHETIC
INC001703,R1008,FLOOD,1,2023-11-09,25.592492,91.877422,Synthetic incident record,SYNTHETIC
INC001704,R1009,LANDSLIDE,2,2023-03-30,25.573518,91.880055,Synthetic incident record,SYNTHETIC
INC001705,R1011,FLOOD,3,2023-12-03,25.57488,91.886842,Synthetic incident record,SYNTHETIC
INC001706,R1011,ACCIDENT,4,2023-03-23,25.568994,91.881155,Synthetic incident record,SYNTHETIC
INC001707,R1011,ROAD_BLOCKAGE,2,2023-02-07,25.576341,91.875262,Synthetic incident record,SYNTHETIC
INC001708,R1011,FALLEN_TREE,5,2023-10-22,25.568657,91.883283,Synthetic incident record,SYNTHETIC
INC001709,R1015,ACCIDENT,4,2023-03-18,25.441628,91.815039,Synthetic incident record,SYNTHETIC
INC001710,R1017,ACCIDENT,5,2023-10-08,25.44536,91.821541,Synthetic incident record,SYNTHETIC
INC001711,R1018,FALLEN_TREE,1,2023-05-11,25.20093,91.909635,Synthetic incident record,SYNTHETIC
INC001712,R1019,ROAD_BLOCKAGE,4,2023-07-25,24.964676,92.6796,Synthetic incident record,SYNTHETIC
INC001713,R1026,FALLEN_TREE,2,2023-11-04,26.1889,91.747465,Synthetic incident record,SYNTHETIC
INC001714,R1027,LANDSLIDE,4,2023-01-13,26.187665,91.758966,Synthetic incident record,SYNTHETIC
INC001715,R1028,LANDSLIDE,5,2023-07-24,26.177791,91.745319,Synthetic incident record,SYNTHETIC
INC001716,R1030,ROAD_BLOCKAGE,2,2023-11-24,26.150171,92.17347,Synthetic incident record,SYNTHETIC
INC001717,R1035,FLOOD,2,2023-06-05,24.8626,92.266469,Synthetic incident record,SYNTHETIC
INC001718,R1035,FALLEN_TREE,2,2023-10-13,24.86738,92.278768,Synthetic incident record,SYNTHETIC
INC001719,R1035,LANDSLIDE,3,2023-09-26,24.860876,92.278637,Synthetic incident record,SYNTHETIC
INC001720,R1035,ACCIDENT,5,2023-04-26,24.860789,92.272746,Synthetic incident record,SYNTHETIC
INC001721,R1037,LANDSLIDE,1,2023-06-29,24.79878,92.241029,Synthetic incident record,SYNTHETIC
INC001722,R1038,ACCIDENT,1,2023-08-15,24.812674,92.240238,Synthetic incident record,SYNTHETIC
INC001723,R1039,ROAD_BLOCKAGE,2,2023-03-13,24.818772,92.250767,Synthetic incident record,SYNTHETIC
INC001724,R1039,LANDSLIDE,1,2023-07-09,24.801435,92.248224,Synthetic incident record,SYNTHETIC
INC001725,R1039,FLOOD,5,2023-08-09,24.817455,92.253556,Synthetic incident record,SYNTHETIC
INC001726,R1039,LANDSLIDE,3,2023-07-11,24.808947,92.238605,Synthetic incident record,SYNTHETIC
INC001727,R1045,ROAD_BLOCKAGE,1,2023-03-04,25.045475,91.392076,Synthetic incident record,SYNTHETIC
INC001728,R1046,FALLEN_TREE,3,2023-05-27,25.047973,91.379193,Synthetic incident record,SYNTHETIC
INC001729,R1047,ACCIDENT,2,2023-03-09,25.055679,91.653684,Synthetic incident record,SYNTHETIC
INC001730,R1048,ACCIDENT,4,2023-11-04,25.051002,91.374895,Synthetic incident record,SYNTHETIC
INC001731,R1048,ROAD_BLOCKAGE,4,2023-03-24,25.043677,91.370834,Synthetic incident record,SYNTHETIC
INC001732,R1048,ACCIDENT,2,2023-07-29,25.057274,91.374855,Synthetic incident record,SYNTHETIC
INC001733,R1048,FALLEN_TREE,1,2023-05-17,25.04224,91.378238,Synthetic incident record,SYNTHETIC
INC001734,R1050,FLOOD,1,2023-03-08,24.877885,91.422516,Synthetic incident record,SYNTHETIC
INC001735,R1051,FALLEN_TREE,3,2023-12-26,24.882214,91.432715,Synthetic incident record,SYNTHETIC
INC001736,R1052,ACCIDENT,1,2023-10-10,24.871392,91.332972,Synthetic incident record,SYNTHETIC
INC001737,R1054,FLOOD,4,2023-10-09,24.934241,91.361624,Synthetic incident record,SYNTHETIC
INC001738,R1055,LANDSLIDE,1,2023-05-12,25.050405,91.387101,Synthetic incident record,SYNTHETIC
INC001739,R1056,ACCIDENT,1,2023-06-07,24.878997,92.359263,Synthetic incident record,SYNTHETIC
INC001740,R1057,ACCIDENT,5,2023-08-02,24.895979,92.297205,Synthetic incident record,SYNTHETIC
INC001741,R1058,LANDSLIDE,5,2023-09-07,24.962131,92.39515,Synthetic incident record,SYNTHETIC
INC001742,R1059,ACCIDENT,3,2023-03-11,24.977438,92.387351,Synthetic incident record,SYNTHETIC
INC001743,R1060,ROAD_BLOCKAGE,2,2023-05-29,24.893328,92.368123,Synthetic incident record,SYNTHETIC
INC001744,R1061,ROAD_BLOCKAGE,5,2023-12-11,24.974894,92.381481,Synthetic incident record,SYNTHETIC
INC001745,R1062,FALLEN_TREE,3,2023-01-05,24.958442,92.381352,Synthetic incident record,SYNTHETIC
INC001746,R1064,FLOOD,1,2023-12-15,24.985662,92.470164,Synthetic incident record,SYNTHETIC
INC001747,R1065,ACCIDENT,4,2023-07-07,25.025314,92.438498,Synthetic incident record,SYNTHETIC
INC001748,R1067,FALLEN_TREE,5,2023-07-24,24.856566,91.509833,Synthetic incident record,SYNTHETIC
INC001749,R1068,FLOOD,5,2023-08-08,24.888231,91.484267,Synthetic incident record,SYNTHETIC
INC001750,R1069,ACCIDENT,1,2023-06-11,24.870419,91.478127,Synthetic incident record,SYNTHETIC
INC001751,R1071,LANDSLIDE,2,2023-02-09,25.039538,91.576328,Synthetic incident record,SYNTHETIC
INC001752,R1072,FALLEN_TREE,1,2023-12-01,26.131148,91.778724,Synthetic incident record,SYNTHETIC
INC001753,R1074,FALLEN_TREE,3,2023-05-21,25.066604,91.432992,Synthetic incident record,SYNTHETIC
INC001754,R1075,FALLEN_TREE,3,2023-01-14,24.846593,92.168165,Synthetic incident record,SYNTHETIC
INC001755,R1076,ACCIDENT,5,2023-08-29,24.816695,92.153579,Synthetic incident record,SYNTHETIC
INC001756,R1076,FLOOD,5,2023-02-27,24.824857,92.160126,Synthetic incident record,SYNTHETIC
INC001757,R1076,FLOOD,2,2023-01-20,24.816175,92.162578,Synthetic incident record,SYNTHETIC
INC001758,R1076,ACCIDENT,3,2023-09-30,24.829742,92.166392,Synthetic incident record,SYNTHETIC
INC001759,R1080,ROAD_BLOCKAGE,2,2023-12-03,25.90146,91.876441,Synthetic incident record,SYNTHETIC
INC001760,R1081,LANDSLIDE,3,2023-02-13,25.902745,91.885661,Synthetic incident record,SYNTHETIC
INC001761,R1082,FLOOD,5,2023-03-06,25.907376,91.882663,Synthetic incident record,SYNTHETIC
INC001762,R1083,ACCIDENT,4,2023-08-27,24.865913,92.190418,Synthetic incident record,SYNTHETIC
INC001763,R1085,ROAD_BLOCKAGE,3,2023-10-11,24.883777,92.212218,Synthetic incident record,SYNTHETIC
INC001764,R1090,FLOOD,5,2023-09-21,26.106076,91.79036,Synthetic incident record,SYNTHETIC
INC001765,R1092,FALLEN_TREE,5,2023-10-13,26.149391,91.772103,Synthetic incident record,SYNTHETIC
INC001766,R1095,FALLEN_TREE,2,2023-04-08,26.174115,91.73494,Synthetic incident record,SYNTHETIC
INC001767,R1095,FLOOD,2,2023-04-18,26.165206,91.750313,Synthetic incident record,SYNTHETIC
INC001768,R1095,FALLEN_TREE,2,2023-09-28,26.167306,91.742294,Synthetic incident record,SYNTHETIC
INC001769,R1096,ROAD_BLOCKAGE,2,2023-01-06,26.163936,91.732751,Synthetic incident record,SYNTHETIC
INC001770,R1097,ACCIDENT,1,2023-10-26,26.188206,91.759908,Synthetic incident record,SYNTHETIC
INC001771,R1097,ROAD_BLOCKAGE,1,2023-10-24,26.172856,91.757736,Synthetic incident record,SYNTHETIC
INC001772,R1098,ROAD_BLOCKAGE,2,2023-05-30,26.174164,91.74176,Synthetic incident record,SYNTHETIC
INC001773,R1101,LANDSLIDE,3,2023-03-17,26.124453,91.774126,Synthetic incident record,SYNTHETIC
INC001774,R1104,ACCIDENT,1,2023-03-24,25.533818,91.429978,Synthetic incident record,SYNTHETIC
INC001775,R1105,FLOOD,2,2023-08-25,25.527384,91.430426,Synthetic incident record,SYNTHETIC
INC001776,R1107,LANDSLIDE,3,2023-11-10,26.168884,92.679069,Synthetic incident record,SYNTHETIC
INC001777,R1108,ROAD_BLOCKAGE,5,2023-02-17,26.165158,92.667417,Synthetic incident record,SYNTHETIC
INC001778,R1110,FLOOD,4,2023-06-22,26.171176,92.677953,Synthetic incident record,SYNTHETIC
INC001779,R1112,ROAD_BLOCKAGE,2,2023-02-23,26.167334,92.713097,Synthetic incident record,SYNTHETIC
INC001780,R1116,FLOOD,4,2023-05-24,26.132001,92.766718,Synthetic incident record,SYNTHETIC
INC001781,R1117,FLOOD,3,2023-11-29,26.142906,92.75097,Synthetic incident record,SYNTHETIC
INC001782,R1122,ACCIDENT,4,2023-09-20,26.096424,92.746948,Synthetic incident record,SYNTHETIC
INC001783,R1124,ACCIDENT,5,2023-02-12,26.116401,92.861102,Synthetic incident record,SYNTHETIC
INC001784,R1125,FALLEN_TREE,4,2023-11-21,26.08036,92.859584,Synthetic incident record,SYNTHETIC
INC001785,R1127,FALLEN_TREE,4,2023-05-31,26.064456,92.860226,Synthetic incident record,SYNTHETIC
INC001786,R1128,ACCIDENT,3,2023-10-20,26.074533,92.854759,Synthetic incident record,SYNTHETIC
INC001787,R1130,ACCIDENT,5,2023-01-21,26.06536,92.851929,Synthetic incident record,SYNTHETIC
INC001788,R1131,FLOOD,5,2023-10-08,26.038425,92.79527,Synthetic incident record,SYNTHETIC
INC001789,R1132,FLOOD,5,2023-12-22,26.084223,92.800579,Synthetic incident record,SYNTHETIC
INC001790,R1134,ACCIDENT,1,2023-08-09,26.081885,92.792743,Synthetic incident record,SYNTHETIC
INC001791,R1138,ACCIDENT,1,2023-03-11,26.104922,92.772705,Synthetic incident record,SYNTHETIC
INC001792,R1139,ROAD_BLOCKAGE,5,2023-02-19,26.095255,92.760239,Synthetic incident record,SYNTHETIC
INC001793,R1140,FLOOD,1,2023-11-20,26.077541,92.797219,Synthetic incident record,SYNTHETIC
INC001794,R1141,ROAD_BLOCKAGE,1,2023-04-05,26.131641,92.734108,Synthetic incident record,SYNTHETIC
INC001795,R1148,FLOOD,4,2023-11-18,25.55747,91.776536,Synthetic incident record,SYNTHETIC
INC001796,R1149,FALLEN_TREE,3,2023-09-30,25.535056,91.767382,Synthetic incident record,SYNTHETIC
INC001797,R1154,LANDSLIDE,1,2023-11-23,25.561443,91.777722,Synthetic incident record,SYNTHETIC
INC001798,R1156,FLOOD,2,2023-11-17,25.485049,91.777371,Synthetic incident record,SYNTHETIC
INC001799,R1157,FLOOD,3,2023-09-17,25.47379,91.755904,Synthetic incident record,SYNTHETIC
INC001800,R1159,LANDSLIDE,2,2023-07-14,25.413475,91.710932,Synthetic incident record,SYNTHETIC
INC001801,R1159,ACCIDENT,4,2023-11-01,25.420639,91.70891,Synthetic incident record,SYNTHETIC
INC001802,R1159,FLOOD,1,2023-10-08,25.407356,91.706684,Synthetic incident record,SYNTHETIC
INC001803,R1159,FALLEN_TREE,5,2023-11-29,25.420211,91.710447,Synthetic incident record,SYNTHETIC
INC001804,R1160,LANDSLIDE,2,2023-07-04,25.42419,91.698749,Synthetic incident record,SYNTHETIC
INC001805,R1161,ACCIDENT,2,2023-03-30,25.251445,91.891533,Synthetic incident record,SYNTHETIC
INC001806,R1163,ACCIDENT,2,2023-12-18,25.481775,91.740445,Synthetic incident record,SYNTHETIC
INC001807,R1166,LANDSLIDE,2,2023-06-13,25.470953,91.83095,Synthetic incident record,SYNTHETIC
INC001808,R1169,FALLEN_TREE,2,2023-04-11,25.603455,91.80527,Synthetic incident record,SYNTHETIC
INC001809,R1170,FLOOD,2,2023-11-30,25.588351,91.774229,Synthetic incident record,SYNTHETIC
INC001810,R1171,ACCIDENT,5,2023-05-30,25.578165,91.773997,Synthetic incident record,SYNTHETIC
INC001811,R1172,ACCIDENT,2,2023-08-05,25.581583,91.776633,Synthetic incident record,SYNTHETIC
INC001812,R1173,ROAD_BLOCKAGE,5,2023-07-14,25.589529,91.79502,Synthetic incident record,SYNTHETIC
INC001813,R1174,ACCIDENT,1,2023-05-29,25.569306,91.743781,Synthetic incident record,SYNTHETIC
INC001814,R1174,ACCIDENT,1,2023-03-28,25.567764,91.738766,Synthetic incident record,SYNTHETIC
INC001815,R1174,FALLEN_TREE,5,2023-06-18,25.565845,91.741891,Synthetic incident record,SYNTHETIC
INC001816,R1175,ROAD_BLOCKAGE,1,2023-12-09,25.596438,91.808466,Synthetic incident record,SYNTHETIC
INC001817,R1175,ROAD_BLOCKAGE,5,2023-09-02,25.596102,91.800001,Synthetic incident record,SYNTHETIC
INC001818,R1177,LANDSLIDE,2,2023-10-18,25.562997,92.061038,Synthetic incident record,SYNTHETIC
INC001819,R1177,LANDSLIDE,4,2023-11-21,25.552796,92.054781,Synthetic incident record,SYNTHETIC
INC001820,R1177,ROAD_BLOCKAGE,5,2023-12-09,25.546642,92.06657,Synthetic incident record,SYNTHETIC
INC001821,R1178,ROAD_BLOCKAGE,1,2023-08-06,25.54226,92.057996,Synthetic incident record,SYNTHETIC
INC001822,R1180,ACCIDENT,5,2023-04-21,25.555135,91.912754,Synthetic incident record,SYNTHETIC
INC001823,R1181,ROAD_BLOCKAGE,4,2023-06-10,25.926384,92.682299,Synthetic incident record,SYNTHETIC
INC001824,R1182,ACCIDENT,3,2023-07-31,24.841467,92.087087,Synthetic incident record,SYNTHETIC
INC001825,R1182,FALLEN_TREE,5,2023-10-02,24.84206,92.084401,Synthetic incident record,SYNTHETIC
INC001826,R1182,FALLEN_TREE,5,2023-07-07,24.842805,92.078168,Synthetic incident record,SYNTHETIC
INC001827,R1183,FLOOD,2,2023-02-12,24.829268,92.088122,Synthetic incident record,SYNTHETIC
INC001828,R1184,ACCIDENT,1,2023-04-25,24.833818,92.110081,Synthetic incident record,SYNTHETIC
INC001829,R1185,ROAD_BLOCKAGE,2,2023-07-30,24.841008,92.119654,Synthetic incident record,SYNTHETIC
INC001830,R1186,ACCIDENT,1,2023-01-11,24.824746,92.110452,Synthetic incident record,SYNTHETIC
INC001831,R1187,ROAD_BLOCKAGE,4,2023-08-08,24.838789,92.116394,Synthetic incident record,SYNTHETIC
INC001832,R1188,LANDSLIDE,4,2023-09-20,24.828865,92.11223,Synthetic incident record,SYNTHETIC
INC001833,R1189,FALLEN_TREE,5,2023-12-24,24.823429,92.118378,Synthetic incident record,SYNTHETIC
INC001834,R1190,LANDSLIDE,5,2023-11-05,24.814773,92.120634,Synthetic incident record,SYNTHETIC
INC001835,R1191,ROAD_BLOCKAGE,1,2023-02-23,24.814806,92.1336,Synthetic incident record,SYNTHETIC
INC001836,R1193,FALLEN_TREE,2,2023-05-02,24.816945,92.147806,Synthetic incident record,SYNTHETIC
INC001837,R1194,FALLEN_TREE,3,2023-08-23,24.830901,92.139723,Synthetic incident record,SYNTHETIC
INC001838,R1196,LANDSLIDE,3,2023-09-27,24.817154,92.149801,Synthetic incident record,SYNTHETIC
INC001839,R1197,LANDSLIDE,3,2023-08-26,24.820619,92.144921,Synthetic incident record,SYNTHETIC
INC001840,R1198,FLOOD,1,2023-02-16,24.85191,92.070923,Synthetic incident record,SYNTHETIC
INC001841,R1199,LANDSLIDE,2,2023-01-07,24.851508,92.06,Synthetic incident record,SYNTHETIC
INC001842,R1200,LANDSLIDE,4,2023-11-02,24.806256,92.069499,Synthetic incident record,SYNTHETIC
INC001843,R1202,FLOOD,4,2023-01-04,24.811267,92.10687,Synthetic incident record,SYNTHETIC
INC001844,R1205,FALLEN_TREE,3,2023-06-27,25.304032,91.580599,Synthetic incident record,SYNTHETIC
INC001845,R1206,LANDSLIDE,2,2023-09-01,25.292459,91.579508,Synthetic incident record,SYNTHETIC
INC001846,R1207,ACCIDENT,5,2023-01-16,24.836203,92.094396,Synthetic incident record,SYNTHETIC
INC001847,R1210,ROAD_BLOCKAGE,2,2023-02-08,26.147871,91.691947,Synthetic incident record,SYNTHETIC
INC001848,R1211,FALLEN_TREE,5,2023-09-25,26.179213,91.750823,Synthetic incident record,SYNTHETIC
INC001849,R1211,FLOOD,5,2023-09-14,26.169102,91.754909,Synthetic incident record,SYNTHETIC
INC001850,R1211,ROAD_BLOCKAGE,5,2023-03-11,26.174707,91.751187,Synthetic incident record,SYNTHETIC
INC001851,R1212,FLOOD,1,2023-04-05,26.143703,91.823658,Synthetic incident record,SYNTHETIC
INC001852,R1213,LANDSLIDE,5,2023-08-17,26.134902,91.808728,Synthetic incident record,SYNTHETIC
INC001853,R1214,FALLEN_TREE,2,2023-09-04,26.124196,91.808179,Synthetic incident record,SYNTHETIC
INC001854,R1215,ROAD_BLOCKAGE,2,2023-06-21,26.121038,91.80912,Synthetic incident record,SYNTHETIC
INC001855,R1216,FLOOD,3,2023-07-05,26.129576,91.798878,Synthetic incident record,SYNTHETIC
INC001856,R1216,FLOOD,5,2023-03-09,26.124713,91.803201,Synthetic incident record,SYNTHETIC
INC001857,R1216,FLOOD,1,2023-01-22,26.125088,91.816619,Synthetic incident record,SYNTHETIC
INC001858,R1221,ACCIDENT,3,2023-05-24,26.17622,91.663248,Synthetic incident record,SYNTHETIC
INC001859,R1221,FALLEN_TREE,5,2023-04-29,26.168461,91.660376,Synthetic incident record,SYNTHETIC
INC001860,R1222,FLOOD,5,2023-02-22,26.1856,91.752733,Synthetic incident record,SYNTHETIC
INC001861,R1225,ROAD_BLOCKAGE,4,2023-12-05,26.116229,91.767462,Synthetic incident record,SYNTHETIC
INC001862,R1225,ROAD_BLOCKAGE,2,2023-04-21,26.118479,91.781627,Synthetic incident record,SYNTHETIC
INC001863,R1226,FALLEN_TREE,5,2023-06-24,26.111471,91.740937,Synthetic incident record,SYNTHETIC
INC001864,R1228,LANDSLIDE,2,2023-01-09,26.191403,91.786859,Synthetic incident record,SYNTHETIC
INC001865,R1230,ROAD_BLOCKAGE,1,2023-04-23,26.159937,91.761382,Synthetic incident record,SYNTHETIC
INC001866,R1232,LANDSLIDE,4,2023-01-12,26.177257,91.678207,Synthetic incident record,SYNTHETIC
INC001867,R1236,ACCIDENT,2,2023-01-25,26.148432,91.673644,Synthetic incident record,SYNTHETIC
INC001868,R1236,ROAD_BLOCKAGE,3,2023-11-11,26.145665,91.67941,Synthetic incident record,SYNTHETIC
INC001869,R1236,ACCIDENT,4,2023-06-09,26.155374,91.67431,Synthetic incident record,SYNTHETIC
INC001870,R1236,ROAD_BLOCKAGE,2,2023-03-09,26.149123,91.66797,Synthetic incident record,SYNTHETIC
INC001871,R1237,FALLEN_TREE,5,2023-01-06,26.160984,91.671202,Synthetic incident record,SYNTHETIC
INC001872,R1240,FLOOD,5,2023-04-28,26.161207,91.683102,Synthetic incident record,SYNTHETIC
INC001873,R1241,FLOOD,1,2023-06-24,26.196834,91.741687,Synthetic incident record,SYNTHETIC
INC001874,R1243,FALLEN_TREE,4,2023-05-27,26.192206,91.740551,Synthetic incident record,SYNTHETIC
INC001875,R1243,ROAD_BLOCKAGE,2,2023-08-04,26.180343,91.743931,Synthetic incident record,SYNTHETIC
INC001876,R1244,ROAD_BLOCKAGE,4,2023-08-08,24.889528,91.867019,Synthetic incident record,SYNTHETIC
INC001877,R1245,FLOOD,3,2023-06-29,26.204494,91.790254,Synthetic incident record,SYNTHETIC
INC001878,R1245,FALLEN_TREE,4,2023-04-08,26.200211,91.798255,Synthetic incident record,SYNTHETIC
INC001879,R1246,ACCIDENT,5,2023-05-30,24.980682,92.043259,Synthetic incident record,SYNTHETIC
INC001880,R1247,FALLEN_TREE,2,2023-11-24,25.069113,91.420703,Synthetic incident record,SYNTHETIC
INC001881,R1248,ROAD_BLOCKAGE,3,2023-03-26,26.114189,91.701172,Synthetic incident record,SYNTHETIC
INC001882,R1251,LANDSLIDE,5,2023-06-07,26.124686,91.716215,Synthetic incident record,SYNTHETIC
INC001883,R1254,ROAD_BLOCKAGE,2,2023-10-28,26.107152,91.69988,Synthetic incident record,SYNTHETIC
INC001884,R1254,ROAD_BLOCKAGE,1,2023-05-15,26.118264,91.709774,Synthetic incident record,SYNTHETIC
INC001885,R1260,ACCIDENT,5,2023-10-23,26.171096,91.669719,Synthetic incident record,SYNTHETIC
INC001886,R1261,LANDSLIDE,2,2023-04-02,24.82331,92.803185,Synthetic incident record,SYNTHETIC
INC001887,R1261,FALLEN_TREE,3,2023-10-24,24.821249,92.798624,Synthetic incident record,SYNTHETIC
INC001888,R1261,FALLEN_TREE,3,2023-05-22,24.813418,92.795483,Synthetic incident record,SYNTHETIC
INC001889,R1261,LANDSLIDE,4,2023-08-13,24.813153,92.805425,Synthetic incident record,SYNTHETIC
INC001890,R1263,LANDSLIDE,5,2023-08-25,24.880431,91.862147,Synthetic incident record,SYNTHETIC
INC001891,R1265,FLOOD,5,2023-05-06,24.835283,92.869324,Synthetic incident record,SYNTHETIC
INC001892,R1270,ROAD_BLOCKAGE,1,2023-07-01,24.903437,92.892218,Synthetic incident record,SYNTHETIC
INC001893,R1271,FLOOD,1,2023-12-02,24.798733,92.809947,Synthetic incident record,SYNTHETIC
INC001894,R1274,ROAD_BLOCKAGE,2,2023-01-21,24.898247,91.856897,Synthetic incident record,SYNTHETIC
INC001895,R1275,ACCIDENT,5,2023-01-30,26.001811,92.859434,Synthetic incident record,SYNTHETIC
INC001896,R1279,FLOOD,4,2023-07-10,26.008135,92.839776,Synthetic incident record,SYNTHETIC
INC001897,R1281,FALLEN_TREE,4,2023-05-23,25.996042,92.86147,Synthetic incident record,SYNTHETIC
INC001898,R1282,FLOOD,5,2023-04-21,26.005555,92.861767,Synthetic incident record,SYNTHETIC
INC001899,R1283,LANDSLIDE,5,2023-07-08,25.995743,92.859377,Synthetic incident record,SYNTHETIC
INC001900,R1288,FLOOD,4,2023-06-13,24.843704,92.163907,Synthetic incident record,SYNTHETIC
INC001901,R1289,ACCIDENT,5,2023-03-14,26.092337,91.578994,Synthetic incident record,SYNTHETIC
INC001902,R1292,FLOOD,4,2023-06-28,24.902853,91.880749,Synthetic incident record,SYNTHETIC
INC001903,R1293,FALLEN_TREE,2,2023-07-02,24.861083,91.879712,Synthetic incident record,SYNTHETIC
INC001904,R1293,ROAD_BLOCKAGE,2,2023-12-25,24.871109,91.8808,Synthetic incident record,SYNTHETIC
INC001905,R1293,FALLEN_TREE,3,2023-04-09,24.867018,91.879182,Synthetic incident record,SYNTHETIC
INC001906,R1294,LANDSLIDE,4,2023-11-11,24.876881,91.875127,Synthetic incident record,SYNTHETIC
INC001907,R1297,ACCIDENT,3,2023-02-04,24.893011,91.87534,Synthetic incident record,SYNTHETIC
INC001908,R1300,FLOOD,4,2023-04-21,25.110748,92.091022,Synthetic incident record,SYNTHETIC
INC001909,R1301,FALLEN_TREE,3,2023-03-24,25.119285,92.151372,Synthetic incident record,SYNTHETIC
INC001910,R1302,FLOOD,5,2023-02-03,25.096279,92.143114,Synthetic incident record,SYNTHETIC
INC001911,R1303,ROAD_BLOCKAGE,2,2023-12-03,25.104192,92.129503,Synthetic incident record,SYNTHETIC
INC001912,R1304,FLOOD,5,2023-03-16,26.104284,91.55775,Synthetic incident record,SYNTHETIC
INC001913,R1305,ROAD_BLOCKAGE,4,2023-07-03,26.077656,91.57416,Synthetic incident record,SYNTHETIC
INC001914,R1306,ACCIDENT,3,2023-11-23,26.079116,91.57034,Synthetic incident record,SYNTHETIC
INC001915,R1306,LANDSLIDE,3,2023-09-03,26.082625,91.573433,Synthetic incident record,SYNTHETIC
INC001916,R1307,ROAD_BLOCKAGE,3,2023-08-18,26.074566,91.559235,Synthetic incident record,SYNTHETIC
INC001917,R1308,ROAD_BLOCKAGE,1,2023-06-27,26.094189,91.804395,Synthetic incident record,SYNTHETIC
INC001918,R1310,ROAD_BLOCKAGE,4,2023-02-17,26.126138,91.431997,Synthetic incident record,SYNTHETIC
INC001919,R1311,ACCIDENT,4,2023-09-10,24.825778,92.933279,Synthetic incident record,SYNTHETIC
INC001920,R1313,ROAD_BLOCKAGE,2,2023-02-19,24.815533,92.935845,Synthetic incident record,SYNTHETIC
INC001921,R1314,FALLEN_TREE,1,2023-09-04,24.874398,91.899028,Synthetic incident record,SYNTHETIC
INC001922,R1315,ACCIDENT,1,2023-12-18,24.87999,91.914423,Synthetic incident record,SYNTHETIC
INC001923,R1318,FLOOD,2,2023-03-20,26.097156,91.595827,Synthetic incident record,SYNTHETIC
INC001924,R1319,ROAD_BLOCKAGE,2,2023-07-11,26.08656,91.559134,Synthetic incident record,SYNTHETIC
INC001925,R1323,FALLEN_TREE,3,2023-04-04,26.15024,91.781304,Synthetic incident record,SYNTHETIC
INC001926,R1324,ROAD_BLOCKAGE,1,2023-09-29,26.170134,91.77428,Synthetic incident record,SYNTHETIC
INC001927,R1324,FALLEN_TREE,2,2023-12-02,26.158202,91.775851,Synthetic incident record,SYNTHETIC
INC001928,R1324,FALLEN_TREE,5,2023-12-16,26.16499,91.780724,Synthetic incident record,SYNTHETIC
INC001929,R1324,FALLEN_TREE,1,2023-05-28,26.153102,91.768337,Synthetic incident record,SYNTHETIC
INC001930,R1326,FLOOD,5,2023-07-04,26.151189,91.776072,Synthetic incident record,SYNTHETIC
INC001931,R1327,LANDSLIDE,1,2023-09-08,26.151251,91.77856,Synthetic incident record,SYNTHETIC
INC001932,R1329,ROAD_BLOCKAGE,3,2023-05-12,26.166996,91.763696,Synthetic incident record,SYNTHETIC
INC001933,R1330,ACCIDENT,4,2023-06-10,26.177119,91.75236,Synthetic incident record,SYNTHETIC
INC001934,R1331,FLOOD,1,2023-11-14,26.167742,91.74805,Synthetic incident record,SYNTHETIC
INC001935,R1333,ROAD_BLOCKAGE,5,2023-01-18,26.169317,91.767616,Synthetic incident record,SYNTHETIC
INC001936,R1334,FLOOD,2,2023-03-20,26.173327,91.768783,Synthetic incident record,SYNTHETIC
INC001937,R1335,FLOOD,2,2023-07-15,26.174614,91.768408,Synthetic incident record,SYNTHETIC
INC001938,R1337,FALLEN_TREE,2,2023-11-01,26.171854,91.760724,Synthetic incident record,SYNTHETIC
INC001939,R1338,ROAD_BLOCKAGE,3,2023-01-09,26.157005,91.764659,Synthetic incident record,SYNTHETIC
INC001940,R1339,ROAD_BLOCKAGE,1,2023-11-24,26.176831,91.770342,Synthetic incident record,SYNTHETIC
INC001941,R1339,ROAD_BLOCKAGE,4,2023-11-12,26.179022,91.773056,Synthetic incident record,SYNTHETIC
INC001942,R1339,FLOOD,1,2023-05-06,26.180534,91.772122,Synthetic incident record,SYNTHETIC
INC001943,R1341,LANDSLIDE,3,2023-04-22,26.181427,91.78582,Synthetic incident record,SYNTHETIC
INC001944,R1342,FALLEN_TREE,1,2023-02-26,26.170324,91.783718,Synthetic incident record,SYNTHETIC
INC001945,R1343,ROAD_BLOCKAGE,1,2023-12-07,26.185714,91.767245,Synthetic incident record,SYNTHETIC
INC001946,R1346,FLOOD,4,2023-01-16,26.156478,91.787626,Synthetic incident record,SYNTHETIC
INC001947,R1346,LANDSLIDE,1,2023-03-06,26.16983,91.780596,Synthetic incident record,SYNTHETIC
INC001948,R1346,ACCIDENT,2,2023-07-06,26.170865,91.774531,Synthetic incident record,SYNTHETIC
INC001949,R1346,ROAD_BLOCKAGE,2,2023-10-29,26.172152,91.785638,Synthetic incident record,SYNTHETIC
INC001950,R1347,LANDSLIDE,4,2023-05-05,24.973269,91.864427,Synthetic incident record,SYNTHETIC
INC001951,R1349,FLOOD,5,2023-08-27,24.970039,91.869437,Synthetic incident record,SYNTHETIC
INC001952,R1352,ACCIDENT,5,2023-12-01,24.989114,91.911217,Synthetic incident record,SYNTHETIC
INC001953,R1354,FLOOD,1,2023-08-07,24.994239,91.914873,Synthetic incident record,SYNTHETIC
INC001954,R1355,FALLEN_TREE,2,2023-03-28,24.986744,91.91931,Synthetic incident record,SYNTHETIC
INC001955,R1361,ROAD_BLOCKAGE,2,2023-04-07,24.957353,91.81004,Synthetic incident record,SYNTHETIC
INC001956,R1362,LANDSLIDE,5,2023-10-14,24.954757,91.793067,Synthetic incident record,SYNTHETIC
INC001957,R1363,FLOOD,2,2023-06-29,24.981839,91.906329,Synthetic incident record,SYNTHETIC
INC001958,R1364,LANDSLIDE,2,2023-08-16,24.949047,91.795483,Synthetic incident record,SYNTHETIC
INC001959,R1368,LANDSLIDE,3,2023-11-03,24.898121,92.892797,Synthetic incident record,SYNTHETIC
INC001960,R1369,FLOOD,2,2023-07-28,25.250048,91.733512,Synthetic incident record,SYNTHETIC
INC001961,R1371,ACCIDENT,2,2023-04-24,25.227057,91.576636,Synthetic incident record,SYNTHETIC
INC001962,R1371,ROAD_BLOCKAGE,5,2023-07-22,25.210498,91.581974,Synthetic incident record,SYNTHETIC
INC001963,R1371,LANDSLIDE,1,2023-06-15,25.213426,91.580688,Synthetic incident record,SYNTHETIC
INC001964,R1372,LANDSLIDE,4,2023-11-09,25.214518,91.528815,Synthetic incident record,SYNTHETIC
INC001965,R1372,FLOOD,3,2023-12-03,25.216627,91.530546,Synthetic incident record,SYNTHETIC
INC001966,R1372,FLOOD,5,2023-12-07,25.225331,91.536827,Synthetic incident record,SYNTHETIC
INC001967,R1372,FALLEN_TREE,2,2023-10-01,25.228975,91.525167,Synthetic incident record,SYNTHETIC
INC001968,R1376,ROAD_BLOCKAGE,4,2023-08-11,24.800764,91.792164,Synthetic incident record,SYNTHETIC
INC001969,R1376,ACCIDENT,5,2023-09-22,24.806968,91.792108,Synthetic incident record,SYNTHETIC
INC001970,R1376,LANDSLIDE,2,2023-09-04,24.815566,91.800508,Synthetic incident record,SYNTHETIC
INC001971,R1376,FALLEN_TREE,3,2023-06-03,24.805922,91.794609,Synthetic incident record,SYNTHETIC
INC001972,R1377,ACCIDENT,1,2023-10-25,24.814128,91.766239,Synthetic incident record,SYNTHETIC
INC001973,R1378,FLOOD,3,2023-11-15,24.815242,91.795576,Synthetic incident record,SYNTHETIC
INC001974,R1379,ACCIDENT,5,2023-11-04,24.815507,91.754661,Synthetic incident record,SYNTHETIC
INC001975,R1380,FLOOD,5,2023-11-14,24.800669,91.740588,Synthetic incident record,SYNTHETIC
INC001976,R1382,LANDSLIDE,3,2023-05-14,25.213708,91.889937,Synthetic incident record,SYNTHETIC
INC001977,R1383,LANDSLIDE,5,2023-03-31,25.214567,91.89961,Synthetic incident record,SYNTHETIC
INC001978,R1384,FLOOD,3,2023-03-04,25.237221,91.767261,Synthetic incident record,SYNTHETIC
INC001979,R1385,ACCIDENT,1,2023-04-18,25.193564,91.936052,Synthetic incident record,SYNTHETIC
INC001980,R1387,FALLEN_TREE,4,2023-08-04,25.197676,91.931427,Synthetic incident record,SYNTHETIC
INC001981,R1388,FALLEN_TREE,1,2023-03-07,25.192619,91.931624,Synthetic incident record,SYNTHETIC
INC001982,R1389,ROAD_BLOCKAGE,3,2023-10-31,25.215118,91.926702,Synthetic incident record,SYNTHETIC
INC001983,R1391,ROAD_BLOCKAGE,2,2023-10-23,25.18333,91.990168,Synthetic incident record,SYNTHETIC
INC001984,R1392,FLOOD,4,2023-08-26,25.182948,92.011964,Synthetic incident record,SYNTHETIC
INC001985,R1392,ROAD_BLOCKAGE,3,2023-06-29,25.197894,92.005962,Synthetic incident record,SYNTHETIC
INC001986,R1392,FALLEN_TREE,3,2023-09-19,25.185719,92.011044,Synthetic incident record,SYNTHETIC
INC001987,R1396,ROAD_BLOCKAGE,5,2023-03-10,25.193311,92.006079,Synthetic incident record,SYNTHETIC
INC001988,R1397,LANDSLIDE,3,2023-01-17,25.189714,92.011571,Synthetic incident record,SYNTHETIC
INC001989,R1398,FLOOD,4,2023-02-04,25.186006,92.002528,Synthetic incident record,SYNTHETIC
INC001990,R1399,FLOOD,2,2023-12-30,25.181741,92.007942,Synthetic incident record,SYNTHETIC
INC001991,R1403,ACCIDENT,2,2023-08-11,25.201552,91.922391,Synthetic incident record,SYNTHETIC
INC001992,R1405,FLOOD,5,2023-04-16,25.205865,91.932683,Synthetic incident record,SYNTHETIC
INC001993,R1406,FALLEN_TREE,3,2023-05-10,25.197002,91.930337,Synthetic incident record,SYNTHETIC
INC001994,R1406,LANDSLIDE,2,2023-09-24,25.207041,91.927964,Synthetic incident record,SYNTHETIC
INC001995,R1407,FLOOD,5,2023-09-07,25.201285,91.926542,Synthetic incident record,SYNTHETIC
INC001996,R1408,ACCIDENT,5,2023-04-22,25.202431,91.924697,Synthetic incident record,SYNTHETIC
INC001997,R1409,FALLEN_TREE,4,2023-08-28,25.176641,91.960533,Synthetic incident record,SYNTHETIC
INC001998,R1410,LANDSLIDE,1,2023-06-16,25.185501,91.963321,Synthetic incident record,SYNTHETIC
INC001999,R1411,ACCIDENT,2,2023-10-21,25.168211,91.965223,Synthetic incident record,SYNTHETIC
INC002000,R1413,ROAD_BLOCKAGE,2,2023-05-25,25.17964,91.967919,Synthetic incident record,SYNTHETIC
INC002001,R1414,LANDSLIDE,1,2023-07-19,25.17384,91.969975,Synthetic incident record,SYNTHETIC
INC002002,R1416,FLOOD,3,2023-08-08,25.223284,92.154649,Synthetic incident record,SYNTHETIC
INC002003,R1417,FLOOD,2,2023-04-20,25.23772,92.145459,Synthetic incident record,SYNTHETIC
INC002004,R1420,FALLEN_TREE,1,2023-02-26,25.225577,92.154744,Synthetic incident record,SYNTHETIC
INC002005,R1421,FLOOD,4,2023-09-15,25.258952,92.200748,Synthetic incident record,SYNTHETIC
INC002006,R1421,FLOOD,5,2023-10-18,25.27092,92.199237,Synthetic incident record,SYNTHETIC
INC002007,R1421,ACCIDENT,1,2023-01-30,25.26104,92.194303,Synthetic incident record,SYNTHETIC
INC002008,R1421,LANDSLIDE,5,2023-05-19,25.271075,92.203606,Synthetic incident record,SYNTHETIC
INC002009,R1423,ROAD_BLOCKAGE,2,2023-02-11,25.238172,92.222627,Synthetic incident record,SYNTHETIC
INC002010,R1425,FLOOD,5,2023-11-06,25.16297,91.734893,Synthetic incident record,SYNTHETIC
INC002011,R1425,FALLEN_TREE,3,2023-01-18,25.177831,91.745188,Synthetic incident record,SYNTHETIC
INC002012,R1428,ACCIDENT,2,2023-04-14,25.186197,91.701698,Synthetic incident record,SYNTHETIC
INC002013,R1430,ACCIDENT,2,2023-06-05,25.18555,91.707955,Synthetic incident record,SYNTHETIC
INC002014,R1434,ACCIDENT,1,2023-03-29,25.316735,91.588555,Synthetic incident record,SYNTHETIC
INC002015,R1435,FLOOD,4,2023-09-28,26.138875,91.811494,Synthetic incident record,SYNTHETIC
INC002016,R1438,ACCIDENT,3,2023-06-27,26.125516,91.805383,Synthetic incident record,SYNTHETIC
INC002017,R1438,LANDSLIDE,4,2023-09-12,26.121126,91.798954,Synthetic incident record,SYNTHETIC
INC002018,R1438,FALLEN_TREE,5,2023-01-11,26.122532,91.814741,Synthetic incident record,SYNTHETIC
INC002019,R1438,FALLEN_TREE,3,2023-08-25,26.111575,91.81555,Synthetic incident record,SYNTHETIC
INC002020,R1439,FALLEN_TREE,2,2023-09-12,26.121888,91.80017,Synthetic incident record,SYNTHETIC
INC002021,R1439,LANDSLIDE,4,2023-10-27,26.122294,91.805195,Synthetic incident record,SYNTHETIC
INC002022,R1439,ACCIDENT,3,2023-01-09,26.124145,91.807126,Synthetic incident record,SYNTHETIC
INC002023,R1439,FLOOD,5,2023-07-16,26.132917,91.7926,Synthetic incident record,SYNTHETIC
INC002024,R1440,ACCIDENT,5,2023-02-27,26.118462,91.825563,Synthetic incident record,SYNTHETIC
INC002025,R1443,FLOOD,3,2023-04-15,26.121061,91.820497,Synthetic incident record,SYNTHETIC
INC002026,R1446,FLOOD,4,2023-09-18,26.110015,91.792576,Synthetic incident record,SYNTHETIC
INC002027,R1447,ACCIDENT,1,2023-01-04,26.12669,91.807761,Synthetic incident record,SYNTHETIC
INC002028,R1449,FALLEN_TREE,5,2023-04-08,26.128585,91.684305,Synthetic incident record,SYNTHETIC
INC002029,R1449,LANDSLIDE,2,2023-05-26,26.127365,91.686465,Synthetic incident record,SYNTHETIC
INC002030,R1449,FALLEN_TREE,2,2023-04-15,26.124409,91.685398,Synthetic incident record,SYNTHETIC
INC002031,R1451,FLOOD,2,2023-06-19,26.12445,91.704791,Synthetic incident record,SYNTHETIC
INC002032,R1454,ROAD_BLOCKAGE,2,2023-08-06,26.131605,91.798913,Synthetic incident record,SYNTHETIC
INC002033,R1455,ACCIDENT,1,2023-03-31,26.141462,91.793131,Synthetic incident record,SYNTHETIC
INC002034,R1458,ROAD_BLOCKAGE,3,2023-07-18,26.140731,91.798971,Synthetic incident record,SYNTHETIC
INC002035,R1459,LANDSLIDE,5,2023-08-04,26.144854,91.787672,Synthetic incident record,SYNTHETIC
INC002036,R1462,LANDSLIDE,2,2023-07-14,26.142507,91.7908,Synthetic incident record,SYNTHETIC
INC002037,R1464,ACCIDENT,4,2023-11-01,26.103423,91.76799,Synthetic incident record,SYNTHETIC
INC002038,R1466,ACCIDENT,5,2023-12-09,26.111489,91.808065,Synthetic incident record,SYNTHETIC
INC002039,R1470,FLOOD,4,2023-02-06,26.152357,91.782919,Synthetic incident record,SYNTHETIC
INC002040,R1471,LANDSLIDE,4,2023-11-04,26.151951,91.780778,Synthetic incident record,SYNTHETIC
INC002041,R1472,FLOOD,2,2023-03-09,26.139488,91.792998,Synthetic incident record,SYNTHETIC
INC002042,R1472,FLOOD,2,2023-10-24,26.135554,91.79441,Synthetic incident record,SYNTHETIC
INC002043,R1472,FALLEN_TREE,1,2023-12-24,26.139009,91.7907,Synthetic incident record,SYNTHETIC
INC002044,R1472,FALLEN_TREE,1,2023-04-02,26.151199,91.789305,Synthetic incident record,SYNTHETIC
INC002045,R1476,ROAD_BLOCKAGE,3,2023-07-04,26.126183,91.810235,Synthetic incident record,SYNTHETIC
INC002046,R1477,LANDSLIDE,5,2023-11-02,26.122672,91.816923,Synthetic incident record,SYNTHETIC
INC002047,R1477,FLOOD,1,2023-02-12,26.133173,91.811225,Synthetic incident record,SYNTHETIC
INC002048,R1477,ACCIDENT,4,2023-03-12,26.129178,91.813986,Synthetic incident record,SYNTHETIC
INC002049,R1479,LANDSLIDE,5,2023-01-05,26.122308,91.80823,Synthetic incident record,SYNTHETIC
INC002050,R1481,FALLEN_TREE,3,2023-12-19,26.138068,91.796891,Synthetic incident record,SYNTHETIC
INC002051,R1483,FALLEN_TREE,4,2023-11-19,26.127401,91.801595,Synthetic incident record,SYNTHETIC
INC002052,R1484,ROAD_BLOCKAGE,5,2023-06-21,26.115242,91.795386,Synthetic incident record,SYNTHETIC
INC002053,R1484,ROAD_BLOCKAGE,3,2023-03-28,26.129386,91.801826,Synthetic incident record,SYNTHETIC
INC002054,R1484,ACCIDENT,1,2023-04-28,26.116732,91.808536,Synthetic incident record,SYNTHETIC
INC002055,R1486,LANDSLIDE,5,2023-09-15,26.113271,91.80187,Synthetic incident record,SYNTHETIC
INC002056,R1486,ACCIDENT,5,2023-09-03,26.115037,91.798678,Synthetic incident record,SYNTHETIC
INC002057,R1487,FALLEN_TREE,1,2023-07-16,26.104096,91.804729,Synthetic incident record,SYNTHETIC
INC002058,R1488,FLOOD,1,2023-11-03,26.110143,91.812027,Synthetic incident record,SYNTHETIC
INC002059,R1490,ROAD_BLOCKAGE,1,2023-07-29,26.139325,91.792388,Synthetic incident record,SYNTHETIC
INC002060,R1492,FALLEN_TREE,3,2023-09-22,26.141003,91.791834,Synthetic incident record,SYNTHETIC
INC002061,R1492,ACCIDENT,1,2023-08-02,26.1413,91.78891,Synthetic incident record,SYNTHETIC
INC002062,R1492,ROAD_BLOCKAGE,3,2023-08-01,26.129855,91.792241,Synthetic incident record,SYNTHETIC
INC002063,R1493,ROAD_BLOCKAGE,4,2023-04-13,26.136257,91.790691,Synthetic incident record,SYNTHETIC
INC002064,R1494,FLOOD,4,2023-06-16,26.145122,91.785758,Synthetic incident record,SYNTHETIC
INC002065,R1495,LANDSLIDE,3,2023-02-07,26.132916,91.792574,Synthetic incident record,SYNTHETIC
INC002066,R1497,LANDSLIDE,4,2023-08-08,25.036797,92.445406,Synthetic incident record,SYNTHETIC
INC002067,R1498,ACCIDENT,5,2023-07-13,24.922382,92.783473,Synthetic incident record,SYNTHETIC
INC002068,R1499,LANDSLIDE,1,2023-11-07,24.912432,92.778232,Synthetic incident record,SYNTHETIC
INC002069,R1500,ACCIDENT,4,2023-04-16,24.926056,92.75876,Synthetic incident record,SYNTHETIC
INC002070,R1500,ACCIDENT,2,2023-12-25,24.927864,92.763809,Synthetic incident record,SYNTHETIC
INC002071,R1500,ROAD_BLOCKAGE,4,2023-01-17,24.924474,92.768541,Synthetic incident record,SYNTHETIC
INC002072,R1505,ROAD_BLOCKAGE,2,2023-07-17,25.16394,91.56631,Synthetic incident record,SYNTHETIC
INC002073,R1506,FLOOD,3,2023-09-28,25.155052,91.564569,Synthetic incident record,SYNTHETIC
INC002074,R1506,ROAD_BLOCKAGE,5,2023-01-03,25.15712,91.566759,Synthetic incident record,SYNTHETIC
INC002075,R1506,FALLEN_TREE,2,2023-11-28,25.164115,91.552095,Synthetic incident record,SYNTHETIC
INC002076,R1507,ROAD_BLOCKAGE,5,2023-05-18,25.158959,91.546247,Synthetic incident record,SYNTHETIC
INC002077,R1508,ACCIDENT,3,2023-08-07,25.165415,91.544465,Synthetic incident record,SYNTHETIC
INC002078,R1511,ACCIDENT,1,2023-12-23,25.179188,91.895313,Synthetic incident record,SYNTHETIC
INC002079,R1512,LANDSLIDE,4,2023-11-20,25.206134,91.906918,Synthetic incident record,SYNTHETIC
INC002080,R1513,LANDSLIDE,5,2023-08-29,25.173767,91.937405,Synthetic incident record,SYNTHETIC
INC002081,R1514,FLOOD,3,2023-03-07,25.179095,91.937613,Synthetic incident record,SYNTHETIC
INC002082,R1518,FALLEN_TREE,1,2023-08-04,25.188915,91.948123,Synthetic incident record,SYNTHETIC
INC002083,R1522,FALLEN_TREE,3,2023-01-13,25.324677,91.586095,Synthetic incident record,SYNTHETIC
INC002084,R1524,FALLEN_TREE,2,2023-01-05,26.123081,91.977664,Synthetic incident record,SYNTHETIC
INC002085,R1525,ROAD_BLOCKAGE,5,2023-04-26,26.109764,91.957809,Synthetic incident record,SYNTHETIC
INC002086,R1527,ACCIDENT,1,2023-03-07,26.206253,92.395888,Synthetic incident record,SYNTHETIC
INC002087,R1527,LANDSLIDE,5,2023-08-14,26.192822,92.402675,Synthetic incident record,SYNTHETIC
INC002088,R1527,FLOOD,4,2023-11-22,26.201813,92.39552,Synthetic incident record,SYNTHETIC
INC002089,R1527,FALLEN_TREE,1,2023-03-30,26.196433,92.394171,Synthetic incident record,SYNTHETIC
INC002090,R1528,FLOOD,5,2023-10-16,26.17901,92.406784,Synthetic incident record,SYNTHETIC
INC002091,R1530,FLOOD,3,2023-08-31,25.908553,92.973472,Synthetic incident record,SYNTHETIC
INC002092,R1531,ROAD_BLOCKAGE,2,2023-10-27,25.557101,92.044757,Synthetic incident record,SYNTHETIC
INC002093,R1532,ROAD_BLOCKAGE,5,2023-01-02,26.177118,91.754623,Synthetic incident record,SYNTHETIC
INC002094,R1533,FALLEN_TREE,3,2023-06-30,26.167474,91.762255,Synthetic incident record,SYNTHETIC
INC002095,R1533,FLOOD,5,2023-12-16,26.16714,91.748395,Synthetic incident record,SYNTHETIC
INC002096,R1533,FLOOD,5,2023-07-06,26.172593,91.766269,Synthetic incident record,SYNTHETIC
INC002097,R1535,FALLEN_TREE,5,2023-02-17,26.020889,92.85599,Synthetic incident record,SYNTHETIC
INC002098,R1536,FALLEN_TREE,4,2023-06-28,25.930921,92.723837,Synthetic incident record,SYNTHETIC
INC002099,R1539,FLOOD,3,2023-07-22,25.962612,92.74857,Synthetic incident record,SYNTHETIC
INC002100,R1540,ROAD_BLOCKAGE,3,2023-04-21,25.968014,91.860541,Synthetic incident record,SYNTHETIC
INC002101,R1540,ROAD_BLOCKAGE,4,2023-06-08,25.96019,91.862952,Synthetic incident record,SYNTHETIC
INC002102,R1540,ACCIDENT,5,2023-07-10,25.962334,91.864122,Synthetic incident record,SYNTHETIC
INC002103,R1541,FALLEN_TREE,2,2023-03-10,26.133799,91.759036,Synthetic incident record,SYNTHETIC
INC002104,R1542,LANDSLIDE,3,2023-03-17,24.903463,91.861424,Synthetic incident record,SYNTHETIC
INC002105,R1543,ACCIDENT,2,2023-08-06,24.909154,91.856039,Synthetic incident record,SYNTHETIC
INC002106,R1544,FALLEN_TREE,3,2023-09-11,24.831698,91.990336,Synthetic incident record,SYNTHETIC
INC002107,R1544,ROAD_BLOCKAGE,5,2023-02-16,24.836176,91.997267,Synthetic incident record,SYNTHETIC
INC002108,R1544,FLOOD,3,2023-11-18,24.831775,92.004711,Synthetic incident record,SYNTHETIC
INC002109,R1544,LANDSLIDE,5,2023-12-24,24.835136,92.005828,Synthetic incident record,SYNTHETIC
INC002110,R1546,ACCIDENT,2,2023-07-19,26.173052,91.775053,Synthetic incident record,SYNTHETIC
INC002111,R1546,LANDSLIDE,2,2023-10-29,26.16359,91.765491,Synthetic incident record,SYNTHETIC
INC002112,R1546,FALLEN_TREE,5,2023-10-12,26.169379,91.776036,Synthetic incident record,SYNTHETIC
INC002113,R1546,FALLEN_TREE,4,2023-12-08,26.173785,91.766575,Synthetic incident record,SYNTHETIC
INC002114,R1547,LANDSLIDE,1,2023-06-15,26.172998,91.827989,Synthetic incident record,SYNTHETIC
INC002115,R1551,ACCIDENT,4,2023-03-31,26.190893,91.712477,Synthetic incident record,SYNTHETIC
INC002116,R1552,FLOOD,4,2023-08-03,26.121302,91.020417,Synthetic incident record,SYNTHETIC
INC002117,R1555,ROAD_BLOCKAGE,1,2023-10-29,25.964083,93.029851,Synthetic incident record,SYNTHETIC
INC002118,R1557,FALLEN_TREE,2,2023-06-02,25.94874,92.959141,Synthetic incident record,SYNTHETIC
INC002119,R1558,FLOOD,4,2023-02-22,25.962598,92.957006,Synthetic incident record,SYNTHETIC
INC002120,R1559,ACCIDENT,1,2023-10-20,26.001464,93.015709,Synthetic incident record,SYNTHETIC
INC002121,R1565,ROAD_BLOCKAGE,4,2023-08-25,25.95979,92.749569,Synthetic incident record,SYNTHETIC
INC002122,R1567,ROAD_BLOCKAGE,4,2023-11-29,25.938618,92.753421,Synthetic incident record,SYNTHETIC
INC002123,R1568,LANDSLIDE,2,2023-01-16,25.949458,92.755604,Synthetic incident record,SYNTHETIC
INC002124,R1572,FALLEN_TREE,2,2023-04-25,26.058141,91.359652,Synthetic incident record,SYNTHETIC
INC002125,R1574,ROAD_BLOCKAGE,3,2023-04-13,26.048215,91.347712,Synthetic incident record,SYNTHETIC
INC002126,R1575,FLOOD,1,2023-01-07,25.976532,91.41679,Synthetic incident record,SYNTHETIC
INC002127,R1578,ACCIDENT,5,2023-05-12,25.997911,91.538716,Synthetic incident record,SYNTHETIC
INC002128,R1580,ACCIDENT,1,2023-02-25,25.981575,91.536281,Synthetic incident record,SYNTHETIC
INC002129,R1582,ROAD_BLOCKAGE,3,2023-11-10,26.097094,91.490101,Synthetic incident record,SYNTHETIC
INC002130,R1584,ACCIDENT,4,2023-12-23,26.046634,91.481893,Synthetic incident record,SYNTHETIC
INC002131,R1586,ACCIDENT,4,2023-06-18,24.84239,92.384731,Synthetic incident record,SYNTHETIC
INC002132,R1591,ROAD_BLOCKAGE,1,2023-03-31,25.794924,92.943947,Synthetic incident record,SYNTHETIC
INC002133,R1593,ROAD_BLOCKAGE,1,2023-02-18,25.747041,92.508072,Synthetic incident record,SYNTHETIC
INC002134,R1594,FLOOD,3,2023-12-25,25.937714,92.613907,Synthetic incident record,SYNTHETIC
INC002135,R1594,ACCIDENT,4,2023-10-24,25.950692,92.61437,Synthetic incident record,SYNTHETIC
INC002136,R1596,FLOOD,3,2023-12-21,25.989046,92.625753,Synthetic incident record,SYNTHETIC
INC002137,R1596,LANDSLIDE,1,2023-12-03,25.996634,92.628573,Synthetic incident record,SYNTHETIC
INC002138,R1596,FALLEN_TREE,5,2023-04-10,25.995091,92.629215,Synthetic incident record,SYNTHETIC
INC002139,R1597,FALLEN_TREE,4,2023-05-23,25.980804,92.63118,Synthetic incident record,SYNTHETIC
INC002140,R1598,ROAD_BLOCKAGE,3,2023-08-30,25.937681,92.612605,Synthetic incident record,SYNTHETIC
INC002141,R1600,FLOOD,2,2023-03-03,25.983164,92.549084,Synthetic incident record,SYNTHETIC
INC002142,R1601,LANDSLIDE,5,2023-09-12,25.969102,92.537142,Synthetic incident record,SYNTHETIC
INC002143,R1602,ACCIDENT,2,2023-12-19,25.936313,92.896087,Synthetic incident record,SYNTHETIC
INC002144,R1603,LANDSLIDE,3,2023-03-10,26.205562,92.320156,Synthetic incident record,SYNTHETIC
INC002145,R1604,LANDSLIDE,5,2023-04-24,26.157755,93.004061,Synthetic incident record,SYNTHETIC
INC002146,R1605,ROAD_BLOCKAGE,5,2023-03-03,26.160334,92.998274,Synthetic incident record,SYNTHETIC
INC002147,R1607,FALLEN_TREE,1,2023-06-12,25.749675,91.885639,Synthetic incident record,SYNTHETIC
INC002148,R1607,FLOOD,2,2023-06-21,25.735666,91.891625,Synthetic incident record,SYNTHETIC
INC002149,R1607,ACCIDENT,2,2023-11-29,25.750117,91.888927,Synthetic incident record,SYNTHETIC
INC002150,R1608,FALLEN_TREE,3,2023-11-08,25.73935,91.908462,Synthetic incident record,SYNTHETIC
INC002151,R1610,ROAD_BLOCKAGE,4,2023-01-26,25.786385,92.019544,Synthetic incident record,SYNTHETIC
INC002152,R1610,ACCIDENT,2,2023-07-05,25.791507,92.018637,Synthetic incident record,SYNTHETIC
INC002153,R1613,ACCIDENT,5,2023-05-26,25.791146,92.05948,Synthetic incident record,SYNTHETIC
INC002154,R1615,FLOOD,1,2023-09-12,26.068183,92.167578,Synthetic incident record,SYNTHETIC
INC002155,R1619,ROAD_BLOCKAGE,3,2023-10-08,25.953024,92.135543,Synthetic incident record,SYNTHETIC
INC002156,R1619,ROAD_BLOCKAGE,2,2023-02-09,25.952379,92.137381,Synthetic incident record,SYNTHETIC
INC002157,R1619,LANDSLIDE,3,2023-06-19,25.954748,92.143604,Synthetic incident record,SYNTHETIC
INC002158,R1624,ACCIDENT,5,2023-12-18,25.981552,92.141307,Synthetic incident record,SYNTHETIC
INC002159,R1627,LANDSLIDE,3,2023-05-13,26.004741,92.142646,Synthetic incident record,SYNTHETIC
INC002160,R1631,FALLEN_TREE,1,2023-08-30,25.937607,92.311475,Synthetic incident record,SYNTHETIC
INC002161,R1632,LANDSLIDE,2,2023-06-25,25.936297,92.299409,Synthetic incident record,SYNTHETIC
INC002162,R1633,ACCIDENT,2,2023-08-04,25.944767,92.304053,Synthetic incident record,SYNTHETIC
INC002163,R1636,FLOOD,4,2023-07-05,25.951181,92.296375,Synthetic incident record,SYNTHETIC
INC002164,R1638,FLOOD,1,2023-10-05,25.94483,92.297211,Synthetic incident record,SYNTHETIC
INC002165,R1642,FLOOD,1,2023-07-02,25.826452,92.20709,Synthetic incident record,SYNTHETIC
INC002166,R1644,ROAD_BLOCKAGE,2,2023-02-20,25.943586,92.289496,Synthetic incident record,SYNTHETIC
INC002167,R1645,ROAD_BLOCKAGE,3,2023-11-22,25.926254,92.299376,Synthetic incident record,SYNTHETIC
INC002168,R1646,ROAD_BLOCKAGE,3,2023-04-13,26.095654,91.885495,Synthetic incident record,SYNTHETIC
INC002169,R1648,FLOOD,4,2023-05-09,26.071581,91.377016,Synthetic incident record,SYNTHETIC
INC002170,R1651,ROAD_BLOCKAGE,4,2023-10-20,26.042408,91.394549,Synthetic incident record,SYNTHETIC
INC002171,R1654,ACCIDENT,2,2023-06-23,26.081391,91.461995,Synthetic incident record,SYNTHETIC
INC002172,R1657,ROAD_BLOCKAGE,2,2023-11-26,26.098336,91.42606,Synthetic incident record,SYNTHETIC
INC002173,R1658,FLOOD,5,2023-08-03,26.086068,91.42938,Synthetic incident record,SYNTHETIC
INC002174,R1660,FALLEN_TREE,3,2023-11-30,26.059623,91.485141,Synthetic incident record,SYNTHETIC
INC002175,R1661,FALLEN_TREE,1,2023-12-12,26.071563,91.490597,Synthetic incident record,SYNTHETIC
INC002176,R1665,ACCIDENT,5,2023-07-17,25.966543,92.347855,Synthetic incident record,SYNTHETIC
INC002177,R1669,FLOOD,5,2023-09-01,25.702066,92.017155,Synthetic incident record,SYNTHETIC
INC002178,R1673,LANDSLIDE,5,2023-04-09,25.730906,92.138714,Synthetic incident record,SYNTHETIC
INC002179,R1673,LANDSLIDE,2,2023-04-25,25.738765,92.132066,Synthetic incident record,SYNTHETIC
INC002180,R1673,FALLEN_TREE,5,2023-04-15,25.719845,92.132164,Synthetic incident record,SYNTHETIC
INC002181,R1673,FALLEN_TREE,4,2023-02-27,25.719823,92.142014,Synthetic incident record,SYNTHETIC
INC002182,R1676,FLOOD,1,2023-05-28,25.701655,92.153219,Synthetic incident record,SYNTHETIC
INC002183,R1685,ACCIDENT,5,2023-02-17,26.162001,92.357816,Synthetic incident record,SYNTHETIC
INC002184,R1686,ROAD_BLOCKAGE,4,2023-10-05,26.166099,92.339495,Synthetic incident record,SYNTHETIC
INC002185,R1688,FLOOD,4,2023-03-10,26.192252,92.391058,Synthetic incident record,SYNTHETIC
INC002186,R1689,FALLEN_TREE,2,2023-01-16,26.195298,92.421934,Synthetic incident record,SYNTHETIC
INC002187,R1692,ACCIDENT,1,2023-09-13,25.6632,92.152497,Synthetic incident record,SYNTHETIC
INC002188,R1693,FLOOD,4,2023-06-27,25.674667,92.155295,Synthetic incident record,SYNTHETIC
INC002189,R1697,LANDSLIDE,2,2023-07-27,25.617234,92.249417,Synthetic incident record,SYNTHETIC
INC002190,R1698,ROAD_BLOCKAGE,2,2023-03-31,25.89501,92.345726,Synthetic incident record,SYNTHETIC
INC002191,R1698,LANDSLIDE,1,2023-01-29,25.909297,92.342059,Synthetic incident record,SYNTHETIC
INC002192,R1698,ROAD_BLOCKAGE,1,2023-06-02,25.897954,92.349434,Synthetic incident record,SYNTHETIC
INC002193,R1699,FALLEN_TREE,2,2023-04-03,25.946052,92.336544,Synthetic incident record,SYNTHETIC
INC002194,R1703,LANDSLIDE,3,2023-03-14,24.807485,92.452833,Synthetic incident record,SYNTHETIC
INC002195,R1705,ACCIDENT,2,2023-04-30,24.849281,92.490007,Synthetic incident record,SYNTHETIC
INC002196,R1706,FLOOD,5,2023-12-10,25.912382,92.344514,Synthetic incident record,SYNTHETIC
INC002197,R1708,ACCIDENT,3,2023-03-21,25.954109,92.34801,Synthetic incident record,SYNTHETIC
INC002198,R1711,ROAD_BLOCKAGE,4,2023-08-16,25.903892,92.337748,Synthetic incident record,SYNTHETIC
INC002199,R1713,ROAD_BLOCKAGE,4,2023-05-17,25.909607,92.335697,Synthetic incident record,SYNTHETIC
INC002200,R1714,FALLEN_TREE,2,2023-04-13,25.905104,92.345334,Synthetic incident record,SYNTHETIC
INC002201,R1718,FLOOD,3,2023-05-01,25.96506,92.598362,Synthetic incident record,SYNTHETIC
INC002202,R1721,FLOOD,5,2023-08-12,25.924472,92.909022,Synthetic incident record,SYNTHETIC
INC002203,R1722,FLOOD,5,2023-01-25,25.927332,92.899854,Synthetic incident record,SYNTHETIC
INC002204,R1722,ACCIDENT,2,2023-10-09,25.930772,92.908233,Synthetic incident record,SYNTHETIC
INC002205,R1723,ROAD_BLOCKAGE,1,2023-02-22,25.909372,92.950214,Synthetic incident record,SYNTHETIC
INC002206,R1724,ROAD_BLOCKAGE,5,2023-04-10,26.024978,92.980444,Synthetic incident record,SYNTHETIC
INC002207,R1727,ACCIDENT,4,2023-04-24,25.90268,92.817385,Synthetic incident record,SYNTHETIC
INC002208,R1727,FLOOD,3,2023-08-02,25.917443,92.823863,Synthetic incident record,SYNTHETIC
INC002209,R1727,FALLEN_TREE,3,2023-11-27,25.908206,92.830737,Synthetic incident record,SYNTHETIC
INC002210,R1727,FLOOD,3,2023-08-17,25.91391,92.81302,Synthetic incident record,SYNTHETIC
INC002211,R1731,ACCIDENT,3,2023-11-19,26.105798,92.067425,Synthetic incident record,SYNTHETIC
INC002212,R1731,ROAD_BLOCKAGE,5,2023-10-22,26.108849,92.08108,Synthetic incident record,SYNTHETIC
INC002213,R1731,FALLEN_TREE,5,2023-07-07,26.123255,92.066484,Synthetic incident record,SYNTHETIC
INC002214,R1732,ROAD_BLOCKAGE,5,2023-11-30,26.10839,91.96088,Synthetic incident record,SYNTHETIC
INC002215,R1734,LANDSLIDE,3,2023-05-26,26.111545,91.916898,Synthetic incident record,SYNTHETIC
INC002216,R1736,ACCIDENT,4,2023-01-06,26.118595,91.963016,Synthetic incident record,SYNTHETIC
INC002217,R1738,ACCIDENT,4,2023-09-15,25.902961,92.438245,Synthetic incident record,SYNTHETIC
INC002218,R1740,FLOOD,5,2023-11-22,25.944296,92.761524,Synthetic incident record,SYNTHETIC
INC002219,R1741,LANDSLIDE,2,2023-06-17,25.952875,92.772703,Synthetic incident record,SYNTHETIC
INC002220,R1742,ACCIDENT,5,2023-11-28,25.945167,92.76666,Synthetic incident record,SYNTHETIC
INC002221,R1743,ACCIDENT,3,2023-08-22,25.989691,91.388385,Synthetic incident record,SYNTHETIC
INC002222,R1744,FLOOD,5,2023-07-25,25.995387,91.370614,Synthetic incident record,SYNTHETIC
INC002223,R1746,FLOOD,1,2023-04-10,26.001305,92.803291,Synthetic incident record,SYNTHETIC
INC002224,R1746,ACCIDENT,4,2023-10-20,26.001818,92.801372,Synthetic incident record,SYNTHETIC
INC002225,R1746,FLOOD,4,2023-02-22,25.988276,92.806946,Synthetic incident record,SYNTHETIC
INC002226,R1747,ACCIDENT,2,2023-01-07,25.977613,92.791231,Synthetic incident record,SYNTHETIC
INC002227,R1748,ROAD_BLOCKAGE,5,2023-03-24,25.851357,92.88638,Synthetic incident record,SYNTHETIC
INC002228,R1750,ROAD_BLOCKAGE,2,2023-10-17,25.746857,92.819316,Synthetic incident record,SYNTHETIC
INC002229,R1752,ACCIDENT,1,2023-06-22,26.031193,92.381794,Synthetic incident record,SYNTHETIC
INC002230,R1757,ROAD_BLOCKAGE,3,2023-01-27,24.828949,92.375004,Synthetic incident record,SYNTHETIC
INC002231,R1759,FLOOD,3,2023-08-01,24.852551,92.430972,Synthetic incident record,SYNTHETIC
INC002232,R1760,ROAD_BLOCKAGE,2,2023-01-22,24.841874,92.429604,Synthetic incident record,SYNTHETIC
INC002233,R1761,ACCIDENT,5,2023-11-06,24.846986,92.363418,Synthetic incident record,SYNTHETIC
INC002234,R1761,FALLEN_TREE,1,2023-08-10,24.843132,92.369887,Synthetic incident record,SYNTHETIC
INC002235,R1761,FALLEN_TREE,4,2023-07-21,24.841532,92.369653,Synthetic incident record,SYNTHETIC
INC002236,R1764,ROAD_BLOCKAGE,1,2023-08-24,24.839532,92.373328,Synthetic incident record,SYNTHETIC
INC002237,R1766,LANDSLIDE,1,2023-10-16,24.840323,92.255689,Synthetic incident record,SYNTHETIC
INC002238,R1766,ROAD_BLOCKAGE,2,2023-10-25,24.840479,92.255712,Synthetic incident record,SYNTHETIC
INC002239,R1766,FLOOD,1,2023-07-18,24.845792,92.272709,Synthetic incident record,SYNTHETIC
INC002240,R1768,ROAD_BLOCKAGE,3,2023-07-09,24.816906,92.348162,Synthetic incident record,SYNTHETIC
INC002241,R1771,ACCIDENT,2,2023-02-07,24.845761,92.343591,Synthetic incident record,SYNTHETIC
INC002242,R1772,ACCIDENT,5,2023-03-20,24.861579,92.341591,Synthetic incident record,SYNTHETIC
INC002243,R1775,FALLEN_TREE,5,2023-04-23,24.860726,92.346446,Synthetic incident record,SYNTHETIC
INC002244,R1776,LANDSLIDE,4,2023-09-19,24.864826,92.350596,Synthetic incident record,SYNTHETIC
INC002245,R1779,ROAD_BLOCKAGE,4,2023-01-10,25.966916,92.774542,Synthetic incident record,SYNTHETIC
INC002246,R1780,ACCIDENT,5,2023-06-26,25.837504,92.899101,Synthetic incident record,SYNTHETIC
INC002247,R1781,ACCIDENT,5,2023-07-25,25.851648,92.888122,Synthetic incident record,SYNTHETIC
INC002248,R1782,ROAD_BLOCKAGE,4,2023-09-25,25.843485,92.892333,Synthetic incident record,SYNTHETIC
INC002249,R1783,LANDSLIDE,2,2023-03-21,25.862205,92.886072,Synthetic incident record,SYNTHETIC
INC002250,R1783,ROAD_BLOCKAGE,2,2023-04-03,25.864828,92.881296,Synthetic incident record,SYNTHETIC
INC002251,R1783,LANDSLIDE,2,2023-03-03,25.864209,92.888601,Synthetic incident record,SYNTHETIC
INC002252,R1787,FALLEN_TREE,5,2023-12-11,26.102923,91.509302,Synthetic incident record,SYNTHETIC
INC002253,R1787,LANDSLIDE,4,2023-04-24,26.105252,91.511633,Synthetic incident record,SYNTHETIC
INC002254,R1787,ROAD_BLOCKAGE,1,2023-06-19,26.106889,91.511265,Synthetic incident record,SYNTHETIC
INC002255,R1790,ROAD_BLOCKAGE,5,2023-04-19,26.146284,91.646396,Synthetic incident record,SYNTHETIC
INC002256,R1790,ROAD_BLOCKAGE,3,2023-05-21,26.140333,91.627596,Synthetic incident record,SYNTHETIC
INC002257,R1790,FLOOD,1,2023-03-03,26.144585,91.632635,Synthetic incident record,SYNTHETIC
INC002258,R1790,FLOOD,4,2023-02-21,26.144735,91.640907,Synthetic incident record,SYNTHETIC
INC002259,R1791,ACCIDENT,2,2023-08-26,26.13937,91.633287,Synthetic incident record,SYNTHETIC
INC002260,R1794,LANDSLIDE,3,2023-05-03,24.911011,91.871604,Synthetic incident record,SYNTHETIC
INC002261,R1795,ACCIDENT,2,2023-06-15,25.064776,91.865662,Synthetic incident record,SYNTHETIC
INC002262,R1797,FLOOD,4,2023-11-28,24.986518,91.840538,Synthetic incident record,SYNTHETIC
INC002263,R1798,FLOOD,4,2023-12-11,24.862766,91.933683,Synthetic incident record,SYNTHETIC
INC002264,R1800,LANDSLIDE,5,2023-06-12,24.947465,91.868321,Synthetic incident record,SYNTHETIC
INC002265,R1801,FLOOD,4,2023-05-24,24.904331,91.857755,Synthetic incident record,SYNTHETIC
INC002266,R1802,ROAD_BLOCKAGE,4,2023-07-03,24.904695,91.872047,Synthetic incident record,SYNTHETIC
INC002267,R1805,ROAD_BLOCKAGE,4,2023-07-06,24.913458,91.869456,Synthetic incident record,SYNTHETIC
INC002268,R1807,LANDSLIDE,3,2023-02-08,24.902871,91.755428,Synthetic incident record,SYNTHETIC
INC002269,R1808,LANDSLIDE,5,2023-02-03,24.881409,91.851893,Synthetic incident record,SYNTHETIC
INC002270,R1811,ACCIDENT,1,2023-07-31,26.018722,92.777088,Synthetic incident record,SYNTHETIC
INC002271,R1813,ACCIDENT,3,2023-12-21,26.088358,92.796701,Synthetic incident record,SYNTHETIC
INC002272,R1814,FLOOD,3,2023-11-14,26.073953,92.719106,Synthetic incident record,SYNTHETIC
INC002273,R1814,FLOOD,4,2023-12-24,26.071202,92.714721,Synthetic incident record,SYNTHETIC
INC002274,R1817,ROAD_BLOCKAGE,3,2023-12-26,26.001738,92.591382,Synthetic incident record,SYNTHETIC
INC002275,R1818,FLOOD,4,2023-06-30,26.192366,91.661095,Synthetic incident record,SYNTHETIC
INC002276,R1819,ACCIDENT,5,2023-06-20,24.894096,92.86014,Synthetic incident record,SYNTHETIC
INC002277,R1820,ACCIDENT,5,2023-11-23,24.90412,91.85965,Synthetic incident record,SYNTHETIC
INC002278,R1822,FLOOD,1,2023-01-24,24.904138,91.857873,Synthetic incident record,SYNTHETIC
INC002279,R1823,ROAD_BLOCKAGE,1,2023-04-04,24.909233,91.880205,Synthetic incident record,SYNTHETIC
INC002280,R1823,ACCIDENT,1,2023-01-12,24.910247,91.866272,Synthetic incident record,SYNTHETIC
INC002281,R1823,LANDSLIDE,4,2023-05-21,24.914169,91.8742,Synthetic incident record,SYNTHETIC
INC002282,R1823,FALLEN_TREE,2,2023-10-17,24.913061,91.870706,Synthetic incident record,SYNTHETIC
INC002283,R1828,FALLEN_TREE,5,2023-12-25,24.869744,92.560161,Synthetic incident record,SYNTHETIC
INC002284,R1832,FALLEN_TREE,5,2023-05-04,24.878082,92.696011,Synthetic incident record,SYNTHETIC
INC002285,R1832,FALLEN_TREE,2,2023-10-24,24.87941,92.707227,Synthetic incident record,SYNTHETIC
INC002286,R1832,ROAD_BLOCKAGE,5,2023-03-12,24.879883,92.706063,Synthetic incident record,SYNTHETIC
INC002287,R1834,LANDSLIDE,5,2023-10-02,24.865244,92.67697,Synthetic incident record,SYNTHETIC
INC002288,R1836,LANDSLIDE,3,2023-10-13,26.111398,91.750288,Synthetic incident record,SYNTHETIC
INC002289,R1837,LANDSLIDE,5,2023-01-18,26.118368,91.753883,Synthetic incident record,SYNTHETIC
INC002290,R1839,ROAD_BLOCKAGE,1,2023-02-21,26.173721,91.819854,Synthetic incident record,SYNTHETIC
INC002291,R1840,FLOOD,5,2023-11-05,26.184073,91.839073,Synthetic incident record,SYNTHETIC
INC002292,R1840,FALLEN_TREE,5,2023-09-17,26.179323,91.840856,Synthetic incident record,SYNTHETIC
INC002293,R1840,LANDSLIDE,4,2023-03-30,26.18715,91.837911,Synthetic incident record,SYNTHETIC
INC002294,R1840,ACCIDENT,5,2023-12-03,26.173757,91.841051,Synthetic incident record,SYNTHETIC
INC002295,R1841,LANDSLIDE,2,2023-01-08,25.463113,92.983894,Synthetic incident record,SYNTHETIC
INC002296,R1843,LANDSLIDE,3,2023-05-04,25.47621,92.965308,Synthetic incident record,SYNTHETIC
INC002297,R1847,ROAD_BLOCKAGE,3,2023-03-18,25.763076,92.914103,Synthetic incident record,SYNTHETIC
INC002298,R1850,ACCIDENT,5,2023-02-17,25.733245,92.429089,Synthetic incident record,SYNTHETIC
INC002299,R1853,ROAD_BLOCKAGE,1,2023-06-26,26.068145,92.627181,Synthetic incident record,SYNTHETIC
INC002300,R1855,ACCIDENT,4,2023-07-21,26.091488,92.64224,Synthetic incident record,SYNTHETIC
INC002301,R1859,LANDSLIDE,2,2023-07-05,26.161549,92.652202,Synthetic incident record,SYNTHETIC
INC002302,R1859,FLOOD,3,2023-01-22,26.162696,92.662863,Synthetic incident record,SYNTHETIC
INC002303,R1860,ACCIDENT,2,2023-09-03,26.165264,92.661079,Synthetic incident record,SYNTHETIC
INC002304,R1860,FLOOD,3,2023-07-23,26.151097,92.652649,Synthetic incident record,SYNTHETIC
INC002305,R1860,FLOOD,1,2023-10-19,26.152443,92.659051,Synthetic incident record,SYNTHETIC
INC002306,R1860,FALLEN_TREE,1,2023-11-10,26.151061,92.654864,Synthetic incident record,SYNTHETIC
INC002307,R1861,ROAD_BLOCKAGE,3,2023-07-07,26.140141,92.644541,Synthetic incident record,SYNTHETIC
INC002308,R1862,ACCIDENT,2,2023-11-15,26.135765,92.644673,Synthetic incident record,SYNTHETIC
INC002309,R1863,FLOOD,2,2023-10-30,26.161443,92.652093,Synthetic incident record,SYNTHETIC
INC002310,R1864,FLOOD,3,2023-04-15,26.145699,92.648334,Synthetic incident record,SYNTHETIC
INC002311,R1865,ROAD_BLOCKAGE,1,2023-11-23,26.156086,92.648435,Synthetic incident record,SYNTHETIC
INC002312,R1866,FALLEN_TREE,5,2023-09-14,26.092606,92.991959,Synthetic incident record,SYNTHETIC
INC002313,R1867,FLOOD,1,2023-11-20,25.999982,92.858893,Synthetic incident record,SYNTHETIC
INC002314,R1868,ROAD_BLOCKAGE,4,2023-12-19,26.006269,92.86147,Synthetic incident record,SYNTHETIC
INC002315,R1872,LANDSLIDE,1,2023-06-01,25.26024,92.010832,Synthetic incident record,SYNTHETIC
INC002316,R1872,FALLEN_TREE,1,2023-03-16,25.260038,92.016151,Synthetic incident record,SYNTHETIC
INC002317,R1872,FALLEN_TREE,3,2023-07-05,25.250768,92.015911,Synthetic incident record,SYNTHETIC
INC002318,R1872,FLOOD,2,2023-05-18,25.258553,92.014319,Synthetic incident record,SYNTHETIC
INC002319,R1873,FLOOD,2,2023-01-26,25.210813,91.889307,Synthetic incident record,SYNTHETIC
INC002320,R1874,ACCIDENT,3,2023-12-03,25.209492,91.896414,Synthetic incident record,SYNTHETIC
INC002321,R1876,ACCIDENT,5,2023-10-17,25.207713,91.923897,Synthetic incident record,SYNTHETIC
INC002322,R1878,FLOOD,4,2023-06-17,25.3071,91.898,Synthetic incident record,SYNTHETIC
INC002323,R1878,ROAD_BLOCKAGE,5,2023-12-28,25.317456,91.896338,Synthetic incident record,SYNTHETIC
INC002324,R1878,ROAD_BLOCKAGE,5,2023-09-29,25.315761,91.889546,Synthetic incident record,SYNTHETIC
INC002325,R1881,FALLEN_TREE,1,2023-08-06,26.178681,91.72067,Synthetic incident record,SYNTHETIC
INC002326,R1882,ROAD_BLOCKAGE,1,2023-10-13,26.17254,91.720696,Synthetic incident record,SYNTHETIC
INC002327,R1883,FALLEN_TREE,2,2023-05-12,26.176658,91.734945,Synthetic incident record,SYNTHETIC
INC002328,R1886,LANDSLIDE,4,2023-07-13,25.824039,93.004102,Synthetic incident record,SYNTHETIC
INC002329,R1887,LANDSLIDE,4,2023-05-05,25.925942,92.958031,Synthetic incident record,SYNTHETIC
INC002330,R1887,LANDSLIDE,2,2023-04-21,25.931051,92.948545,Synthetic incident record,SYNTHETIC
INC002331,R1888,ACCIDENT,1,2023-11-16,25.896728,92.912196,Synthetic incident record,SYNTHETIC
INC002332,R1889,LANDSLIDE,4,2023-04-15,25.894193,92.92877,Synthetic incident record,SYNTHETIC
INC002333,R1889,FALLEN_TREE,2,2023-11-01,25.902605,92.922504,Synthetic incident record,SYNTHETIC
INC002334,R1891,FLOOD,4,2023-01-14,25.615782,92.053677,Synthetic incident record,SYNTHETIC
INC002335,R1891,ACCIDENT,3,2023-02-17,25.615607,92.057596,Synthetic incident record,SYNTHETIC
INC002336,R1891,FLOOD,2,2023-04-14,25.608518,92.041763,Synthetic incident record,SYNTHETIC
INC002337,R1891,FALLEN_TREE,1,2023-04-16,25.608146,92.049985,Synthetic incident record,SYNTHETIC
INC002338,R1893,LANDSLIDE,2,2023-07-07,25.619804,92.078212,Synthetic incident record,SYNTHETIC
INC002339,R1894,FALLEN_TREE,2,2023-04-20,25.628915,92.091224,Synthetic incident record,SYNTHETIC
INC002340,R1895,LANDSLIDE,4,2023-03-06,25.613293,92.093461,Synthetic incident record,SYNTHETIC
INC002341,R1895,LANDSLIDE,1,2023-08-11,25.631126,92.083453,Synthetic incident record,SYNTHETIC
INC002342,R1895,FLOOD,3,2023-12-20,25.612304,92.081905,Synthetic incident record,SYNTHETIC
INC002343,R1898,FALLEN_TREE,5,2023-10-14,24.818828,92.657707,Synthetic incident record,SYNTHETIC
INC002344,R1900,ROAD_BLOCKAGE,4,2023-07-16,24.830672,92.713208,Synthetic incident record,SYNTHETIC
INC002345,R1901,FLOOD,1,2023-05-10,24.845777,92.716727,Synthetic incident record,SYNTHETIC
INC002346,R1904,FLOOD,2,2023-08-03,24.855749,92.729146,Synthetic incident record,SYNTHETIC
INC002347,R1905,ACCIDENT,1,2023-12-16,24.834751,92.711172,Synthetic incident record,SYNTHETIC
INC002348,R1906,FALLEN_TREE,4,2023-03-13,25.649098,92.538248,Synthetic incident record,SYNTHETIC
INC002349,R1906,ROAD_BLOCKAGE,3,2023-01-08,25.64917,92.543734,Synthetic incident record,SYNTHETIC
INC002350,R1906,FALLEN_TREE,2,2023-05-19,25.633655,92.555828,Synthetic incident record,SYNTHETIC
INC002351,R1906,LANDSLIDE,3,2023-11-09,25.644851,92.551373,Synthetic incident record,SYNTHETIC
INC002352,R1908,ACCIDENT,2,2023-09-04,25.743671,92.816846,Synthetic incident record,SYNTHETIC
INC002353,R1910,LANDSLIDE,5,2023-12-25,25.981668,92.59779,Synthetic incident record,SYNTHETIC
INC002354,R1912,FLOOD,1,2023-06-02,25.113241,92.974729,Synthetic incident record,SYNTHETIC
INC002355,R1913,FALLEN_TREE,1,2023-06-08,25.102921,92.952033,Synthetic incident record,SYNTHETIC
INC002356,R1913,FALLEN_TREE,3,2023-11-18,25.107494,92.944432,Synthetic incident record,SYNTHETIC
INC002357,R1918,FLOOD,2,2023-07-01,25.111636,92.852337,Synthetic incident record,SYNTHETIC
INC002358,R1919,ACCIDENT,3,2023-04-15,25.101634,92.83871,Synthetic incident record,SYNTHETIC
INC002359,R1920,ACCIDENT,5,2023-05-18,25.101638,92.856059,Synthetic incident record,SYNTHETIC
INC002360,R1922,FLOOD,4,2023-11-27,25.113841,92.864418,Synthetic incident record,SYNTHETIC
INC002361,R1922,FLOOD,2,2023-08-27,25.119747,92.85607,Synthetic incident record,SYNTHETIC
INC002362,R1923,FALLEN_TREE,3,2023-05-08,25.116606,92.856585,Synthetic incident record,SYNTHETIC
INC002363,R1924,ACCIDENT,1,2023-08-08,25.119318,92.864257,Synthetic incident record,SYNTHETIC
INC002364,R1925,FALLEN_TREE,4,2023-05-22,25.218538,92.817569,Synthetic incident record,SYNTHETIC
INC002365,R1927,ROAD_BLOCKAGE,4,2023-05-19,24.997097,92.57108,Synthetic incident record,SYNTHETIC
INC002366,R1928,ACCIDENT,3,2023-01-04,24.9969,92.570927,Synthetic incident record,SYNTHETIC
INC002367,R1930,FALLEN_TREE,1,2023-12-06,24.975362,92.576462,Synthetic incident record,SYNTHETIC
INC002368,R1931,FLOOD,2,2023-03-17,25.044496,92.410393,Synthetic incident record,SYNTHETIC
INC002369,R1934,FALLEN_TREE,5,2023-11-10,25.026636,92.469966,Synthetic incident record,SYNTHETIC
INC002370,R1935,FALLEN_TREE,2,2023-01-28,25.039827,92.46033,Synthetic incident record,SYNTHETIC
INC002371,R1938,FALLEN_TREE,3,2023-03-25,24.934611,92.706939,Synthetic incident record,SYNTHETIC
INC002372,R1940,ACCIDENT,3,2023-05-24,24.943135,92.795179,Synthetic incident record,SYNTHETIC
INC002373,R1942,FALLEN_TREE,1,2023-03-25,24.925361,92.786283,Synthetic incident record,SYNTHETIC
INC002374,R1943,ROAD_BLOCKAGE,4,2023-02-18,24.867713,92.609203,Synthetic incident record,SYNTHETIC
INC002375,R1943,LANDSLIDE,5,2023-01-15,24.8745,92.609645,Synthetic incident record,SYNTHETIC
INC002376,R1944,LANDSLIDE,4,2023-07-18,24.879436,92.622254,Synthetic incident record,SYNTHETIC
INC002377,R1948,ACCIDENT,1,2023-03-29,24.936689,92.666048,Synthetic incident record,SYNTHETIC
INC002378,R1949,FALLEN_TREE,5,2023-10-08,24.949508,92.719631,Synthetic incident record,SYNTHETIC
INC002379,R1951,FALLEN_TREE,1,2023-09-29,24.970654,92.699324,Synthetic incident record,SYNTHETIC
INC002380,R1952,FLOOD,1,2023-05-11,24.961487,92.679686,Synthetic incident record,SYNTHETIC
INC002381,R1953,LANDSLIDE,3,2023-03-08,24.97726,92.68674,Synthetic incident record,SYNTHETIC
INC002382,R1958,ROAD_BLOCKAGE,5,2023-03-12,25.963869,92.582516,Synthetic incident record,SYNTHETIC
INC002383,R1958,LANDSLIDE,2,2023-03-17,25.963586,92.579747,Synthetic incident record,SYNTHETIC
INC002384,R1958,ROAD_BLOCKAGE,5,2023-02-10,25.955661,92.578603,Synthetic incident record,SYNTHETIC
INC002385,R1958,ACCIDENT,1,2023-01-09,25.968119,92.576239,Synthetic incident record,SYNTHETIC
INC002386,R1959,LANDSLIDE,5,2023-04-10,25.97583,92.604631,Synthetic incident record,SYNTHETIC
INC002387,R1960,ACCIDENT,1,2023-11-07,25.936707,92.498905,Synthetic incident record,SYNTHETIC
INC002388,R1961,ACCIDENT,1,2023-08-31,25.916825,92.494275,Synthetic incident record,SYNTHETIC
INC002389,R1963,FALLEN_TREE,4,2023-05-20,25.911774,92.358226,Synthetic incident record,SYNTHETIC
INC002390,R1963,LANDSLIDE,2,2023-01-25,25.909114,92.346186,Synthetic incident record,SYNTHETIC
INC002391,R1963,LANDSLIDE,1,2023-07-09,25.895001,92.352054,Synthetic incident record,SYNTHETIC
INC002392,R1967,FLOOD,1,2023-04-15,25.955471,92.510317,Synthetic incident record,SYNTHETIC
INC002393,R1967,LANDSLIDE,2,2023-01-14,25.947992,92.508721,Synthetic incident record,SYNTHETIC
INC002394,R1967,ROAD_BLOCKAGE,2,2023-06-21,25.945605,92.513317,Synthetic incident record,SYNTHETIC
INC002395,R1967,ACCIDENT,4,2023-10-10,25.955363,92.511076,Synthetic incident record,SYNTHETIC
INC002396,R1968,LANDSLIDE,1,2023-12-28,25.953012,92.501952,Synthetic incident record,SYNTHETIC
INC002397,R1969,ACCIDENT,5,2023-12-03,25.92146,92.505669,Synthetic incident record,SYNTHETIC
INC002398,R1970,ROAD_BLOCKAGE,3,2023-07-13,26.043713,92.562817,Synthetic incident record,SYNTHETIC
INC002399,R1971,LANDSLIDE,4,2023-01-15,26.03151,92.582342,Synthetic incident record,SYNTHETIC
INC002400,R1972,FALLEN_TREE,5,2023-03-06,26.162665,92.490108,Synthetic incident record,SYNTHETIC
INC002401,R1972,ACCIDENT,5,2023-07-29,26.173208,92.488482,Synthetic incident record,SYNTHETIC
INC002402,R1972,FLOOD,1,2023-11-26,26.163947,92.489229,Synthetic incident record,SYNTHETIC
INC002403,R1973,FALLEN_TREE,3,2023-01-10,26.178071,92.491308,Synthetic incident record,SYNTHETIC
INC002404,R1974,ACCIDENT,4,2023-10-26,26.136618,92.512537,Synthetic incident record,SYNTHETIC
INC002405,R1978,ACCIDENT,3,2023-04-02,26.044248,92.285677,Synthetic incident record,SYNTHETIC
INC002406,R1979,LANDSLIDE,1,2023-08-06,26.052257,92.27174,Synthetic incident record,SYNTHETIC
INC002407,R1980,FLOOD,3,2023-12-29,26.104098,92.313853,Synthetic incident record,SYNTHETIC
INC002408,R1988,ACCIDENT,2,2023-05-11,25.360423,92.558196,Synthetic incident record,SYNTHETIC
INC002409,R1989,FALLEN_TREE,5,2023-06-12,25.366192,92.545233,Synthetic incident record,SYNTHETIC
INC002410,R1991,FLOOD,3,2023-03-24,25.314779,92.326954,Synthetic incident record,SYNTHETIC
INC002411,R1993,ACCIDENT,2,2023-09-28,25.311638,92.141634,Synthetic incident record,SYNTHETIC
INC002412,R1994,ROAD_BLOCKAGE,1,2023-01-26,25.354172,92.344577,Synthetic incident record,SYNTHETIC
INC002413,R1995,ACCIDENT,2,2023-05-03,25.349116,92.336857,Synthetic incident record,SYNTHETIC
INC002414,R1996,ROAD_BLOCKAGE,5,2023-09-10,25.336714,92.333035,Synthetic incident record,SYNTHETIC
INC002415,R1998,FLOOD,4,2023-07-30,25.309019,92.279116,Synthetic incident record,SYNTHETIC
INC002416,R1999,ROAD_BLOCKAGE,5,2023-09-30,25.327026,92.277776,Synthetic incident record,SYNTHETIC
INC002417,R2000,FLOOD,1,2023-11-26,25.369238,92.325894,Synthetic incident record,SYNTHETIC
INC002418,R2003,LANDSLIDE,5,2023-07-19,25.262549,92.497812,Synthetic incident record,SYNTHETIC
INC002419,R2004,FALLEN_TREE,3,2023-12-25,25.333897,92.492043,Synthetic incident record,SYNTHETIC
INC002420,R2006,FLOOD,1,2023-12-05,25.527469,92.706687,Synthetic incident record,SYNTHETIC
INC002421,R2009,ACCIDENT,2,2023-09-18,25.37785,92.44928,Synthetic incident record,SYNTHETIC
INC002422,R2011,LANDSLIDE,4,2023-01-23,25.411256,92.460766,Synthetic incident record,SYNTHETIC
INC002423,R2017,FALLEN_TREE,3,2023-11-23,25.172057,92.262409,Synthetic incident record,SYNTHETIC
INC002424,R2018,FALLEN_TREE,1,2023-12-31,25.16066,92.208135,Synthetic incident record,SYNTHETIC
INC002425,R2019,ROAD_BLOCKAGE,1,2023-09-17,25.165299,92.250213,Synthetic incident record,SYNTHETIC
INC002426,R2022,ACCIDENT,1,2023-01-10,25.281163,92.312006,Synthetic incident record,SYNTHETIC
INC002427,R2024,ACCIDENT,2,2023-09-27,25.224205,92.351788,Synthetic incident record,SYNTHETIC
INC002428,R2025,FLOOD,1,2023-06-04,25.223283,92.34949,Synthetic incident record,SYNTHETIC
INC002429,R2026,ROAD_BLOCKAGE,2,2023-06-06,25.171896,92.342353,Synthetic incident record,SYNTHETIC
INC002430,R2026,FLOOD,5,2023-07-06,25.174139,92.326699,Synthetic incident record,SYNTHETIC
INC002431,R2026,LANDSLIDE,5,2023-05-21,25.178805,92.332205,Synthetic incident record,SYNTHETIC
INC002432,R2027,ROAD_BLOCKAGE,2,2023-02-25,25.216114,92.052082,Synthetic incident record,SYNTHETIC
INC002433,R2028,ACCIDENT,2,2023-05-08,25.250842,92.011434,Synthetic incident record,SYNTHETIC
INC002434,R2029,FALLEN_TREE,4,2023-02-17,25.244597,92.016541,Synthetic incident record,SYNTHETIC
INC002435,R2030,LANDSLIDE,2,2023-09-14,25.264295,92.021184,Synthetic incident record,SYNTHETIC
INC002436,R2030,LANDSLIDE,1,2023-02-28,25.262063,92.018553,Synthetic incident record,SYNTHETIC
INC002437,R2030,LANDSLIDE,4,2023-02-17,25.250114,92.026971,Synthetic incident record,SYNTHETIC
INC002438,R2030,LANDSLIDE,1,2023-03-10,25.263681,92.018951,Synthetic incident record,SYNTHETIC
INC002439,R2032,ROAD_BLOCKAGE,5,2023-08-22,25.260734,92.022904,Synthetic incident record,SYNTHETIC
INC002440,R2033,ACCIDENT,5,2023-01-02,25.260473,92.020775,Synthetic incident record,SYNTHETIC
INC002441,R2036,LANDSLIDE,2,2023-05-11,25.294063,92.086415,Synthetic incident record,SYNTHETIC
INC002442,R2038,ACCIDENT,5,2023-06-19,25.28591,92.101265,Synthetic incident record,SYNTHETIC
INC002443,R2039,LANDSLIDE,4,2023-03-21,25.224599,92.147224,Synthetic incident record,SYNTHETIC
INC002444,R2041,ROAD_BLOCKAGE,3,2023-03-30,25.185705,92.148571,Synthetic incident record,SYNTHETIC
INC002445,R2042,ACCIDENT,1,2023-03-15,25.522569,92.289658,Synthetic incident record,SYNTHETIC
INC002446,R2043,FALLEN_TREE,2,2023-08-25,25.511203,92.241322,Synthetic incident record,SYNTHETIC
INC002447,R2043,LANDSLIDE,3,2023-03-21,25.511074,92.245078,Synthetic incident record,SYNTHETIC
INC002448,R2044,LANDSLIDE,5,2023-10-19,25.523152,92.25172,Synthetic incident record,SYNTHETIC
INC002449,R2046,ROAD_BLOCKAGE,3,2023-08-15,25.50604,92.241691,Synthetic incident record,SYNTHETIC
INC002450,R2049,FALLEN_TREE,2,2023-04-23,25.458408,92.234023,Synthetic incident record,SYNTHETIC
INC002451,R2051,FLOOD,4,2023-05-27,25.519407,92.229994,Synthetic incident record,SYNTHETIC
INC002452,R2053,FALLEN_TREE,5,2023-12-22,25.496503,92.203755,Synthetic incident record,SYNTHETIC
INC002453,R2058,FLOOD,5,2023-01-02,25.512391,92.18915,Synthetic incident record,SYNTHETIC
INC002454,R2058,ACCIDENT,5,2023-11-09,25.507268,92.186461,Synthetic incident record,SYNTHETIC
INC002455,R2063,FLOOD,2,2023-04-14,25.570437,92.21598,Synthetic incident record,SYNTHETIC
INC002456,R2064,ROAD_BLOCKAGE,1,2023-07-22,25.56094,92.217061,Synthetic incident record,SYNTHETIC
INC002457,R2065,ACCIDENT,5,2023-10-14,25.56048,92.214715,Synthetic incident record,SYNTHETIC
INC002458,R2067,ROAD_BLOCKAGE,1,2023-10-02,25.512441,92.424842,Synthetic incident record,SYNTHETIC
INC002459,R2069,FALLEN_TREE,3,2023-12-03,25.592279,92.734338,Synthetic incident record,SYNTHETIC
INC002460,R2070,LANDSLIDE,1,2023-02-28,25.589377,92.731121,Synthetic incident record,SYNTHETIC
INC002461,R2072,ROAD_BLOCKAGE,5,2023-11-07,25.637544,92.546528,Synthetic incident record,SYNTHETIC
INC002462,R2073,LANDSLIDE,4,2023-12-04,25.528364,92.441921,Synthetic incident record,SYNTHETIC
INC002463,R2074,ACCIDENT,2,2023-09-23,25.54028,92.462706,Synthetic incident record,SYNTHETIC
INC002464,R2075,LANDSLIDE,4,2023-04-26,25.51068,92.456725,Synthetic incident record,SYNTHETIC
INC002465,R2077,LANDSLIDE,3,2023-06-24,25.531255,92.446058,Synthetic incident record,SYNTHETIC
INC002466,R2078,ROAD_BLOCKAGE,3,2023-07-05,25.5184,92.426993,Synthetic incident record,SYNTHETIC
INC002467,R2084,LANDSLIDE,2,2023-07-08,25.570221,92.334002,Synthetic incident record,SYNTHETIC
INC002468,R2087,ACCIDENT,5,2023-06-25,25.511875,92.559276,Synthetic incident record,SYNTHETIC
INC002469,R2092,ROAD_BLOCKAGE,1,2023-02-10,25.500081,91.906808,Synthetic incident record,SYNTHETIC
INC002470,R2095,LANDSLIDE,1,2023-09-01,25.471926,91.911604,Synthetic incident record,SYNTHETIC
INC002471,R2095,LANDSLIDE,4,2023-05-22,25.48545,91.91761,Synthetic incident record,SYNTHETIC
INC002472,R2095,LANDSLIDE,5,2023-02-24,25.484082,91.920425,Synthetic incident record,SYNTHETIC
INC002473,R2097,LANDSLIDE,5,2023-06-08,25.468699,91.980122,Synthetic incident record,SYNTHETIC
INC002474,R2098,FALLEN_TREE,3,2023-05-18,25.472503,92.083473,Synthetic incident record,SYNTHETIC
INC002475,R2099,FALLEN_TREE,5,2023-02-21,25.429549,92.056239,Synthetic incident record,SYNTHETIC
INC002476,R2099,ROAD_BLOCKAGE,5,2023-08-13,25.444338,92.063712,Synthetic incident record,SYNTHETIC
INC002477,R2100,FALLEN_TREE,4,2023-11-23,25.429012,92.055473,Synthetic incident record,SYNTHETIC
INC002478,R2100,FALLEN_TREE,1,2023-04-06,25.428392,92.048978,Synthetic incident record,SYNTHETIC
INC002479,R2100,FLOOD,5,2023-05-05,25.4402,92.058384,Synthetic incident record,SYNTHETIC
INC002480,R2104,FLOOD,1,2023-05-02,25.441066,92.036632,Synthetic incident record,SYNTHETIC
INC002481,R2106,FLOOD,2,2023-10-03,25.373057,92.077113,Synthetic incident record,SYNTHETIC
INC002482,R2107,FLOOD,1,2023-10-14,25.363145,92.068128,Synthetic incident record,SYNTHETIC
INC002483,R2109,FLOOD,5,2023-04-25,25.357483,92.057635,Synthetic incident record,SYNTHETIC
INC002484,R2111,FALLEN_TREE,3,2023-08-30,25.497688,91.970267,Synthetic incident record,SYNTHETIC
INC002485,R2114,FALLEN_TREE,4,2023-07-22,25.510219,92.040987,Synthetic incident record,SYNTHETIC
INC002486,R2115,ROAD_BLOCKAGE,4,2023-01-09,25.504791,91.894301,Synthetic incident record,SYNTHETIC
INC002487,R2116,ACCIDENT,1,2023-08-21,25.490061,91.871203,Synthetic incident record,SYNTHETIC
INC002488,R2117,ROAD_BLOCKAGE,2,2023-07-15,25.503318,91.884348,Synthetic incident record,SYNTHETIC
INC002489,R2118,FALLEN_TREE,5,2023-08-16,25.480327,91.817352,Synthetic incident record,SYNTHETIC
INC002490,R2123,ROAD_BLOCKAGE,5,2023-12-08,25.851775,92.758619,Synthetic incident record,SYNTHETIC
INC002491,R2124,ACCIDENT,3,2023-03-12,25.843478,92.722625,Synthetic incident record,SYNTHETIC
INC002492,R2125,FLOOD,3,2023-11-24,25.860079,92.823106,Synthetic incident record,SYNTHETIC
INC002493,R2126,ACCIDENT,3,2023-07-03,25.921639,92.769037,Synthetic incident record,SYNTHETIC
INC002494,R2127,LANDSLIDE,3,2023-05-05,25.928386,92.766486,Synthetic incident record,SYNTHETIC
INC002495,R2129,ACCIDENT,1,2023-09-22,25.932279,92.762207,Synthetic incident record,SYNTHETIC
INC002496,R2131,LANDSLIDE,4,2023-07-27,25.646771,92.193438,Synthetic incident record,SYNTHETIC
INC002497,R2136,FALLEN_TREE,3,2023-10-01,24.868068,92.736833,Synthetic incident record,SYNTHETIC
INC002498,R2137,ROAD_BLOCKAGE,2,2023-01-25,24.842399,92.702691,Synthetic incident record,SYNTHETIC
INC002499,R2138,LANDSLIDE,1,2023-04-05,24.846274,92.702612,Synthetic incident record,SYNTHETIC
INC002500,R2140,ROAD_BLOCKAGE,4,2023-08-23,24.855116,92.729742,Synthetic incident record,SYNTHETIC
INC002501,R2142,LANDSLIDE,5,2023-03-17,24.817236,92.883722,Synthetic incident record,SYNTHETIC
INC002502,R2143,ROAD_BLOCKAGE,1,2023-07-03,24.81371,92.867851,Synthetic incident record,SYNTHETIC
INC002503,R2145,FLOOD,2,2023-02-19,24.833963,92.933975,Synthetic incident record,SYNTHETIC
INC002504,R2146,FLOOD,3,2023-02-08,24.873447,92.90352,Synthetic incident record,SYNTHETIC
INC002505,R2146,FLOOD,5,2023-07-16,24.875256,92.903577,Synthetic incident record,SYNTHETIC
INC002506,R2146,LANDSLIDE,2,2023-02-23,24.879789,92.922187,Synthetic incident record,SYNTHETIC
INC002507,R2146,LANDSLIDE,4,2023-07-02,24.867163,92.905995,Synthetic incident record,SYNTHETIC
INC002508,R2149,ROAD_BLOCKAGE,3,2023-09-15,24.872186,92.892099,Synthetic incident record,SYNTHETIC
INC002509,R2151,FALLEN_TREE,5,2023-02-28,24.886768,92.875178,Synthetic incident record,SYNTHETIC
INC002510,R2155,FALLEN_TREE,5,2023-09-11,25.793228,92.531063,Synthetic incident record,SYNTHETIC
INC002511,R2155,ROAD_BLOCKAGE,5,2023-03-22,25.798793,92.532058,Synthetic incident record,SYNTHETIC
INC002512,R2156,FALLEN_TREE,5,2023-09-23,25.851261,92.567673,Synthetic incident record,SYNTHETIC
INC002513,R2158,FLOOD,2,2023-07-19,25.818987,92.544063,Synthetic incident record,SYNTHETIC
INC002514,R2166,ROAD_BLOCKAGE,5,2023-05-11,25.91156,92.949839,Synthetic incident record,SYNTHETIC
INC002515,R2167,ACCIDENT,1,2023-12-25,25.982191,92.874499,Synthetic incident record,SYNTHETIC
INC002516,R2168,ROAD_BLOCKAGE,4,2023-11-26,26.072479,92.994287,Synthetic incident record,SYNTHETIC
INC002517,R2168,ROAD_BLOCKAGE,5,2023-10-26,26.076432,93.005019,Synthetic incident record,SYNTHETIC
INC002518,R2168,FALLEN_TREE,1,2023-03-31,26.075664,92.996749,Synthetic incident record,SYNTHETIC
INC002519,R2168,ACCIDENT,4,2023-01-05,26.072728,93.004351,Synthetic incident record,SYNTHETIC
INC002520,R2169,LANDSLIDE,5,2023-06-24,25.936932,92.993058,Synthetic incident record,SYNTHETIC
INC002521,R2169,FLOOD,5,2023-03-18,25.944137,92.988209,Synthetic incident record,SYNTHETIC
INC002522,R2172,ROAD_BLOCKAGE,2,2023-08-06,25.971901,92.932228,Synthetic incident record,SYNTHETIC
INC002523,R2173,FALLEN_TREE,2,2023-01-19,25.946976,92.946933,Synthetic incident record,SYNTHETIC
INC002524,R2173,LANDSLIDE,3,2023-02-09,25.944523,92.953171,Synthetic incident record,SYNTHETIC
INC002525,R2173,ROAD_BLOCKAGE,1,2023-04-17,25.959557,92.948333,Synthetic incident record,SYNTHETIC
INC002526,R2174,FLOOD,3,2023-12-02,25.960902,92.955975,Synthetic incident record,SYNTHETIC
INC002527,R2176,FALLEN_TREE,2,2023-03-13,25.921138,92.956811,Synthetic incident record,SYNTHETIC
INC002528,R2178,LANDSLIDE,4,2023-06-28,25.879686,92.966033,Synthetic incident record,SYNTHETIC
INC002529,R2179,LANDSLIDE,4,2023-07-08,25.876597,92.967201,Synthetic incident record,SYNTHETIC
INC002530,R2181,FLOOD,5,2023-08-21,25.902347,92.983546,Synthetic incident record,SYNTHETIC
INC002531,R2182,ACCIDENT,5,2023-12-11,25.882594,92.993425,Synthetic incident record,SYNTHETIC
INC002532,R2183,FLOOD,3,2023-07-07,25.879923,92.997455,Synthetic incident record,SYNTHETIC
INC002533,R2183,FALLEN_TREE,1,2023-09-26,25.87697,92.987882,Synthetic incident record,SYNTHETIC
INC002534,R2185,ROAD_BLOCKAGE,5,2023-01-05,26.195291,92.728996,Synthetic incident record,SYNTHETIC
INC002535,R2187,ACCIDENT,1,2023-06-22,25.980645,92.819632,Synthetic incident record,SYNTHETIC
INC002536,R2187,ROAD_BLOCKAGE,5,2023-06-21,25.970541,92.829417,Synthetic incident record,SYNTHETIC
INC002537,R2188,ACCIDENT,1,2023-01-21,25.596704,91.89866,Synthetic incident record,SYNTHETIC
INC002538,R2188,LANDSLIDE,3,2023-09-17,25.597147,91.90636,Synthetic incident record,SYNTHETIC
INC002539,R2188,ACCIDENT,1,2023-10-11,25.603812,91.890972,Synthetic incident record,SYNTHETIC
INC002540,R2188,FLOOD,5,2023-05-24,25.601088,91.896758,Synthetic incident record,SYNTHETIC
INC002541,R2190,FLOOD,4,2023-11-21,25.836929,92.905409,Synthetic incident record,SYNTHETIC
INC002542,R2192,LANDSLIDE,1,2023-08-19,25.994472,92.846072,Synthetic incident record,SYNTHETIC
INC002543,R2192,FLOOD,1,2023-02-25,26.000592,92.855737,Synthetic incident record,SYNTHETIC
INC002544,R2195,FLOOD,2,2023-04-17,24.879239,92.378418,Synthetic incident record,SYNTHETIC
INC002545,R2195,ROAD_BLOCKAGE,3,2023-02-23,24.875651,92.376488,Synthetic incident record,SYNTHETIC
INC002546,R2197,ACCIDENT,2,2023-05-01,24.874466,92.367458,Synthetic incident record,SYNTHETIC
INC002547,R2198,ROAD_BLOCKAGE,5,2023-06-15,24.877859,92.373007,Synthetic incident record,SYNTHETIC
INC002548,R2198,LANDSLIDE,3,2023-03-27,24.881132,92.367431,Synthetic incident record,SYNTHETIC
INC002549,R2198,FALLEN_TREE,3,2023-09-07,24.881895,92.362404,Synthetic incident record,SYNTHETIC
INC002550,R2199,LANDSLIDE,2,2023-05-24,24.859922,92.369449,Synthetic incident record,SYNTHETIC
INC002551,R2203,FLOOD,5,2023-10-23,26.14541,92.259793,Synthetic incident record,SYNTHETIC
INC002552,R2204,FLOOD,5,2023-12-27,24.932751,91.511734,Synthetic incident record,SYNTHETIC
INC002553,R2205,FLOOD,2,2023-07-04,24.921504,91.531925,Synthetic incident record,SYNTHETIC
INC002554,R2206,ROAD_BLOCKAGE,1,2023-11-20,25.255337,91.698285,Synthetic incident record,SYNTHETIC
INC002555,R2207,FALLEN_TREE,2,2023-01-03,25.260321,91.715431,Synthetic incident record,SYNTHETIC
INC002556,R2208,FLOOD,3,2023-01-04,25.26022,91.709924,Synthetic incident record,SYNTHETIC
INC002557,R2209,FALLEN_TREE,3,2023-01-17,25.26283,91.713022,Synthetic incident record,SYNTHETIC
INC002558,R2210,LANDSLIDE,1,2023-07-26,25.267877,91.715503,Synthetic incident record,SYNTHETIC
INC002559,R2214,FALLEN_TREE,1,2023-06-22,25.270992,91.733041,Synthetic incident record,SYNTHETIC
INC002560,R2214,ROAD_BLOCKAGE,3,2023-01-21,25.278878,91.727606,Synthetic incident record,SYNTHETIC
INC002561,R2214,LANDSLIDE,3,2023-02-24,25.276359,91.725638,Synthetic incident record,SYNTHETIC
INC002562,R2216,ROAD_BLOCKAGE,3,2023-12-02,25.229027,91.70352,Synthetic incident record,SYNTHETIC
INC002563,R2224,ACCIDENT,1,2023-01-26,25.481598,91.294426,Synthetic incident record,SYNTHETIC
INC002564,R2224,ACCIDENT,3,2023-11-23,25.493414,91.29572,Synthetic incident record,SYNTHETIC
INC002565,R2224,ROAD_BLOCKAGE,5,2023-03-22,25.484386,91.309218,Synthetic incident record,SYNTHETIC
INC002566,R2224,ACCIDENT,5,2023-04-21,25.481073,91.29405,Synthetic incident record,SYNTHETIC
INC002567,R2226,FALLEN_TREE,5,2023-03-20,25.03312,91.660892,Synthetic incident record,SYNTHETIC
INC002568,R2226,FLOOD,1,2023-07-26,25.037377,91.665725,Synthetic incident record,SYNTHETIC
INC002569,R2226,FLOOD,3,2023-08-24,25.047247,91.678293,Synthetic incident record,SYNTHETIC
INC002570,R2226,FLOOD,3,2023-06-06,25.034785,91.661883,Synthetic incident record,SYNTHETIC
INC002571,R2227,ROAD_BLOCKAGE,2,2023-09-12,25.027171,91.667367,Synthetic incident record,SYNTHETIC
INC002572,R2228,ACCIDENT,5,2023-07-18,24.965907,91.66792,Synthetic incident record,SYNTHETIC
INC002573,R2229,FALLEN_TREE,2,2023-05-13,24.955666,91.675962,Synthetic incident record,SYNTHETIC
INC002574,R2231,ROAD_BLOCKAGE,3,2023-10-20,25.015308,91.663324,Synthetic incident record,SYNTHETIC
INC002575,R2232,LANDSLIDE,5,2023-10-26,25.00927,91.618323,Synthetic incident record,SYNTHETIC
INC002576,R2234,FALLEN_TREE,3,2023-03-18,24.9835,91.597276,Synthetic incident record,SYNTHETIC
INC002577,R2237,ROAD_BLOCKAGE,5,2023-11-16,24.899211,91.882204,Synthetic incident record,SYNTHETIC
INC002578,R2237,FALLEN_TREE,4,2023-09-21,24.900343,91.87962,Synthetic incident record,SYNTHETIC
INC002579,R2237,FLOOD,3,2023-09-24,24.889867,91.868861,Synthetic incident record,SYNTHETIC
INC002580,R2238,LANDSLIDE,2,2023-07-15,26.07361,92.689298,Synthetic incident record,SYNTHETIC
INC002581,R2239,LANDSLIDE,4,2023-05-19,26.069614,92.693483,Synthetic incident record,SYNTHETIC
INC002582,R2240,ROAD_BLOCKAGE,2,2023-10-03,26.015272,92.69176,Synthetic incident record,SYNTHETIC
INC002583,R2242,ACCIDENT,2,2023-09-17,26.027288,92.685793,Synthetic incident record,SYNTHETIC
INC002584,R2243,ACCIDENT,2,2023-01-21,26.007321,92.688061,Synthetic incident record,SYNTHETIC
INC002585,R2246,ROAD_BLOCKAGE,4,2023-06-11,25.1369,91.579744,Synthetic incident record,SYNTHETIC
INC002586,R2247,FALLEN_TREE,3,2023-08-31,25.127529,91.550586,Synthetic incident record,SYNTHETIC
INC002587,R2248,ACCIDENT,1,2023-12-10,25.072809,92.069172,Synthetic incident record,SYNTHETIC
INC002588,R2250,ACCIDENT,1,2023-09-07,25.077096,92.046311,Synthetic incident record,SYNTHETIC
INC002589,R2251,ACCIDENT,3,2023-08-17,25.129913,91.532289,Synthetic incident record,SYNTHETIC
INC002590,R2252,ACCIDENT,5,2023-09-06,25.046269,92.041395,Synthetic incident record,SYNTHETIC
INC002591,R2253,FALLEN_TREE,1,2023-01-01,25.141529,91.574842,Synthetic incident record,SYNTHETIC
INC002592,R2254,ROAD_BLOCKAGE,5,2023-10-22,25.146997,91.576321,Synthetic incident record,SYNTHETIC
INC002593,R2256,LANDSLIDE,4,2023-04-15,25.152416,91.558239,Synthetic incident record,SYNTHETIC
INC002594,R2257,FLOOD,2,2023-12-09,25.027838,92.005148,Synthetic incident record,SYNTHETIC
INC002595,R2261,FLOOD,5,2023-07-05,25.002117,91.952516,Synthetic incident record,SYNTHETIC
INC002596,R2266,ACCIDENT,3,2023-09-22,25.10266,91.961861,Synthetic incident record,SYNTHETIC
INC002597,R2270,ACCIDENT,5,2023-12-02,25.104044,91.936633,Synthetic incident record,SYNTHETIC
INC002598,R2271,FLOOD,5,2023-11-27,25.09353,91.937482,Synthetic incident record,SYNTHETIC
INC002599,R2272,FLOOD,2,2023-09-11,25.091264,91.917059,Synthetic incident record,SYNTHETIC
INC002600,R2273,FLOOD,3,2023-12-11,25.093886,91.973922,Synthetic incident record,SYNTHETIC
INC002601,R2275,FLOOD,3,2023-08-16,25.096432,91.506061,Synthetic incident record,SYNTHETIC
INC002602,R2276,LANDSLIDE,4,2023-04-20,25.086362,91.495734,Synthetic incident record,SYNTHETIC
INC002603,R2278,FALLEN_TREE,5,2023-11-06,25.13319,91.554027,Synthetic incident record,SYNTHETIC
INC002604,R2282,ROAD_BLOCKAGE,2,2023-10-08,26.149201,91.647783,Synthetic incident record,SYNTHETIC
INC002605,R2285,FALLEN_TREE,5,2023-11-03,26.112787,91.798712,Synthetic incident record,SYNTHETIC
INC002606,R2286,LANDSLIDE,5,2023-12-08,26.102963,91.78754,Synthetic incident record,SYNTHETIC
INC002607,R2287,FALLEN_TREE,3,2023-05-18,26.189558,91.801486,Synthetic incident record,SYNTHETIC
INC002608,R2288,ROAD_BLOCKAGE,3,2023-05-14,26.129792,91.766302,Synthetic incident record,SYNTHETIC
INC002609,R2292,ROAD_BLOCKAGE,4,2023-05-12,25.129672,91.584679,Synthetic incident record,SYNTHETIC
INC002610,R2294,ROAD_BLOCKAGE,5,2023-02-03,25.123316,91.539034,Synthetic incident record,SYNTHETIC
INC002611,R2296,ROAD_BLOCKAGE,3,2023-04-05,25.082265,91.638412,Synthetic incident record,SYNTHETIC
INC002612,R2300,ACCIDENT,1,2023-01-28,25.102397,91.61304,Synthetic incident record,SYNTHETIC
INC002613,R2301,FALLEN_TREE,1,2023-05-09,25.08546,91.998225,Synthetic incident record,SYNTHETIC
INC002614,R2304,FLOOD,4,2023-09-06,25.080389,91.985601,Synthetic incident record,SYNTHETIC
INC002615,R2306,ACCIDENT,2,2023-03-12,25.031291,92.080022,Synthetic incident record,SYNTHETIC
INC002616,R2308,FLOOD,1,2023-11-22,25.082435,92.051023,Synthetic incident record,SYNTHETIC
INC002617,R2309,ROAD_BLOCKAGE,3,2023-07-19,25.087899,92.048661,Synthetic incident record,SYNTHETIC
INC002618,R2312,LANDSLIDE,1,2023-06-14,25.091231,91.987081,Synthetic incident record,SYNTHETIC
INC002619,R2315,FALLEN_TREE,5,2023-12-25,25.076716,92.050318,Synthetic incident record,SYNTHETIC
INC002620,R2316,ROAD_BLOCKAGE,2,2023-01-12,25.081118,92.057099,Synthetic incident record,SYNTHETIC
INC002621,R2318,FLOOD,5,2023-10-25,25.081176,92.042648,Synthetic incident record,SYNTHETIC
INC002622,R2319,FLOOD,3,2023-09-28,25.084036,92.002473,Synthetic incident record,SYNTHETIC
INC002623,R2319,ACCIDENT,5,2023-09-08,25.092267,91.999915,Synthetic incident record,SYNTHETIC
INC002624,R2324,FALLEN_TREE,4,2023-09-11,25.009282,92.052128,Synthetic incident record,SYNTHETIC
INC002625,R2325,FLOOD,5,2023-10-01,25.043105,92.067811,Synthetic incident record,SYNTHETIC
INC002626,R2326,FALLEN_TREE,5,2023-02-23,25.056281,92.068407,Synthetic incident record,SYNTHETIC
INC002627,R2330,LANDSLIDE,2,2023-08-10,24.992956,91.966857,Synthetic incident record,SYNTHETIC
INC002628,R2331,FALLEN_TREE,3,2023-09-30,25.009635,91.989023,Synthetic incident record,SYNTHETIC
INC002629,R2332,FLOOD,4,2023-05-20,25.07618,92.020789,Synthetic incident record,SYNTHETIC
INC002630,R2333,FLOOD,3,2023-12-23,25.08791,92.018215,Synthetic incident record,SYNTHETIC
INC002631,R2334,FLOOD,3,2023-07-21,26.144207,91.677139,Synthetic incident record,SYNTHETIC
INC002632,R2334,LANDSLIDE,2,2023-07-03,26.134942,91.672117,Synthetic incident record,SYNTHETIC
INC002633,R2334,FLOOD,3,2023-09-22,26.126996,91.678613,Synthetic incident record,SYNTHETIC
INC002634,R2334,FLOOD,5,2023-05-19,26.129044,91.682221,Synthetic incident record,SYNTHETIC
INC002635,R2335,ACCIDENT,4,2023-09-12,25.087377,92.022522,Synthetic incident record,SYNTHETIC
INC002636,R2336,FLOOD,3,2023-03-10,25.088828,92.030864,Synthetic incident record,SYNTHETIC
INC002637,R2338,FLOOD,1,2023-02-23,25.081984,92.092586,Synthetic incident record,SYNTHETIC
INC002638,R2339,LANDSLIDE,4,2023-05-08,25.007159,91.986471,Synthetic incident record,SYNTHETIC
INC002639,R2340,FLOOD,3,2023-10-02,25.095553,92.072722,Synthetic incident record,SYNTHETIC
INC002640,R2340,ROAD_BLOCKAGE,2,2023-03-23,25.093187,92.074054,Synthetic incident record,SYNTHETIC
INC002641,R2341,FLOOD,4,2023-12-09,25.088161,92.058862,Synthetic incident record,SYNTHETIC
INC002642,R2342,LANDSLIDE,5,2023-11-04,24.992565,91.954979,Synthetic incident record,SYNTHETIC
INC002643,R2342,ACCIDENT,5,2023-04-04,24.994165,91.954505,Synthetic incident record,SYNTHETIC
INC002644,R2343,FALLEN_TREE,5,2023-02-09,25.000413,91.964318,Synthetic incident record,SYNTHETIC
INC002645,R2343,ACCIDENT,3,2023-12-31,25.002447,91.957399,Synthetic incident record,SYNTHETIC
INC002646,R2343,ROAD_BLOCKAGE,4,2023-01-17,25.000374,91.965132,Synthetic incident record,SYNTHETIC
INC002647,R2345,ACCIDENT,2,2023-09-04,24.988919,91.997109,Synthetic incident record,SYNTHETIC
INC002648,R2345,ACCIDENT,1,2023-04-18,24.997396,91.998758,Synthetic incident record,SYNTHETIC
INC002649,R2346,ROAD_BLOCKAGE,3,2023-09-13,24.991959,91.936597,Synthetic incident record,SYNTHETIC
INC002650,R2348,LANDSLIDE,4,2023-06-06,24.863031,91.340564,Synthetic incident record,SYNTHETIC
INC002651,R2348,FLOOD,4,2023-03-21,24.871065,91.347736,Synthetic incident record,SYNTHETIC
INC002652,R2348,ROAD_BLOCKAGE,1,2023-06-15,24.881355,91.354653,Synthetic incident record,SYNTHETIC
INC002653,R2348,FLOOD,3,2023-08-09,24.870738,91.345331,Synthetic incident record,SYNTHETIC
INC002654,R2349,ROAD_BLOCKAGE,3,2023-06-07,24.852923,91.351146,Synthetic incident record,SYNTHETIC
INC002655,R2350,ACCIDENT,1,2023-03-18,24.824084,91.363873,Synthetic incident record,SYNTHETIC
INC002656,R2351,FALLEN_TREE,1,2023-04-02,24.832982,91.364221,Synthetic incident record,SYNTHETIC
INC002657,R2352,ROAD_BLOCKAGE,3,2023-06-28,25.051951,92.075078,Synthetic incident record,SYNTHETIC
INC002658,R2353,ROAD_BLOCKAGE,5,2023-09-22,25.033953,92.07128,Synthetic incident record,SYNTHETIC
INC002659,R2354,FLOOD,5,2023-10-31,25.077613,92.00977,Synthetic incident record,SYNTHETIC
INC002660,R2356,FALLEN_TREE,5,2023-01-14,25.050347,92.002565,Synthetic incident record,SYNTHETIC
INC002661,R2357,ACCIDENT,3,2023-02-07,25.051995,92.005654,Synthetic incident record,SYNTHETIC
INC002662,R2360,ROAD_BLOCKAGE,1,2023-03-31,25.059198,92.015316,Synthetic incident record,SYNTHETIC
INC002663,R2362,FLOOD,3,2023-07-16,25.141191,91.577695,Synthetic incident record,SYNTHETIC
INC002664,R2363,LANDSLIDE,5,2023-06-17,25.683313,92.085846,Synthetic incident record,SYNTHETIC
INC002665,R2365,ACCIDENT,5,2023-01-11,25.467414,92.3476,Synthetic incident record,SYNTHETIC
INC002666,R2367,ROAD_BLOCKAGE,5,2023-05-08,25.477885,92.357225,Synthetic incident record,SYNTHETIC
INC002667,R2367,FALLEN_TREE,4,2023-02-14,25.476412,92.352164,Synthetic incident record,SYNTHETIC
INC002668,R2367,LANDSLIDE,2,2023-08-13,25.474633,92.361013,Synthetic incident record,SYNTHETIC
INC002669,R2370,LANDSLIDE,1,2023-06-26,25.473929,92.365081,Synthetic incident record,SYNTHETIC
INC002670,R2371,FALLEN_TREE,1,2023-03-29,25.46441,92.386511,Synthetic incident record,SYNTHETIC
INC002671,R2372,ROAD_BLOCKAGE,3,2023-09-27,25.479284,92.404173,Synthetic incident record,SYNTHETIC
INC002672,R2374,ROAD_BLOCKAGE,5,2023-01-18,25.446389,92.380959,Synthetic incident record,SYNTHETIC
INC002673,R2375,FALLEN_TREE,5,2023-08-06,25.448018,92.417243,Synthetic incident record,SYNTHETIC
INC002674,R2377,ROAD_BLOCKAGE,4,2023-01-09,25.4935,92.169166,Synthetic incident record,SYNTHETIC
INC002675,R2379,LANDSLIDE,5,2023-03-17,25.482553,92.186696,Synthetic incident record,SYNTHETIC
INC002676,R2379,FALLEN_TREE,1,2023-06-04,25.486576,92.177373,Synthetic incident record,SYNTHETIC
INC002677,R2379,FLOOD,5,2023-09-16,25.489315,92.176897,Synthetic incident record,SYNTHETIC
INC002678,R2379,FALLEN_TREE,4,2023-05-03,25.495491,92.170719,Synthetic incident record,SYNTHETIC
INC002679,R2380,ROAD_BLOCKAGE,2,2023-05-05,25.489698,92.208555,Synthetic incident record,SYNTHETIC
INC002680,R2381,FLOOD,3,2023-08-24,25.475782,92.212242,Synthetic incident record,SYNTHETIC
INC002681,R2381,FALLEN_TREE,5,2023-01-15,25.487662,92.20217,Synthetic incident record,SYNTHETIC
INC002682,R2381,LANDSLIDE,3,2023-05-14,25.472894,92.202875,Synthetic incident record,SYNTHETIC
INC002683,R2381,LANDSLIDE,5,2023-01-04,25.478572,92.205562,Synthetic incident record,SYNTHETIC
INC002684,R2388,ACCIDENT,2,2023-04-02,25.496712,92.658744,Synthetic incident record,SYNTHETIC
INC002685,R2389,ROAD_BLOCKAGE,4,2023-12-19,25.505704,92.654476,Synthetic incident record,SYNTHETIC
INC002686,R2390,FALLEN_TREE,4,2023-02-21,26.164867,91.772853,Synthetic incident record,SYNTHETIC
INC002687,R2391,LANDSLIDE,5,2023-05-23,26.193813,91.753972,Synthetic incident record,SYNTHETIC
INC002688,R2393,ACCIDENT,3,2023-10-25,26.190782,91.748086,Synthetic incident record,SYNTHETIC
INC002689,R2398,ACCIDENT,3,2023-11-15,26.172512,91.77141,Synthetic incident record,SYNTHETIC
INC002690,R2400,LANDSLIDE,4,2023-09-17,26.167269,91.76493,Synthetic incident record,SYNTHETIC
INC002691,R2400,FLOOD,3,2023-12-02,26.158151,91.759461,Synthetic incident record,SYNTHETIC
INC002692,R2400,FLOOD,4,2023-08-30,26.150668,91.769519,Synthetic incident record,SYNTHETIC
INC002693,R2400,ROAD_BLOCKAGE,1,2023-07-31,26.153587,91.75914,Synthetic incident record,SYNTHETIC
INC002694,R2401,FLOOD,1,2023-09-13,26.166674,91.75358,Synthetic incident record,SYNTHETIC
INC002695,R2408,FALLEN_TREE,3,2023-09-16,26.181234,91.757227,Synthetic incident record,SYNTHETIC
INC002696,R2416,FLOOD,2,2023-03-06,25.308739,92.380559,Synthetic incident record,SYNTHETIC
INC002697,R2417,LANDSLIDE,1,2023-08-05,25.581168,91.893368,Synthetic incident record,SYNTHETIC
INC002698,R2418,FALLEN_TREE,1,2023-05-28,25.592468,91.894267,Synthetic incident record,SYNTHETIC
INC002699,R2419,ACCIDENT,2,2023-11-10,25.205201,92.370215,Synthetic incident record,SYNTHETIC
INC002700,R2423,LANDSLIDE,3,2023-09-10,25.018216,92.495704,Synthetic incident record,SYNTHETIC
INC002701,R2423,FALLEN_TREE,1,2023-05-26,24.998704,92.504193,Synthetic incident record,SYNTHETIC
INC002702,R2423,FLOOD,5,2023-11-12,25.003488,92.500714,Synthetic incident record,SYNTHETIC
INC002703,R2423,ROAD_BLOCKAGE,3,2023-06-15,25.006481,92.497888,Synthetic incident record,SYNTHETIC
INC002704,R2425,FALLEN_TREE,5,2023-05-23,25.029129,92.470964,Synthetic incident record,SYNTHETIC
INC002705,R2426,FALLEN_TREE,1,2023-01-13,24.992554,92.441698,Synthetic incident record,SYNTHETIC
INC002706,R2427,ROAD_BLOCKAGE,2,2023-09-07,25.012153,92.434239,Synthetic incident record,SYNTHETIC
INC002707,R2428,FALLEN_TREE,4,2023-02-13,25.019612,92.438247,Synthetic incident record,SYNTHETIC
INC002708,R2429,ROAD_BLOCKAGE,3,2023-05-24,24.999948,92.435076,Synthetic incident record,SYNTHETIC
INC002709,R2432,FALLEN_TREE,2,2023-08-31,24.886419,91.866597,Synthetic incident record,SYNTHETIC
INC002710,R2433,FLOOD,3,2023-01-28,24.994979,92.26066,Synthetic incident record,SYNTHETIC
INC002711,R2433,ROAD_BLOCKAGE,4,2023-05-15,24.993964,92.260405,Synthetic incident record,SYNTHETIC
INC002712,R2435,FALLEN_TREE,3,2023-05-27,24.967009,92.265045,Synthetic incident record,SYNTHETIC
INC002713,R2437,FALLEN_TREE,2,2023-11-02,24.966719,92.257646,Synthetic incident record,SYNTHETIC
INC002714,R2439,ROAD_BLOCKAGE,4,2023-06-19,24.958906,92.244591,Synthetic incident record,SYNTHETIC
INC002715,R2440,ACCIDENT,4,2023-12-08,24.950855,92.248484,Synthetic incident record,SYNTHETIC
INC002716,R2441,LANDSLIDE,1,2023-08-15,24.945061,92.231976,Synthetic incident record,SYNTHETIC
INC002717,R2441,ROAD_BLOCKAGE,5,2023-08-02,24.950836,92.243098,Synthetic incident record,SYNTHETIC
INC002718,R2441,FALLEN_TREE,3,2023-08-14,24.945993,92.239323,Synthetic incident record,SYNTHETIC
INC002719,R2442,LANDSLIDE,4,2023-02-02,24.936416,92.230039,Synthetic incident record,SYNTHETIC
INC002720,R2444,ACCIDENT,4,2023-10-14,24.927806,92.189263,Synthetic incident record,SYNTHETIC
INC002721,R2448,FALLEN_TREE,3,2023-06-01,25.031841,92.221391,Synthetic incident record,SYNTHETIC
INC002722,R2449,LANDSLIDE,4,2023-03-15,25.029852,92.224408,Synthetic incident record,SYNTHETIC
INC002723,R2450,ACCIDENT,3,2023-02-12,25.018626,92.248023,Synthetic incident record,SYNTHETIC
INC002724,R2451,ACCIDENT,4,2023-03-02,25.027557,92.246093,Synthetic incident record,SYNTHETIC
INC002725,R2458,ACCIDENT,3,2023-06-21,25.17982,91.634935,Synthetic incident record,SYNTHETIC
INC002726,R2459,LANDSLIDE,5,2023-03-08,25.204439,91.645826,Synthetic incident record,SYNTHETIC
INC002727,R2460,ROAD_BLOCKAGE,5,2023-12-14,25.086568,91.750087,Synthetic incident record,SYNTHETIC
INC002728,R2465,ACCIDENT,5,2023-02-16,25.078693,91.750368,Synthetic incident record,SYNTHETIC
INC002729,R2466,ACCIDENT,2,2023-12-12,25.058516,91.726122,Synthetic incident record,SYNTHETIC
INC002730,R2467,FALLEN_TREE,3,2023-02-21,25.062685,91.723822,Synthetic incident record,SYNTHETIC
INC002731,R2469,FALLEN_TREE,3,2023-10-06,25.155477,91.695433,Synthetic incident record,SYNTHETIC
INC002732,R2470,FLOOD,4,2023-07-05,25.164752,91.685562,Synthetic incident record,SYNTHETIC
INC002733,R2471,FLOOD,1,2023-04-22,25.144713,91.686418,Synthetic incident record,SYNTHETIC
INC002734,R2471,ACCIDENT,2,2023-02-27,25.153782,91.691683,Synthetic incident record,SYNTHETIC
INC002735,R2471,FALLEN_TREE,1,2023-04-20,25.159306,91.682051,Synthetic incident record,SYNTHETIC
INC002736,R2472,ROAD_BLOCKAGE,4,2023-02-03,25.156326,91.700146,Synthetic incident record,SYNTHETIC
INC002737,R2475,ROAD_BLOCKAGE,5,2023-10-03,25.152501,91.736068,Synthetic incident record,SYNTHETIC
INC002738,R2476,FLOOD,3,2023-08-02,25.180005,91.763553,Synthetic incident record,SYNTHETIC
INC002739,R2477,FALLEN_TREE,3,2023-02-14,25.184654,91.760694,Synthetic incident record,SYNTHETIC
INC002740,R2478,FALLEN_TREE,5,2023-07-03,25.189865,91.761034,Synthetic incident record,SYNTHETIC
INC002741,R2480,FLOOD,4,2023-09-02,25.199754,91.988025,Synthetic incident record,SYNTHETIC
INC002742,R2481,FLOOD,5,2023-05-05,25.218175,91.971361,Synthetic incident record,SYNTHETIC
INC002743,R2483,FLOOD,5,2023-10-01,25.189087,91.993296,Synthetic incident record,SYNTHETIC
INC002744,R2485,ACCIDENT,5,2023-01-13,25.168228,91.990835,Synthetic incident record,SYNTHETIC
INC002745,R2487,FLOOD,4,2023-08-21,25.110701,91.893837,Synthetic incident record,SYNTHETIC
INC002746,R2487,ROAD_BLOCKAGE,4,2023-02-15,25.116089,91.905715,Synthetic incident record,SYNTHETIC
INC002747,R2487,FALLEN_TREE,4,2023-06-06,25.108621,91.907404,Synthetic incident record,SYNTHETIC
INC002748,R2489,FLOOD,5,2023-11-27,25.135144,91.89008,Synthetic incident record,SYNTHETIC
INC002749,R2490,LANDSLIDE,4,2023-04-23,25.14304,91.905451,Synthetic incident record,SYNTHETIC
INC002750,R2491,ACCIDENT,4,2023-08-18,25.234445,91.562298,Synthetic incident record,SYNTHETIC
INC002751,R2492,ACCIDENT,1,2023-04-05,25.247382,91.561108,Synthetic incident record,SYNTHETIC
INC002752,R2495,ACCIDENT,1,2023-11-30,25.391388,91.400976,Synthetic incident record,SYNTHETIC
INC002753,R2496,FLOOD,3,2023-05-21,25.379682,91.391335,Synthetic incident record,SYNTHETIC
INC002754,R2497,LANDSLIDE,2,2023-03-19,25.208033,91.339531,Synthetic incident record,SYNTHETIC
INC002755,R2498,FLOOD,1,2023-09-15,25.199568,91.327572,Synthetic incident record,SYNTHETIC
INC002756,R2501,LANDSLIDE,3,2023-09-25,25.311162,91.376619,Synthetic incident record,SYNTHETIC
INC002757,R2504,LANDSLIDE,4,2023-06-15,25.05705,92.163215,Synthetic incident record,SYNTHETIC
INC002758,R2506,FLOOD,4,2023-05-21,25.483075,92.165139,Synthetic incident record,SYNTHETIC
INC002759,R2507,FLOOD,4,2023-09-21,25.108675,92.132663,Synthetic incident record,SYNTHETIC
INC002760,R2509,FALLEN_TREE,3,2023-07-07,25.208035,91.737728,Synthetic incident record,SYNTHETIC
INC002761,R2510,ACCIDENT,1,2023-05-13,25.218394,91.726232,Synthetic incident record,SYNTHETIC
INC002762,R2511,FALLEN_TREE,5,2023-11-14,25.201517,91.776762,Synthetic incident record,SYNTHETIC
INC002763,R2512,FLOOD,2,2023-08-14,25.184488,91.820157,Synthetic incident record,SYNTHETIC
INC002764,R2514,ROAD_BLOCKAGE,2,2023-09-09,25.188827,91.789276,Synthetic incident record,SYNTHETIC
INC002765,R2523,ACCIDENT,5,2023-06-15,26.185878,91.845391,Synthetic incident record,SYNTHETIC
INC002766,R2526,ACCIDENT,4,2023-12-15,26.170255,91.687353,Synthetic incident record,SYNTHETIC
INC002767,R2527,LANDSLIDE,1,2023-05-15,26.168901,91.681516,Synthetic incident record,SYNTHETIC
INC002768,R2527,ACCIDENT,4,2023-07-27,26.170563,91.688505,Synthetic incident record,SYNTHETIC
INC002769,R2527,FALLEN_TREE,1,2023-03-19,26.178165,91.690032,Synthetic incident record,SYNTHETIC
INC002770,R2527,ACCIDENT,4,2023-06-28,26.175047,91.687442,Synthetic incident record,SYNTHETIC
INC002771,R2528,ACCIDENT,2,2023-12-07,26.177377,91.683758,Synthetic incident record,SYNTHETIC
INC002772,R2528,FLOOD,1,2023-03-20,26.166577,91.690074,Synthetic incident record,SYNTHETIC
INC002773,R2528,LANDSLIDE,1,2023-01-20,26.164793,91.678647,Synthetic incident record,SYNTHETIC
INC002774,R2528,ROAD_BLOCKAGE,3,2023-02-26,26.17475,91.694569,Synthetic incident record,SYNTHETIC
INC002775,R2529,FLOOD,3,2023-12-19,26.184584,91.793848,Synthetic incident record,SYNTHETIC
INC002776,R2532,ROAD_BLOCKAGE,1,2023-03-28,26.185725,91.749947,Synthetic incident record,SYNTHETIC
INC002777,R2533,FALLEN_TREE,2,2023-07-15,26.190798,91.76342,Synthetic incident record,SYNTHETIC
INC002778,R2534,FALLEN_TREE,4,2023-01-26,26.176936,91.804383,Synthetic incident record,SYNTHETIC
INC002779,R2534,LANDSLIDE,5,2023-04-16,26.186442,91.795325,Synthetic incident record,SYNTHETIC
INC002780,R2534,FALLEN_TREE,2,2023-01-10,26.191744,91.795941,Synthetic incident record,SYNTHETIC
INC002781,R2535,FALLEN_TREE,4,2023-06-21,26.103596,91.59879,Synthetic incident record,SYNTHETIC
INC002782,R2536,ROAD_BLOCKAGE,2,2023-01-26,26.116672,91.620731,Synthetic incident record,SYNTHETIC
INC002783,R2537,FLOOD,3,2023-06-17,26.036298,91.593425,Synthetic incident record,SYNTHETIC
INC002784,R2541,FLOOD,5,2023-07-11,26.075675,91.585529,Synthetic incident record,SYNTHETIC
INC002785,R2542,LANDSLIDE,3,2023-10-30,26.080373,91.584917,Synthetic incident record,SYNTHETIC
INC002786,R2546,ACCIDENT,1,2023-11-16,26.08953,91.569598,Synthetic incident record,SYNTHETIC
INC002787,R2550,FALLEN_TREE,1,2023-08-15,26.074913,91.555717,Synthetic incident record,SYNTHETIC
INC002788,R2550,FALLEN_TREE,4,2023-04-28,26.079412,91.553648,Synthetic incident record,SYNTHETIC
INC002789,R2550,FALLEN_TREE,1,2023-05-26,26.061855,91.561158,Synthetic incident record,SYNTHETIC
INC002790,R2550,ACCIDENT,2,2023-04-26,26.065593,91.550855,Synthetic incident record,SYNTHETIC
INC002791,R2551,FLOOD,2,2023-03-11,26.075511,91.555207,Synthetic incident record,SYNTHETIC
INC002792,R2552,FALLEN_TREE,4,2023-12-31,26.075749,91.541733,Synthetic incident record,SYNTHETIC
INC002793,R2554,LANDSLIDE,3,2023-04-03,26.071082,91.540498,Synthetic incident record,SYNTHETIC
INC002794,R2555,ACCIDENT,2,2023-12-10,26.07875,91.497176,Synthetic incident record,SYNTHETIC
INC002795,R2557,FALLEN_TREE,3,2023-06-16,26.084786,91.485804,Synthetic incident record,SYNTHETIC
INC002796,R2558,LANDSLIDE,4,2023-12-12,26.081357,91.496471,Synthetic incident record,SYNTHETIC
INC002797,R2560,ROAD_BLOCKAGE,2,2023-11-04,26.069371,91.429822,Synthetic incident record,SYNTHETIC
INC002798,R2562,ACCIDENT,2,2023-10-31,26.067945,91.423799,Synthetic incident record,SYNTHETIC
INC002799,R2563,ROAD_BLOCKAGE,1,2023-12-28,26.098994,91.345084,Synthetic incident record,SYNTHETIC
INC002800,R2566,FLOOD,2,2023-11-18,26.025472,91.309196,Synthetic incident record,SYNTHETIC
INC002801,R2567,FALLEN_TREE,2,2023-12-19,26.058147,91.300781,Synthetic incident record,SYNTHETIC
INC002802,R2572,ROAD_BLOCKAGE,1,2023-10-20,26.021451,91.303075,Synthetic incident record,SYNTHETIC
INC002803,R2573,ROAD_BLOCKAGE,1,2023-12-21,25.990496,91.383889,Synthetic incident record,SYNTHETIC
INC002804,R2576,ROAD_BLOCKAGE,1,2023-05-15,26.114409,91.705537,Synthetic incident record,SYNTHETIC
INC002805,R2578,FALLEN_TREE,3,2023-01-03,25.155016,92.01821,Synthetic incident record,SYNTHETIC
INC002806,R2578,FLOOD,1,2023-07-12,25.147924,92.00975,Synthetic incident record,SYNTHETIC
INC002807,R2578,FALLEN_TREE,5,2023-02-03,25.153284,92.02624,Synthetic incident record,SYNTHETIC
INC002808,R2583,FLOOD,4,2023-02-16,25.048619,91.375911,Synthetic incident record,SYNTHETIC
INC002809,R2585,ACCIDENT,3,2023-05-14,25.557773,91.90443,Synthetic incident record,SYNTHETIC
INC002810,R2586,ROAD_BLOCKAGE,1,2023-03-15,25.574973,91.89795,Synthetic incident record,SYNTHETIC
INC002811,R2587,ROAD_BLOCKAGE,3,2023-04-20,25.56607,91.903062,Synthetic incident record,SYNTHETIC
INC002812,R2587,ROAD_BLOCKAGE,3,2023-11-21,25.567145,91.905247,Synthetic incident record,SYNTHETIC
INC002813,R2587,ROAD_BLOCKAGE,3,2023-10-15,25.567978,91.895686,Synthetic incident record,SYNTHETIC
INC002814,R2587,FLOOD,3,2023-11-22,25.572979,91.891873,Synthetic incident record,SYNTHETIC
INC002815,R2588,ROAD_BLOCKAGE,3,2023-02-02,25.56201,91.90617,Synthetic incident record,SYNTHETIC
INC002816,R2590,LANDSLIDE,1,2023-01-11,25.573815,91.897293,Synthetic incident record,SYNTHETIC
INC002817,R2591,ROAD_BLOCKAGE,2,2023-09-16,25.558861,91.90879,Synthetic incident record,SYNTHETIC
INC002818,R2592,ACCIDENT,3,2023-04-17,25.559054,91.902046,Synthetic incident record,SYNTHETIC
INC002819,R2594,ACCIDENT,5,2023-08-28,25.55745,91.889946,Synthetic incident record,SYNTHETIC
INC002820,R2595,FALLEN_TREE,5,2023-05-26,25.56731,91.87497,Synthetic incident record,SYNTHETIC
INC002821,R2596,ACCIDENT,5,2023-12-13,25.558695,91.88453,Synthetic incident record,SYNTHETIC
INC002822,R2598,ROAD_BLOCKAGE,1,2023-04-25,25.571963,91.879907,Synthetic incident record,SYNTHETIC
INC002823,R2599,FLOOD,1,2023-08-03,25.574065,91.882481,Synthetic incident record,SYNTHETIC
INC002824,R2599,FALLEN_TREE,2,2023-05-08,25.574347,91.885119,Synthetic incident record,SYNTHETIC
INC002825,R2599,FALLEN_TREE,1,2023-01-14,25.563012,91.887337,Synthetic incident record,SYNTHETIC
INC002826,R2600,FALLEN_TREE,4,2023-02-17,25.569139,91.873595,Synthetic incident record,SYNTHETIC
INC002827,R2601,FLOOD,1,2023-12-23,25.57495,91.90629,Synthetic incident record,SYNTHETIC
INC002828,R2602,ACCIDENT,2,2023-01-04,25.577472,91.911217,Synthetic incident record,SYNTHETIC
INC002829,R2605,LANDSLIDE,5,2023-09-12,25.570748,91.915294,Synthetic incident record,SYNTHETIC
INC002830,R2607,LANDSLIDE,4,2023-08-18,25.573126,91.894947,Synthetic incident record,SYNTHETIC
INC002831,R2610,FLOOD,2,2023-01-27,25.568218,91.88818,Synthetic incident record,SYNTHETIC
INC002832,R2610,FALLEN_TREE,3,2023-10-05,25.5647,91.893925,Synthetic incident record,SYNTHETIC
INC002833,R2610,FALLEN_TREE,3,2023-01-01,25.568762,91.898003,Synthetic incident record,SYNTHETIC
INC002834,R2610,ROAD_BLOCKAGE,4,2023-11-15,25.568803,91.899869,Synthetic incident record,SYNTHETIC
INC002835,R2611,FLOOD,3,2023-04-01,25.578975,91.899409,Synthetic incident record,SYNTHETIC
INC002836,R2613,FLOOD,1,2023-03-22,25.579392,91.900474,Synthetic incident record,SYNTHETIC
INC002837,R2615,FALLEN_TREE,4,2023-10-12,25.56626,91.882534,Synthetic incident record,SYNTHETIC
INC002838,R2615,ROAD_BLOCKAGE,4,2023-04-27,25.57531,91.889058,Synthetic incident record,SYNTHETIC
INC002839,R2616,ROAD_BLOCKAGE,3,2023-03-30,25.572154,91.884551,Synthetic incident record,SYNTHETIC
INC002840,R2617,ROAD_BLOCKAGE,3,2023-05-09,25.577664,91.886184,Synthetic incident record,SYNTHETIC
INC002841,R2618,ACCIDENT,5,2023-04-14,25.588699,91.882293,Synthetic incident record,SYNTHETIC
INC002842,R2619,FLOOD,1,2023-11-25,25.589156,91.879655,Synthetic incident record,SYNTHETIC
INC002843,R2620,ACCIDENT,4,2023-07-30,25.567911,91.887117,Synthetic incident record,SYNTHETIC
INC002844,R2622,ACCIDENT,2,2023-03-07,25.574356,91.888538,Synthetic incident record,SYNTHETIC
INC002845,R2623,ROAD_BLOCKAGE,3,2023-07-23,25.558633,91.878023,Synthetic incident record,SYNTHETIC
INC002846,R2623,LANDSLIDE,3,2023-04-20,25.575575,91.874224,Synthetic incident record,SYNTHETIC
INC002847,R2623,FLOOD,4,2023-06-04,25.576851,91.887391,Synthetic incident record,SYNTHETIC
INC002848,R2623,FLOOD,2,2023-01-07,25.575372,91.878409,Synthetic incident record,SYNTHETIC
INC002849,R2627,LANDSLIDE,3,2023-04-11,24.899714,91.854597,Synthetic incident record,SYNTHETIC
INC002850,R2629,ROAD_BLOCKAGE,3,2023-03-29,24.82839,92.245427,Synthetic incident record,SYNTHETIC
INC002851,R2631,LANDSLIDE,5,2023-07-10,24.825596,92.238262,Synthetic incident record,SYNTHETIC
INC002852,R2632,LANDSLIDE,4,2023-11-05,24.831444,92.23771,Synthetic incident record,SYNTHETIC
INC002853,R2635,ROAD_BLOCKAGE,2,2023-05-15,24.809962,92.837606,Synthetic incident record,SYNTHETIC
INC002854,R2636,FALLEN_TREE,2,2023-04-04,24.831215,92.751223,Synthetic incident record,SYNTHETIC
INC002855,R2638,ACCIDENT,3,2023-11-01,26.1499,91.782474,Synthetic incident record,SYNTHETIC
INC002856,R2640,ACCIDENT,3,2023-11-10,26.133031,91.790482,Synthetic incident record,SYNTHETIC
INC002857,R2644,ACCIDENT,4,2023-07-28,26.135585,91.798316,Synthetic incident record,SYNTHETIC
INC002858,R2645,ACCIDENT,5,2023-10-31,26.139625,91.785166,Synthetic incident record,SYNTHETIC
INC002859,R2647,ACCIDENT,1,2023-04-15,26.083114,91.556236,Synthetic incident record,SYNTHETIC
INC002860,R2648,ROAD_BLOCKAGE,4,2023-09-21,26.077181,91.562947,Synthetic incident record,SYNTHETIC
INC002861,R2649,ROAD_BLOCKAGE,1,2023-03-01,26.078294,91.576695,Synthetic incident record,SYNTHETIC
INC002862,R2649,FALLEN_TREE,4,2023-10-16,26.071665,91.573865,Synthetic incident record,SYNTHETIC
INC002863,R2649,LANDSLIDE,3,2023-05-12,26.074571,91.576455,Synthetic incident record,SYNTHETIC
INC002864,R2649,FALLEN_TREE,1,2023-10-28,26.083016,91.570434,Synthetic incident record,SYNTHETIC
INC002865,R2650,ROAD_BLOCKAGE,1,2023-08-18,26.076601,91.572997,Synthetic incident record,SYNTHETIC
INC002866,R2650,ROAD_BLOCKAGE,4,2023-09-22,26.072196,91.573862,Synthetic incident record,SYNTHETIC
INC002867,R2650,LANDSLIDE,4,2023-09-23,26.064879,91.575146,Synthetic incident record,SYNTHETIC
INC002868,R2651,FALLEN_TREE,5,2023-11-05,26.072025,91.570149,Synthetic incident record,SYNTHETIC
INC002869,R2652,FLOOD,3,2023-08-08,26.084617,91.562806,Synthetic incident record,SYNTHETIC
INC002870,R2654,ACCIDENT,1,2023-06-17,26.0802,91.569575,Synthetic incident record,SYNTHETIC
INC002871,R2654,FLOOD,1,2023-06-14,26.088868,91.558443,Synthetic incident record,SYNTHETIC
INC002872,R2654,ROAD_BLOCKAGE,5,2023-04-12,26.081617,91.556087,Synthetic incident record,SYNTHETIC
INC002873,R2654,LANDSLIDE,5,2023-02-17,26.071384,91.568819,Synthetic incident record,SYNTHETIC
INC002874,R2656,ACCIDENT,2,2023-01-10,26.085091,91.555777,Synthetic incident record,SYNTHETIC
INC002875,R2656,ROAD_BLOCKAGE,5,2023-09-26,26.084453,91.569038,Synthetic incident record,SYNTHETIC
INC002876,R2656,ACCIDENT,2,2023-08-06,26.081459,91.568072,Synthetic incident record,SYNTHETIC
INC002877,R2660,ROAD_BLOCKAGE,3,2023-02-27,25.591676,91.886881,Synthetic incident record,SYNTHETIC
INC002878,R2661,LANDSLIDE,3,2023-10-16,26.081588,91.568001,Synthetic incident record,SYNTHETIC
INC002879,R2664,FALLEN_TREE,2,2023-08-08,25.578384,91.889659,Synthetic incident record,SYNTHETIC
INC002880,R2664,LANDSLIDE,3,2023-04-16,25.585541,91.884936,Synthetic incident record,SYNTHETIC
INC002881,R2664,FALLEN_TREE,5,2023-05-26,25.575202,91.901627,Synthetic incident record,SYNTHETIC
INC002882,R2666,FLOOD,4,2023-04-04,25.50155,91.909512,Synthetic incident record,SYNTHETIC
INC002883,R2667,ROAD_BLOCKAGE,4,2023-06-08,25.480634,91.92151,Synthetic incident record,SYNTHETIC
INC002884,R2668,LANDSLIDE,3,2023-10-16,25.030494,92.43736,Synthetic incident record,SYNTHETIC
INC002885,R2670,ACCIDENT,2,2023-01-11,24.936619,91.67491,Synthetic incident record,SYNTHETIC
INC002886,R2671,FALLEN_TREE,3,2023-07-28,25.085016,92.11022,Synthetic incident record,SYNTHETIC
INC002887,R2676,ACCIDENT,5,2023-11-10,26.110449,91.700863,Synthetic incident record,SYNTHETIC
INC002888,R2677,LANDSLIDE,5,2023-03-07,26.104873,91.713243,Synthetic incident record,SYNTHETIC
INC002889,R2679,ROAD_BLOCKAGE,5,2023-10-13,24.856426,92.611315,Synthetic incident record,SYNTHETIC
INC002890,R2680,FLOOD,5,2023-01-09,24.851517,92.616106,Synthetic incident record,SYNTHETIC
INC002891,R2684,LANDSLIDE,5,2023-02-20,25.091089,91.970071,Synthetic incident record,SYNTHETIC
INC002892,R2685,LANDSLIDE,2,2023-09-02,25.152634,91.879861,Synthetic incident record,SYNTHETIC
INC002893,R2688,ROAD_BLOCKAGE,1,2023-05-01,26.176357,91.670893,Synthetic incident record,SYNTHETIC
INC002894,R2692,LANDSLIDE,3,2023-06-12,26.171135,91.669758,Synthetic incident record,SYNTHETIC
INC002895,R2693,FLOOD,2,2023-06-22,26.173985,91.677944,Synthetic incident record,SYNTHETIC
INC002896,R2697,FLOOD,3,2023-03-08,26.164212,91.679559,Synthetic incident record,SYNTHETIC
INC002897,R2698,FLOOD,2,2023-06-27,24.871934,92.351913,Synthetic incident record,SYNTHETIC
INC002898,R2699,ROAD_BLOCKAGE,1,2023-09-19,24.8591,92.356451,Synthetic incident record,SYNTHETIC
INC002899,R2701,ACCIDENT,2,2023-02-22,25.313794,91.589246,Synthetic incident record,SYNTHETIC
INC002900,R2701,FALLEN_TREE,4,2023-04-27,25.321591,91.586488,Synthetic incident record,SYNTHETIC
INC002901,R2701,FALLEN_TREE,1,2023-10-22,25.315989,91.595365,Synthetic incident record,SYNTHETIC
INC002902,R2701,LANDSLIDE,2,2023-11-26,25.320563,91.586203,Synthetic incident record,SYNTHETIC
INC002903,R2703,ROAD_BLOCKAGE,3,2023-04-01,25.24489,91.561413,Synthetic incident record,SYNTHETIC
INC002904,R2704,FALLEN_TREE,4,2023-03-24,25.255212,91.562061,Synthetic incident record,SYNTHETIC
INC002905,R2705,ACCIDENT,2,2023-05-10,25.591418,91.89033,Synthetic incident record,SYNTHETIC
INC002906,R2710,FLOOD,2,2023-10-03,25.854094,91.88936,Synthetic incident record,SYNTHETIC
INC002907,R2711,LANDSLIDE,3,2023-06-24,26.007215,91.872134,Synthetic incident record,SYNTHETIC
INC002908,R2712,FALLEN_TREE,2,2023-07-14,26.008812,91.872658,Synthetic incident record,SYNTHETIC
INC002909,R2715,LANDSLIDE,5,2023-06-13,26.01101,91.865034,Synthetic incident record,SYNTHETIC
INC002910,R2715,FALLEN_TREE,4,2023-04-26,26.023032,91.873018,Synthetic incident record,SYNTHETIC
INC002911,R2715,FLOOD,1,2023-08-26,26.015768,91.868115,Synthetic incident record,SYNTHETIC
INC002912,R2717,FALLEN_TREE,5,2023-05-08,26.037263,91.86744,Synthetic incident record,SYNTHETIC
INC002913,R2719,FALLEN_TREE,5,2023-11-23,25.540327,92.084173,Synthetic incident record,SYNTHETIC
INC002914,R2720,FALLEN_TREE,2,2023-02-19,25.683582,91.900535,Synthetic incident record,SYNTHETIC
INC002915,R2721,ACCIDENT,4,2023-03-29,25.675268,91.902277,Synthetic incident record,SYNTHETIC
INC002916,R2722,FALLEN_TREE,3,2023-03-16,25.679009,91.900229,Synthetic incident record,SYNTHETIC
INC002917,R2722,LANDSLIDE,3,2023-01-18,25.678578,91.901037,Synthetic incident record,SYNTHETIC
INC002918,R2722,ACCIDENT,4,2023-05-06,25.67941,91.89934,Synthetic incident record,SYNTHETIC
INC002919,R2726,FALLEN_TREE,1,2023-07-10,25.678846,91.90481,Synthetic incident record,SYNTHETIC
INC002920,R2727,FLOOD,4,2023-06-14,25.755629,91.884322,Synthetic incident record,SYNTHETIC
INC002921,R2727,LANDSLIDE,1,2023-07-15,25.762385,91.882442,Synthetic incident record,SYNTHETIC
INC002922,R2727,ROAD_BLOCKAGE,1,2023-09-29,25.755481,91.896277,Synthetic incident record,SYNTHETIC
INC002923,R2728,ROAD_BLOCKAGE,5,2023-04-29,25.87274,91.887869,Synthetic incident record,SYNTHETIC
INC002924,R2729,FLOOD,1,2023-12-21,25.863327,91.88663,Synthetic incident record,SYNTHETIC
INC002925,R2732,ACCIDENT,5,2023-05-27,25.339562,92.367057,Synthetic incident record,SYNTHETIC
INC002926,R2733,FLOOD,4,2023-12-22,25.366186,92.328604,Synthetic incident record,SYNTHETIC
INC002927,R2736,ROAD_BLOCKAGE,1,2023-02-19,25.116837,92.354123,Synthetic incident record,SYNTHETIC
INC002928,R2740,LANDSLIDE,4,2023-10-28,26.068291,92.685326,Synthetic incident record,SYNTHETIC
INC002929,R2741,ROAD_BLOCKAGE,4,2023-11-12,26.073439,92.716461,Synthetic incident record,SYNTHETIC
INC002930,R2743,LANDSLIDE,4,2023-07-20,26.092743,92.730659,Synthetic incident record,SYNTHETIC
INC002931,R2745,ROAD_BLOCKAGE,1,2023-05-15,26.097556,92.754892,Synthetic incident record,SYNTHETIC
INC002932,R2746,FLOOD,5,2023-05-22,26.085434,92.737345,Synthetic incident record,SYNTHETIC
INC002933,R2749,ACCIDENT,5,2023-06-02,25.565268,91.896379,Synthetic incident record,SYNTHETIC
INC002934,R2750,ACCIDENT,3,2023-09-03,25.347947,91.602698,Synthetic incident record,SYNTHETIC
INC002935,R2751,FLOOD,4,2023-06-21,25.359925,91.607531,Synthetic incident record,SYNTHETIC
INC002936,R2754,LANDSLIDE,1,2023-10-05,25.249654,91.562969,Synthetic incident record,SYNTHETIC
INC002937,R2755,FLOOD,4,2023-11-16,25.263423,91.58015,Synthetic incident record,SYNTHETIC
INC002938,R2756,LANDSLIDE,1,2023-03-04,25.249473,91.571232,Synthetic incident record,SYNTHETIC
INC002939,R2757,LANDSLIDE,2,2023-07-02,25.258741,91.574395,Synthetic incident record,SYNTHETIC
INC002940,R2759,FALLEN_TREE,2,2023-03-12,25.264212,91.579651,Synthetic incident record,SYNTHETIC
INC002941,R2760,FALLEN_TREE,1,2023-05-07,25.254078,91.563559,Synthetic incident record,SYNTHETIC
INC002942,R2762,LANDSLIDE,5,2023-09-19,25.263537,91.572097,Synthetic incident record,SYNTHETIC
INC002943,R2763,ROAD_BLOCKAGE,4,2023-02-06,25.251355,91.576329,Synthetic incident record,SYNTHETIC
INC002944,R2764,FLOOD,4,2023-01-18,26.201122,91.801029,Synthetic incident record,SYNTHETIC
INC002945,R2768,FLOOD,5,2023-10-16,26.146529,91.796507,Synthetic incident record,SYNTHETIC
INC002946,R2768,ACCIDENT,5,2023-10-23,26.146123,91.792415,Synthetic incident record,SYNTHETIC
INC002947,R2768,FLOOD,4,2023-11-30,26.151651,91.801051,Synthetic incident record,SYNTHETIC
INC002948,R2769,ACCIDENT,1,2023-03-18,26.14654,91.79789,Synthetic incident record,SYNTHETIC
INC002949,R2771,ACCIDENT,5,2023-06-13,25.510217,92.741837,Synthetic incident record,SYNTHETIC
INC002950,R2771,FLOOD,1,2023-05-02,25.520278,92.740196,Synthetic incident record,SYNTHETIC
INC002951,R2771,LANDSLIDE,3,2023-11-06,25.514541,92.743962,Synthetic incident record,SYNTHETIC
INC002952,R2771,ACCIDENT,1,2023-06-07,25.510961,92.751135,Synthetic incident record,SYNTHETIC
INC002953,R2772,FALLEN_TREE,1,2023-01-15,25.510222,92.72847,Synthetic incident record,SYNTHETIC
INC002954,R2773,ROAD_BLOCKAGE,4,2023-12-19,25.513825,92.733551,Synthetic incident record,SYNTHETIC
INC002955,R2774,ACCIDENT,4,2023-04-21,25.496168,92.729147,Synthetic incident record,SYNTHETIC
INC002956,R2777,FLOOD,1,2023-05-31,25.687054,91.903045,Synthetic incident record,SYNTHETIC
INC002957,R2779,ACCIDENT,5,2023-02-08,25.557751,92.054872,Synthetic incident record,SYNTHETIC
INC002958,R2780,FALLEN_TREE,4,2023-10-07,26.178288,91.753327,Synthetic incident record,SYNTHETIC
INC002959,R2781,FLOOD,3,2023-10-11,26.172493,91.758357,Synthetic incident record,SYNTHETIC
INC002960,R2783,ROAD_BLOCKAGE,2,2023-12-06,26.170933,91.670171,Synthetic incident record,SYNTHETIC
INC002961,R2784,LANDSLIDE,3,2023-10-24,26.105761,92.17344,Synthetic incident record,SYNTHETIC
INC002962,R2785,FALLEN_TREE,5,2023-03-07,26.09683,92.124796,Synthetic incident record,SYNTHETIC
INC002963,R2786,FLOOD,3,2023-11-13,26.102901,92.124283,Synthetic incident record,SYNTHETIC
INC002964,R2788,ACCIDENT,2,2023-01-15,26.102168,92.17032,Synthetic incident record,SYNTHETIC
INC002965,R2790,ROAD_BLOCKAGE,4,2023-09-02,26.07226,92.167591,Synthetic incident record,SYNTHETIC
INC002966,R2791,LANDSLIDE,3,2023-12-06,25.988371,92.115281,Synthetic incident record,SYNTHETIC
INC002967,R2792,LANDSLIDE,3,2023-06-25,25.979349,92.116282,Synthetic incident record,SYNTHETIC
INC002968,R2794,LANDSLIDE,2,2023-01-29,26.001238,92.10213,Synthetic incident record,SYNTHETIC
INC002969,R2798,FALLEN_TREE,3,2023-10-22,25.490278,91.767209,Synthetic incident record,SYNTHETIC
INC002970,R2802,ACCIDENT,1,2023-11-25,25.508801,91.779838,Synthetic incident record,SYNTHETIC
INC002971,R2804,FLOOD,3,2023-05-12,25.488248,91.739458,Synthetic incident record,SYNTHETIC
INC002972,R2805,FALLEN_TREE,2,2023-04-30,25.473329,91.741068,Synthetic incident record,SYNTHETIC
INC002973,R2805,FLOOD,3,2023-05-16,25.491917,91.748097,Synthetic incident record,SYNTHETIC
INC002974,R2809,FALLEN_TREE,1,2023-08-07,25.503755,91.714741,Synthetic incident record,SYNTHETIC
INC002975,R2811,ACCIDENT,3,2023-09-15,25.507107,91.732505,Synthetic incident record,SYNTHETIC
INC002976,R2815,LANDSLIDE,4,2023-10-13,25.563379,91.640716,Synthetic incident record,SYNTHETIC
INC002977,R2818,FALLEN_TREE,3,2023-12-12,25.548397,91.611682,Synthetic incident record,SYNTHETIC
INC002978,R2820,ACCIDENT,3,2023-11-03,25.556735,91.62136,Synthetic incident record,SYNTHETIC
INC002979,R2820,ACCIDENT,2,2023-05-13,25.546346,91.615403,Synthetic incident record,SYNTHETIC
INC002980,R2820,ROAD_BLOCKAGE,1,2023-04-19,25.540786,91.621586,Synthetic incident record,SYNTHETIC
INC002981,R2823,ROAD_BLOCKAGE,5,2023-09-09,25.511486,91.566408,Synthetic incident record,SYNTHETIC
INC002982,R2825,ROAD_BLOCKAGE,3,2023-08-02,25.533908,91.54336,Synthetic incident record,SYNTHETIC
INC002983,R2827,ROAD_BLOCKAGE,4,2023-11-06,25.518806,91.583725,Synthetic incident record,SYNTHETIC
INC002984,R2827,LANDSLIDE,2,2023-06-11,25.525914,91.578121,Synthetic incident record,SYNTHETIC
INC002985,R2827,LANDSLIDE,2,2023-08-22,25.517495,91.583945,Synthetic incident record,SYNTHETIC
INC002986,R2827,ACCIDENT,4,2023-10-03,25.532217,91.581525,Synthetic incident record,SYNTHETIC
INC002987,R2828,FLOOD,1,2023-10-10,25.545625,91.673792,Synthetic incident record,SYNTHETIC
INC002988,R2831,FALLEN_TREE,1,2023-12-03,25.556447,91.645163,Synthetic incident record,SYNTHETIC
INC002989,R2832,LANDSLIDE,3,2023-07-01,25.501106,91.703648,Synthetic incident record,SYNTHETIC
INC002990,R2834,ROAD_BLOCKAGE,1,2023-10-16,25.510171,91.701882,Synthetic incident record,SYNTHETIC
INC002991,R2835,ROAD_BLOCKAGE,5,2023-11-18,25.510348,91.693973,Synthetic incident record,SYNTHETIC
INC002992,R2836,ROAD_BLOCKAGE,5,2023-01-27,25.5268,91.705463,Synthetic incident record,SYNTHETIC
INC002993,R2837,LANDSLIDE,4,2023-07-03,25.533902,91.679798,Synthetic incident record,SYNTHETIC
INC002994,R2838,ACCIDENT,1,2023-03-12,25.52124,91.681718,Synthetic incident record,SYNTHETIC
INC002995,R2839,FLOOD,5,2023-09-17,25.541513,91.682796,Synthetic incident record,SYNTHETIC
INC002996,R2840,FALLEN_TREE,4,2023-05-16,25.531222,91.814703,Synthetic incident record,SYNTHETIC
INC002997,R2841,ACCIDENT,5,2023-06-27,25.522945,91.823752,Synthetic incident record,SYNTHETIC
INC002998,R2842,ACCIDENT,4,2023-10-22,25.485001,91.81641,Synthetic incident record,SYNTHETIC
INC002999,R2844,LANDSLIDE,1,2023-09-09,25.45906,91.82627,Synthetic incident record,SYNTHETIC
INC003000,R2846,LANDSLIDE,4,2023-05-20,25.460572,91.828373,Synthetic incident record,SYNTHETIC
INC003001,R2846,LANDSLIDE,2,2023-03-20,25.459232,91.82796,Synthetic incident record,SYNTHETIC
INC003002,R2846,ROAD_BLOCKAGE,5,2023-09-13,25.455139,91.828259,Synthetic incident record,SYNTHETIC
INC003003,R2848,ROAD_BLOCKAGE,2,2023-03-16,25.286017,91.943042,Synthetic incident record,SYNTHETIC
INC003004,R2849,ACCIDENT,3,2023-09-30,25.261394,91.952179,Synthetic incident record,SYNTHETIC
INC003005,R2852,FLOOD,5,2023-11-16,25.58597,92.028397,Synthetic incident record,SYNTHETIC
INC003006,R2852,FALLEN_TREE,3,2023-03-06,25.58293,92.043445,Synthetic incident record,SYNTHETIC
INC003007,R2852,ROAD_BLOCKAGE,3,2023-09-01,25.596908,92.040925,Synthetic incident record,SYNTHETIC
INC003008,R2853,FLOOD,5,2023-10-26,25.667562,91.896905,Synthetic incident record,SYNTHETIC
INC003009,R2854,FALLEN_TREE,5,2023-06-18,25.529445,91.894263,Synthetic incident record,SYNTHETIC
INC003010,R2855,FLOOD,5,2023-02-18,25.537437,91.886591,Synthetic incident record,SYNTHETIC
INC003011,R2856,FALLEN_TREE,2,2023-10-21,25.526681,91.890051,Synthetic incident record,SYNTHETIC
INC003012,R2856,FALLEN_TREE,5,2023-03-20,25.530214,91.901227,Synthetic incident record,SYNTHETIC
INC003013,R2856,LANDSLIDE,1,2023-09-21,25.517004,91.897637,Synthetic incident record,SYNTHETIC
INC003014,R2856,ACCIDENT,4,2023-09-08,25.52878,91.895039,Synthetic incident record,SYNTHETIC
INC003015,R2858,ACCIDENT,5,2023-03-13,25.558033,92.052682,Synthetic incident record,SYNTHETIC
INC003016,R2858,LANDSLIDE,3,2023-03-24,25.547764,92.051589,Synthetic incident record,SYNTHETIC
INC003017,R2858,ACCIDENT,3,2023-04-16,25.545103,92.052718,Synthetic incident record,SYNTHETIC
INC003018,R2858,FLOOD,5,2023-09-19,25.551022,92.045802,Synthetic incident record,SYNTHETIC
INC003019,R2860,LANDSLIDE,5,2023-10-24,25.565693,91.887731,Synthetic incident record,SYNTHETIC
INC003020,R2860,FLOOD,3,2023-10-27,25.573353,91.892455,Synthetic incident record,SYNTHETIC
INC003021,R2860,LANDSLIDE,5,2023-09-04,25.566975,91.887381,Synthetic incident record,SYNTHETIC
INC003022,R2860,ACCIDENT,5,2023-11-17,25.58382,91.875519,Synthetic incident record,SYNTHETIC
INC003023,R2862,ROAD_BLOCKAGE,2,2023-09-07,25.498115,91.909532,Synthetic incident record,SYNTHETIC
INC003024,R2865,ROAD_BLOCKAGE,4,2023-05-13,26.111177,91.780177,Synthetic incident record,SYNTHETIC
INC003025,R2867,FLOOD,1,2023-01-01,24.900926,91.870404,Synthetic incident record,SYNTHETIC
INC003026,R2868,ACCIDENT,3,2023-03-18,24.966248,91.865983,Synthetic incident record,SYNTHETIC
INC003027,R2870,FLOOD,5,2023-09-24,26.149849,91.787386,Synthetic incident record,SYNTHETIC
INC003028,R2873,ROAD_BLOCKAGE,3,2023-01-28,24.889244,91.895198,Synthetic incident record,SYNTHETIC
INC003029,R2874,ROAD_BLOCKAGE,4,2023-11-18,24.88325,91.893718,Synthetic incident record,SYNTHETIC
INC003030,R2878,LANDSLIDE,5,2023-03-23,24.88823,91.885387,Synthetic incident record,SYNTHETIC
INC003031,R2879,ACCIDENT,5,2023-02-09,24.882885,91.863587,Synthetic incident record,SYNTHETIC
INC003032,R2883,LANDSLIDE,2,2023-11-05,24.880413,91.868507,Synthetic incident record,SYNTHETIC
INC003033,R2884,LANDSLIDE,4,2023-12-25,24.880372,91.866043,Synthetic incident record,SYNTHETIC
INC003034,R2884,FALLEN_TREE,2,2023-05-29,24.884982,91.862063,Synthetic incident record,SYNTHETIC
INC003035,R2884,FLOOD,4,2023-12-05,24.882508,91.865522,Synthetic incident record,SYNTHETIC
INC003036,R2885,LANDSLIDE,1,2023-12-09,24.897552,91.852452,Synthetic incident record,SYNTHETIC
INC003037,R2886,FLOOD,2,2023-06-13,24.897284,91.85838,Synthetic incident record,SYNTHETIC
INC003038,R2887,LANDSLIDE,4,2023-03-09,25.034263,92.197963,Synthetic incident record,SYNTHETIC
INC003039,R2891,ROAD_BLOCKAGE,3,2023-10-09,24.88965,91.861506,Synthetic incident record,SYNTHETIC
INC003040,R2892,LANDSLIDE,4,2023-06-10,24.871809,91.870489,Synthetic incident record,SYNTHETIC
INC003041,R2893,LANDSLIDE,1,2023-10-21,24.887927,91.865374,Synthetic incident record,SYNTHETIC
INC003042,R2893,ROAD_BLOCKAGE,2,2023-09-28,24.87439,91.874714,Synthetic incident record,SYNTHETIC
INC003043,R2893,FLOOD,1,2023-06-06,24.876626,91.878794,Synthetic incident record,SYNTHETIC
INC003044,R2895,ROAD_BLOCKAGE,5,2023-08-02,24.887346,91.884197,Synthetic incident record,SYNTHETIC
INC003045,R2898,LANDSLIDE,5,2023-06-21,24.886479,91.884895,Synthetic incident record,SYNTHETIC
INC003046,R2899,FLOOD,3,2023-05-29,24.873274,91.895874,Synthetic incident record,SYNTHETIC
INC003047,R2902,ACCIDENT,1,2023-06-01,25.589706,91.876796,Synthetic incident record,SYNTHETIC
INC003048,R2903,ACCIDENT,3,2023-08-29,25.596249,91.870124,Synthetic incident record,SYNTHETIC
INC003049,R2904,ACCIDENT,5,2023-02-09,25.648555,92.13864,Synthetic incident record,SYNTHETIC
INC003050,R2907,FLOOD,4,2023-11-20,25.67887,92.153075,Synthetic incident record,SYNTHETIC
INC003051,R2908,ROAD_BLOCKAGE,3,2023-01-23,25.581067,91.887558,Synthetic incident record,SYNTHETIC
INC003052,R2909,FALLEN_TREE,4,2023-07-21,25.710895,91.995255,Synthetic incident record,SYNTHETIC
INC003053,R2909,FALLEN_TREE,4,2023-07-06,25.72112,91.981707,Synthetic incident record,SYNTHETIC
INC003054,R2909,ROAD_BLOCKAGE,5,2023-08-16,25.722136,91.999623,Synthetic incident record,SYNTHETIC
INC003055,R2910,FLOOD,3,2023-08-02,25.711423,91.985342,Synthetic incident record,SYNTHETIC
INC003056,R2911,FLOOD,3,2023-07-08,25.649351,92.133544,Synthetic incident record,SYNTHETIC
INC003057,R2911,FLOOD,4,2023-04-30,25.654377,92.119318,Synthetic incident record,SYNTHETIC
INC003058,R2911,FLOOD,2,2023-03-28,25.641157,92.135964,Synthetic incident record,SYNTHETIC
INC003059,R2912,FALLEN_TREE,1,2023-11-29,25.638674,92.130413,Synthetic incident record,SYNTHETIC
INC003060,R2916,ROAD_BLOCKAGE,1,2023-03-14,25.457479,91.925443,Synthetic incident record,SYNTHETIC
INC003061,R2916,FLOOD,1,2023-12-18,25.473113,91.925519,Synthetic incident record,SYNTHETIC
INC003062,R2916,FLOOD,1,2023-12-05,25.46131,91.924274,Synthetic incident record,SYNTHETIC
INC003063,R2916,LANDSLIDE,3,2023-06-05,25.467118,91.93421,Synthetic incident record,SYNTHETIC
INC003064,R2918,LANDSLIDE,3,2023-01-07,25.586945,91.776575,Synthetic incident record,SYNTHETIC
INC003065,R2918,FALLEN_TREE,2,2023-07-05,25.588273,91.78797,Synthetic incident record,SYNTHETIC
INC003066,R2919,FALLEN_TREE,3,2023-10-25,25.474787,91.754866,Synthetic incident record,SYNTHETIC
INC003067,R2920,ROAD_BLOCKAGE,1,2023-12-01,25.483657,91.751363,Synthetic incident record,SYNTHETIC
INC003068,R2921,ACCIDENT,1,2023-08-31,25.605866,92.056278,Synthetic incident record,SYNTHETIC
INC003069,R2922,LANDSLIDE,2,2023-08-21,25.58957,92.060776,Synthetic incident record,SYNTHETIC
INC003070,R2922,LANDSLIDE,1,2023-06-26,25.578475,92.056834,Synthetic incident record,SYNTHETIC
INC003071,R2922,ACCIDENT,5,2023-03-10,25.584341,92.058869,Synthetic incident record,SYNTHETIC
INC003072,R2922,ROAD_BLOCKAGE,4,2023-10-09,25.590761,92.059967,Synthetic incident record,SYNTHETIC
INC003073,R2923,ROAD_BLOCKAGE,4,2023-03-26,25.580028,92.063107,Synthetic incident record,SYNTHETIC
INC003074,R2923,FALLEN_TREE,4,2023-04-01,25.589615,92.048438,Synthetic incident record,SYNTHETIC
INC003075,R2924,ACCIDENT,5,2023-12-26,25.505832,91.958462,Synthetic incident record,SYNTHETIC
INC003076,R2928,ACCIDENT,1,2023-11-12,25.613498,92.114284,Synthetic incident record,SYNTHETIC
INC003077,R2929,FALLEN_TREE,1,2023-07-20,25.629477,92.110483,Synthetic incident record,SYNTHETIC
INC003078,R2930,ACCIDENT,3,2023-12-05,25.605349,92.046354,Synthetic incident record,SYNTHETIC
INC003079,R2931,ACCIDENT,3,2023-03-28,25.594244,92.060736,Synthetic incident record,SYNTHETIC
INC003080,R2932,FLOOD,4,2023-10-17,25.49173,91.642974,Synthetic incident record,SYNTHETIC
INC003081,R2933,FALLEN_TREE,1,2023-08-15,25.495137,91.650393,Synthetic incident record,SYNTHETIC
INC003082,R2935,FLOOD,2,2023-07-10,25.524163,91.708447,Synthetic incident record,SYNTHETIC
INC003083,R2936,FALLEN_TREE,3,2023-09-08,25.564987,91.733771,Synthetic incident record,SYNTHETIC
INC003084,R2937,ACCIDENT,1,2023-08-08,25.530627,91.688225,Synthetic incident record,SYNTHETIC
INC003085,R2938,ACCIDENT,5,2023-03-12,25.533239,91.6899,Synthetic incident record,SYNTHETIC
INC003086,R2938,ROAD_BLOCKAGE,4,2023-10-20,25.521786,91.691204,Synthetic incident record,SYNTHETIC
INC003087,R2938,FALLEN_TREE,3,2023-08-19,25.524989,91.700965,Synthetic incident record,SYNTHETIC
INC003088,R2939,ACCIDENT,4,2023-07-20,25.500514,91.929071,Synthetic incident record,SYNTHETIC
INC003089,R2940,FLOOD,2,2023-09-15,25.484488,91.926384,Synthetic incident record,SYNTHETIC
INC003090,R2942,FLOOD,3,2023-07-12,25.527531,91.745514,Synthetic incident record,SYNTHETIC
INC003091,R2945,FALLEN_TREE,3,2023-03-04,25.558072,91.764588,Synthetic incident record,SYNTHETIC
INC003092,R2945,ACCIDENT,4,2023-04-02,25.56317,91.76456,Synthetic incident record,SYNTHETIC
INC003093,R2945,FLOOD,4,2023-11-16,25.571607,91.75593,Synthetic incident record,SYNTHETIC
INC003094,R2945,ACCIDENT,2,2023-09-28,25.560882,91.752046,Synthetic incident record,SYNTHETIC
INC003095,R2946,ACCIDENT,1,2023-01-16,25.560196,91.753307,Synthetic incident record,SYNTHETIC
INC003096,R2946,ACCIDENT,3,2023-04-15,25.571472,91.760372,Synthetic incident record,SYNTHETIC
INC003097,R2946,LANDSLIDE,2,2023-11-17,25.561221,91.755728,Synthetic incident record,SYNTHETIC
INC003098,R2946,ACCIDENT,3,2023-01-28,25.558646,91.759777,Synthetic incident record,SYNTHETIC
INC003099,R2948,ROAD_BLOCKAGE,2,2023-11-11,25.563774,91.766924,Synthetic incident record,SYNTHETIC
INC003100,R2952,FLOOD,2,2023-12-23,25.501826,91.701842,Synthetic incident record,SYNTHETIC
INC003101,R2953,LANDSLIDE,5,2023-08-06,25.570397,91.743566,Synthetic incident record,SYNTHETIC
INC003102,R2953,LANDSLIDE,2,2023-07-25,25.562635,91.741048,Synthetic incident record,SYNTHETIC
INC003103,R2953,LANDSLIDE,3,2023-09-05,25.555142,91.737539,Synthetic incident record,SYNTHETIC
INC003104,R2953,ACCIDENT,3,2023-12-15,25.555218,91.733724,Synthetic incident record,SYNTHETIC
INC003105,R2955,LANDSLIDE,1,2023-10-27,25.415539,91.787168,Synthetic incident record,SYNTHETIC
INC003106,R2960,FALLEN_TREE,2,2023-12-08,25.403523,91.769577,Synthetic incident record,SYNTHETIC
INC003107,R2961,FLOOD,2,2023-09-13,25.415495,91.765456,Synthetic incident record,SYNTHETIC
INC003108,R2963,ACCIDENT,4,2023-10-31,25.413632,91.780076,Synthetic incident record,SYNTHETIC
INC003109,R2965,ROAD_BLOCKAGE,1,2023-08-05,25.497124,91.605507,Synthetic incident record,SYNTHETIC
INC003110,R2968,FLOOD,3,2023-02-17,25.478213,91.554309,Synthetic incident record,SYNTHETIC
INC003111,R2970,LANDSLIDE,2,2023-12-13,25.469445,91.8779,Synthetic incident record,SYNTHETIC
INC003112,R2971,ACCIDENT,2,2023-03-19,25.462956,91.897692,Synthetic incident record,SYNTHETIC
INC003113,R2972,FLOOD,2,2023-09-07,25.460491,91.888997,Synthetic incident record,SYNTHETIC
INC003114,R2973,LANDSLIDE,1,2023-08-04,25.48355,91.915735,Synthetic incident record,SYNTHETIC
INC003115,R2973,ACCIDENT,3,2023-03-12,25.48294,91.925333,Synthetic incident record,SYNTHETIC
INC003116,R2974,ROAD_BLOCKAGE,4,2023-12-11,25.559603,91.734345,Synthetic incident record,SYNTHETIC
INC003117,R2975,ACCIDENT,1,2023-01-17,25.532921,91.721024,Synthetic incident record,SYNTHETIC
INC003118,R2975,ROAD_BLOCKAGE,4,2023-12-28,25.54406,91.719298,Synthetic incident record,SYNTHETIC
INC003119,R2976,FLOOD,2,2023-12-25,25.532638,91.728242,Synthetic incident record,SYNTHETIC
INC003120,R2977,FLOOD,5,2023-09-01,25.510878,91.699994,Synthetic incident record,SYNTHETIC
INC003121,R2979,FALLEN_TREE,5,2023-01-19,25.560255,91.742553,Synthetic incident record,SYNTHETIC
INC003122,R2981,LANDSLIDE,1,2023-07-11,25.541195,91.719682,Synthetic incident record,SYNTHETIC
INC003123,R2982,LANDSLIDE,5,2023-11-22,25.553943,91.717903,Synthetic incident record,SYNTHETIC
INC003124,R2982,FALLEN_TREE,4,2023-10-20,25.544337,91.723731,Synthetic incident record,SYNTHETIC
INC003125,R2982,FLOOD,5,2023-11-29,25.553144,91.715833,Synthetic incident record,SYNTHETIC
INC003126,R2982,FLOOD,2,2023-05-11,25.550644,91.713171,Synthetic incident record,SYNTHETIC
INC003127,R2983,FALLEN_TREE,1,2023-03-14,25.54447,91.720279,Synthetic incident record,SYNTHETIC
INC003128,R2985,LANDSLIDE,2,2023-06-17,25.399383,92.047085,Synthetic incident record,SYNTHETIC
INC003129,R2985,FALLEN_TREE,1,2023-11-14,25.401818,92.043988,Synthetic incident record,SYNTHETIC
INC003130,R2985,FLOOD,4,2023-03-11,25.407283,92.062561,Synthetic incident record,SYNTHETIC
INC003131,R2985,FLOOD,4,2023-08-31,25.404217,92.059145,Synthetic incident record,SYNTHETIC
INC003132,R2986,ROAD_BLOCKAGE,3,2023-10-08,25.447562,91.619164,Synthetic incident record,SYNTHETIC
INC003133,R2986,ACCIDENT,2,2023-08-11,25.459208,91.606534,Synthetic incident record,SYNTHETIC
INC003134,R2986,FLOOD,1,2023-01-04,25.446306,91.621593,Synthetic incident record,SYNTHETIC
INC003135,R2986,LANDSLIDE,3,2023-03-21,25.458306,91.612644,Synthetic incident record,SYNTHETIC
INC003136,R2987,FALLEN_TREE,3,2023-02-10,25.447284,91.621977,Synthetic incident record,SYNTHETIC
INC003137,R2987,LANDSLIDE,5,2023-10-20,25.450263,91.612726,Synthetic incident record,SYNTHETIC
INC003138,R2987,LANDSLIDE,2,2023-01-15,25.45466,91.619684,Synthetic incident record,SYNTHETIC
INC003139,R2987,ACCIDENT,2,2023-08-29,25.450986,91.605168,Synthetic incident record,SYNTHETIC
INC003140,R2988,LANDSLIDE,5,2023-10-30,25.443818,91.619713,Synthetic incident record,SYNTHETIC
INC003141,R2990,LANDSLIDE,4,2023-09-18,25.523613,91.593097,Synthetic incident record,SYNTHETIC
INC003142,R2993,LANDSLIDE,1,2023-10-05,25.461922,91.602752,Synthetic incident record,SYNTHETIC
INC003143,R2994,FLOOD,2,2023-07-29,25.439028,91.609091,Synthetic incident record,SYNTHETIC
INC003144,R2995,FLOOD,2,2023-07-27,25.281595,91.869154,Synthetic incident record,SYNTHETIC
INC003145,R3001,ROAD_BLOCKAGE,4,2023-05-12,25.426258,92.04449,Synthetic incident record,SYNTHETIC
INC003146,R3002,ROAD_BLOCKAGE,4,2023-05-28,25.433832,92.046972,Synthetic incident record,SYNTHETIC
INC003147,R3004,FLOOD,3,2023-05-21,25.419975,91.737786,Synthetic incident record,SYNTHETIC
INC003148,R3005,LANDSLIDE,2,2023-12-10,25.430676,91.723774,Synthetic incident record,SYNTHETIC
INC003149,R3006,LANDSLIDE,2,2023-12-04,25.420055,91.724185,Synthetic incident record,SYNTHETIC
INC003150,R3008,LANDSLIDE,4,2023-04-26,25.479676,92.078622,Synthetic incident record,SYNTHETIC
INC003151,R3010,ROAD_BLOCKAGE,5,2023-04-27,25.612168,91.889437,Synthetic incident record,SYNTHETIC
INC003152,R3011,ACCIDENT,4,2023-10-08,25.613159,91.902052,Synthetic incident record,SYNTHETIC
INC003153,R3011,ACCIDENT,2,2023-12-04,25.596561,91.886501,Synthetic incident record,SYNTHETIC
INC003154,R3011,FALLEN_TREE,4,2023-06-07,25.608927,91.885073,Synthetic incident record,SYNTHETIC
INC003155,R3013,ROAD_BLOCKAGE,3,2023-02-04,25.363925,91.610085,Synthetic incident record,SYNTHETIC
INC003156,R3014,FALLEN_TREE,2,2023-02-24,25.351291,91.605623,Synthetic incident record,SYNTHETIC
INC003157,R3014,ACCIDENT,5,2023-12-07,25.357185,91.611096,Synthetic incident record,SYNTHETIC
INC003158,R3014,FLOOD,3,2023-10-25,25.350212,91.600406,Synthetic incident record,SYNTHETIC
INC003159,R3016,FLOOD,3,2023-07-14,25.591969,91.767051,Synthetic incident record,SYNTHETIC
INC003160,R3018,ROAD_BLOCKAGE,3,2023-08-12,25.411812,91.675863,Synthetic incident record,SYNTHETIC
INC003161,R3018,FLOOD,2,2023-12-14,25.425859,91.677499,Synthetic incident record,SYNTHETIC
INC003162,R3018,FALLEN_TREE,4,2023-08-16,25.420564,91.682142,Synthetic incident record,SYNTHETIC
INC003163,R3019,FLOOD,2,2023-05-07,25.420547,91.667479,Synthetic incident record,SYNTHETIC
INC003164,R3020,LANDSLIDE,3,2023-06-15,25.605067,91.797884,Synthetic incident record,SYNTHETIC
INC003165,R3023,ROAD_BLOCKAGE,4,2023-04-06,25.489208,91.535259,Synthetic incident record,SYNTHETIC
INC003166,R3024,LANDSLIDE,5,2023-11-30,25.522351,91.54038,Synthetic incident record,SYNTHETIC
INC003167,R3025,ACCIDENT,3,2023-11-28,25.518193,91.532849,Synthetic incident record,SYNTHETIC
INC003168,R3026,LANDSLIDE,4,2023-03-10,25.523196,91.522455,Synthetic incident record,SYNTHETIC
INC003169,R3030,ROAD_BLOCKAGE,3,2023-11-24,25.507766,91.53127,Synthetic incident record,SYNTHETIC
INC003170,R3033,ROAD_BLOCKAGE,2,2023-12-03,25.373996,91.631072,Synthetic incident record,SYNTHETIC
INC003171,R3037,FALLEN_TREE,2,2023-05-26,25.600758,91.851886,Synthetic incident record,SYNTHETIC
INC003172,R3037,ACCIDENT,5,2023-12-01,25.602944,91.858845,Synthetic incident record,SYNTHETIC
INC003173,R3038,ACCIDENT,4,2023-09-23,25.343254,92.063339,Synthetic incident record,SYNTHETIC
INC003174,R3040,LANDSLIDE,1,2023-12-07,25.325618,91.60039,Synthetic incident record,SYNTHETIC
INC003175,R3041,ROAD_BLOCKAGE,5,2023-05-15,25.325492,91.589309,Synthetic incident record,SYNTHETIC
INC003176,R3042,ACCIDENT,4,2023-06-21,25.326921,91.585792,Synthetic incident record,SYNTHETIC
INC003177,R3043,FALLEN_TREE,1,2023-06-15,25.573638,91.73203,Synthetic incident record,SYNTHETIC
INC003178,R3044,LANDSLIDE,1,2023-10-22,25.576215,91.719055,Synthetic incident record,SYNTHETIC
INC003179,R3045,FLOOD,2,2023-06-22,25.559665,91.743196,Synthetic incident record,SYNTHETIC
INC003180,R3046,FLOOD,1,2023-06-13,25.567539,91.731803,Synthetic incident record,SYNTHETIC
INC003181,R3050,FLOOD,2,2023-08-18,25.499564,91.808461,Synthetic incident record,SYNTHETIC
INC003182,R3055,ACCIDENT,3,2023-08-07,25.374693,92.065793,Synthetic incident record,SYNTHETIC
INC003183,R3056,FLOOD,4,2023-08-06,25.375114,92.07566,Synthetic incident record,SYNTHETIC
INC003184,R3060,FALLEN_TREE,1,2023-11-29,25.499702,91.780246,Synthetic incident record,SYNTHETIC
INC003185,R3063,ROAD_BLOCKAGE,4,2023-02-05,25.223239,91.721567,Synthetic incident record,SYNTHETIC
INC003186,R3068,ROAD_BLOCKAGE,4,2023-09-10,25.209009,91.577194,Synthetic incident record,SYNTHETIC
INC003187,R3069,ACCIDENT,4,2023-01-08,25.206606,91.579534,Synthetic incident record,SYNTHETIC
INC003188,R3070,ROAD_BLOCKAGE,5,2023-01-06,25.210949,91.601865,Synthetic incident record,SYNTHETIC
INC003189,R3074,ROAD_BLOCKAGE,2,2023-11-26,25.224373,91.58858,Synthetic incident record,SYNTHETIC
INC003190,R3076,ACCIDENT,1,2023-05-20,25.219104,91.595077,Synthetic incident record,SYNTHETIC
INC003191,R3077,FALLEN_TREE,4,2023-12-22,25.227334,91.583445,Synthetic incident record,SYNTHETIC
INC003192,R3077,LANDSLIDE,1,2023-01-21,25.22598,91.588911,Synthetic incident record,SYNTHETIC
INC003193,R3077,FLOOD,3,2023-03-17,25.217162,91.593105,Synthetic incident record,SYNTHETIC
INC003194,R3077,ACCIDENT,5,2023-09-16,25.227182,91.594882,Synthetic incident record,SYNTHETIC
INC003195,R3078,FLOOD,2,2023-08-06,25.225955,91.92811,Synthetic incident record,SYNTHETIC
INC003196,R3079,FALLEN_TREE,1,2023-05-31,25.210044,91.917611,Synthetic incident record,SYNTHETIC
INC003197,R3080,LANDSLIDE,5,2023-04-15,25.214673,91.930841,Synthetic incident record,SYNTHETIC
INC003198,R3081,FALLEN_TREE,3,2023-10-26,25.215301,91.922583,Synthetic incident record,SYNTHETIC
INC003199,R3081,ACCIDENT,3,2023-08-30,25.221199,91.927712,Synthetic incident record,SYNTHETIC
INC003200,R3081,LANDSLIDE,5,2023-12-18,25.217915,91.92127,Synthetic incident record,SYNTHETIC
INC003201,R3083,ACCIDENT,2,2023-09-28,25.225467,91.712843,Synthetic incident record,SYNTHETIC
INC003202,R3084,ROAD_BLOCKAGE,5,2023-08-22,25.600549,91.792239,Synthetic incident record,SYNTHETIC
INC003203,R3087,ROAD_BLOCKAGE,2,2023-09-03,25.206321,91.583764,Synthetic incident record,SYNTHETIC
INC003204,R3088,ACCIDENT,4,2023-02-24,25.212498,91.586969,Synthetic incident record,SYNTHETIC
INC003205,R3090,FALLEN_TREE,2,2023-07-17,25.493842,91.775598,Synthetic incident record,SYNTHETIC
INC003206,R3091,LANDSLIDE,2,2023-12-06,25.356221,92.09611,Synthetic incident record,SYNTHETIC
INC003207,R3092,LANDSLIDE,5,2023-03-10,25.368,92.090943,Synthetic incident record,SYNTHETIC
INC003208,R3094,FLOOD,2,2023-01-16,25.366695,92.082693,Synthetic incident record,SYNTHETIC
INC003209,R3095,LANDSLIDE,5,2023-07-11,25.360566,92.084587,Synthetic incident record,SYNTHETIC
INC003210,R3095,LANDSLIDE,5,2023-06-27,25.352423,92.088437,Synthetic incident record,SYNTHETIC
INC003211,R3095,ACCIDENT,2,2023-11-02,25.345873,92.089483,Synthetic incident record,SYNTHETIC
INC003212,R3095,FLOOD,3,2023-06-22,25.360674,92.079819,Synthetic incident record,SYNTHETIC
INC003213,R3099,ROAD_BLOCKAGE,2,2023-10-28,25.331652,92.091096,Synthetic incident record,SYNTHETIC
INC003214,R3099,FALLEN_TREE,1,2023-05-08,25.333506,92.085511,Synthetic incident record,SYNTHETIC
INC003215,R3099,FALLEN_TREE,5,2023-01-28,25.334784,92.094259,Synthetic incident record,SYNTHETIC
INC003216,R3099,LANDSLIDE,3,2023-02-07,25.337405,92.087914,Synthetic incident record,SYNTHETIC
INC003217,R3104,LANDSLIDE,1,2023-10-22,25.257279,91.525138,Synthetic incident record,SYNTHETIC
INC003218,R3105,LANDSLIDE,3,2023-09-06,25.245133,91.462098,Synthetic incident record,SYNTHETIC
INC003219,R3106,ACCIDENT,3,2023-11-11,25.245931,91.476042,Synthetic incident record,SYNTHETIC
INC003220,R3108,FALLEN_TREE,2,2023-04-11,25.256454,91.477572,Synthetic incident record,SYNTHETIC
INC003221,R3109,ROAD_BLOCKAGE,5,2023-06-21,25.502651,91.726143,Synthetic incident record,SYNTHETIC
INC003222,R3114,ROAD_BLOCKAGE,4,2023-01-07,25.187739,91.568934,Synthetic incident record,SYNTHETIC
INC003223,R3115,FLOOD,4,2023-10-21,25.178439,91.588316,Synthetic incident record,SYNTHETIC
INC003224,R3116,FALLEN_TREE,5,2023-02-19,25.174664,91.597873,Synthetic incident record,SYNTHETIC
INC003225,R3117,FALLEN_TREE,1,2023-08-20,25.170746,91.605767,Synthetic incident record,SYNTHETIC
INC003226,R3122,ACCIDENT,2,2023-03-06,25.15302,91.600945,Synthetic incident record,SYNTHETIC
INC003227,R3123,FLOOD,1,2023-08-31,25.146534,91.599482,Synthetic incident record,SYNTHETIC
INC003228,R3124,FALLEN_TREE,2,2023-07-10,25.158986,91.62411,Synthetic incident record,SYNTHETIC
INC003229,R3124,LANDSLIDE,4,2023-10-10,25.168414,91.623654,Synthetic incident record,SYNTHETIC
INC003230,R3124,LANDSLIDE,2,2023-02-22,25.162316,91.623504,Synthetic incident record,SYNTHETIC
INC003231,R3127,ROAD_BLOCKAGE,3,2023-12-23,25.195703,91.579553,Synthetic incident record,SYNTHETIC
INC003232,R3130,LANDSLIDE,4,2023-04-22,25.208933,91.921261,Synthetic incident record,SYNTHETIC
INC003233,R3130,FLOOD,3,2023-06-27,25.200464,91.909818,Synthetic incident record,SYNTHETIC
INC003234,R3132,ACCIDENT,3,2023-09-23,25.201535,91.576711,Synthetic incident record,SYNTHETIC
INC003235,R3133,LANDSLIDE,5,2023-06-28,25.180178,91.568636,Synthetic incident record,SYNTHETIC
INC003236,R3135,ROAD_BLOCKAGE,3,2023-06-14,25.589262,91.740374,Synthetic incident record,SYNTHETIC
INC003237,R3136,FLOOD,2,2023-08-03,25.583544,91.758732,Synthetic incident record,SYNTHETIC
INC003238,R3137,ROAD_BLOCKAGE,1,2023-05-12,25.182779,91.418997,Synthetic incident record,SYNTHETIC
INC003239,R3138,FLOOD,2,2023-04-27,25.219857,91.727638,Synthetic incident record,SYNTHETIC
INC003240,R3140,ROAD_BLOCKAGE,5,2023-08-08,25.190561,91.405989,Synthetic incident record,SYNTHETIC
INC003241,R3141,ROAD_BLOCKAGE,1,2023-04-26,25.189585,91.404736,Synthetic incident record,SYNTHETIC
INC003242,R3142,LANDSLIDE,5,2023-10-01,25.213326,91.532724,Synthetic incident record,SYNTHETIC
INC003243,R3143,ROAD_BLOCKAGE,5,2023-09-11,25.233769,91.527267,Synthetic incident record,SYNTHETIC
INC003244,R3144,ACCIDENT,2,2023-04-05,25.238095,91.572074,Synthetic incident record,SYNTHETIC
INC003245,R3147,FLOOD,1,2023-04-19,25.227027,91.589282,Synthetic incident record,SYNTHETIC
INC003246,R3148,LANDSLIDE,1,2023-05-23,25.157493,91.467498,Synthetic incident record,SYNTHETIC
INC003247,R3149,LANDSLIDE,1,2023-01-10,25.148044,91.47191,Synthetic incident record,SYNTHETIC
INC003248,R3149,ROAD_BLOCKAGE,3,2023-04-19,25.151759,91.482087,Synthetic incident record,SYNTHETIC
INC003249,R3149,FLOOD,1,2023-09-25,25.156257,91.477658,Synthetic incident record,SYNTHETIC
INC003250,R3150,LANDSLIDE,5,2023-11-04,25.162246,91.469707,Synthetic incident record,SYNTHETIC
INC003251,R3150,ACCIDENT,4,2023-09-08,25.148505,91.47762,Synthetic incident record,SYNTHETIC
INC003252,R3151,LANDSLIDE,1,2023-10-24,25.169441,91.486678,Synthetic incident record,SYNTHETIC
INC003253,R3152,FALLEN_TREE,3,2023-12-01,25.158346,91.484111,Synthetic incident record,SYNTHETIC
INC003254,R3153,ROAD_BLOCKAGE,5,2023-02-03,25.168213,91.493749,Synthetic incident record,SYNTHETIC
INC003255,R3155,FLOOD,1,2023-11-19,25.153113,91.695792,Synthetic incident record,SYNTHETIC
INC003256,R3157,ACCIDENT,4,2023-08-20,25.629132,91.903837,Synthetic incident record,SYNTHETIC
INC003257,R3158,ACCIDENT,1,2023-03-18,25.63289,91.899521,Synthetic incident record,SYNTHETIC
INC003258,R3159,FALLEN_TREE,5,2023-05-17,25.620973,91.913097,Synthetic incident record,SYNTHETIC
INC003259,R3161,ACCIDENT,3,2023-03-21,25.633082,91.89568,Synthetic incident record,SYNTHETIC
INC003260,R3162,FLOOD,4,2023-09-10,25.223068,91.344012,Synthetic incident record,SYNTHETIC
INC003261,R3163,FALLEN_TREE,4,2023-12-31,25.22628,91.348875,Synthetic incident record,SYNTHETIC
INC003262,R3166,ACCIDENT,3,2023-08-08,25.229236,91.721324,Synthetic incident record,SYNTHETIC
INC003263,R3167,ACCIDENT,5,2023-11-04,25.231091,91.733014,Synthetic incident record,SYNTHETIC
INC003264,R3168,FALLEN_TREE,3,2023-11-05,25.164272,91.463216,Synthetic incident record,SYNTHETIC
INC003265,R3169,LANDSLIDE,2,2023-08-21,25.161536,91.444551,Synthetic incident record,SYNTHETIC
INC003266,R3170,ROAD_BLOCKAGE,4,2023-10-05,25.191014,91.56537,Synthetic incident record,SYNTHETIC
INC003267,R3171,FLOOD,1,2023-05-23,25.182909,91.57576,Synthetic incident record,SYNTHETIC
INC003268,R3172,FLOOD,2,2023-09-08,25.182985,91.566278,Synthetic incident record,SYNTHETIC
INC003269,R3173,ACCIDENT,3,2023-09-04,25.183846,91.580339,Synthetic incident record,SYNTHETIC
INC003270,R3176,ACCIDENT,5,2023-10-12,25.260651,91.585418,Synthetic incident record,SYNTHETIC
INC003271,R3177,FLOOD,3,2023-01-31,25.248272,91.575891,Synthetic incident record,SYNTHETIC
INC003272,R3178,FLOOD,4,2023-01-15,25.158583,91.532994,Synthetic incident record,SYNTHETIC
INC003273,R3179,ROAD_BLOCKAGE,2,2023-01-08,25.155034,91.536019,Synthetic incident record,SYNTHETIC
INC003274,R3180,FLOOD,1,2023-04-18,25.150461,91.472498,Synthetic incident record,SYNTHETIC
INC003275,R3181,LANDSLIDE,4,2023-11-23,25.15809,91.455845,Synthetic incident record,SYNTHETIC
INC003276,R3182,FLOOD,1,2023-07-27,25.147426,91.457473,Synthetic incident record,SYNTHETIC
INC003277,R3184,LANDSLIDE,5,2023-07-02,25.167332,91.455338,Synthetic incident record,SYNTHETIC
INC003278,R3185,FALLEN_TREE,1,2023-05-07,25.16924,91.441626,Synthetic incident record,SYNTHETIC
INC003279,R3189,FALLEN_TREE,2,2023-12-17,25.154563,91.475475,Synthetic incident record,SYNTHETIC
INC003280,R3190,LANDSLIDE,3,2023-09-28,25.186035,91.614407,Synthetic incident record,SYNTHETIC
INC003281,R3190,FLOOD,1,2023-02-08,25.16901,91.616326,Synthetic incident record,SYNTHETIC
INC003282,R3192,FLOOD,2,2023-02-21,25.573469,91.905362,Synthetic incident record,SYNTHETIC
INC003283,R3194,FALLEN_TREE,4,2023-06-12,25.260847,91.729268,Synthetic incident record,SYNTHETIC
INC003284,R3194,FALLEN_TREE,1,2023-04-01,25.26422,91.73384,Synthetic incident record,SYNTHETIC
INC003285,R3194,FLOOD,2,2023-03-10,25.268101,91.740323,Synthetic incident record,SYNTHETIC
INC003286,R3194,FALLEN_TREE,1,2023-08-29,25.264659,91.729537,Synthetic incident record,SYNTHETIC
INC003287,R3195,LANDSLIDE,5,2023-06-11,25.264981,91.742416,Synthetic incident record,SYNTHETIC
INC003288,R3195,FALLEN_TREE,3,2023-08-31,25.254257,91.725258,Synthetic incident record,SYNTHETIC
INC003289,R3196,FLOOD,1,2023-07-09,25.598176,91.889786,Synthetic incident record,SYNTHETIC
INC003290,R3199,FALLEN_TREE,2,2023-06-01,25.219928,92.00165,Synthetic incident record,SYNTHETIC
INC003291,R3201,FLOOD,2,2023-10-15,25.171682,91.57448,Synthetic incident record,SYNTHETIC
INC003292,R3202,FALLEN_TREE,5,2023-09-04,25.160011,91.574444,Synthetic incident record,SYNTHETIC
INC003293,R3203,LANDSLIDE,3,2023-10-21,25.177592,91.582114,Synthetic incident record,SYNTHETIC
INC003294,R3204,LANDSLIDE,4,2023-04-21,25.164452,91.570471,Synthetic incident record,SYNTHETIC
INC003295,R3205,FLOOD,5,2023-11-09,25.164053,91.571671,Synthetic incident record,SYNTHETIC
INC003296,R3206,ROAD_BLOCKAGE,5,2023-02-19,25.175559,91.396657,Synthetic incident record,SYNTHETIC
INC003297,R3209,FLOOD,1,2023-08-24,25.220093,91.374853,Synthetic incident record,SYNTHETIC
INC003298,R3210,ACCIDENT,4,2023-10-28,25.210247,91.36305,Synthetic incident record,SYNTHETIC
INC003299,R3222,ROAD_BLOCKAGE,2,2023-01-14,25.59143,91.722384,Synthetic incident record,SYNTHETIC
INC003300,R3223,LANDSLIDE,4,2023-03-30,25.589761,91.737388,Synthetic incident record,SYNTHETIC
INC003301,R3228,ACCIDENT,2,2023-06-21,25.195175,91.382254,Synthetic incident record,SYNTHETIC
INC003302,R3231,LANDSLIDE,5,2023-10-20,25.162289,91.613162,Synthetic incident record,SYNTHETIC
INC003303,R3232,FALLEN_TREE,4,2023-05-28,25.131672,91.493971,Synthetic incident record,SYNTHETIC
INC003304,R3232,FLOOD,5,2023-06-12,25.137989,91.476699,Synthetic incident record,SYNTHETIC
INC003305,R3233,FLOOD,2,2023-05-12,25.148013,91.482072,Synthetic incident record,SYNTHETIC
INC003306,R3234,ROAD_BLOCKAGE,1,2023-08-15,25.130368,91.48854,Synthetic incident record,SYNTHETIC
INC003307,R3239,FLOOD,2,2023-04-27,25.568422,91.906106,Synthetic incident record,SYNTHETIC
INC003308,R3241,FALLEN_TREE,5,2023-11-19,25.564643,91.899631,Synthetic incident record,SYNTHETIC
INC003309,R3244,ACCIDENT,5,2023-04-16,25.558698,91.862178,Synthetic incident record,SYNTHETIC
INC003310,R3244,ACCIDENT,5,2023-08-01,25.562913,91.868566,Synthetic incident record,SYNTHETIC
INC003311,R3245,ROAD_BLOCKAGE,4,2023-04-26,25.566311,91.873922,Synthetic incident record,SYNTHETIC
INC003312,R3249,FALLEN_TREE,2,2023-12-05,25.034097,92.456032,Synthetic incident record,SYNTHETIC
INC003313,R3251,ACCIDENT,5,2023-11-01,24.938351,92.599363,Synthetic incident record,SYNTHETIC
INC003314,R3257,LANDSLIDE,4,2023-11-06,24.85472,92.616126,Synthetic incident record,SYNTHETIC
INC003315,R3260,LANDSLIDE,3,2023-12-29,25.148705,91.465258,Synthetic incident record,SYNTHETIC
INC003316,R3262,FALLEN_TREE,2,2023-06-04,25.084939,92.815273,Synthetic incident record,SYNTHETIC
INC003317,R3263,FLOOD,5,2023-02-03,25.086876,92.830248,Synthetic incident record,SYNTHETIC
INC003318,R3264,FALLEN_TREE,1,2023-06-25,25.085525,92.817859,Synthetic incident record,SYNTHETIC
INC003319,R3264,LANDSLIDE,5,2023-08-29,25.09662,92.824739,Synthetic incident record,SYNTHETIC
INC003320,R3264,ACCIDENT,1,2023-06-01,25.096965,92.824963,Synthetic incident record,SYNTHETIC
INC003321,R3265,ROAD_BLOCKAGE,3,2023-08-29,25.072843,92.822663,Synthetic incident record,SYNTHETIC
INC003322,R3265,FLOOD,2,2023-12-19,25.090171,92.807324,Synthetic incident record,SYNTHETIC
INC003323,R3265,FALLEN_TREE,4,2023-07-15,25.088334,92.808634,Synthetic incident record,SYNTHETIC
INC003324,R3265,ACCIDENT,3,2023-03-04,25.083278,92.806031,Synthetic incident record,SYNTHETIC
INC003325,R3266,ACCIDENT,4,2023-03-11,25.109914,92.847893,Synthetic incident record,SYNTHETIC
INC003326,R3267,FALLEN_TREE,4,2023-07-02,25.092557,92.821597,Synthetic incident record,SYNTHETIC
INC003327,R3268,ROAD_BLOCKAGE,4,2023-04-10,25.049908,92.801123,Synthetic incident record,SYNTHETIC
INC003328,R3269,FLOOD,2,2023-03-28,25.053843,92.811664,Synthetic incident record,SYNTHETIC
INC003329,R3270,FLOOD,5,2023-04-16,25.02564,92.771745,Synthetic incident record,SYNTHETIC
INC003330,R3272,FLOOD,1,2023-01-18,24.923225,92.763427,Synthetic incident record,SYNTHETIC
INC003331,R3273,ROAD_BLOCKAGE,4,2023-12-01,24.925067,92.789252,Synthetic incident record,SYNTHETIC
INC003332,R3276,FALLEN_TREE,2,2023-05-01,24.939275,92.760902,Synthetic incident record,SYNTHETIC
INC003333,R3277,ACCIDENT,3,2023-03-23,24.922158,92.76556,Synthetic incident record,SYNTHETIC
INC003334,R3278,LANDSLIDE,2,2023-11-14,24.934848,92.773358,Synthetic incident record,SYNTHETIC
INC003335,R3279,ROAD_BLOCKAGE,4,2023-02-01,24.936913,92.777114,Synthetic incident record,SYNTHETIC
INC003336,R3280,FLOOD,4,2023-10-06,24.963444,92.761638,Synthetic incident record,SYNTHETIC
INC003337,R3281,ACCIDENT,1,2023-03-08,24.966274,92.759287,Synthetic incident record,SYNTHETIC
INC003338,R3283,LANDSLIDE,4,2023-12-19,24.957019,92.760146,Synthetic incident record,SYNTHETIC
INC003339,R3284,ROAD_BLOCKAGE,1,2023-06-18,24.962126,92.753885,Synthetic incident record,SYNTHETIC
INC003340,R3288,FALLEN_TREE,3,2023-11-17,24.925851,92.84013,Synthetic incident record,SYNTHETIC
INC003341,R3294,ACCIDENT,2,2023-05-21,24.865156,92.589393,Synthetic incident record,SYNTHETIC
INC003342,R3296,FLOOD,3,2023-09-23,24.852926,92.603296,Synthetic incident record,SYNTHETIC
INC003343,R3297,FALLEN_TREE,4,2023-10-02,24.861247,92.613703,Synthetic incident record,SYNTHETIC
INC003344,R3297,FLOOD,2,2023-05-29,24.860085,92.621823,Synthetic incident record,SYNTHETIC
INC003345,R3298,ACCIDENT,2,2023-07-06,24.863867,92.62379,Synthetic incident record,SYNTHETIC
INC003346,R3299,ACCIDENT,5,2023-12-24,24.851113,92.606969,Synthetic incident record,SYNTHETIC
INC003347,R3300,FLOOD,3,2023-02-18,24.852941,92.621585,Synthetic incident record,SYNTHETIC
INC003348,R3303,FALLEN_TREE,4,2023-01-07,24.836526,92.70811,Synthetic incident record,SYNTHETIC
INC003349,R3304,FLOOD,4,2023-02-11,24.833272,92.800394,Synthetic incident record,SYNTHETIC
INC003350,R3305,ACCIDENT,4,2023-04-01,24.824033,92.799537,Synthetic incident record,SYNTHETIC
INC003351,R3307,FLOOD,5,2023-07-24,24.826225,92.78527,Synthetic incident record,SYNTHETIC
INC003352,R3307,ROAD_BLOCKAGE,4,2023-05-24,24.82203,92.799435,Synthetic incident record,SYNTHETIC
INC003353,R3308,FLOOD,4,2023-05-18,24.846912,92.710958,Synthetic incident record,SYNTHETIC
INC003354,R3314,ACCIDENT,1,2023-07-06,26.186853,91.749574,Synthetic incident record,SYNTHETIC
INC003355,R3316,LANDSLIDE,4,2023-02-18,24.81579,92.798382,Synthetic incident record,SYNTHETIC
INC003356,R3320,FALLEN_TREE,1,2023-07-17,24.946791,92.607333,Synthetic incident record,SYNTHETIC
INC003357,R3320,ROAD_BLOCKAGE,5,2023-09-10,24.949252,92.595493,Synthetic incident record,SYNTHETIC
INC003358,R3320,FALLEN_TREE,1,2023-03-02,24.95801,92.598941,Synthetic incident record,SYNTHETIC
INC003359,R3321,FLOOD,5,2023-01-04,24.954733,92.508277,Synthetic incident record,SYNTHETIC
INC003360,R3321,FLOOD,1,2023-04-28,24.973604,92.494674,Synthetic incident record,SYNTHETIC
INC003361,R3321,FALLEN_TREE,1,2023-06-05,24.967137,92.496182,Synthetic incident record,SYNTHETIC
INC003362,R3323,FLOOD,2,2023-07-14,24.917677,92.570276,Synthetic incident record,SYNTHETIC
INC003363,R3324,LANDSLIDE,2,2023-03-10,24.925411,92.554893,Synthetic incident record,SYNTHETIC
INC003364,R3325,ROAD_BLOCKAGE,5,2023-02-17,24.913754,92.565063,Synthetic incident record,SYNTHETIC
INC003365,R3326,FLOOD,5,2023-05-10,24.910483,92.560512,Synthetic incident record,SYNTHETIC
INC003366,R3328,FLOOD,3,2023-07-22,24.916991,92.565128,Synthetic incident record,SYNTHETIC
INC003367,R3329,LANDSLIDE,4,2023-07-14,24.965014,92.461357,Synthetic incident record,SYNTHETIC
INC003368,R3333,FLOOD,2,2023-01-27,24.95102,92.610974,Synthetic incident record,SYNTHETIC
INC003369,R3334,ROAD_BLOCKAGE,3,2023-02-08,24.959165,92.616992,Synthetic incident record,SYNTHETIC
INC003370,R3335,FALLEN_TREE,2,2023-12-03,24.961834,92.624254,Synthetic incident record,SYNTHETIC
INC003371,R3338,ROAD_BLOCKAGE,4,2023-05-18,24.962553,92.500351,Synthetic incident record,SYNTHETIC
INC003372,R3340,FALLEN_TREE,3,2023-10-09,24.911704,92.564727,Synthetic incident record,SYNTHETIC
INC003373,R3341,ROAD_BLOCKAGE,4,2023-03-14,24.915259,92.553822,Synthetic incident record,SYNTHETIC
INC003374,R3343,ROAD_BLOCKAGE,1,2023-12-04,24.980503,92.489271,Synthetic incident record,SYNTHETIC
INC003375,R3346,LANDSLIDE,5,2023-04-26,24.860874,92.612166,Synthetic incident record,SYNTHETIC
INC003376,R3347,FLOOD,2,2023-07-28,25.011855,92.42681,Synthetic incident record,SYNTHETIC
INC003377,R3350,FALLEN_TREE,1,2023-06-10,24.956243,92.804166,Synthetic incident record,SYNTHETIC
INC003378,R3351,ROAD_BLOCKAGE,5,2023-08-22,24.962109,92.804527,Synthetic incident record,SYNTHETIC
INC003379,R3351,FLOOD,5,2023-01-25,24.951925,92.810197,Synthetic incident record,SYNTHETIC
INC003380,R3352,FLOOD,3,2023-07-07,24.890225,92.706169,Synthetic incident record,SYNTHETIC
INC003381,R3354,FLOOD,1,2023-10-19,24.975596,92.567665,Synthetic incident record,SYNTHETIC
INC003382,R3355,LANDSLIDE,2,2023-07-31,24.954203,92.560303,Synthetic incident record,SYNTHETIC
INC003383,R3356,ROAD_BLOCKAGE,4,2023-11-26,24.909967,92.506975,Synthetic incident record,SYNTHETIC
INC003384,R3356,ROAD_BLOCKAGE,2,2023-03-16,24.909583,92.502833,Synthetic incident record,SYNTHETIC
INC003385,R3356,ROAD_BLOCKAGE,5,2023-04-09,24.905035,92.502519,Synthetic incident record,SYNTHETIC
INC003386,R3356,ACCIDENT,1,2023-06-01,24.909777,92.503202,Synthetic incident record,SYNTHETIC
INC003387,R3357,ROAD_BLOCKAGE,3,2023-03-07,24.894461,92.676352,Synthetic incident record,SYNTHETIC
INC003388,R3358,ROAD_BLOCKAGE,1,2023-06-05,24.904304,92.675819,Synthetic incident record,SYNTHETIC
INC003389,R3360,LANDSLIDE,3,2023-05-20,24.866022,92.661102,Synthetic incident record,SYNTHETIC
INC003390,R3363,LANDSLIDE,5,2023-11-16,24.894938,92.58352,Synthetic incident record,SYNTHETIC
INC003391,R3366,FLOOD,2,2023-01-08,24.941322,92.617964,Synthetic incident record,SYNTHETIC
INC003392,R3366,ROAD_BLOCKAGE,4,2023-01-10,24.942969,92.630254,Synthetic incident record,SYNTHETIC
INC003393,R3367,FALLEN_TREE,4,2023-03-02,24.938954,92.636353,Synthetic incident record,SYNTHETIC
INC003394,R3369,LANDSLIDE,2,2023-02-07,24.923257,92.50691,Synthetic incident record,SYNTHETIC
INC003395,R3372,ACCIDENT,5,2023-08-06,24.935719,92.513671,Synthetic incident record,SYNTHETIC
INC003396,R3373,LANDSLIDE,3,2023-08-02,24.934448,92.515023,Synthetic incident record,SYNTHETIC
INC003397,R3380,LANDSLIDE,1,2023-05-31,24.990125,92.503714,Synthetic incident record,SYNTHETIC
INC003398,R3382,FALLEN_TREE,5,2023-01-04,24.980963,92.516124,Synthetic incident record,SYNTHETIC
INC003399,R3382,FALLEN_TREE,5,2023-08-06,24.991359,92.510061,Synthetic incident record,SYNTHETIC
INC003400,R3382,FALLEN_TREE,1,2023-01-05,24.987224,92.501377,Synthetic incident record,SYNTHETIC
INC003401,R3383,FLOOD,3,2023-03-04,24.979909,92.502374,Synthetic incident record,SYNTHETIC
INC003402,R3385,FLOOD,2,2023-02-25,24.941302,92.532792,Synthetic incident record,SYNTHETIC
INC003403,R3385,LANDSLIDE,2,2023-06-24,24.942159,92.534932,Synthetic incident record,SYNTHETIC
INC003404,R3387,ACCIDENT,1,2023-07-03,24.943992,92.541613,Synthetic incident record,SYNTHETIC
INC003405,R3388,FALLEN_TREE,1,2023-07-28,24.945269,92.538954,Synthetic incident record,SYNTHETIC
INC003406,R3390,FALLEN_TREE,1,2023-12-11,24.882855,92.636977,Synthetic incident record,SYNTHETIC
INC003407,R3391,LANDSLIDE,1,2023-10-19,24.883526,92.499562,Synthetic incident record,SYNTHETIC
INC003408,R3392,LANDSLIDE,3,2023-05-07,24.891772,92.500056,Synthetic incident record,SYNTHETIC
INC003409,R3393,FALLEN_TREE,5,2023-11-09,24.927144,92.837036,Synthetic incident record,SYNTHETIC
INC003410,R3395,ACCIDENT,1,2023-10-05,24.938357,92.546841,Synthetic incident record,SYNTHETIC
INC003411,R3396,ACCIDENT,4,2023-07-28,24.93547,92.528824,Synthetic incident record,SYNTHETIC
INC003412,R3398,FLOOD,1,2023-03-06,24.91923,92.586417,Synthetic incident record,SYNTHETIC
INC003413,R3399,ROAD_BLOCKAGE,1,2023-08-06,24.935215,92.598242,Synthetic incident record,SYNTHETIC
INC003414,R3401,FLOOD,3,2023-03-16,24.84071,92.783937,Synthetic incident record,SYNTHETIC
INC003415,R3402,LANDSLIDE,3,2023-06-16,24.885143,92.673599,Synthetic incident record,SYNTHETIC
INC003416,R3405,FLOOD,3,2023-05-02,24.903091,92.686049,Synthetic incident record,SYNTHETIC
INC003417,R3406,ROAD_BLOCKAGE,3,2023-08-06,24.950616,92.673097,Synthetic incident record,SYNTHETIC
INC003418,R3407,ROAD_BLOCKAGE,4,2023-12-10,24.95353,92.683721,Synthetic incident record,SYNTHETIC
INC003419,R3408,FALLEN_TREE,5,2023-03-25,24.955867,92.685831,Synthetic incident record,SYNTHETIC
INC003420,R3409,FALLEN_TREE,5,2023-05-16,24.968777,92.697889,Synthetic incident record,SYNTHETIC
INC003421,R3413,FALLEN_TREE,2,2023-01-05,25.023679,92.448344,Synthetic incident record,SYNTHETIC
INC003422,R3414,ROAD_BLOCKAGE,2,2023-11-24,25.018459,92.431976,Synthetic incident record,SYNTHETIC
INC003423,R3415,FLOOD,4,2023-08-09,24.923794,92.790906,Synthetic incident record,SYNTHETIC
INC003424,R3419,ROAD_BLOCKAGE,5,2023-01-01,24.967696,92.547884,Synthetic incident record,SYNTHETIC
INC003425,R3421,ROAD_BLOCKAGE,2,2023-11-21,24.980837,92.557045,Synthetic incident record,SYNTHETIC
INC003426,R3422,ACCIDENT,1,2023-06-09,24.967415,92.53074,Synthetic incident record,SYNTHETIC
INC003427,R3423,FLOOD,2,2023-05-19,24.904265,92.893223,Synthetic incident record,SYNTHETIC
INC003428,R3426,LANDSLIDE,2,2023-01-02,24.92509,92.458356,Synthetic incident record,SYNTHETIC
INC003429,R3427,LANDSLIDE,4,2023-04-15,24.883673,92.479754,Synthetic incident record,SYNTHETIC
INC003430,R3427,LANDSLIDE,5,2023-01-15,24.881595,92.489456,Synthetic incident record,SYNTHETIC
INC003431,R3429,ACCIDENT,1,2023-10-04,24.912822,92.479743,Synthetic incident record,SYNTHETIC
INC003432,R3429,ACCIDENT,3,2023-12-02,24.91454,92.478084,Synthetic incident record,SYNTHETIC
INC003433,R3430,FLOOD,2,2023-12-19,24.918346,92.447118,Synthetic incident record,SYNTHETIC
INC003434,R3432,ACCIDENT,1,2023-09-19,24.923062,92.447806,Synthetic incident record,SYNTHETIC
INC003435,R3434,FLOOD,3,2023-12-22,24.892913,92.878625,Synthetic incident record,SYNTHETIC
INC003436,R3435,FALLEN_TREE,4,2023-11-01,24.861648,92.829313,Synthetic incident record,SYNTHETIC
INC003437,R3435,FLOOD,5,2023-08-27,24.863121,92.811962,Synthetic incident record,SYNTHETIC
INC003438,R3441,FLOOD,5,2023-02-05,24.905492,92.767671,Synthetic incident record,SYNTHETIC
INC003439,R3443,ACCIDENT,4,2023-02-08,24.98096,92.768963,Synthetic incident record,SYNTHETIC
INC003440,R3443,ROAD_BLOCKAGE,3,2023-05-06,24.980816,92.75872,Synthetic incident record,SYNTHETIC
INC003441,R3444,FALLEN_TREE,1,2023-08-28,24.974488,92.76903,Synthetic incident record,SYNTHETIC
INC003442,R3449,FLOOD,5,2023-08-09,24.962973,92.574807,Synthetic incident record,SYNTHETIC
INC003443,R3450,FLOOD,5,2023-08-03,24.963018,92.576314,Synthetic incident record,SYNTHETIC
INC003444,R3451,ACCIDENT,2,2023-09-02,24.968981,92.569803,Synthetic incident record,SYNTHETIC
INC003445,R3451,FLOOD,4,2023-07-09,24.962625,92.581418,Synthetic incident record,SYNTHETIC
INC003446,R3451,LANDSLIDE,2,2023-10-06,24.960809,92.577086,Synthetic incident record,SYNTHETIC
INC003447,R3452,FLOOD,4,2023-09-14,24.859448,92.951667,Synthetic incident record,SYNTHETIC
INC003448,R3453,FALLEN_TREE,2,2023-02-05,24.859001,92.951957,Synthetic incident record,SYNTHETIC
INC003449,R3454,FLOOD,3,2023-11-11,24.80186,92.909063,Synthetic incident record,SYNTHETIC
INC003450,R3455,ROAD_BLOCKAGE,2,2023-04-01,24.920701,92.957934,Synthetic incident record,SYNTHETIC
INC003451,R3455,ACCIDENT,1,2023-01-01,24.90819,92.949159,Synthetic incident record,SYNTHETIC
INC003452,R3455,FLOOD,1,2023-12-16,24.919061,92.943979,Synthetic incident record,SYNTHETIC
INC003453,R3455,ROAD_BLOCKAGE,2,2023-05-27,24.916377,92.946151,Synthetic incident record,SYNTHETIC
INC003454,R3456,ROAD_BLOCKAGE,2,2023-03-21,24.953079,92.692188,Synthetic incident record,SYNTHETIC
INC003455,R3458,ACCIDENT,2,2023-09-10,24.894833,92.996352,Synthetic incident record,SYNTHETIC
INC003456,R3459,LANDSLIDE,4,2023-09-03,24.87883,92.996172,Synthetic incident record,SYNTHETIC
INC003457,R3462,ACCIDENT,5,2023-04-21,24.837294,92.990113,Synthetic incident record,SYNTHETIC
INC003458,R3464,FALLEN_TREE,5,2023-01-16,24.884815,92.906182,Synthetic incident record,SYNTHETIC
INC003459,R3465,ROAD_BLOCKAGE,5,2023-10-07,24.872684,92.898449,Synthetic incident record,SYNTHETIC
INC003460,R3467,FALLEN_TREE,4,2023-03-19,24.866063,92.97765,Synthetic incident record,SYNTHETIC
INC003461,R3467,FALLEN_TREE,4,2023-11-13,24.867248,92.989185,Synthetic incident record,SYNTHETIC
INC003462,R3470,LANDSLIDE,4,2023-06-21,24.814399,92.790629,Synthetic incident record,SYNTHETIC
INC003463,R3474,FALLEN_TREE,5,2023-08-07,25.028921,91.650329,Synthetic incident record,SYNTHETIC
INC003464,R3476,ROAD_BLOCKAGE,5,2023-06-22,25.078044,92.803204,Synthetic incident record,SYNTHETIC
INC003465,R3477,FALLEN_TREE,5,2023-10-15,24.808297,92.795624,Synthetic incident record,SYNTHETIC
INC003466,R3480,LANDSLIDE,5,2023-08-11,24.812912,92.794205,Synthetic incident record,SYNTHETIC
INC003467,R3480,FLOOD,2,2023-04-25,24.797983,92.804311,Synthetic incident record,SYNTHETIC
INC003468,R3480,FALLEN_TREE,5,2023-01-11,24.801566,92.799595,Synthetic incident record,SYNTHETIC
INC003469,R3480,ACCIDENT,2,2023-11-17,24.813733,92.792191,Synthetic incident record,SYNTHETIC
INC003470,R3481,ROAD_BLOCKAGE,1,2023-05-23,24.804475,92.800351,Synthetic incident record,SYNTHETIC
INC003471,R3481,FALLEN_TREE,1,2023-01-08,24.804052,92.789595,Synthetic incident record,SYNTHETIC
INC003472,R3481,ROAD_BLOCKAGE,2,2023-11-27,24.802555,92.797993,Synthetic incident record,SYNTHETIC
INC003473,R3481,ACCIDENT,4,2023-02-22,24.805064,92.788869,Synthetic incident record,SYNTHETIC
INC003474,R3482,ROAD_BLOCKAGE,5,2023-08-31,24.80086,92.78874,Synthetic incident record,SYNTHETIC
INC003475,R3482,FALLEN_TREE,2,2023-06-20,24.800262,92.794363,Synthetic incident record,SYNTHETIC
INC003476,R3483,ACCIDENT,1,2023-03-23,24.887809,92.902264,Synthetic incident record,SYNTHETIC
INC003477,R3484,ACCIDENT,4,2023-04-25,24.862409,92.853311,Synthetic incident record,SYNTHETIC
INC003478,R3485,LANDSLIDE,4,2023-01-09,24.878224,92.881863,Synthetic incident record,SYNTHETIC
INC003479,R3486,LANDSLIDE,4,2023-10-05,24.922879,92.943172,Synthetic incident record,SYNTHETIC
INC003480,R3487,LANDSLIDE,4,2023-09-03,24.921737,92.949413,Synthetic incident record,SYNTHETIC
INC003481,R3488,FLOOD,4,2023-09-22,24.919286,92.923091,Synthetic incident record,SYNTHETIC
INC003482,R3489,FALLEN_TREE,3,2023-03-14,24.910064,92.930461,Synthetic incident record,SYNTHETIC
INC003483,R3490,ROAD_BLOCKAGE,4,2023-12-29,24.911738,92.924225,Synthetic incident record,SYNTHETIC
INC003484,R3492,FALLEN_TREE,1,2023-08-11,24.903691,92.903216,Synthetic incident record,SYNTHETIC
INC003485,R3494,FALLEN_TREE,1,2023-02-11,24.901072,92.915315,Synthetic incident record,SYNTHETIC
INC003486,R3498,LANDSLIDE,5,2023-11-16,24.905523,92.895928,Synthetic incident record,SYNTHETIC
INC003487,R3500,LANDSLIDE,5,2023-12-17,24.895869,92.893478,Synthetic incident record,SYNTHETIC
INC003488,R3500,ROAD_BLOCKAGE,3,2023-08-11,24.889656,92.892454,Synthetic incident record,SYNTHETIC
INC003489,R3500,FALLEN_TREE,4,2023-06-16,24.892249,92.889679,Synthetic incident record,SYNTHETIC
INC003490,R3501,LANDSLIDE,5,2023-07-08,24.895821,92.879507,Synthetic incident record,SYNTHETIC
INC003491,R3502,ACCIDENT,2,2023-05-08,24.889747,92.883921,Synthetic incident record,SYNTHETIC
INC003492,R3503,FALLEN_TREE,5,2023-02-04,24.877422,92.887307,Synthetic incident record,SYNTHETIC
INC003493,R3504,FALLEN_TREE,1,2023-11-13,24.906942,92.976169,Synthetic incident record,SYNTHETIC
INC003494,R3505,ACCIDENT,4,2023-10-05,24.936154,92.991491,Synthetic incident record,SYNTHETIC
INC003495,R3506,LANDSLIDE,2,2023-08-08,24.925203,92.94933,Synthetic incident record,SYNTHETIC
INC003496,R3506,ACCIDENT,2,2023-08-16,24.917758,92.941148,Synthetic incident record,SYNTHETIC
INC003497,R3507,LANDSLIDE,2,2023-10-02,24.917826,92.958157,Synthetic incident record,SYNTHETIC
INC003498,R3508,ROAD_BLOCKAGE,3,2023-01-18,24.826076,91.931308,Synthetic incident record,SYNTHETIC
INC003499,R3510,FLOOD,5,2023-10-29,24.904535,91.876467,Synthetic incident record,SYNTHETIC
INC003500,R3511,LANDSLIDE,4,2023-09-03,24.848491,92.265015,Synthetic incident record,SYNTHETIC
INC003501,R3513,FALLEN_TREE,4,2023-12-12,25.043154,91.361524,Synthetic incident record,SYNTHETIC
INC003502,R3514,FALLEN_TREE,3,2023-08-28,25.020811,91.359981,Synthetic incident record,SYNTHETIC
INC003503,R3514,FLOOD,3,2023-03-31,25.03675,91.361228,Synthetic incident record,SYNTHETIC
INC003504,R3514,FLOOD,1,2023-01-24,25.026723,91.362404,Synthetic incident record,SYNTHETIC
INC003505,R3516,FALLEN_TREE,3,2023-03-01,26.105076,91.850879,Synthetic incident record,SYNTHETIC
INC003506,R3520,FLOOD,1,2023-09-20,25.021115,91.659672,Synthetic incident record,SYNTHETIC
INC003507,R3522,ACCIDENT,1,2023-02-11,25.133853,91.723386,Synthetic incident record,SYNTHETIC
INC003508,R3528,LANDSLIDE,5,2023-06-12,25.064958,91.371725,Synthetic incident record,SYNTHETIC
INC003509,R3529,LANDSLIDE,5,2023-05-22,24.82442,91.532783,Synthetic incident record,SYNTHETIC
INC003510,R3530,ACCIDENT,4,2023-06-14,24.814905,91.540979,Synthetic incident record,SYNTHETIC
INC003511,R3530,LANDSLIDE,2,2023-12-10,24.826001,91.533889,Synthetic incident record,SYNTHETIC
INC003512,R3530,ROAD_BLOCKAGE,5,2023-03-12,24.818239,91.540974,Synthetic incident record,SYNTHETIC
INC003513,R3531,FALLEN_TREE,2,2023-09-03,24.840269,91.526,Synthetic incident record,SYNTHETIC
INC003514,R3532,FALLEN_TREE,5,2023-10-30,24.837713,91.514114,Synthetic incident record,SYNTHETIC
INC003515,R3538,FALLEN_TREE,1,2023-11-11,24.850275,91.512778,Synthetic incident record,SYNTHETIC
INC003516,R3539,FALLEN_TREE,3,2023-04-27,24.875569,91.49319,Synthetic incident record,SYNTHETIC
INC003517,R3540,ACCIDENT,3,2023-05-09,24.865977,91.493426,Synthetic incident record,SYNTHETIC
INC003518,R3541,FALLEN_TREE,2,2023-12-11,24.889605,91.474883,Synthetic incident record,SYNTHETIC
INC003519,R3542,ROAD_BLOCKAGE,3,2023-08-03,24.892499,91.48338,Synthetic incident record,SYNTHETIC
INC003520,R3543,ACCIDENT,1,2023-04-14,24.90062,91.466395,Synthetic incident record,SYNTHETIC
INC003521,R3543,FALLEN_TREE,4,2023-07-08,24.888441,91.466407,Synthetic incident record,SYNTHETIC
INC003522,R3543,LANDSLIDE,4,2023-02-18,24.892396,91.472666,Synthetic incident record,SYNTHETIC
INC003523,R3543,FLOOD,2,2023-10-27,24.907055,91.468297,Synthetic incident record,SYNTHETIC
INC003524,R3544,ACCIDENT,5,2023-03-11,24.899781,91.466485,Synthetic incident record,SYNTHETIC
INC003525,R3546,ROAD_BLOCKAGE,4,2023-12-31,24.901306,91.465954,Synthetic incident record,SYNTHETIC
INC003526,R3548,FLOOD,1,2023-10-01,24.879148,91.49536,Synthetic incident record,SYNTHETIC
INC003527,R3552,LANDSLIDE,5,2023-06-28,25.136912,91.600365,Synthetic incident record,SYNTHETIC
INC003528,R3553,ACCIDENT,1,2023-09-25,25.122574,91.605178,Synthetic incident record,SYNTHETIC
INC003529,R3555,ROAD_BLOCKAGE,3,2023-03-04,24.946571,91.470306,Synthetic incident record,SYNTHETIC
INC003530,R3555,FALLEN_TREE,5,2023-12-03,24.944139,91.465678,Synthetic incident record,SYNTHETIC
INC003531,R3556,FALLEN_TREE,5,2023-04-25,25.12821,91.583654,Synthetic incident record,SYNTHETIC
INC003532,R3560,FLOOD,4,2023-01-27,25.167006,91.617983,Synthetic incident record,SYNTHETIC
INC003533,R3560,ACCIDENT,4,2023-10-27,25.159905,91.621631,Synthetic incident record,SYNTHETIC
INC003534,R3563,LANDSLIDE,4,2023-12-02,25.01425,92.262328,Synthetic incident record,SYNTHETIC
INC003535,R3565,FLOOD,3,2023-09-30,24.916845,91.518423,Synthetic incident record,SYNTHETIC
INC003536,R3569,ROAD_BLOCKAGE,2,2023-11-07,25.174283,91.573635,Synthetic incident record,SYNTHETIC
INC003537,R3570,ACCIDENT,2,2023-06-27,25.169656,91.561382,Synthetic incident record,SYNTHETIC
INC003538,R3572,LANDSLIDE,4,2023-01-15,25.137957,91.571344,Synthetic incident record,SYNTHETIC
INC003539,R3572,LANDSLIDE,2,2023-10-22,25.144452,91.582053,Synthetic incident record,SYNTHETIC
INC003540,R3572,ACCIDENT,1,2023-11-16,25.145917,91.577082,Synthetic incident record,SYNTHETIC
INC003541,R3572,FLOOD,3,2023-05-18,25.140573,91.585858,Synthetic incident record,SYNTHETIC
INC003542,R3574,FALLEN_TREE,5,2023-05-27,25.14507,91.605211,Synthetic incident record,SYNTHETIC
INC003543,R3574,ACCIDENT,4,2023-05-13,25.142955,91.605162,Synthetic incident record,SYNTHETIC
INC003544,R3574,ROAD_BLOCKAGE,4,2023-02-15,25.143238,91.596761,Synthetic incident record,SYNTHETIC
INC003545,R3575,ACCIDENT,2,2023-05-25,25.140164,91.60711,Synthetic incident record,SYNTHETIC
INC003546,R3577,ACCIDENT,2,2023-12-08,25.115523,91.608867,Synthetic incident record,SYNTHETIC
INC003547,R3578,LANDSLIDE,4,2023-08-08,24.960549,91.888441,Synthetic incident record,SYNTHETIC
INC003548,R3580,FALLEN_TREE,5,2023-12-27,25.102989,91.553978,Synthetic incident record,SYNTHETIC
INC003549,R3581,FALLEN_TREE,4,2023-05-03,25.098285,91.540239,Synthetic incident record,SYNTHETIC
INC003550,R3582,LANDSLIDE,2,2023-08-29,24.9111,91.715856,Synthetic incident record,SYNTHETIC
INC003551,R3584,FALLEN_TREE,2,2023-04-12,24.813348,91.903772,Synthetic incident record,SYNTHETIC
INC003552,R3585,ROAD_BLOCKAGE,5,2023-10-29,24.772008,91.913433,Synthetic incident record,SYNTHETIC
INC003553,R3591,LANDSLIDE,5,2023-08-08,24.937846,91.687245,Synthetic incident record,SYNTHETIC
INC003554,R3593,ROAD_BLOCKAGE,4,2023-05-11,24.829485,92.804568,Synthetic incident record,SYNTHETIC
INC003555,R3595,ACCIDENT,2,2023-09-08,24.935288,91.472889,Synthetic incident record,SYNTHETIC
INC003556,R3599,ROAD_BLOCKAGE,1,2023-06-12,24.98857,91.670094,Synthetic incident record,SYNTHETIC
INC003557,R3600,ACCIDENT,4,2023-09-14,24.989548,91.673472,Synthetic incident record,SYNTHETIC
INC003558,R3600,FLOOD,3,2023-03-18,24.980389,91.671055,Synthetic incident record,SYNTHETIC
INC003559,R3600,FLOOD,3,2023-04-26,24.986983,91.663492,Synthetic incident record,SYNTHETIC
INC003560,R3603,FALLEN_TREE,3,2023-06-25,24.96848,91.512079,Synthetic incident record,SYNTHETIC
INC003561,R3604,LANDSLIDE,3,2023-10-13,24.98582,91.739528,Synthetic incident record,SYNTHETIC
INC003562,R3606,FLOOD,2,2023-03-27,25.016548,91.637785,Synthetic incident record,SYNTHETIC
INC003563,R3609,ACCIDENT,2,2023-10-03,25.043918,91.339042,Synthetic incident record,SYNTHETIC
INC003564,R3610,LANDSLIDE,1,2023-12-09,25.035846,91.667896,Synthetic incident record,SYNTHETIC
INC003565,R3614,ACCIDENT,3,2023-11-04,24.888578,91.950803,Synthetic incident record,SYNTHETIC
INC003566,R3615,FALLEN_TREE,4,2023-09-22,24.95096,91.621854,Synthetic incident record,SYNTHETIC
INC003567,R3620,FALLEN_TREE,3,2023-06-19,25.044372,91.852626,Synthetic incident record,SYNTHETIC
INC003568,R3622,ACCIDENT,3,2023-01-26,25.042692,91.567485,Synthetic incident record,SYNTHETIC
INC003569,R3623,FALLEN_TREE,4,2023-10-04,24.878221,91.421362,Synthetic incident record,SYNTHETIC
INC003570,R3624,ROAD_BLOCKAGE,4,2023-08-21,24.879897,91.417581,Synthetic incident record,SYNTHETIC
INC003571,R3625,ACCIDENT,5,2023-08-29,24.953277,91.562866,Synthetic incident record,SYNTHETIC
INC003572,R3626,ACCIDENT,4,2023-01-02,24.962295,91.568478,Synthetic incident record,SYNTHETIC
INC003573,R3627,FALLEN_TREE,3,2023-05-27,24.96602,91.56916,Synthetic incident record,SYNTHETIC
INC003574,R3628,LANDSLIDE,4,2023-05-11,24.940482,91.561968,Synthetic incident record,SYNTHETIC
INC003575,R3629,ROAD_BLOCKAGE,5,2023-11-30,24.937054,91.553801,Synthetic incident record,SYNTHETIC
INC003576,R3631,FALLEN_TREE,3,2023-01-02,25.050093,91.541865,Synthetic incident record,SYNTHETIC
INC003577,R3633,LANDSLIDE,5,2023-07-13,25.076437,91.642756,Synthetic incident record,SYNTHETIC
INC003578,R3634,FALLEN_TREE,5,2023-05-09,25.013984,91.618796,Synthetic incident record,SYNTHETIC
INC003579,R3637,LANDSLIDE,2,2023-12-15,25.067055,91.628977,Synthetic incident record,SYNTHETIC
INC003580,R3639,ROAD_BLOCKAGE,2,2023-07-20,25.064342,91.640064,Synthetic incident record,SYNTHETIC
INC003581,R3641,ACCIDENT,2,2023-12-01,25.078694,91.621969,Synthetic incident record,SYNTHETIC
INC003582,R3643,FLOOD,2,2023-06-01,25.177995,91.304328,Synthetic incident record,SYNTHETIC
INC003583,R3644,FALLEN_TREE,3,2023-03-10,24.996226,91.525714,Synthetic incident record,SYNTHETIC
INC003584,R3645,LANDSLIDE,3,2023-04-17,25.008298,91.513704,Synthetic incident record,SYNTHETIC
INC003585,R3647,LANDSLIDE,3,2023-09-07,25.033844,91.362186,Synthetic incident record,SYNTHETIC
INC003586,R3648,FLOOD,2,2023-06-21,24.970689,91.513049,Synthetic incident record,SYNTHETIC
INC003587,R3650,LANDSLIDE,3,2023-09-05,24.991701,91.516017,Synthetic incident record,SYNTHETIC
INC003588,R3651,FLOOD,2,2023-08-29,24.99624,91.502367,Synthetic incident record,SYNTHETIC
INC003589,R3653,ROAD_BLOCKAGE,5,2023-04-02,24.998024,91.514463,Synthetic incident record,SYNTHETIC
INC003590,R3656,FALLEN_TREE,3,2023-02-26,24.969564,91.51581,Synthetic incident record,SYNTHETIC
INC003591,R3661,LANDSLIDE,2,2023-07-25,25.063872,91.410694,Synthetic incident record,SYNTHETIC
INC003592,R3668,ROAD_BLOCKAGE,1,2023-02-07,25.019208,92.254276,Synthetic incident record,SYNTHETIC
INC003593,R3669,ACCIDENT,2,2023-05-05,25.000461,92.262481,Synthetic incident record,SYNTHETIC
INC003594,R3669,FALLEN_TREE,1,2023-05-11,25.004139,92.252609,Synthetic incident record,SYNTHETIC
INC003595,R3669,FLOOD,3,2023-09-01,25.000397,92.26198,Synthetic incident record,SYNTHETIC
INC003596,R3670,ACCIDENT,2,2023-06-07,25.111081,91.430781,Synthetic incident record,SYNTHETIC
INC003597,R3671,FLOOD,2,2023-03-30,25.1034,91.615796,Synthetic incident record,SYNTHETIC
INC003598,R3671,FLOOD,1,2023-06-11,25.090706,91.607147,Synthetic incident record,SYNTHETIC
INC003599,R3672,FLOOD,2,2023-06-05,25.084694,91.35989,Synthetic incident record,SYNTHETIC
INC003600,R3674,FLOOD,4,2023-10-02,25.088097,91.368964,Synthetic incident record,SYNTHETIC
INC003601,R3675,FLOOD,2,2023-05-31,25.100139,91.369545,Synthetic incident record,SYNTHETIC
INC003602,R3676,LANDSLIDE,1,2023-01-09,25.099808,91.366547,Synthetic incident record,SYNTHETIC
INC003603,R3678,FALLEN_TREE,3,2023-11-02,24.962905,91.378554,Synthetic incident record,SYNTHETIC
INC003604,R3679,FALLEN_TREE,3,2023-02-15,24.958776,91.372958,Synthetic incident record,SYNTHETIC
INC003605,R3681,ROAD_BLOCKAGE,4,2023-05-05,25.08046,91.74545,Synthetic incident record,SYNTHETIC
INC003606,R3682,FLOOD,4,2023-11-24,24.854451,91.516932,Synthetic incident record,SYNTHETIC
INC003607,R3684,LANDSLIDE,3,2023-08-18,24.852758,91.511224,Synthetic incident record,SYNTHETIC
INC003608,R3686,ROAD_BLOCKAGE,3,2023-08-14,25.050057,91.996629,Synthetic incident record,SYNTHETIC
INC003609,R3690,FLOOD,1,2023-05-20,25.110869,91.548871,Synthetic incident record,SYNTHETIC
INC003610,R3692,FLOOD,2,2023-03-04,24.927547,91.345535,Synthetic incident record,SYNTHETIC
INC003611,R3693,ROAD_BLOCKAGE,5,2023-05-04,25.111753,91.31949,Synthetic incident record,SYNTHETIC
INC003612,R3696,FALLEN_TREE,3,2023-07-31,24.924048,92.208533,Synthetic incident record,SYNTHETIC
INC003613,R3698,FLOOD,2,2023-08-30,24.931241,92.18221,Synthetic incident record,SYNTHETIC
INC003614,R3701,FALLEN_TREE,2,2023-11-07,25.148906,91.578136,Synthetic incident record,SYNTHETIC
INC003615,R3704,ACCIDENT,4,2023-10-21,25.076674,91.886515,Synthetic incident record,SYNTHETIC
INC003616,R3705,FALLEN_TREE,4,2023-08-09,25.084301,91.879855,Synthetic incident record,SYNTHETIC
INC003617,R3706,FLOOD,3,2023-08-01,25.059873,91.872023,Synthetic incident record,SYNTHETIC
INC003618,R3707,LANDSLIDE,2,2023-05-17,25.041185,91.867526,Synthetic incident record,SYNTHETIC
INC003619,R3711,ROAD_BLOCKAGE,1,2023-08-16,25.088168,91.8967,Synthetic incident record,SYNTHETIC
INC003620,R3713,ROAD_BLOCKAGE,2,2023-12-26,24.852812,91.511237,Synthetic incident record,SYNTHETIC
INC003621,R3716,LANDSLIDE,2,2023-05-02,25.046344,91.864586,Synthetic incident record,SYNTHETIC
INC003622,R3716,LANDSLIDE,1,2023-01-06,25.034697,91.865635,Synthetic incident record,SYNTHETIC
INC003623,R3716,FALLEN_TREE,3,2023-01-08,25.04725,91.865458,Synthetic incident record,SYNTHETIC
INC003624,R3716,FLOOD,2,2023-12-20,25.031518,91.857592,Synthetic incident record,SYNTHETIC
INC003625,R3721,ACCIDENT,5,2023-12-03,25.054734,91.470956,Synthetic incident record,SYNTHETIC
INC003626,R3723,FLOOD,5,2023-02-25,25.066768,91.465422,Synthetic incident record,SYNTHETIC
INC003627,R3725,FALLEN_TREE,5,2023-11-02,25.063159,91.503886,Synthetic incident record,SYNTHETIC
INC003628,R3726,FALLEN_TREE,2,2023-08-18,25.056087,91.509599,Synthetic incident record,SYNTHETIC
INC003629,R3727,FLOOD,1,2023-01-02,25.055125,91.51106,Synthetic incident record,SYNTHETIC
INC003630,R3730,FLOOD,2,2023-07-17,25.067077,91.514372,Synthetic incident record,SYNTHETIC
INC003631,R3731,LANDSLIDE,3,2023-12-28,25.11739,91.542071,Synthetic incident record,SYNTHETIC
INC003632,R3733,LANDSLIDE,4,2023-11-16,24.911625,92.15511,Synthetic incident record,SYNTHETIC
INC003633,R3735,LANDSLIDE,2,2023-01-19,24.882524,92.228822,Synthetic incident record,SYNTHETIC
INC003634,R3736,ACCIDENT,1,2023-12-01,24.868508,92.257778,Synthetic incident record,SYNTHETIC
INC003635,R3737,ACCIDENT,3,2023-04-08,24.877481,92.251716,Synthetic incident record,SYNTHETIC
INC003636,R3739,LANDSLIDE,5,2023-10-09,24.869547,92.244602,Synthetic incident record,SYNTHETIC
INC003637,R3740,ROAD_BLOCKAGE,5,2023-10-20,24.873948,92.245555,Synthetic incident record,SYNTHETIC
INC003638,R3741,ACCIDENT,5,2023-06-18,24.907537,91.956262,Synthetic incident record,SYNTHETIC
INC003639,R3742,FALLEN_TREE,2,2023-11-11,24.905948,91.957402,Synthetic incident record,SYNTHETIC
INC003640,R3744,LANDSLIDE,5,2023-08-06,24.980778,92.301645,Synthetic incident record,SYNTHETIC
INC003641,R3745,FLOOD,1,2023-04-20,24.89422,91.939126,Synthetic incident record,SYNTHETIC
INC003642,R3746,LANDSLIDE,5,2023-02-04,24.888383,91.961609,Synthetic incident record,SYNTHETIC
INC003643,R3746,FALLEN_TREE,4,2023-05-26,24.885317,91.974096,Synthetic incident record,SYNTHETIC
INC003644,R3746,ROAD_BLOCKAGE,5,2023-02-01,24.873865,91.962541,Synthetic incident record,SYNTHETIC
INC003645,R3746,ROAD_BLOCKAGE,4,2023-07-26,24.875104,91.971569,Synthetic incident record,SYNTHETIC
INC003646,R3748,FALLEN_TREE,1,2023-08-31,24.874526,91.958723,Synthetic incident record,SYNTHETIC
INC003647,R3749,FLOOD,4,2023-08-14,24.882762,91.955936,Synthetic incident record,SYNTHETIC
INC003648,R3750,LANDSLIDE,2,2023-06-23,24.88341,91.964723,Synthetic incident record,SYNTHETIC
INC003649,R3751,ACCIDENT,2,2023-03-06,24.874672,91.936631,Synthetic incident record,SYNTHETIC
INC003650,R3752,ROAD_BLOCKAGE,2,2023-11-18,24.891597,91.948168,Synthetic incident record,SYNTHETIC
INC003651,R3753,ROAD_BLOCKAGE,3,2023-03-19,24.885899,91.936136,Synthetic incident record,SYNTHETIC
INC003652,R3756,LANDSLIDE,4,2023-08-17,24.88166,91.944153,Synthetic incident record,SYNTHETIC
INC003653,R3759,ROAD_BLOCKAGE,2,2023-05-14,24.871066,91.938286,Synthetic incident record,SYNTHETIC
INC003654,R3761,FLOOD,2,2023-11-20,24.881404,91.941377,Synthetic incident record,SYNTHETIC
INC003655,R3762,FLOOD,4,2023-10-10,24.887764,91.940496,Synthetic incident record,SYNTHETIC
INC003656,R3765,ROAD_BLOCKAGE,2,2023-07-31,24.888547,91.956682,Synthetic incident record,SYNTHETIC
INC003657,R3765,ACCIDENT,3,2023-01-19,24.893261,91.975231,Synthetic incident record,SYNTHETIC
INC003658,R3765,ACCIDENT,3,2023-04-12,24.892785,91.969174,Synthetic incident record,SYNTHETIC
INC003659,R3765,ACCIDENT,5,2023-08-16,24.879577,91.96671,Synthetic incident record,SYNTHETIC
INC003660,R3767,FALLEN_TREE,1,2023-03-30,24.941032,91.362132,Synthetic incident record,SYNTHETIC
INC003661,R3768,FLOOD,2,2023-04-17,24.887466,91.328017,Synthetic incident record,SYNTHETIC
INC003662,R3770,LANDSLIDE,2,2023-11-02,25.038844,91.807379,Synthetic incident record,SYNTHETIC
INC003663,R3771,ROAD_BLOCKAGE,3,2023-06-29,25.054082,91.795979,Synthetic incident record,SYNTHETIC
INC003664,R3771,LANDSLIDE,1,2023-02-25,25.044662,91.799003,Synthetic incident record,SYNTHETIC
INC003665,R3775,FLOOD,4,2023-12-31,25.064673,91.778273,Synthetic incident record,SYNTHETIC
INC003666,R3775,ACCIDENT,3,2023-12-07,25.067049,91.783924,Synthetic incident record,SYNTHETIC
INC003667,R3775,ACCIDENT,3,2023-04-29,25.060872,91.782136,Synthetic incident record,SYNTHETIC
INC003668,R3776,ROAD_BLOCKAGE,3,2023-11-10,25.05144,91.801668,Synthetic incident record,SYNTHETIC
INC003669,R3777,ROAD_BLOCKAGE,2,2023-12-09,25.157747,92.107569,Synthetic incident record,SYNTHETIC
INC003670,R3778,FLOOD,4,2023-12-24,25.15613,92.101462,Synthetic incident record,SYNTHETIC
INC003671,R3779,FLOOD,1,2023-03-19,25.993237,92.122411,Synthetic incident record,SYNTHETIC
INC003672,R3781,ACCIDENT,1,2023-01-23,25.125132,92.125682,Synthetic incident record,SYNTHETIC
INC003673,R3781,ROAD_BLOCKAGE,4,2023-06-18,25.10906,92.122919,Synthetic incident record,SYNTHETIC
INC003674,R3784,LANDSLIDE,1,2023-02-20,25.123467,91.899948,Synthetic incident record,SYNTHETIC
INC003675,R3790,FALLEN_TREE,3,2023-10-18,25.441975,92.197567,Synthetic incident record,SYNTHETIC
INC003676,R3790,FALLEN_TREE,4,2023-11-11,25.453318,92.206416,Synthetic incident record,SYNTHETIC
INC003677,R3790,ACCIDENT,4,2023-10-16,25.435712,92.194914,Synthetic incident record,SYNTHETIC
INC003678,R3790,ACCIDENT,2,2023-08-21,25.436332,92.203491,Synthetic incident record,SYNTHETIC
INC003679,R3791,LANDSLIDE,3,2023-03-29,24.803708,92.869558,Synthetic incident record,SYNTHETIC
INC003680,R3792,ACCIDENT,4,2023-01-21,24.821621,92.869757,Synthetic incident record,SYNTHETIC
INC003681,R3794,FALLEN_TREE,5,2023-12-29,25.098343,91.980839,Synthetic incident record,SYNTHETIC
INC003682,R3796,ACCIDENT,4,2023-10-31,25.088775,91.978478,Synthetic incident record,SYNTHETIC
INC003683,R3797,LANDSLIDE,4,2023-01-02,25.077667,91.758891,Synthetic incident record,SYNTHETIC
INC003684,R3798,LANDSLIDE,4,2023-04-06,25.087981,91.75515,Synthetic incident record,SYNTHETIC
INC003685,R3799,ROAD_BLOCKAGE,3,2023-01-29,25.081162,91.761308,Synthetic incident record,SYNTHETIC
INC003686,R3801,FLOOD,3,2023-04-19,24.889802,92.011734,Synthetic incident record,SYNTHETIC
INC003687,R3802,LANDSLIDE,3,2023-11-25,24.999262,91.856951,Synthetic incident record,SYNTHETIC
INC003688,R3803,ACCIDENT,5,2023-06-21,25.020073,91.822474,Synthetic incident record,SYNTHETIC
INC003689,R3804,LANDSLIDE,2,2023-01-09,26.15414,91.789011,Synthetic incident record,SYNTHETIC
INC003690,R3805,FLOOD,5,2023-10-22,24.816713,92.80043,Synthetic incident record,SYNTHETIC
INC003691,R3805,LANDSLIDE,1,2023-04-22,24.812286,92.800528,Synthetic incident record,SYNTHETIC
INC003692,R3806,FLOOD,2,2023-04-23,24.895665,91.85603,Synthetic incident record,SYNTHETIC
INC003693,R3806,FALLEN_TREE,5,2023-07-06,24.890324,91.868842,Synthetic incident record,SYNTHETIC
INC003694,R3806,ACCIDENT,1,2023-12-01,24.895523,91.854118,Synthetic incident record,SYNTHETIC
INC003695,R3808,LANDSLIDE,3,2023-05-31,24.893363,91.856517,Synthetic incident record,SYNTHETIC
INC003696,R3808,LANDSLIDE,1,2023-08-26,24.896098,91.857417,Synthetic incident record,SYNTHETIC
INC003697,R3810,FLOOD,3,2023-07-11,24.809046,91.77466,Synthetic incident record,SYNTHETIC
INC003698,R3811,FALLEN_TREE,4,2023-12-18,26.140744,91.80061,Synthetic incident record,SYNTHETIC
INC003699,R3812,LANDSLIDE,1,2023-08-01,24.886752,91.885554,Synthetic incident record,SYNTHETIC
INC003700,R3814,FALLEN_TREE,4,2023-07-09,24.883093,91.879819,Synthetic incident record,SYNTHETIC
INC003701,R3814,FLOOD,3,2023-07-22,24.883869,91.868612,Synthetic incident record,SYNTHETIC
INC003702,R3815,LANDSLIDE,2,2023-10-06,24.868819,91.876972,Synthetic incident record,SYNTHETIC
INC003703,R3816,ACCIDENT,3,2023-06-29,24.876401,91.882008,Synthetic incident record,SYNTHETIC
INC003704,R3817,LANDSLIDE,3,2023-04-08,24.844879,91.721119,Synthetic incident record,SYNTHETIC
INC003705,R3818,LANDSLIDE,3,2023-02-11,24.865087,91.727553,Synthetic incident record,SYNTHETIC
INC003706,R3819,FALLEN_TREE,1,2023-06-16,24.919126,91.817542,Synthetic incident record,SYNTHETIC
INC003707,R3820,FALLEN_TREE,5,2023-05-25,24.910015,91.807056,Synthetic incident record,SYNTHETIC
INC003708,R3821,FLOOD,2,2023-05-15,24.910406,91.812689,Synthetic incident record,SYNTHETIC
INC003709,R3823,LANDSLIDE,4,2023-03-06,24.898062,91.876737,Synthetic incident record,SYNTHETIC
INC003710,R3826,FLOOD,2,2023-10-18,24.909028,91.852716,Synthetic incident record,SYNTHETIC
INC003711,R3827,FALLEN_TREE,3,2023-04-13,24.893786,91.872946,Synthetic incident record,SYNTHETIC
INC003712,R3832,FLOOD,4,2023-08-11,24.888959,91.881005,Synthetic incident record,SYNTHETIC
INC003713,R3833,FLOOD,2,2023-04-24,24.884127,91.884804,Synthetic incident record,SYNTHETIC
INC003714,R3833,ACCIDENT,1,2023-10-17,24.89677,91.870125,Synthetic incident record,SYNTHETIC
INC003715,R3833,ROAD_BLOCKAGE,2,2023-09-07,24.896672,91.875932,Synthetic incident record,SYNTHETIC
INC003716,R3833,LANDSLIDE,2,2023-06-25,24.879061,91.876142,Synthetic incident record,SYNTHETIC
INC003717,R3834,ACCIDENT,1,2023-01-04,24.88869,91.883036,Synthetic incident record,SYNTHETIC
INC003718,R3835,FLOOD,4,2023-01-29,24.900506,91.87219,Synthetic incident record,SYNTHETIC
INC003719,R3835,ACCIDENT,1,2023-07-06,24.883129,91.868648,Synthetic incident record,SYNTHETIC
INC003720,R3835,LANDSLIDE,1,2023-08-03,24.895399,91.887811,Synthetic incident record,SYNTHETIC
INC003721,R3836,LANDSLIDE,3,2023-10-10,25.10339,91.907632,Synthetic incident record,SYNTHETIC
INC003722,R3837,ROAD_BLOCKAGE,5,2023-08-15,24.914682,91.867442,Synthetic incident record,SYNTHETIC
INC003723,R3838,FALLEN_TREE,3,2023-04-22,24.908256,91.863692,Synthetic incident record,SYNTHETIC
INC003724,R3839,LANDSLIDE,4,2023-05-01,24.877735,91.876692,Synthetic incident record,SYNTHETIC
INC003725,R3841,ROAD_BLOCKAGE,5,2023-02-03,24.952816,91.797557,Synthetic incident record,SYNTHETIC
INC003726,R3844,FALLEN_TREE,5,2023-01-10,24.814162,91.765841,Synthetic incident record,SYNTHETIC
INC003727,R3846,FALLEN_TREE,5,2023-02-27,24.868831,91.837493,Synthetic incident record,SYNTHETIC
INC003728,R3848,ACCIDENT,1,2023-02-07,24.861569,91.840719,Synthetic incident record,SYNTHETIC
INC003729,R3850,ACCIDENT,3,2023-08-23,24.983475,91.920451,Synthetic incident record,SYNTHETIC
INC003730,R3851,FALLEN_TREE,2,2023-01-06,24.983129,91.905925,Synthetic incident record,SYNTHETIC
INC003731,R3852,FLOOD,4,2023-04-22,25.002069,91.979781,Synthetic incident record,SYNTHETIC
INC003732,R3853,ROAD_BLOCKAGE,1,2023-09-27,24.975114,91.88569,Synthetic incident record,SYNTHETIC
INC003733,R3854,ROAD_BLOCKAGE,2,2023-12-20,24.981372,91.881511,Synthetic incident record,SYNTHETIC
INC003734,R3855,FLOOD,5,2023-02-16,24.972518,91.897106,Synthetic incident record,SYNTHETIC
INC003735,R3856,FLOOD,1,2023-08-09,24.979441,91.90675,Synthetic incident record,SYNTHETIC
INC003736,R3857,FALLEN_TREE,4,2023-09-15,24.889534,91.875679,Synthetic incident record,SYNTHETIC
INC003737,R3857,ACCIDENT,1,2023-02-18,24.894389,91.873636,Synthetic incident record,SYNTHETIC
INC003738,R3858,ROAD_BLOCKAGE,2,2023-08-01,24.908017,91.862991,Synthetic incident record,SYNTHETIC
INC003739,R3861,FALLEN_TREE,4,2023-05-18,24.957453,92.263204,Synthetic incident record,SYNTHETIC
INC003740,R3862,LANDSLIDE,2,2023-06-08,24.956528,92.245065,Synthetic incident record,SYNTHETIC
INC003741,R3863,ROAD_BLOCKAGE,1,2023-06-18,24.951305,92.233235,Synthetic incident record,SYNTHETIC
INC003742,R3864,FALLEN_TREE,3,2023-05-24,24.96458,92.420435,Synthetic incident record,SYNTHETIC
INC003743,R3865,FALLEN_TREE,2,2023-01-01,24.950785,92.409378,Synthetic incident record,SYNTHETIC
INC003744,R3867,ACCIDENT,1,2023-03-21,24.964227,92.422768,Synthetic incident record,SYNTHETIC
INC003745,R3867,LANDSLIDE,3,2023-05-07,24.963538,92.421846,Synthetic incident record,SYNTHETIC
INC003746,R3867,ROAD_BLOCKAGE,1,2023-10-24,24.957205,92.414715,Synthetic incident record,SYNTHETIC
INC003747,R3868,LANDSLIDE,2,2023-06-02,24.958074,92.428887,Synthetic incident record,SYNTHETIC
INC003748,R3869,FLOOD,4,2023-11-03,24.958205,92.421036,Synthetic incident record,SYNTHETIC
INC003749,R3870,LANDSLIDE,3,2023-08-02,24.877309,92.438743,Synthetic incident record,SYNTHETIC
INC003750,R3870,ROAD_BLOCKAGE,2,2023-08-22,24.873996,92.427473,Synthetic incident record,SYNTHETIC
INC003751,R3872,FLOOD,1,2023-08-01,24.862583,92.410599,Synthetic incident record,SYNTHETIC
INC003752,R3874,FALLEN_TREE,3,2023-02-16,24.860274,92.400598,Synthetic incident record,SYNTHETIC
INC003753,R3874,FALLEN_TREE,3,2023-04-02,24.861652,92.392755,Synthetic incident record,SYNTHETIC
INC003754,R3875,FLOOD,4,2023-03-09,24.876804,92.400741,Synthetic incident record,SYNTHETIC
INC003755,R3876,FLOOD,2,2023-04-28,24.868513,92.396488,Synthetic incident record,SYNTHETIC
INC003756,R3878,LANDSLIDE,4,2023-05-07,24.864554,92.412769,Synthetic incident record,SYNTHETIC
INC003757,R3879,LANDSLIDE,5,2023-05-26,24.873537,92.419539,Synthetic incident record,SYNTHETIC
INC003758,R3879,ROAD_BLOCKAGE,2,2023-06-15,24.863653,92.403385,Synthetic incident record,SYNTHETIC
INC003759,R3880,ROAD_BLOCKAGE,4,2023-04-12,24.862996,92.394038,Synthetic incident record,SYNTHETIC
INC003760,R3881,ROAD_BLOCKAGE,4,2023-03-02,24.868448,92.397657,Synthetic incident record,SYNTHETIC
INC003761,R3883,LANDSLIDE,1,2023-12-05,24.886842,92.453684,Synthetic incident record,SYNTHETIC
INC003762,R3884,FALLEN_TREE,1,2023-11-21,24.875489,92.440282,Synthetic incident record,SYNTHETIC
INC003763,R3886,LANDSLIDE,3,2023-01-29,24.985872,91.927656,Synthetic incident record,SYNTHETIC
INC003764,R3888,FALLEN_TREE,1,2023-08-25,24.956948,91.881072,Synthetic incident record,SYNTHETIC
INC003765,R3888,FALLEN_TREE,5,2023-09-05,24.968193,91.880154,Synthetic incident record,SYNTHETIC
INC003766,R3888,FLOOD,2,2023-05-06,24.967874,91.871315,Synthetic incident record,SYNTHETIC
INC003767,R3889,FALLEN_TREE,3,2023-05-05,24.959059,91.882673,Synthetic incident record,SYNTHETIC
INC003768,R3890,LANDSLIDE,5,2023-03-29,24.953528,91.880691,Synthetic incident record,SYNTHETIC
INC003769,R3891,LANDSLIDE,4,2023-05-10,24.960973,91.872377,Synthetic incident record,SYNTHETIC
INC003770,R3892,ACCIDENT,1,2023-05-17,24.961735,91.874808,Synthetic incident record,SYNTHETIC
INC003771,R3893,ACCIDENT,5,2023-07-30,24.963711,91.853265,Synthetic incident record,SYNTHETIC
INC003772,R3895,ACCIDENT,1,2023-12-31,24.796843,92.092215,Synthetic incident record,SYNTHETIC
INC003773,R3896,ROAD_BLOCKAGE,3,2023-04-13,24.815833,92.095023,Synthetic incident record,SYNTHETIC
INC003774,R3897,FLOOD,5,2023-11-16,25.009482,91.951664,Synthetic incident record,SYNTHETIC
INC003775,R3898,ROAD_BLOCKAGE,4,2023-09-15,24.995842,91.949464,Synthetic incident record,SYNTHETIC
INC003776,R3899,ROAD_BLOCKAGE,3,2023-12-09,24.809359,91.908682,Synthetic incident record,SYNTHETIC
INC003777,R3900,LANDSLIDE,3,2023-10-26,24.810207,91.9076,Synthetic incident record,SYNTHETIC
INC003778,R3900,FALLEN_TREE,2,2023-02-14,24.805183,91.905128,Synthetic incident record,SYNTHETIC
INC003779,R3900,FALLEN_TREE,4,2023-02-02,24.811402,91.911287,Synthetic incident record,SYNTHETIC
INC003780,R3900,LANDSLIDE,1,2023-01-23,24.81774,91.909017,Synthetic incident record,SYNTHETIC
INC003781,R3903,LANDSLIDE,2,2023-07-28,25.009507,91.853647,Synthetic incident record,SYNTHETIC
INC003782,R3903,ACCIDENT,3,2023-12-12,25.00145,91.855333,Synthetic incident record,SYNTHETIC
INC003783,R3903,FALLEN_TREE,3,2023-05-14,25.013723,91.859152,Synthetic incident record,SYNTHETIC
INC003784,R3903,ROAD_BLOCKAGE,5,2023-03-16,25.009502,91.859742,Synthetic incident record,SYNTHETIC
INC003785,R3905,LANDSLIDE,3,2023-02-25,24.831564,92.083844,Synthetic incident record,SYNTHETIC
INC003786,R3906,LANDSLIDE,3,2023-02-27,24.840628,92.078505,Synthetic incident record,SYNTHETIC
INC003787,R3909,ACCIDENT,5,2023-08-22,24.892086,92.0217,Synthetic incident record,SYNTHETIC
INC003788,R3910,ROAD_BLOCKAGE,1,2023-08-31,24.913036,92.012332,Synthetic incident record,SYNTHETIC
INC003789,R3913,ACCIDENT,4,2023-10-20,25.018154,91.856599,Synthetic incident record,SYNTHETIC
INC003790,R3916,FALLEN_TREE,1,2023-08-31,24.85714,91.946206,Synthetic incident record,SYNTHETIC
INC003791,R3917,ACCIDENT,4,2023-11-05,24.99421,91.959976,Synthetic incident record,SYNTHETIC
INC003792,R3920,ROAD_BLOCKAGE,4,2023-05-18,24.844295,92.158927,Synthetic incident record,SYNTHETIC
INC003793,R3922,FLOOD,2,2023-02-18,25.04147,92.002739,Synthetic incident record,SYNTHETIC
INC003794,R3922,ROAD_BLOCKAGE,4,2023-02-05,25.057373,92.002143,Synthetic incident record,SYNTHETIC
INC003795,R3922,FALLEN_TREE,5,2023-10-16,25.053433,92.00484,Synthetic incident record,SYNTHETIC
INC003796,R3923,FLOOD,4,2023-12-17,24.919369,92.254997,Synthetic incident record,SYNTHETIC
INC003797,R3924,FALLEN_TREE,1,2023-03-09,24.906807,92.24713,Synthetic incident record,SYNTHETIC
INC003798,R3925,LANDSLIDE,4,2023-11-07,24.929368,92.264165,Synthetic incident record,SYNTHETIC
INC003799,R3927,ROAD_BLOCKAGE,4,2023-04-21,24.862869,91.95873,Synthetic incident record,SYNTHETIC
INC003800,R3931,ROAD_BLOCKAGE,3,2023-03-02,25.112874,91.969814,Synthetic incident record,SYNTHETIC
INC003801,R3934,ROAD_BLOCKAGE,5,2023-07-14,25.149381,92.016259,Synthetic incident record,SYNTHETIC
INC003802,R3934,LANDSLIDE,3,2023-10-14,25.139683,92.02039,Synthetic incident record,SYNTHETIC
INC003803,R3935,ACCIDENT,4,2023-09-23,25.152122,92.020352,Synthetic incident record,SYNTHETIC
INC003804,R3936,FLOOD,5,2023-11-25,24.997026,91.722109,Synthetic incident record,SYNTHETIC
INC003805,R3936,ACCIDENT,2,2023-01-19,24.985361,91.730421,Synthetic incident record,SYNTHETIC
INC003806,R3936,ACCIDENT,3,2023-08-15,24.998965,91.729757,Synthetic incident record,SYNTHETIC
INC003807,R3938,FLOOD,5,2023-11-28,24.985995,91.740076,Synthetic incident record,SYNTHETIC
INC003808,R3941,LANDSLIDE,3,2023-12-09,25.026227,91.830409,Synthetic incident record,SYNTHETIC
INC003809,R3943,FLOOD,1,2023-01-07,25.033266,91.811478,Synthetic incident record,SYNTHETIC
INC003810,R3943,LANDSLIDE,1,2023-05-04,25.040497,91.796949,Synthetic incident record,SYNTHETIC
INC003811,R3944,FLOOD,1,2023-09-08,24.998387,91.848598,Synthetic incident record,SYNTHETIC
INC003812,R3946,FLOOD,2,2023-04-25,24.955304,91.843901,Synthetic incident record,SYNTHETIC
INC003813,R3947,ACCIDENT,3,2023-12-01,24.971779,91.84884,Synthetic incident record,SYNTHETIC
INC003814,R3947,FLOOD,1,2023-05-31,24.954834,91.837629,Synthetic incident record,SYNTHETIC
INC003815,R3948,FALLEN_TREE,3,2023-08-12,24.969735,91.84943,Synthetic incident record,SYNTHETIC
INC003816,R3950,LANDSLIDE,2,2023-11-10,24.877526,91.83716,Synthetic incident record,SYNTHETIC
INC003817,R3951,ROAD_BLOCKAGE,2,2023-05-10,24.886181,91.842077,Synthetic incident record,SYNTHETIC
INC003818,R3955,ROAD_BLOCKAGE,4,2023-05-17,25.053331,91.795855,Synthetic incident record,SYNTHETIC
INC003819,R3956,FALLEN_TREE,5,2023-04-10,25.074582,91.774346,Synthetic incident record,SYNTHETIC
INC003820,R3956,ACCIDENT,3,2023-04-26,25.060746,91.786177,Synthetic incident record,SYNTHETIC
INC003821,R3957,FLOOD,3,2023-05-06,25.060546,91.792261,Synthetic incident record,SYNTHETIC
INC003822,R3958,LANDSLIDE,3,2023-03-26,25.071221,91.729599,Synthetic incident record,SYNTHETIC
INC003823,R3959,FLOOD,4,2023-11-30,25.070027,91.745243,Synthetic incident record,SYNTHETIC
INC003824,R3960,FLOOD,4,2023-08-16,25.059386,91.728763,Synthetic incident record,SYNTHETIC
INC003825,R3960,FLOOD,3,2023-08-27,25.075393,91.739683,Synthetic incident record,SYNTHETIC
INC003826,R3962,ACCIDENT,4,2023-09-05,25.062071,91.721419,Synthetic incident record,SYNTHETIC
INC003827,R3965,ACCIDENT,2,2023-12-05,25.070591,91.710944,Synthetic incident record,SYNTHETIC
INC003828,R3966,ROAD_BLOCKAGE,4,2023-02-16,25.060147,91.711603,Synthetic incident record,SYNTHETIC
INC003829,R3969,FLOOD,5,2023-04-06,25.051389,91.696315,Synthetic incident record,SYNTHETIC
INC003830,R3970,LANDSLIDE,1,2023-06-28,24.861589,91.923751,Synthetic incident record,SYNTHETIC
INC003831,R3971,LANDSLIDE,3,2023-06-17,26.085662,91.553226,Synthetic incident record,SYNTHETIC
INC003832,R3971,ROAD_BLOCKAGE,4,2023-07-20,26.092601,91.557563,Synthetic incident record,SYNTHETIC
INC003833,R3972,LANDSLIDE,5,2023-02-17,24.841035,92.165996,Synthetic incident record,SYNTHETIC
INC003834,R3973,ACCIDENT,5,2023-04-18,24.857856,92.154176,Synthetic incident record,SYNTHETIC
INC003835,R3973,FLOOD,4,2023-11-28,24.845395,92.171518,Synthetic incident record,SYNTHETIC
INC003836,R3974,LANDSLIDE,4,2023-11-27,24.844036,92.163016,Synthetic incident record,SYNTHETIC
INC003837,R3975,LANDSLIDE,4,2023-12-02,24.851777,92.177159,Synthetic incident record,SYNTHETIC
INC003838,R3979,FALLEN_TREE,3,2023-02-20,24.881389,92.199917,Synthetic incident record,SYNTHETIC
INC003839,R3980,FALLEN_TREE,2,2023-05-15,24.910149,92.145107,Synthetic incident record,SYNTHETIC
INC003840,R3981,ACCIDENT,5,2023-03-31,24.895336,92.179259,Synthetic incident record,SYNTHETIC
INC003841,R3983,FLOOD,4,2023-01-12,24.904982,92.156956,Synthetic incident record,SYNTHETIC
INC003842,R3986,ROAD_BLOCKAGE,3,2023-10-13,24.893293,92.141233,Synthetic incident record,SYNTHETIC
INC003843,R3987,ACCIDENT,2,2023-06-02,24.891792,92.090781,Synthetic incident record,SYNTHETIC
INC003844,R3989,ROAD_BLOCKAGE,1,2023-11-19,24.893661,92.084948,Synthetic incident record,SYNTHETIC
INC003845,R3989,ACCIDENT,5,2023-03-06,24.885244,92.094441,Synthetic incident record,SYNTHETIC
INC003846,R3989,FLOOD,5,2023-03-07,24.887821,92.087714,Synthetic incident record,SYNTHETIC
INC003847,R3989,FALLEN_TREE,2,2023-11-15,24.89516,92.090484,Synthetic incident record,SYNTHETIC
INC003848,R3991,ROAD_BLOCKAGE,1,2023-05-13,24.881007,92.080574,Synthetic incident record,SYNTHETIC
INC003849,R3991,ACCIDENT,2,2023-03-24,24.894635,92.064189,Synthetic incident record,SYNTHETIC
INC003850,R3991,FALLEN_TREE,4,2023-09-16,24.885249,92.080752,Synthetic incident record,SYNTHETIC
INC003851,R3991,FLOOD,4,2023-12-18,24.892394,92.073666,Synthetic incident record,SYNTHETIC
INC003852,R4001,FLOOD,3,2023-02-06,24.8256,92.60523,Synthetic incident record,SYNTHETIC
INC003853,R4002,ACCIDENT,2,2023-11-21,24.818027,92.604003,Synthetic incident record,SYNTHETIC
INC003854,R4002,LANDSLIDE,5,2023-07-03,24.810512,92.589782,Synthetic incident record,SYNTHETIC
INC003855,R4004,LANDSLIDE,2,2023-05-19,26.179692,91.74746,Synthetic incident record,SYNTHETIC
INC003856,R4004,LANDSLIDE,3,2023-06-29,26.181125,91.734003,Synthetic incident record,SYNTHETIC
INC003857,R4006,FALLEN_TREE,4,2023-09-18,24.814503,92.607782,Synthetic incident record,SYNTHETIC
INC003858,R4008,ROAD_BLOCKAGE,5,2023-06-30,24.846566,92.559341,Synthetic incident record,SYNTHETIC
INC003859,R4009,FALLEN_TREE,1,2023-09-03,24.857562,92.565911,Synthetic incident record,SYNTHETIC
INC003860,R4010,LANDSLIDE,2,2023-07-10,24.827335,92.428722,Synthetic incident record,SYNTHETIC
INC003861,R4012,FLOOD,3,2023-02-06,24.810648,92.517426,Synthetic incident record,SYNTHETIC
INC003862,R4012,ROAD_BLOCKAGE,4,2023-04-11,24.817545,92.514125,Synthetic incident record,SYNTHETIC
INC003863,R4012,ACCIDENT,2,2023-08-12,24.80648,92.514251,Synthetic incident record,SYNTHETIC
INC003864,R4012,LANDSLIDE,5,2023-05-18,24.812093,92.509006,Synthetic incident record,SYNTHETIC
INC003865,R4013,FLOOD,2,2023-08-22,24.82022,92.483349,Synthetic incident record,SYNTHETIC
INC003866,R4014,LANDSLIDE,4,2023-03-12,24.817147,92.425142,Synthetic incident record,SYNTHETIC
INC003867,R4015,LANDSLIDE,5,2023-08-27,24.807788,92.449414,Synthetic incident record,SYNTHETIC
INC003868,R4017,ROAD_BLOCKAGE,2,2023-10-01,24.860912,92.555371,Synthetic incident record,SYNTHETIC
INC003869,R4019,LANDSLIDE,5,2023-01-17,24.858585,92.560078,Synthetic incident record,SYNTHETIC
INC003870,R4020,FLOOD,4,2023-04-24,24.874637,92.562899,Synthetic incident record,SYNTHETIC
INC003871,R4024,ROAD_BLOCKAGE,1,2023-11-17,26.117829,92.01121,Synthetic incident record,SYNTHETIC
INC003872,R4025,FLOOD,3,2023-07-27,26.210874,91.620016,Synthetic incident record,SYNTHETIC
INC003873,R4026,FALLEN_TREE,3,2023-09-25,26.188784,91.668148,Synthetic incident record,SYNTHETIC
INC003874,R4027,FALLEN_TREE,5,2023-05-20,26.175813,91.674772,Synthetic incident record,SYNTHETIC
INC003875,R4029,FLOOD,1,2023-01-31,26.10659,91.834052,Synthetic incident record,SYNTHETIC
INC003876,R4030,FALLEN_TREE,1,2023-07-09,26.120203,91.82614,Synthetic incident record,SYNTHETIC
INC003877,R4032,ACCIDENT,5,2023-07-26,26.107545,91.83934,Synthetic incident record,SYNTHETIC
INC003878,R4032,ACCIDENT,1,2023-02-08,26.121004,91.831736,Synthetic incident record,SYNTHETIC
INC003879,R4032,ROAD_BLOCKAGE,2,2023-10-07,26.104082,91.83082,Synthetic incident record,SYNTHETIC
INC003880,R4033,FALLEN_TREE,5,2023-07-19,26.118597,91.834653,Synthetic incident record,SYNTHETIC
INC003881,R4034,ACCIDENT,5,2023-09-29,26.114404,91.832926,Synthetic incident record,SYNTHETIC
INC003882,R4036,ACCIDENT,2,2023-09-29,26.094489,91.513629,Synthetic incident record,SYNTHETIC
INC003883,R4040,FLOOD,3,2023-01-20,26.138049,91.622436,Synthetic incident record,SYNTHETIC
INC003884,R4042,FLOOD,2,2023-12-22,26.140239,91.626964,Synthetic incident record,SYNTHETIC
INC003885,R4043,FLOOD,2,2023-09-09,26.129387,91.635601,Synthetic incident record,SYNTHETIC
INC003886,R4044,LANDSLIDE,2,2023-11-10,26.135271,91.629894,Synthetic incident record,SYNTHETIC
INC003887,R4045,FLOOD,3,2023-09-07,26.137442,91.620192,Synthetic incident record,SYNTHETIC
INC003888,R4045,ROAD_BLOCKAGE,3,2023-11-12,26.1373,91.62978,Synthetic incident record,SYNTHETIC
INC003889,R4046,FALLEN_TREE,5,2023-11-23,26.140986,91.630547,Synthetic incident record,SYNTHETIC
INC003890,R4047,FLOOD,4,2023-03-12,26.128716,91.63451,Synthetic incident record,SYNTHETIC
INC003891,R4048,LANDSLIDE,1,2023-05-22,26.097577,91.876103,Synthetic incident record,SYNTHETIC
INC003892,R4050,ROAD_BLOCKAGE,3,2023-01-20,26.106294,92.1227,Synthetic incident record,SYNTHETIC
INC003893,R4054,LANDSLIDE,3,2023-07-21,26.115501,92.066421,Synthetic incident record,SYNTHETIC
INC003894,R4055,FLOOD,2,2023-09-04,26.116798,92.109488,Synthetic incident record,SYNTHETIC
INC003895,R4056,LANDSLIDE,2,2023-06-02,26.12393,92.092163,Synthetic incident record,SYNTHETIC
INC003896,R4058,FALLEN_TREE,5,2023-04-04,26.123618,91.965347,Synthetic incident record,SYNTHETIC
INC003897,R4060,FLOOD,2,2023-07-04,26.17469,91.719093,Synthetic incident record,SYNTHETIC
INC003898,R4064,ROAD_BLOCKAGE,5,2023-10-04,26.173716,91.76318,Synthetic incident record,SYNTHETIC
INC003899,R4065,ROAD_BLOCKAGE,1,2023-10-02,26.158521,91.778731,Synthetic incident record,SYNTHETIC
INC003900,R4066,ACCIDENT,5,2023-02-25,26.174096,91.780432,Synthetic incident record,SYNTHETIC
INC003901,R4067,LANDSLIDE,3,2023-12-23,26.159478,91.830826,Synthetic incident record,SYNTHETIC
INC003902,R4068,FALLEN_TREE,5,2023-10-05,26.177217,91.826671,Synthetic incident record,SYNTHETIC
INC003903,R4069,LANDSLIDE,2,2023-04-20,26.144686,91.69676,Synthetic incident record,SYNTHETIC
INC003904,R4072,LANDSLIDE,3,2023-08-05,26.10921,91.50969,Synthetic incident record,SYNTHETIC
INC003905,R4073,LANDSLIDE,1,2023-03-18,26.112527,91.524042,Synthetic incident record,SYNTHETIC
INC003906,R4074,FALLEN_TREE,2,2023-07-19,26.103008,91.519393,Synthetic incident record,SYNTHETIC
INC003907,R4076,FALLEN_TREE,4,2023-10-26,26.09305,91.575916,Synthetic incident record,SYNTHETIC
INC003908,R4077,FALLEN_TREE,3,2023-10-06,26.157003,91.768448,Synthetic incident record,SYNTHETIC
INC003909,R4077,LANDSLIDE,5,2023-07-20,26.156977,91.765758,Synthetic incident record,SYNTHETIC
INC003910,R4077,ACCIDENT,2,2023-05-14,26.165581,91.773218,Synthetic incident record,SYNTHETIC
INC003911,R4078,FALLEN_TREE,4,2023-11-29,26.165974,91.759825,Synthetic incident record,SYNTHETIC
INC003912,R4079,ACCIDENT,5,2023-09-27,26.145873,91.775196,Synthetic incident record,SYNTHETIC
INC003913,R4081,ACCIDENT,4,2023-01-28,26.1492,91.789027,Synthetic incident record,SYNTHETIC
INC003914,R4082,LANDSLIDE,4,2023-05-01,26.099678,91.793647,Synthetic incident record,SYNTHETIC
INC003915,R4083,LANDSLIDE,5,2023-12-06,26.11169,91.79751,Synthetic incident record,SYNTHETIC
INC003916,R4086,ACCIDENT,5,2023-01-02,26.193596,91.666116,Synthetic incident record,SYNTHETIC
INC003917,R4087,FLOOD,3,2023-03-16,26.20092,91.804312,Synthetic incident record,SYNTHETIC
INC003918,R4087,FALLEN_TREE,2,2023-07-03,26.195617,91.802516,Synthetic incident record,SYNTHETIC
INC003919,R4087,FALLEN_TREE,3,2023-08-13,26.198039,91.796859,Synthetic incident record,SYNTHETIC
INC003920,R4090,LANDSLIDE,3,2023-05-01,26.120094,91.725255,Synthetic incident record,SYNTHETIC
INC003921,R4090,LANDSLIDE,4,2023-07-01,26.118412,91.714461,Synthetic incident record,SYNTHETIC
INC003922,R4094,FLOOD,2,2023-10-05,26.1825,92.60154,Synthetic incident record,SYNTHETIC
INC003923,R4096,ACCIDENT,1,2023-08-30,26.177301,92.703417,Synthetic incident record,SYNTHETIC
INC003924,R4098,ROAD_BLOCKAGE,5,2023-09-06,26.166651,92.705049,Synthetic incident record,SYNTHETIC
INC003925,R4099,LANDSLIDE,1,2023-01-20,26.183122,92.700589,Synthetic incident record,SYNTHETIC
INC003926,R4101,FLOOD,2,2023-09-17,26.166628,92.692298,Synthetic incident record,SYNTHETIC
INC003927,R4101,ACCIDENT,1,2023-08-08,26.182528,92.679046,Synthetic incident record,SYNTHETIC
INC003928,R4101,LANDSLIDE,3,2023-11-30,26.174512,92.675326,Synthetic incident record,SYNTHETIC
INC003929,R4101,ACCIDENT,4,2023-07-21,26.173077,92.685194,Synthetic incident record,SYNTHETIC
INC003930,R4102,FLOOD,2,2023-08-02,26.184092,92.741371,Synthetic incident record,SYNTHETIC
INC003931,R4103,ACCIDENT,2,2023-07-15,26.169042,92.716225,Synthetic incident record,SYNTHETIC
INC003932,R4104,LANDSLIDE,5,2023-10-12,26.155332,91.694155,Synthetic incident record,SYNTHETIC
INC003933,R4106,FALLEN_TREE,4,2023-07-31,26.125928,92.646758,Synthetic incident record,SYNTHETIC
INC003934,R4109,ROAD_BLOCKAGE,5,2023-07-21,26.195994,92.652595,Synthetic incident record,SYNTHETIC
INC003935,R4111,ROAD_BLOCKAGE,2,2023-05-22,26.149582,91.977534,Synthetic incident record,SYNTHETIC
INC003936,R4112,ACCIDENT,4,2023-12-22,26.167889,91.932716,Synthetic incident record,SYNTHETIC
INC003937,R4116,LANDSLIDE,1,2023-04-22,26.227575,92.734606,Synthetic incident record,SYNTHETIC
INC003938,R4118,ACCIDENT,1,2023-03-10,26.167186,92.74172,Synthetic incident record,SYNTHETIC
INC003939,R4119,FALLEN_TREE,3,2023-12-09,26.141259,92.815711,Synthetic incident record,SYNTHETIC
INC003940,R4120,ROAD_BLOCKAGE,4,2023-03-19,26.13356,92.810633,Synthetic incident record,SYNTHETIC
INC003941,R4121,ROAD_BLOCKAGE,5,2023-06-18,26.130853,92.817282,Synthetic incident record,SYNTHETIC
INC003942,R4124,LANDSLIDE,5,2023-05-29,26.13495,92.813328,Synthetic incident record,SYNTHETIC
INC003943,R4125,FLOOD,5,2023-03-05,26.135662,92.817241,Synthetic incident record,SYNTHETIC
INC003944,R4126,FALLEN_TREE,3,2023-01-13,26.142514,92.814726,Synthetic incident record,SYNTHETIC
INC003945,R4127,LANDSLIDE,1,2023-03-17,26.133423,92.801606,Synthetic incident record,SYNTHETIC
INC003946,R4129,LANDSLIDE,5,2023-12-26,26.140909,92.799182,Synthetic incident record,SYNTHETIC
INC003947,R4129,FLOOD,2,2023-08-07,26.141251,92.796109,Synthetic incident record,SYNTHETIC
INC003948,R4130,ACCIDENT,3,2023-10-05,26.144764,92.806804,Synthetic incident record,SYNTHETIC
INC003949,R4132,LANDSLIDE,5,2023-03-08,26.163318,92.749261,Synthetic incident record,SYNTHETIC
INC003950,R4136,LANDSLIDE,3,2023-07-17,26.15983,91.961702,Synthetic incident record,SYNTHETIC
INC003951,R4136,FALLEN_TREE,1,2023-03-16,26.163161,91.962456,Synthetic incident record,SYNTHETIC
INC003952,R4137,LANDSLIDE,2,2023-05-26,26.152623,91.955235,Synthetic incident record,SYNTHETIC
INC003953,R4138,LANDSLIDE,5,2023-07-15,26.165988,91.957781,Synthetic incident record,SYNTHETIC
INC003954,R4140,LANDSLIDE,3,2023-12-21,26.172343,91.965873,Synthetic incident record,SYNTHETIC
INC003955,R4140,LANDSLIDE,1,2023-04-12,26.165466,91.961651,Synthetic incident record,SYNTHETIC
INC003956,R4143,FALLEN_TREE,3,2023-11-07,26.191152,91.964828,Synthetic incident record,SYNTHETIC
INC003957,R4144,LANDSLIDE,4,2023-10-18,26.175241,91.464643,Synthetic incident record,SYNTHETIC
INC003958,R4147,ROAD_BLOCKAGE,3,2023-02-24,26.1904,91.500478,Synthetic incident record,SYNTHETIC
INC003959,R4148,ROAD_BLOCKAGE,2,2023-09-21,26.175247,91.530306,Synthetic incident record,SYNTHETIC
INC003960,R4150,FALLEN_TREE,5,2023-01-01,26.186228,92.080111,Synthetic incident record,SYNTHETIC
INC003961,R4151,LANDSLIDE,2,2023-10-01,26.203635,92.071844,Synthetic incident record,SYNTHETIC
INC003962,R4156,FLOOD,4,2023-10-11,26.189275,91.498283,Synthetic incident record,SYNTHETIC
INC003963,R4156,FALLEN_TREE,1,2023-02-03,26.191615,91.487531,Synthetic incident record,SYNTHETIC
INC003964,R4156,ACCIDENT,4,2023-09-12,26.19621,91.503343,Synthetic incident record,SYNTHETIC
INC003965,R4157,FLOOD,2,2023-11-20,26.200154,91.489158,Synthetic incident record,SYNTHETIC
INC003966,R4158,FALLEN_TREE,5,2023-02-04,26.185536,92.086003,Synthetic incident record,SYNTHETIC
INC003967,R4159,FALLEN_TREE,3,2023-09-28,26.204227,92.105909,Synthetic incident record,SYNTHETIC
INC003968,R4161,ROAD_BLOCKAGE,5,2023-02-04,26.111109,91.518787,Synthetic incident record,SYNTHETIC
INC003969,R4161,ROAD_BLOCKAGE,2,2023-11-16,26.108281,91.513123,Synthetic incident record,SYNTHETIC
INC003970,R4161,FALLEN_TREE,4,2023-07-28,26.117966,91.501633,Synthetic incident record,SYNTHETIC
INC003971,R4161,FALLEN_TREE,1,2023-02-23,26.113311,91.519351,Synthetic incident record,SYNTHETIC
INC003972,R4162,ACCIDENT,2,2023-08-01,26.111071,91.502134,Synthetic incident record,SYNTHETIC
INC003973,R4163,FLOOD,3,2023-09-13,26.111018,91.969691,Synthetic incident record,SYNTHETIC
INC003974,R4167,FLOOD,3,2023-06-09,26.116509,92.013452,Synthetic incident record,SYNTHETIC
INC003975,R4168,ROAD_BLOCKAGE,2,2023-03-12,26.11346,91.994459,Synthetic incident record,SYNTHETIC
INC003976,R4169,LANDSLIDE,1,2023-09-15,26.161461,92.774226,Synthetic incident record,SYNTHETIC
INC003977,R4169,FALLEN_TREE,4,2023-10-31,26.161227,92.774583,Synthetic incident record,SYNTHETIC
INC003978,R4170,LANDSLIDE,2,2023-05-26,26.150248,92.761297,Synthetic incident record,SYNTHETIC
INC003979,R4173,LANDSLIDE,5,2023-10-24,26.18052,92.733838,Synthetic incident record,SYNTHETIC
INC003980,R4175,FALLEN_TREE,2,2023-12-31,26.167129,92.746085,Synthetic incident record,SYNTHETIC
INC003981,R4177,ACCIDENT,3,2023-12-21,26.107342,92.070026,Synthetic incident record,SYNTHETIC
INC003982,R4178,ACCIDENT,4,2023-10-08,26.121244,92.078542,Synthetic incident record,SYNTHETIC
INC003983,R4179,FLOOD,3,2023-02-08,26.110362,92.088155,Synthetic incident record,SYNTHETIC
INC003984,R4180,LANDSLIDE,5,2023-08-27,26.160594,92.683452,Synthetic incident record,SYNTHETIC
INC003985,R4181,LANDSLIDE,2,2023-10-02,26.189359,92.55146,Synthetic incident record,SYNTHETIC
INC003986,R4182,ROAD_BLOCKAGE,5,2023-09-12,26.189149,92.550199,Synthetic incident record,SYNTHETIC
INC003987,R4183,FALLEN_TREE,1,2023-05-04,26.181012,91.696792,Synthetic incident record,SYNTHETIC
INC003988,R4186,ACCIDENT,2,2023-08-04,26.099309,91.374754,Synthetic incident record,SYNTHETIC
INC003989,R4192,ROAD_BLOCKAGE,1,2023-12-27,26.120796,91.523368,Synthetic incident record,SYNTHETIC
INC003990,R4194,LANDSLIDE,5,2023-08-09,26.115096,91.417785,Synthetic incident record,SYNTHETIC
INC003991,R4195,FLOOD,4,2023-02-22,26.098941,91.420418,Synthetic incident record,SYNTHETIC
INC003992,R4196,LANDSLIDE,1,2023-10-09,26.097221,91.428916,Synthetic incident record,SYNTHETIC
INC003993,R4197,FALLEN_TREE,3,2023-01-24,26.099851,91.420094,Synthetic incident record,SYNTHETIC
INC003994,R4198,ROAD_BLOCKAGE,4,2023-02-12,26.092369,91.434794,Synthetic incident record,SYNTHETIC
INC003995,R4198,LANDSLIDE,5,2023-01-08,26.089132,91.423962,Synthetic incident record,SYNTHETIC
INC003996,R4202,FALLEN_TREE,4,2023-09-19,26.120202,91.550932,Synthetic incident record,SYNTHETIC
INC003997,R4204,ROAD_BLOCKAGE,5,2023-08-28,26.177772,91.743718,Synthetic incident record,SYNTHETIC
INC003998,R4208,ROAD_BLOCKAGE,2,2023-06-30,26.128482,91.699965,Synthetic incident record,SYNTHETIC
INC003999,R4208,ACCIDENT,4,2023-10-09,26.12198,91.699929,Synthetic incident record,SYNTHETIC
INC004000,R4208,ACCIDENT,1,2023-05-13,26.118465,91.699283,Synthetic incident record,SYNTHETIC
INC004001,R4208,ROAD_BLOCKAGE,2,2023-09-27,26.121477,91.691227,Synthetic incident record,SYNTHETIC
INC004002,R4209,LANDSLIDE,1,2023-08-02,26.113208,91.713613,Synthetic incident record,SYNTHETIC
INC004003,R4210,FLOOD,5,2023-02-19,26.11896,91.716095,Synthetic incident record,SYNTHETIC
INC004004,R4211,ROAD_BLOCKAGE,1,2023-06-11,26.122696,91.725999,Synthetic incident record,SYNTHETIC
INC004005,R4212,LANDSLIDE,1,2023-02-15,26.164597,91.742572,Synthetic incident record,SYNTHETIC
INC004006,R4213,LANDSLIDE,3,2023-09-14,26.151029,91.734107,Synthetic incident record,SYNTHETIC
INC004007,R4214,ACCIDENT,5,2023-03-04,25.944967,92.767304,Synthetic incident record,SYNTHETIC
INC004008,R4217,LANDSLIDE,1,2023-06-02,26.105564,91.667058,Synthetic incident record,SYNTHETIC
INC004009,R4217,FLOOD,5,2023-08-28,26.11782,91.67141,Synthetic incident record,SYNTHETIC
INC004010,R4219,ACCIDENT,1,2023-04-21,24.870677,91.962741,Synthetic incident record,SYNTHETIC
INC004011,R4220,LANDSLIDE,4,2023-03-30,26.161482,91.771672,Synthetic incident record,SYNTHETIC
INC004012,R4223,FLOOD,1,2023-09-23,24.893447,92.155665,Synthetic incident record,SYNTHETIC
INC004013,R4224,LANDSLIDE,2,2023-08-08,26.186504,91.739291,Synthetic incident record,SYNTHETIC
INC004014,R4225,LANDSLIDE,2,2023-01-25,26.190634,91.742276,Synthetic incident record,SYNTHETIC
INC004015,R4226,FALLEN_TREE,4,2023-05-17,26.102693,91.733856,Synthetic incident record,SYNTHETIC
INC004016,R4228,ROAD_BLOCKAGE,2,2023-10-09,26.109312,91.749783,Synthetic incident record,SYNTHETIC
INC004017,R4229,FLOOD,3,2023-09-05,26.10213,91.743284,Synthetic incident record,SYNTHETIC
INC004018,R4231,FLOOD,4,2023-07-12,25.559685,91.907975,Synthetic incident record,SYNTHETIC
INC004019,R4232,ACCIDENT,2,2023-12-18,26.153952,91.792504,Synthetic incident record,SYNTHETIC
INC004020,R4234,LANDSLIDE,1,2023-12-01,26.193568,91.7415,Synthetic incident record,SYNTHETIC
INC004021,R4235,FALLEN_TREE,3,2023-09-16,26.126819,91.798698,Synthetic incident record,SYNTHETIC
INC004022,R4237,FALLEN_TREE,1,2023-01-29,26.111039,91.755409,Synthetic incident record,SYNTHETIC
INC004023,R4239,LANDSLIDE,4,2023-11-19,26.156928,91.771183,Synthetic incident record,SYNTHETIC
INC004024,R4240,ROAD_BLOCKAGE,1,2023-09-12,25.286815,92.11206,Synthetic incident record,SYNTHETIC
INC004025,R4243,LANDSLIDE,1,2023-05-30,26.075868,91.470681,Synthetic incident record,SYNTHETIC
INC004026,R4244,ACCIDENT,5,2023-06-06,26.073147,91.47012,Synthetic incident record,SYNTHETIC
INC004027,R4246,ROAD_BLOCKAGE,3,2023-03-15,25.126188,91.751906,Synthetic incident record,SYNTHETIC
INC004028,R4248,ACCIDENT,1,2023-03-16,24.850366,92.312775,Synthetic incident record,SYNTHETIC
INC004029,R4249,ROAD_BLOCKAGE,1,2023-05-23,24.852271,92.269857,Synthetic incident record,SYNTHETIC
INC004030,R4250,ROAD_BLOCKAGE,3,2023-01-21,24.834533,92.244285,Synthetic incident record,SYNTHETIC
INC004031,R4253,FLOOD,3,2023-01-06,25.156168,91.743525,Synthetic incident record,SYNTHETIC
INC004032,R4255,FLOOD,3,2023-01-30,24.909318,91.889385,Synthetic incident record,SYNTHETIC
INC004033,R4256,LANDSLIDE,1,2023-08-04,24.951226,91.808917,Synthetic incident record,SYNTHETIC
INC004034,R4257,LANDSLIDE,1,2023-08-18,24.949736,91.805227,Synthetic incident record,SYNTHETIC
INC004035,R4257,LANDSLIDE,4,2023-09-29,24.953777,91.791433,Synthetic incident record,SYNTHETIC
INC004036,R4258,LANDSLIDE,2,2023-06-15,24.951808,91.798967,Synthetic incident record,SYNTHETIC
INC004037,R4258,ROAD_BLOCKAGE,2,2023-12-15,24.958851,91.79004,Synthetic incident record,SYNTHETIC
INC004038,R4258,FLOOD,1,2023-06-17,24.959638,91.799833,Synthetic incident record,SYNTHETIC
INC004039,R4259,ACCIDENT,4,2023-12-11,26.105824,91.799072,Synthetic incident record,SYNTHETIC
INC004040,R4260,LANDSLIDE,5,2023-07-12,24.814103,92.975677,Synthetic incident record,SYNTHETIC
INC004041,R4261,LANDSLIDE,5,2023-08-06,26.121721,91.732682,Synthetic incident record,SYNTHETIC
INC004042,R4262,FLOOD,1,2023-04-27,26.163263,91.705773,Synthetic incident record,SYNTHETIC
INC004043,R4263,ROAD_BLOCKAGE,5,2023-11-03,26.116114,91.759165,Synthetic incident record,SYNTHETIC
INC004044,R4265,LANDSLIDE,2,2023-02-19,25.563809,91.874414,Synthetic incident record,SYNTHETIC
INC004045,R4266,FLOOD,3,2023-04-16,25.571724,91.873099,Synthetic incident record,SYNTHETIC
INC004046,R4267,ACCIDENT,5,2023-09-26,25.522796,91.813514,Synthetic incident record,SYNTHETIC
INC004047,R4267,FALLEN_TREE,5,2023-09-21,25.522858,91.808531,Synthetic incident record,SYNTHETIC
INC004048,R4274,FALLEN_TREE,2,2023-03-08,26.173227,91.71935,Synthetic incident record,SYNTHETIC
INC004049,R4275,LANDSLIDE,1,2023-02-18,26.165624,91.72183,Synthetic incident record,SYNTHETIC
INC004050,R4278,LANDSLIDE,4,2023-04-23,26.123258,91.79901,Synthetic incident record,SYNTHETIC
INC004051,R4280,ROAD_BLOCKAGE,5,2023-04-17,26.121734,91.817784,Synthetic incident record,SYNTHETIC
INC004052,R4281,ACCIDENT,2,2023-04-20,26.123622,91.779618,Synthetic incident record,SYNTHETIC
INC004053,R4285,LANDSLIDE,4,2023-03-27,26.130006,91.795614,Synthetic incident record,SYNTHETIC
INC004054,R4288,FLOOD,5,2023-10-19,26.125667,91.787577,Synthetic incident record,SYNTHETIC
INC004055,R4289,LANDSLIDE,5,2023-02-15,26.180618,91.759648,Synthetic incident record,SYNTHETIC
INC004056,R4292,FLOOD,5,2023-09-13,26.173887,91.741474,Synthetic incident record,SYNTHETIC
INC004057,R4297,LANDSLIDE,4,2023-03-06,26.173763,91.74594,Synthetic incident record,SYNTHETIC
INC004058,R4301,LANDSLIDE,4,2023-07-07,26.158094,91.752521,Synthetic incident record,SYNTHETIC
INC004059,R4302,FALLEN_TREE,5,2023-09-17,26.157295,91.755587,Synthetic incident record,SYNTHETIC
INC004060,R4305,ROAD_BLOCKAGE,1,2023-06-11,26.173672,91.738517,Synthetic incident record,SYNTHETIC
INC004061,R4305,LANDSLIDE,1,2023-11-30,26.16447,91.741562,Synthetic incident record,SYNTHETIC
INC004062,R4305,ACCIDENT,1,2023-08-17,26.167156,91.753723,Synthetic incident record,SYNTHETIC
INC004063,R4305,FLOOD,4,2023-08-01,26.163594,91.738032,Synthetic incident record,SYNTHETIC
INC004064,R4307,LANDSLIDE,2,2023-08-15,26.147105,91.775539,Synthetic incident record,SYNTHETIC
INC004065,R4309,ROAD_BLOCKAGE,2,2023-08-23,26.142269,91.79237,Synthetic incident record,SYNTHETIC
INC004066,R4310,FALLEN_TREE,2,2023-08-10,26.155873,91.777623,Synthetic incident record,SYNTHETIC
INC004067,R4311,ACCIDENT,5,2023-04-05,26.120008,91.703329,Synthetic incident record,SYNTHETIC
INC004068,R4313,FLOOD,1,2023-02-26,26.111296,91.712085,Synthetic incident record,SYNTHETIC
INC004069,R4314,ROAD_BLOCKAGE,1,2023-12-13,26.119641,91.72918,Synthetic incident record,SYNTHETIC
INC004070,R4315,FALLEN_TREE,3,2023-04-02,26.191479,91.772317,Synthetic incident record,SYNTHETIC
INC004071,R4317,ACCIDENT,5,2023-09-26,26.118192,91.722467,Synthetic incident record,SYNTHETIC
INC004072,R4317,ROAD_BLOCKAGE,5,2023-11-12,26.123649,91.707197,Synthetic incident record,SYNTHETIC
INC004073,R4317,ACCIDENT,3,2023-09-27,26.123239,91.710012,Synthetic incident record,SYNTHETIC
INC004074,R4318,ACCIDENT,1,2023-01-01,26.120726,91.716839,Synthetic incident record,SYNTHETIC
INC004075,R4319,ROAD_BLOCKAGE,1,2023-01-18,26.110347,91.743231,Synthetic incident record,SYNTHETIC
INC004076,R4319,LANDSLIDE,3,2023-07-29,26.114835,91.737854,Synthetic incident record,SYNTHETIC
INC004077,R4319,ROAD_BLOCKAGE,2,2023-11-17,26.106773,91.747902,Synthetic incident record,SYNTHETIC
INC004078,R4320,FALLEN_TREE,1,2023-09-04,26.122456,91.729883,Synthetic incident record,SYNTHETIC
INC004079,R4322,ACCIDENT,2,2023-02-25,26.110478,91.738299,Synthetic incident record,SYNTHETIC
INC004080,R4324,ROAD_BLOCKAGE,1,2023-07-18,26.15413,91.773073,Synthetic incident record,SYNTHETIC
INC004081,R4325,ROAD_BLOCKAGE,1,2023-12-03,26.116168,91.717772,Synthetic incident record,SYNTHETIC
INC004082,R4326,ROAD_BLOCKAGE,3,2023-11-18,25.542476,91.814564,Synthetic incident record,SYNTHETIC
INC004083,R4329,ROAD_BLOCKAGE,3,2023-11-22,26.149208,91.798107,Synthetic incident record,SYNTHETIC
INC004084,R4330,LANDSLIDE,1,2023-09-05,26.13341,91.806939,Synthetic incident record,SYNTHETIC
INC004085,R4332,ROAD_BLOCKAGE,2,2023-03-17,26.168164,92.349451,Synthetic incident record,SYNTHETIC
INC004086,R4334,ROAD_BLOCKAGE,2,2023-02-24,24.892914,92.148217,Synthetic incident record,SYNTHETIC
INC004087,R4335,FLOOD,3,2023-08-13,24.911449,92.147368,Synthetic incident record,SYNTHETIC
INC004088,R4336,ROAD_BLOCKAGE,5,2023-09-19,24.893467,92.149863,Synthetic incident record,SYNTHETIC
INC004089,R4337,ACCIDENT,4,2023-03-14,26.16809,91.747336,Synthetic incident record,SYNTHETIC
INC004090,R4337,FLOOD,2,2023-03-02,26.180459,91.734906,Synthetic incident record,SYNTHETIC
INC004091,R4337,LANDSLIDE,1,2023-10-26,26.175429,91.732891,Synthetic incident record,SYNTHETIC
INC004092,R4338,LANDSLIDE,3,2023-04-17,25.075366,92.052651,Synthetic incident record,SYNTHETIC
INC004093,R4339,ROAD_BLOCKAGE,2,2023-10-09,26.107486,91.803187,Synthetic incident record,SYNTHETIC
INC004094,R4339,FALLEN_TREE,2,2023-07-04,26.115814,91.807424,Synthetic incident record,SYNTHETIC
INC004095,R4339,FLOOD,4,2023-11-16,26.110601,91.804567,Synthetic incident record,SYNTHETIC
INC004096,R4340,FLOOD,1,2023-01-27,26.116914,91.797295,Synthetic incident record,SYNTHETIC
INC004097,R4340,ROAD_BLOCKAGE,3,2023-02-26,26.112429,91.808442,Synthetic incident record,SYNTHETIC
INC004098,R4340,ACCIDENT,3,2023-04-15,26.120833,91.809384,Synthetic incident record,SYNTHETIC
INC004099,R4340,LANDSLIDE,2,2023-02-20,26.121859,91.809972,Synthetic incident record,SYNTHETIC
INC004100,R4341,ROAD_BLOCKAGE,4,2023-10-31,26.123668,91.833258,Synthetic incident record,SYNTHETIC
INC004101,R4342,FLOOD,2,2023-05-13,26.114243,91.830727,Synthetic incident record,SYNTHETIC
INC004102,R4346,ACCIDENT,5,2023-01-24,26.144589,91.77985,Synthetic incident record,SYNTHETIC
INC004103,R4347,ROAD_BLOCKAGE,4,2023-08-28,24.883727,91.880336,Synthetic incident record,SYNTHETIC
INC004104,R4351,FLOOD,1,2023-12-02,26.10839,91.800921,Synthetic incident record,SYNTHETIC
INC004105,R4352,ROAD_BLOCKAGE,3,2023-07-05,26.117713,91.785523,Synthetic incident record,SYNTHETIC
INC004106,R4353,FLOOD,1,2023-11-01,26.10449,91.797692,Synthetic incident record,SYNTHETIC
INC004107,R4354,ACCIDENT,1,2023-08-14,26.101834,91.795202,Synthetic incident record,SYNTHETIC
INC004108,R4354,FALLEN_TREE,4,2023-04-01,26.112944,91.795926,Synthetic incident record,SYNTHETIC
INC004109,R4355,LANDSLIDE,3,2023-08-02,26.115521,91.789263,Synthetic incident record,SYNTHETIC
INC004110,R4356,ACCIDENT,5,2023-08-28,26.055531,92.601501,Synthetic incident record,SYNTHETIC
INC004111,R4357,FALLEN_TREE,5,2023-05-03,26.172118,92.216769,Synthetic incident record,SYNTHETIC
INC004112,R4358,FALLEN_TREE,5,2023-08-25,26.166399,91.693816,Synthetic incident record,SYNTHETIC
INC004113,R4358,FALLEN_TREE,5,2023-03-08,26.160454,91.701885,Synthetic incident record,SYNTHETIC
INC004114,R4358,FALLEN_TREE,5,2023-10-30,26.166981,91.695382,Synthetic incident record,SYNTHETIC
INC004115,R4360,ROAD_BLOCKAGE,2,2023-05-05,26.15005,91.6958,Synthetic incident record,SYNTHETIC
INC004116,R4360,LANDSLIDE,2,2023-02-18,26.15975,91.695144,Synthetic incident record,SYNTHETIC
INC004117,R4360,ACCIDENT,2,2023-07-13,26.152299,91.7021,Synthetic incident record,SYNTHETIC
INC004118,R4362,ROAD_BLOCKAGE,1,2023-10-20,26.155123,91.706095,Synthetic incident record,SYNTHETIC
INC004119,R4363,LANDSLIDE,4,2023-06-28,26.168812,91.697965,Synthetic incident record,SYNTHETIC
INC004120,R4364,FLOOD,3,2023-04-18,26.165188,91.704638,Synthetic incident record,SYNTHETIC
INC004121,R4365,ROAD_BLOCKAGE,2,2023-07-17,26.149856,91.699448,Synthetic incident record,SYNTHETIC
INC004122,R4366,LANDSLIDE,5,2023-05-16,26.15989,91.698312,Synthetic incident record,SYNTHETIC
INC004123,R4368,LANDSLIDE,3,2023-07-28,26.153407,92.243601,Synthetic incident record,SYNTHETIC
INC004124,R4369,FLOOD,3,2023-06-06,26.14256,92.202808,Synthetic incident record,SYNTHETIC
INC004125,R4371,FALLEN_TREE,5,2023-02-02,26.163899,92.192608,Synthetic incident record,SYNTHETIC
INC004126,R4374,LANDSLIDE,3,2023-04-08,26.111831,92.173816,Synthetic incident record,SYNTHETIC
INC004127,R4375,FLOOD,4,2023-12-28,26.137558,92.26414,Synthetic incident record,SYNTHETIC
INC004128,R4375,FLOOD,1,2023-11-10,26.135759,92.259952,Synthetic incident record,SYNTHETIC
INC004129,R4375,FALLEN_TREE,4,2023-10-16,26.152042,92.268077,Synthetic incident record,SYNTHETIC
INC004130,R4376,FALLEN_TREE,5,2023-08-11,26.193145,91.741056,Synthetic incident record,SYNTHETIC
INC004131,R4376,FALLEN_TREE,3,2023-12-22,26.191991,91.750692,Synthetic incident record,SYNTHETIC
INC004132,R4376,FALLEN_TREE,5,2023-12-22,26.184692,91.743897,Synthetic incident record,SYNTHETIC
INC004133,R4378,FALLEN_TREE,3,2023-09-23,26.102187,91.787088,Synthetic incident record,SYNTHETIC
INC004134,R4379,LANDSLIDE,5,2023-01-04,26.119266,91.756042,Synthetic incident record,SYNTHETIC
INC004135,R4379,LANDSLIDE,1,2023-03-06,26.120969,91.763133,Synthetic incident record,SYNTHETIC
INC004136,R4379,FALLEN_TREE,5,2023-08-14,26.119051,91.764252,Synthetic incident record,SYNTHETIC
INC004137,R4381,FLOOD,4,2023-02-23,26.106418,91.789296,Synthetic incident record,SYNTHETIC
INC004138,R4383,ROAD_BLOCKAGE,1,2023-12-25,26.104895,91.784054,Synthetic incident record,SYNTHETIC
INC004139,R4383,FLOOD,4,2023-05-01,26.12035,91.782948,Synthetic incident record,SYNTHETIC
INC004140,R4383,FALLEN_TREE,2,2023-04-24,26.121041,91.799633,Synthetic incident record,SYNTHETIC
INC004141,R4383,ACCIDENT,5,2023-10-25,26.105237,91.785694,Synthetic incident record,SYNTHETIC
INC004142,R4384,ROAD_BLOCKAGE,2,2023-08-03,26.106347,91.772494,Synthetic incident record,SYNTHETIC
INC004143,R4384,FALLEN_TREE,4,2023-01-16,26.101156,91.784951,Synthetic incident record,SYNTHETIC
INC004144,R4384,FALLEN_TREE,4,2023-01-23,26.119443,91.772141,Synthetic incident record,SYNTHETIC
INC004145,R4385,LANDSLIDE,5,2023-01-06,26.187879,91.753522,Synthetic incident record,SYNTHETIC
INC004146,R4389,FALLEN_TREE,5,2023-03-18,26.17444,91.72372,Synthetic incident record,SYNTHETIC
INC004147,R4389,ACCIDENT,2,2023-09-16,26.164571,91.727853,Synthetic incident record,SYNTHETIC
INC004148,R4389,LANDSLIDE,5,2023-08-12,26.17572,91.728977,Synthetic incident record,SYNTHETIC
INC004149,R4389,ACCIDENT,2,2023-11-23,26.181196,91.717698,Synthetic incident record,SYNTHETIC
INC004150,R4390,FLOOD,3,2023-04-11,26.180299,91.71863,Synthetic incident record,SYNTHETIC
INC004151,R4391,FLOOD,5,2023-12-16,26.169433,91.730662,Synthetic incident record,SYNTHETIC
INC004152,R4392,LANDSLIDE,1,2023-02-15,26.168836,91.718879,Synthetic incident record,SYNTHETIC
INC004153,R4393,FLOOD,2,2023-10-28,26.168903,91.740459,Synthetic incident record,SYNTHETIC
INC004154,R4394,FLOOD,3,2023-11-08,26.163198,91.733354,Synthetic incident record,SYNTHETIC
INC004155,R4396,ACCIDENT,4,2023-02-23,26.175234,91.770918,Synthetic incident record,SYNTHETIC
INC004156,R4397,FLOOD,2,2023-11-01,26.183838,91.78535,Synthetic incident record,SYNTHETIC
INC004157,R4398,ACCIDENT,5,2023-08-19,26.170182,91.783633,Synthetic incident record,SYNTHETIC
INC004158,R4401,ACCIDENT,4,2023-05-23,26.174323,91.772795,Synthetic incident record,SYNTHETIC
INC004159,R4402,LANDSLIDE,1,2023-02-07,26.16289,91.787718,Synthetic incident record,SYNTHETIC
INC004160,R4403,ACCIDENT,4,2023-11-12,26.169922,91.780323,Synthetic incident record,SYNTHETIC
INC004161,R4403,FLOOD,2,2023-08-29,26.157509,91.788434,Synthetic incident record,SYNTHETIC
INC004162,R4404,FLOOD,4,2023-03-02,26.167076,91.782183,Synthetic incident record,SYNTHETIC
INC004163,R4405,FLOOD,3,2023-07-26,26.19867,91.800206,Synthetic incident record,SYNTHETIC
INC004164,R4406,LANDSLIDE,3,2023-04-11,26.183697,91.745133,Synthetic incident record,SYNTHETIC
INC004165,R4408,FALLEN_TREE,5,2023-01-10,26.177881,91.764196,Synthetic incident record,SYNTHETIC
INC004166,R4409,FLOOD,4,2023-10-12,26.174446,91.78081,Synthetic incident record,SYNTHETIC
INC004167,R4409,ROAD_BLOCKAGE,2,2023-02-11,26.181157,91.783999,Synthetic incident record,SYNTHETIC
INC004168,R4409,ROAD_BLOCKAGE,3,2023-08-08,26.178837,91.775401,Synthetic incident record,SYNTHETIC
INC004169,R4409,ACCIDENT,5,2023-03-03,26.174241,91.783674,Synthetic incident record,SYNTHETIC
INC004170,R4411,FLOOD,3,2023-04-29,26.17568,91.781057,Synthetic incident record,SYNTHETIC
INC004171,R4412,ACCIDENT,1,2023-10-19,26.191517,91.740939,Synthetic incident record,SYNTHETIC
INC004172,R4412,FALLEN_TREE,1,2023-07-31,26.197986,91.758457,Synthetic incident record,SYNTHETIC
INC004173,R4415,ROAD_BLOCKAGE,4,2023-11-16,26.132702,91.790343,Synthetic incident record,SYNTHETIC
INC004174,R4416,LANDSLIDE,5,2023-07-10,26.129809,91.767196,Synthetic incident record,SYNTHETIC
INC004175,R4417,LANDSLIDE,5,2023-08-14,26.189039,91.793284,Synthetic incident record,SYNTHETIC
INC004176,R4419,FLOOD,1,2023-12-13,26.099725,91.797858,Synthetic incident record,SYNTHETIC
INC004177,R4420,ROAD_BLOCKAGE,2,2023-12-21,26.131506,91.839232,Synthetic incident record,SYNTHETIC
INC004178,R4422,LANDSLIDE,1,2023-12-18,26.117144,92.197903,Synthetic incident record,SYNTHETIC
INC004179,R4423,ROAD_BLOCKAGE,2,2023-01-11,26.162549,92.21138,Synthetic incident record,SYNTHETIC
INC004180,R4425,ROAD_BLOCKAGE,5,2023-01-12,25.934521,92.700406,Synthetic incident record,SYNTHETIC
INC004181,R4426,ACCIDENT,4,2023-03-28,25.849578,92.572048,Synthetic incident record,SYNTHETIC
INC004182,R4428,LANDSLIDE,3,2023-02-13,25.999058,92.848159,Synthetic incident record,SYNTHETIC
INC004183,R4429,FALLEN_TREE,5,2023-06-04,25.999358,92.847492,Synthetic incident record,SYNTHETIC
INC004184,R4432,ACCIDENT,4,2023-07-05,26.000534,92.87198,Synthetic incident record,SYNTHETIC
INC004185,R4433,ACCIDENT,2,2023-01-17,25.987196,92.877516,Synthetic incident record,SYNTHETIC
INC004186,R4434,FALLEN_TREE,3,2023-03-11,26.013908,92.87122,Synthetic incident record,SYNTHETIC
INC004187,R4435,FLOOD,3,2023-09-21,26.003864,92.874099,Synthetic incident record,SYNTHETIC
INC004188,R4438,ROAD_BLOCKAGE,1,2023-12-13,26.005659,92.863669,Synthetic incident record,SYNTHETIC
INC004189,R4441,FALLEN_TREE,2,2023-11-27,26.067928,92.904253,Synthetic incident record,SYNTHETIC
INC004190,R4441,FLOOD,5,2023-05-23,26.057718,92.900137,Synthetic incident record,SYNTHETIC
INC004191,R4441,LANDSLIDE,1,2023-02-11,26.061082,92.902746,Synthetic incident record,SYNTHETIC
INC004192,R4443,ACCIDENT,2,2023-02-26,26.055528,92.909554,Synthetic incident record,SYNTHETIC
INC004193,R4446,FALLEN_TREE,5,2023-06-25,26.066213,92.910658,Synthetic incident record,SYNTHETIC
INC004194,R4447,FALLEN_TREE,1,2023-11-22,26.074899,92.888027,Synthetic incident record,SYNTHETIC
INC004195,R4448,ROAD_BLOCKAGE,2,2023-08-14,26.067944,92.893945,Synthetic incident record,SYNTHETIC
INC004196,R4449,ACCIDENT,1,2023-01-02,26.077406,92.899717,Synthetic incident record,SYNTHETIC
INC004197,R4450,FLOOD,4,2023-09-09,26.065357,92.90326,Synthetic incident record,SYNTHETIC
INC004198,R4451,LANDSLIDE,5,2023-03-15,26.128712,92.848394,Synthetic incident record,SYNTHETIC
INC004199,R4451,ACCIDENT,1,2023-10-20,26.12242,92.855998,Synthetic incident record,SYNTHETIC
INC004200,R4451,ACCIDENT,3,2023-02-20,26.125379,92.848112,Synthetic incident record,SYNTHETIC
INC004201,R4451,FLOOD,1,2023-08-02,26.119615,92.861843,Synthetic incident record,SYNTHETIC
INC004202,R4452,ROAD_BLOCKAGE,1,2023-09-03,26.117617,92.841487,Synthetic incident record,SYNTHETIC
INC004203,R4458,FLOOD,3,2023-09-01,26.118961,92.876619,Synthetic incident record,SYNTHETIC
INC004204,R4459,FLOOD,1,2023-06-28,26.158658,92.763355,Synthetic incident record,SYNTHETIC
INC004205,R4459,FLOOD,5,2023-01-13,26.150451,92.771455,Synthetic incident record,SYNTHETIC
INC004206,R4459,ACCIDENT,3,2023-07-22,26.162698,92.76764,Synthetic incident record,SYNTHETIC
INC004207,R4459,LANDSLIDE,2,2023-03-10,26.156746,92.769266,Synthetic incident record,SYNTHETIC
INC004208,R4460,FLOOD,2,2023-11-27,26.145672,92.757116,Synthetic incident record,SYNTHETIC
INC004209,R4463,ACCIDENT,2,2023-11-12,26.149693,92.774919,Synthetic incident record,SYNTHETIC
INC004210,R4466,FLOOD,5,2023-04-17,26.093424,92.876817,Synthetic incident record,SYNTHETIC
INC004211,R4467,ROAD_BLOCKAGE,2,2023-06-16,26.083126,92.886622,Synthetic incident record,SYNTHETIC
INC004212,R4468,ACCIDENT,3,2023-08-19,26.083536,92.882408,Synthetic incident record,SYNTHETIC
INC004213,R4470,FLOOD,3,2023-03-03,26.0894,92.880472,Synthetic incident record,SYNTHETIC
INC004214,R4472,ACCIDENT,4,2023-09-09,26.074961,92.967626,Synthetic incident record,SYNTHETIC
INC004215,R4474,ROAD_BLOCKAGE,4,2023-07-13,26.152692,92.976183,Synthetic incident record,SYNTHETIC
INC004216,R4475,ROAD_BLOCKAGE,1,2023-04-20,26.149704,92.963762,Synthetic incident record,SYNTHETIC
INC004217,R4476,ACCIDENT,2,2023-05-09,26.163998,92.962295,Synthetic incident record,SYNTHETIC
INC004218,R4477,ROAD_BLOCKAGE,1,2023-02-22,26.046814,92.900923,Synthetic incident record,SYNTHETIC
INC004219,R4479,LANDSLIDE,2,2023-08-04,26.065385,92.898737,Synthetic incident record,SYNTHETIC
INC004220,R4481,FLOOD,1,2023-04-26,26.104846,92.998705,Synthetic incident record,SYNTHETIC
INC004221,R4482,ACCIDENT,4,2023-06-12,26.080334,92.977254,Synthetic incident record,SYNTHETIC
INC004222,R4483,ACCIDENT,1,2023-11-23,26.075021,92.968449,Synthetic incident record,SYNTHETIC
INC004223,R4484,ROAD_BLOCKAGE,2,2023-01-12,26.047392,92.971751,Synthetic incident record,SYNTHETIC
INC004224,R4488,FALLEN_TREE,4,2023-03-21,26.060108,92.97919,Synthetic incident record,SYNTHETIC
INC004225,R4489,FALLEN_TREE,1,2023-01-26,26.074909,92.97692,Synthetic incident record,SYNTHETIC
INC004226,R4494,FALLEN_TREE,3,2023-07-29,26.073903,92.88712,Synthetic incident record,SYNTHETIC
INC004227,R4495,ACCIDENT,3,2023-06-29,26.075435,92.878753,Synthetic incident record,SYNTHETIC
INC004228,R4497,FALLEN_TREE,1,2023-01-06,26.076408,92.884235,Synthetic incident record,SYNTHETIC
INC004229,R4500,ACCIDENT,2,2023-07-01,26.070739,92.983743,Synthetic incident record,SYNTHETIC
INC004230,R4501,ACCIDENT,4,2023-03-27,25.10458,92.829185,Synthetic incident record,SYNTHETIC
INC004231,R4502,FLOOD,1,2023-10-30,25.108457,92.833083,Synthetic incident record,SYNTHETIC
INC004232,R4502,FLOOD,2,2023-02-07,25.093572,92.833233,Synthetic incident record,SYNTHETIC
INC004233,R4503,LANDSLIDE,3,2023-09-24,25.097861,92.838159,Synthetic incident record,SYNTHETIC
INC004234,R4504,LANDSLIDE,1,2023-06-09,25.096098,92.840251,Synthetic incident record,SYNTHETIC
INC004235,R4505,ROAD_BLOCKAGE,1,2023-07-29,26.107302,91.722897,Synthetic incident record,SYNTHETIC
INC004236,R4510,LANDSLIDE,5,2023-02-26,26.115353,91.700995,Synthetic incident record,SYNTHETIC
INC004237,R4511,FLOOD,4,2023-07-24,26.107213,91.779528,Synthetic incident record,SYNTHETIC
INC004238,R4512,ACCIDENT,2,2023-09-12,26.108916,91.775373,Synthetic incident record,SYNTHETIC
INC004239,R4513,FALLEN_TREE,4,2023-03-31,26.115248,91.757398,Synthetic incident record,SYNTHETIC
INC004240,R4514,ROAD_BLOCKAGE,1,2023-09-19,26.104514,91.764193,Synthetic incident record,SYNTHETIC
INC004241,R4515,ROAD_BLOCKAGE,2,2023-02-24,26.102,91.798714,Synthetic incident record,SYNTHETIC
INC004242,R4517,ROAD_BLOCKAGE,3,2023-04-26,26.119491,91.802008,Synthetic incident record,SYNTHETIC
INC004243,R4518,ACCIDENT,3,2023-08-17,26.121416,91.802303,Synthetic incident record,SYNTHETIC
INC004244,R4518,ACCIDENT,2,2023-12-23,26.116285,91.809401,Synthetic incident record,SYNTHETIC
INC004245,R4518,ROAD_BLOCKAGE,1,2023-03-29,26.108034,91.799238,Synthetic incident record,SYNTHETIC
INC004246,R4519,ACCIDENT,3,2023-07-06,26.117984,91.825018,Synthetic incident record,SYNTHETIC
INC004247,R4520,ROAD_BLOCKAGE,2,2023-12-15,26.10867,91.815628,Synthetic incident record,SYNTHETIC
INC004248,R4521,FALLEN_TREE,2,2023-04-10,26.11975,91.819376,Synthetic incident record,SYNTHETIC
INC004249,R4523,ACCIDENT,3,2023-04-05,26.134115,91.81579,Synthetic incident record,SYNTHETIC
INC004250,R4526,ROAD_BLOCKAGE,4,2023-09-27,26.133087,91.803162,Synthetic incident record,SYNTHETIC
INC004251,R4528,ROAD_BLOCKAGE,2,2023-06-22,26.137533,91.811501,Synthetic incident record,SYNTHETIC
INC004252,R4530,ACCIDENT,2,2023-06-16,26.145426,91.793379,Synthetic incident record,SYNTHETIC
INC004253,R4533,LANDSLIDE,2,2023-02-07,26.14716,91.78455,Synthetic incident record,SYNTHETIC
INC004254,R4533,ROAD_BLOCKAGE,4,2023-01-13,26.145521,91.788658,Synthetic incident record,SYNTHETIC
INC004255,R4535,ROAD_BLOCKAGE,3,2023-09-25,26.15694,91.788191,Synthetic incident record,SYNTHETIC
INC004256,R4536,FLOOD,1,2023-08-16,26.156164,91.780283,Synthetic incident record,SYNTHETIC
INC004257,R4538,ROAD_BLOCKAGE,4,2023-06-07,26.169381,91.764304,Synthetic incident record,SYNTHETIC
INC004258,R4539,ACCIDENT,4,2023-09-10,26.165878,91.77176,Synthetic incident record,SYNTHETIC
INC004259,R4540,FALLEN_TREE,2,2023-12-18,26.17286,91.761838,Synthetic incident record,SYNTHETIC
INC004260,R4542,FLOOD,5,2023-08-28,26.168683,91.747949,Synthetic incident record,SYNTHETIC
INC004261,R4543,LANDSLIDE,3,2023-07-26,26.173276,91.758073,Synthetic incident record,SYNTHETIC
INC004262,R4543,FALLEN_TREE,3,2023-09-11,26.176778,91.749142,Synthetic incident record,SYNTHETIC
INC004263,R4543,LANDSLIDE,2,2023-04-06,26.166583,91.754301,Synthetic incident record,SYNTHETIC
INC004264,R4543,FLOOD,5,2023-12-10,26.184953,91.746117,Synthetic incident record,SYNTHETIC
INC004265,R4544,LANDSLIDE,1,2023-10-21,26.18227,91.752774,Synthetic incident record,SYNTHETIC
INC004266,R4545,LANDSLIDE,3,2023-05-19,26.178017,91.766413,Synthetic incident record,SYNTHETIC
INC004267,R4546,FALLEN_TREE,1,2023-03-27,26.190628,91.746795,Synthetic incident record,SYNTHETIC
INC004268,R4548,LANDSLIDE,5,2023-07-25,26.170494,91.771307,Synthetic incident record,SYNTHETIC
INC004269,R4550,ACCIDENT,3,2023-07-08,26.169843,91.784682,Synthetic incident record,SYNTHETIC
INC004270,R4551,LANDSLIDE,5,2023-07-03,26.172514,91.778154,Synthetic incident record,SYNTHETIC
INC004271,R4552,ROAD_BLOCKAGE,3,2023-01-23,26.168367,91.769913,Synthetic incident record,SYNTHETIC
INC004272,R4553,ACCIDENT,3,2023-11-11,26.176132,91.773886,Synthetic incident record,SYNTHETIC
INC004273,R4554,LANDSLIDE,4,2023-10-07,26.170579,91.780077,Synthetic incident record,SYNTHETIC
INC004274,R4555,FALLEN_TREE,4,2023-12-21,26.186044,91.771561,Synthetic incident record,SYNTHETIC
INC004275,R4557,ROAD_BLOCKAGE,3,2023-06-29,26.176085,91.781114,Synthetic incident record,SYNTHETIC
INC004276,R4558,LANDSLIDE,1,2023-08-31,26.180348,91.776905,Synthetic incident record,SYNTHETIC
INC004277,R4559,FLOOD,1,2023-12-22,26.181197,91.774491,Synthetic incident record,SYNTHETIC
INC004278,R4560,ACCIDENT,1,2023-09-23,26.172267,91.813014,Synthetic incident record,SYNTHETIC
INC004279,R4562,LANDSLIDE,4,2023-01-04,26.16132,91.72223,Synthetic incident record,SYNTHETIC
INC004280,R4563,LANDSLIDE,4,2023-05-30,26.164321,91.716061,Synthetic incident record,SYNTHETIC
INC004281,R4563,LANDSLIDE,5,2023-06-29,26.161625,91.708906,Synthetic incident record,SYNTHETIC
INC004282,R4563,FALLEN_TREE,2,2023-12-17,26.165847,91.716121,Synthetic incident record,SYNTHETIC
INC004283,R4563,ACCIDENT,3,2023-05-16,26.164684,91.717399,Synthetic incident record,SYNTHETIC
INC004284,R4565,FLOOD,2,2023-08-15,26.149677,91.699138,Synthetic incident record,SYNTHETIC
INC004285,R4567,ROAD_BLOCKAGE,2,2023-02-25,26.153353,91.682098,Synthetic incident record,SYNTHETIC
INC004286,R4568,ROAD_BLOCKAGE,1,2023-05-31,26.158557,91.675984,Synthetic incident record,SYNTHETIC
INC004287,R4569,FLOOD,2,2023-01-14,26.167147,91.671547,Synthetic incident record,SYNTHETIC
INC004288,R4570,ROAD_BLOCKAGE,4,2023-04-14,25.107618,92.944577,Synthetic incident record,SYNTHETIC
INC004289,R4572,ACCIDENT,3,2023-05-05,25.412726,92.992102,Synthetic incident record,SYNTHETIC
INC004290,R4574,ACCIDENT,2,2023-07-11,25.184453,92.818365,Synthetic incident record,SYNTHETIC
INC004291,R4575,LANDSLIDE,2,2023-06-12,25.332791,92.820946,Synthetic incident record,SYNTHETIC
INC004292,R4577,ACCIDENT,4,2023-03-05,25.359848,92.812076,Synthetic incident record,SYNTHETIC
INC004293,R4582,ACCIDENT,2,2023-01-19,24.909286,92.971613,Synthetic incident record,SYNTHETIC
INC004294,R4583,ROAD_BLOCKAGE,4,2023-12-26,24.911972,92.96758,Synthetic incident record,SYNTHETIC
INC004295,R4584,ACCIDENT,3,2023-12-21,24.960217,93.009176,Synthetic incident record,SYNTHETIC
INC004296,R4586,FLOOD,5,2023-05-30,25.915392,92.953416,Synthetic incident record,SYNTHETIC
INC004297,R4586,LANDSLIDE,4,2023-07-07,25.922971,92.965052,Synthetic incident record,SYNTHETIC
INC004298,R4587,FALLEN_TREE,4,2023-09-25,25.918814,92.959149,Synthetic incident record,SYNTHETIC
INC004299,R4588,FALLEN_TREE,4,2023-04-19,25.918739,92.963209,Synthetic incident record,SYNTHETIC
INC004300,R4588,FLOOD,2,2023-09-10,25.916881,92.962687,Synthetic incident record,SYNTHETIC
INC004301,R4588,ACCIDENT,1,2023-09-15,25.925872,92.949973,Synthetic incident record,SYNTHETIC
INC004302,R4588,FALLEN_TREE,1,2023-07-22,25.914727,92.946088,Synthetic incident record,SYNTHETIC
INC004303,R4589,ROAD_BLOCKAGE,3,2023-06-22,25.923054,92.955804,Synthetic incident record,SYNTHETIC
INC004304,R4589,FALLEN_TREE,2,2023-11-26,25.916679,92.94664,Synthetic incident record,SYNTHETIC
INC004305,R4590,FALLEN_TREE,1,2023-04-19,25.921039,92.954647,Synthetic incident record,SYNTHETIC
INC004306,R4591,FALLEN_TREE,2,2023-10-22,25.921518,92.951733,Synthetic incident record,SYNTHETIC
INC004307,R4592,ROAD_BLOCKAGE,4,2023-09-14,25.918071,92.952463,Synthetic incident record,SYNTHETIC
INC004308,R4596,ROAD_BLOCKAGE,2,2023-10-11,24.844431,92.392962,Synthetic incident record,SYNTHETIC
INC004309,R4597,ROAD_BLOCKAGE,1,2023-06-29,24.848102,92.377738,Synthetic incident record,SYNTHETIC
INC004310,R4599,FALLEN_TREE,1,2023-04-17,24.965952,92.85693,Synthetic incident record,SYNTHETIC
INC004311,R4600,ACCIDENT,4,2023-06-12,24.97658,92.861882,Synthetic incident record,SYNTHETIC
INC004312,R4601,FLOOD,4,2023-03-15,24.961141,92.881594,Synthetic incident record,SYNTHETIC
INC004313,R4601,LANDSLIDE,4,2023-04-28,24.970059,92.883604,Synthetic incident record,SYNTHETIC
INC004314,R4601,ACCIDENT,4,2023-04-10,24.969021,92.880343,Synthetic incident record,SYNTHETIC
INC004315,R4601,FLOOD,3,2023-08-28,24.97825,92.88407,Synthetic incident record,SYNTHETIC
INC004316,R4602,LANDSLIDE,1,2023-02-27,24.982669,92.871548,Synthetic incident record,SYNTHETIC
INC004317,R4606,LANDSLIDE,5,2023-04-22,24.974498,92.893084,Synthetic incident record,SYNTHETIC
INC004318,R4607,ACCIDENT,5,2023-09-09,24.978312,92.899608,Synthetic incident record,SYNTHETIC
INC004319,R4608,ACCIDENT,2,2023-01-28,24.957197,92.873931,Synthetic incident record,SYNTHETIC
INC004320,R4611,LANDSLIDE,1,2023-03-03,25.109694,92.875331,Synthetic incident record,SYNTHETIC
INC004321,R4614,ROAD_BLOCKAGE,2,2023-12-23,25.108606,92.852441,Synthetic incident record,SYNTHETIC
INC004322,R4615,FALLEN_TREE,1,2023-12-30,25.122692,92.847818,Synthetic incident record,SYNTHETIC
INC004323,R4615,FLOOD,1,2023-06-07,25.123599,92.85221,Synthetic incident record,SYNTHETIC
INC004324,R4615,LANDSLIDE,3,2023-12-11,25.118754,92.866281,Synthetic incident record,SYNTHETIC
INC004325,R4615,LANDSLIDE,5,2023-05-25,25.121169,92.852095,Synthetic incident record,SYNTHETIC
INC004326,R4616,ROAD_BLOCKAGE,2,2023-01-18,25.114277,92.8618,Synthetic incident record,SYNTHETIC
INC004327,R4620,ACCIDENT,3,2023-01-19,25.073017,92.806065,Synthetic incident record,SYNTHETIC
INC004328,R4620,LANDSLIDE,4,2023-12-06,25.08782,92.803818,Synthetic incident record,SYNTHETIC
INC004329,R4620,ROAD_BLOCKAGE,1,2023-04-13,25.087862,92.815569,Synthetic incident record,SYNTHETIC
INC004330,R4620,FLOOD,2,2023-04-22,25.080159,92.820147,Synthetic incident record,SYNTHETIC
INC004331,R4622,FLOOD,1,2023-03-15,24.86121,92.82235,Synthetic incident record,SYNTHETIC
INC004332,R4623,LANDSLIDE,5,2023-05-28,24.861902,92.813238,Synthetic incident record,SYNTHETIC
INC004333,R4624,FALLEN_TREE,2,2023-03-18,25.054024,92.795838,Synthetic incident record,SYNTHETIC
INC004334,R4625,ROAD_BLOCKAGE,5,2023-12-11,24.8334,92.722243,Synthetic incident record,SYNTHETIC
INC004335,R4627,ROAD_BLOCKAGE,3,2023-07-18,24.840927,92.711817,Synthetic incident record,SYNTHETIC
INC004336,R4628,FALLEN_TREE,3,2023-12-18,24.83088,92.712129,Synthetic incident record,SYNTHETIC
INC004337,R4629,FLOOD,1,2023-10-18,24.843684,92.709564,Synthetic incident record,SYNTHETIC
INC004338,R4630,ROAD_BLOCKAGE,3,2023-03-23,24.848948,92.709646,Synthetic incident record,SYNTHETIC
INC004339,R4631,LANDSLIDE,4,2023-05-11,24.832943,92.718004,Synthetic incident record,SYNTHETIC
INC004340,R4632,FLOOD,3,2023-04-08,24.830844,92.725267,Synthetic incident record,SYNTHETIC
INC004341,R4633,FLOOD,4,2023-01-27,24.831721,92.801582,Synthetic incident record,SYNTHETIC
INC004342,R4634,LANDSLIDE,5,2023-09-04,24.846088,92.800853,Synthetic incident record,SYNTHETIC
INC004343,R4638,ACCIDENT,1,2023-03-12,25.05739,92.806033,Synthetic incident record,SYNTHETIC
INC004344,R4639,ROAD_BLOCKAGE,5,2023-08-24,25.049046,92.804008,Synthetic incident record,SYNTHETIC
INC004345,R4640,FLOOD,2,2023-09-12,25.048625,92.791783,Synthetic incident record,SYNTHETIC
INC004346,R4641,ROAD_BLOCKAGE,3,2023-03-01,25.047539,92.787182,Synthetic incident record,SYNTHETIC
INC004347,R4641,FALLEN_TREE,3,2023-01-03,25.052898,92.796377,Synthetic incident record,SYNTHETIC
INC004348,R4641,ROAD_BLOCKAGE,3,2023-09-09,25.049843,92.787327,Synthetic incident record,SYNTHETIC
INC004349,R4642,FALLEN_TREE,4,2023-12-02,25.051199,92.796947,Synthetic incident record,SYNTHETIC
INC004350,R4643,LANDSLIDE,5,2023-12-24,25.035381,92.789575,Synthetic incident record,SYNTHETIC
INC004351,R4647,ACCIDENT,2,2023-04-24,25.04015,92.793246,Synthetic incident record,SYNTHETIC
INC004352,R4649,FLOOD,1,2023-08-30,25.039742,92.797032,Synthetic incident record,SYNTHETIC
INC004353,R4650,FLOOD,5,2023-02-24,25.05688,92.802032,Synthetic incident record,SYNTHETIC
INC004354,R4651,ROAD_BLOCKAGE,1,2023-06-18,25.045872,92.807922,Synthetic incident record,SYNTHETIC
INC004355,R4654,ACCIDENT,4,2023-02-17,25.062844,92.807781,Synthetic incident record,SYNTHETIC
INC004356,R4655,LANDSLIDE,2,2023-09-30,24.959003,92.609487,Synthetic incident record,SYNTHETIC
INC004357,R4655,FLOOD,2,2023-06-30,24.959913,92.618913,Synthetic incident record,SYNTHETIC
INC004358,R4655,ROAD_BLOCKAGE,5,2023-05-15,24.952757,92.612463,Synthetic incident record,SYNTHETIC
INC004359,R4658,ROAD_BLOCKAGE,5,2023-11-06,24.974636,92.749506,Synthetic incident record,SYNTHETIC
INC004360,R4659,ROAD_BLOCKAGE,5,2023-12-27,24.982864,92.757205,Synthetic incident record,SYNTHETIC
INC004361,R4660,LANDSLIDE,1,2023-07-15,24.980937,92.755895,Synthetic incident record,SYNTHETIC
INC004362,R4661,ACCIDENT,1,2023-10-24,24.966275,92.774598,Synthetic incident record,SYNTHETIC
INC004363,R4661,FALLEN_TREE,1,2023-12-18,24.971752,92.767324,Synthetic incident record,SYNTHETIC
INC004364,R4661,ACCIDENT,1,2023-08-22,24.977453,92.75754,Synthetic incident record,SYNTHETIC
INC004365,R4662,LANDSLIDE,4,2023-05-01,24.963283,92.774471,Synthetic incident record,SYNTHETIC
INC004366,R4663,ACCIDENT,5,2023-10-08,24.980584,92.770713,Synthetic incident record,SYNTHETIC
INC004367,R4663,LANDSLIDE,3,2023-02-03,24.962755,92.756658,Synthetic incident record,SYNTHETIC
INC004368,R4666,ACCIDENT,5,2023-11-28,24.962913,92.762511,Synthetic incident record,SYNTHETIC
INC004369,R4667,FALLEN_TREE,2,2023-07-12,24.968048,92.766688,Synthetic incident record,SYNTHETIC
INC004370,R4669,LANDSLIDE,4,2023-12-15,24.973362,92.755483,Synthetic incident record,SYNTHETIC
INC004371,R4669,ROAD_BLOCKAGE,4,2023-03-18,24.960898,92.774261,Synthetic incident record,SYNTHETIC
INC004372,R4669,FLOOD,1,2023-12-05,24.966019,92.772366,Synthetic incident record,SYNTHETIC
INC004373,R4670,LANDSLIDE,5,2023-02-11,24.971476,92.756396,Synthetic incident record,SYNTHETIC
INC004374,R4670,ACCIDENT,3,2023-04-02,24.965901,92.755172,Synthetic incident record,SYNTHETIC
INC004375,R4670,FLOOD,4,2023-08-28,24.977102,92.768246,Synthetic incident record,SYNTHETIC
INC004376,R4670,ROAD_BLOCKAGE,1,2023-06-19,24.971464,92.762175,Synthetic incident record,SYNTHETIC
INC004377,R4672,ROAD_BLOCKAGE,3,2023-11-13,24.959496,92.756201,Synthetic incident record,SYNTHETIC
INC004378,R4673,LANDSLIDE,4,2023-10-23,24.967354,92.753207,Synthetic incident record,SYNTHETIC
INC004379,R4674,ROAD_BLOCKAGE,3,2023-12-24,24.978639,92.754928,Synthetic incident record,SYNTHETIC
INC004380,R4675,LANDSLIDE,5,2023-05-28,24.988647,92.762183,Synthetic incident record,SYNTHETIC
INC004381,R4677,FALLEN_TREE,3,2023-05-30,24.962479,92.763615,Synthetic incident record,SYNTHETIC
INC004382,R4678,ACCIDENT,3,2023-10-21,24.997245,92.744067,Synthetic incident record,SYNTHETIC
INC004383,R4680,ROAD_BLOCKAGE,4,2023-06-26,24.986607,92.732147,Synthetic incident record,SYNTHETIC
INC004384,R4680,FALLEN_TREE,3,2023-05-27,24.99823,92.74715,Synthetic incident record,SYNTHETIC
INC004385,R4681,FALLEN_TREE,4,2023-08-27,24.98895,92.732867,Synthetic incident record,SYNTHETIC
INC004386,R4681,LANDSLIDE,2,2023-05-18,24.997121,92.749778,Synthetic incident record,SYNTHETIC
INC004387,R4681,ROAD_BLOCKAGE,2,2023-12-24,25.004777,92.748123,Synthetic incident record,SYNTHETIC
INC004388,R4684,ROAD_BLOCKAGE,2,2023-11-29,25.001051,92.743928,Synthetic incident record,SYNTHETIC
INC004389,R4684,ACCIDENT,4,2023-05-08,24.994451,92.735345,Synthetic incident record,SYNTHETIC
INC004390,R4684,FLOOD,1,2023-06-12,24.990981,92.735337,Synthetic incident record,SYNTHETIC
INC004391,R4684,FALLEN_TREE,1,2023-04-25,24.988805,92.735172,Synthetic incident record,SYNTHETIC
INC004392,R4685,FALLEN_TREE,2,2023-10-19,24.995137,92.734271,Synthetic incident record,SYNTHETIC
INC004393,R4685,FALLEN_TREE,4,2023-09-15,25.003706,92.749018,Synthetic incident record,SYNTHETIC
INC004394,R4686,LANDSLIDE,5,2023-08-25,24.989606,92.734627,Synthetic incident record,SYNTHETIC
INC004395,R4689,LANDSLIDE,4,2023-02-27,24.984517,92.740303,Synthetic incident record,SYNTHETIC
INC004396,R4691,FLOOD,3,2023-09-16,24.991265,92.75488,Synthetic incident record,SYNTHETIC
INC004397,R4691,FLOOD,5,2023-12-30,24.996481,92.742242,Synthetic incident record,SYNTHETIC
INC004398,R4693,FLOOD,5,2023-12-25,25.01033,92.749362,Synthetic incident record,SYNTHETIC
INC004399,R4695,LANDSLIDE,3,2023-02-09,25.007242,92.75136,Synthetic incident record,SYNTHETIC
INC004400,R4696,ROAD_BLOCKAGE,2,2023-01-13,24.98523,92.745636,Synthetic incident record,SYNTHETIC
INC004401,R4697,LANDSLIDE,2,2023-11-26,24.982153,92.748481,Synthetic incident record,SYNTHETIC
INC004402,R4699,ROAD_BLOCKAGE,1,2023-04-04,24.981204,92.752939,Synthetic incident record,SYNTHETIC
INC004403,R4700,FLOOD,3,2023-09-12,24.983977,92.747199,Synthetic incident record,SYNTHETIC
INC004404,R4701,FLOOD,1,2023-06-18,24.994189,92.761853,Synthetic incident record,SYNTHETIC
INC004405,R4701,ROAD_BLOCKAGE,2,2023-12-01,24.982582,92.760687,Synthetic incident record,SYNTHETIC
INC004406,R4701,LANDSLIDE,4,2023-05-31,24.990873,92.758418,Synthetic incident record,SYNTHETIC
INC004407,R4701,ROAD_BLOCKAGE,4,2023-12-13,24.983286,92.755503,Synthetic incident record,SYNTHETIC
INC004408,R4704,ROAD_BLOCKAGE,4,2023-05-10,24.979493,92.754299,Synthetic incident record,SYNTHETIC
INC004409,R4709,ACCIDENT,4,2023-09-22,24.986666,92.748068,Synthetic incident record,SYNTHETIC
INC004410,R4710,FLOOD,2,2023-02-23,24.98819,92.749481,Synthetic incident record,SYNTHETIC
INC004411,R4710,FALLEN_TREE,4,2023-11-02,24.98384,92.758477,Synthetic incident record,SYNTHETIC
INC004412,R4710,FLOOD,1,2023-06-08,24.984271,92.741549,Synthetic incident record,SYNTHETIC
INC004413,R4711,ACCIDENT,2,2023-07-24,24.986537,92.74996,Synthetic incident record,SYNTHETIC
INC004414,R4712,FLOOD,3,2023-10-25,24.985177,92.741496,Synthetic incident record,SYNTHETIC
INC004415,R4713,ACCIDENT,4,2023-04-07,24.988394,92.752449,Synthetic incident record,SYNTHETIC
INC004416,R4715,FLOOD,4,2023-11-12,24.992013,92.748733,Synthetic incident record,SYNTHETIC
INC004417,R4718,ROAD_BLOCKAGE,3,2023-03-08,24.983229,92.738706,Synthetic incident record,SYNTHETIC
INC004418,R4721,LANDSLIDE,1,2023-01-08,24.991858,92.76502,Synthetic incident record,SYNTHETIC
INC004419,R4722,FALLEN_TREE,4,2023-04-24,24.984961,92.748723,Synthetic incident record,SYNTHETIC
INC004420,R4723,LANDSLIDE,5,2023-11-03,24.981577,92.742461,Synthetic incident record,SYNTHETIC
INC004421,R4723,FLOOD,4,2023-04-09,24.991468,92.746468,Synthetic incident record,SYNTHETIC
INC004422,R4723,LANDSLIDE,3,2023-11-21,24.990762,92.750976,Synthetic incident record,SYNTHETIC
INC004423,R4723,ACCIDENT,2,2023-07-12,24.987446,92.755018,Synthetic incident record,SYNTHETIC
INC004424,R4725,FLOOD,5,2023-08-28,24.969757,92.764757,Synthetic incident record,SYNTHETIC
INC004425,R4726,FLOOD,5,2023-10-31,24.983259,92.76514,Synthetic incident record,SYNTHETIC
INC004426,R4728,FALLEN_TREE,2,2023-10-25,25.0247,92.768552,Synthetic incident record,SYNTHETIC
INC004427,R4728,FLOOD,1,2023-12-15,25.041761,92.780069,Synthetic incident record,SYNTHETIC
INC004428,R4728,FLOOD,2,2023-09-14,25.038358,92.769341,Synthetic incident record,SYNTHETIC
INC004429,R4728,FLOOD,4,2023-09-14,25.029087,92.776647,Synthetic incident record,SYNTHETIC
INC004430,R4729,FLOOD,5,2023-03-27,25.028687,92.782012,Synthetic incident record,SYNTHETIC
INC004431,R4732,ROAD_BLOCKAGE,4,2023-12-30,25.022798,92.776816,Synthetic incident record,SYNTHETIC
INC004432,R4735,LANDSLIDE,2,2023-03-26,25.035466,92.77221,Synthetic incident record,SYNTHETIC
INC004433,R4738,FLOOD,3,2023-03-29,25.017994,92.77313,Synthetic incident record,SYNTHETIC
INC004434,R4739,FALLEN_TREE,3,2023-02-20,25.033201,92.774241,Synthetic incident record,SYNTHETIC
INC004435,R4741,FALLEN_TREE,3,2023-11-28,25.082162,92.8077,Synthetic incident record,SYNTHETIC
INC004436,R4742,FALLEN_TREE,5,2023-04-29,25.073552,92.82516,Synthetic incident record,SYNTHETIC
INC004437,R4743,FLOOD,4,2023-10-29,25.08681,92.809337,Synthetic incident record,SYNTHETIC
INC004438,R4745,FLOOD,1,2023-08-13,25.006906,92.75418,Synthetic incident record,SYNTHETIC
INC004439,R4746,FLOOD,1,2023-04-18,25.006028,92.767536,Synthetic incident record,SYNTHETIC
INC004440,R4746,ACCIDENT,3,2023-03-31,25.005285,92.754027,Synthetic incident record,SYNTHETIC
INC004441,R4746,LANDSLIDE,2,2023-02-01,25.013398,92.771077,Synthetic incident record,SYNTHETIC
INC004442,R4746,FLOOD,4,2023-05-20,25.007559,92.75699,Synthetic incident record,SYNTHETIC
INC004443,R4748,ACCIDENT,1,2023-02-02,24.997285,92.736953,Synthetic incident record,SYNTHETIC
INC004444,R4750,FALLEN_TREE,1,2023-07-05,25.004077,92.748695,Synthetic incident record,SYNTHETIC
INC004445,R4751,LANDSLIDE,5,2023-06-23,25.00561,92.74128,Synthetic incident record,SYNTHETIC
INC004446,R4751,ROAD_BLOCKAGE,5,2023-03-14,24.999195,92.747659,Synthetic incident record,SYNTHETIC
INC004447,R4751,FALLEN_TREE,2,2023-08-18,25.00436,92.758035,Synthetic incident record,SYNTHETIC
INC004448,R4751,ROAD_BLOCKAGE,4,2023-06-23,25.015558,92.748802,Synthetic incident record,SYNTHETIC
INC004449,R4752,FALLEN_TREE,3,2023-11-18,25.015037,92.751173,Synthetic incident record,SYNTHETIC
INC004450,R4752,LANDSLIDE,3,2023-03-25,25.007267,92.743989,Synthetic incident record,SYNTHETIC
INC004451,R4753,ACCIDENT,2,2023-09-29,25.005907,92.753794,Synthetic incident record,SYNTHETIC
INC004452,R4754,ROAD_BLOCKAGE,1,2023-05-16,25.016248,92.73914,Synthetic incident record,SYNTHETIC
INC004453,R4755,LANDSLIDE,2,2023-01-23,25.022203,92.779729,Synthetic incident record,SYNTHETIC
INC004454,R4756,FLOOD,4,2023-11-10,25.020894,92.755823,Synthetic incident record,SYNTHETIC
INC004455,R4757,FALLEN_TREE,5,2023-01-08,25.002447,92.746066,Synthetic incident record,SYNTHETIC
INC004456,R4759,ROAD_BLOCKAGE,5,2023-01-30,25.016954,92.760296,Synthetic incident record,SYNTHETIC
INC004457,R4760,FLOOD,2,2023-11-01,25.007487,92.760267,Synthetic incident record,SYNTHETIC
INC004458,R4760,ACCIDENT,2,2023-05-06,25.011403,92.766302,Synthetic incident record,SYNTHETIC
INC004459,R4764,ACCIDENT,1,2023-04-01,25.014205,92.74691,Synthetic incident record,SYNTHETIC
INC004460,R4766,LANDSLIDE,1,2023-12-03,25.013133,92.7554,Synthetic incident record,SYNTHETIC
INC004461,R4766,ACCIDENT,5,2023-10-02,25.013975,92.744011,Synthetic incident record,SYNTHETIC
INC004462,R4766,FALLEN_TREE,2,2023-08-28,25.006249,92.756656,Synthetic incident record,SYNTHETIC
INC004463,R4767,ROAD_BLOCKAGE,5,2023-07-28,25.006901,92.75899,Synthetic incident record,SYNTHETIC
INC004464,R4767,FLOOD,5,2023-03-12,25.019021,92.765431,Synthetic incident record,SYNTHETIC
INC004465,R4767,FALLEN_TREE,2,2023-10-25,25.005758,92.770261,Synthetic incident record,SYNTHETIC
INC004466,R4768,FALLEN_TREE,3,2023-05-28,25.013622,92.756677,Synthetic incident record,SYNTHETIC
INC004467,R4768,ACCIDENT,1,2023-11-20,25.003816,92.761908,Synthetic incident record,SYNTHETIC
INC004468,R4772,LANDSLIDE,1,2023-04-10,24.821137,92.867706,Synthetic incident record,SYNTHETIC
INC004469,R4773,FLOOD,2,2023-07-21,24.819569,92.840328,Synthetic incident record,SYNTHETIC
INC004470,R4773,FLOOD,3,2023-06-01,24.823196,92.851165,Synthetic incident record,SYNTHETIC
INC004471,R4773,ACCIDENT,3,2023-08-01,24.818473,92.852076,Synthetic incident record,SYNTHETIC
INC004472,R4775,FALLEN_TREE,2,2023-04-22,24.804174,92.76758,Synthetic incident record,SYNTHETIC
INC004473,R4780,FLOOD,3,2023-03-09,24.814016,92.978386,Synthetic incident record,SYNTHETIC
INC004474,R4782,LANDSLIDE,4,2023-03-22,24.825358,92.361107,Synthetic incident record,SYNTHETIC
INC004475,R4786,ROAD_BLOCKAGE,1,2023-01-11,26.196292,92.303311,Synthetic incident record,SYNTHETIC
INC004476,R4786,ROAD_BLOCKAGE,5,2023-12-11,26.194782,92.316707,Synthetic incident record,SYNTHETIC
INC004477,R4786,FLOOD,5,2023-04-12,26.198682,92.321418,Synthetic incident record,SYNTHETIC
INC004478,R4787,ROAD_BLOCKAGE,1,2023-07-21,26.205169,92.305123,Synthetic incident record,SYNTHETIC
INC004479,R4788,FALLEN_TREE,5,2023-04-04,24.813293,92.765388,Synthetic incident record,SYNTHETIC
INC004480,R4789,ROAD_BLOCKAGE,4,2023-06-14,24.834546,92.611981,Synthetic incident record,SYNTHETIC
INC004481,R4790,FALLEN_TREE,3,2023-05-18,24.828032,92.640791,Synthetic incident record,SYNTHETIC
INC004482,R4792,LANDSLIDE,3,2023-10-28,24.821661,92.637337,Synthetic incident record,SYNTHETIC
INC004483,R4793,ROAD_BLOCKAGE,5,2023-05-04,24.964276,92.450098,Synthetic incident record,SYNTHETIC
INC004484,R4793,FLOOD,1,2023-07-18,24.968814,92.460229,Synthetic incident record,SYNTHETIC
INC004485,R4793,ACCIDENT,4,2023-06-10,24.975495,92.468644,Synthetic incident record,SYNTHETIC
INC004486,R4794,LANDSLIDE,1,2023-12-04,24.986876,92.46377,Synthetic incident record,SYNTHETIC
INC004487,R4795,LANDSLIDE,1,2023-07-26,24.941399,92.497567,Synthetic incident record,SYNTHETIC
INC004488,R4799,FALLEN_TREE,1,2023-06-02,24.883602,92.525094,Synthetic incident record,SYNTHETIC
INC004489,R4800,ROAD_BLOCKAGE,3,2023-03-21,24.879926,92.513371,Synthetic incident record,SYNTHETIC
INC004490,R4801,LANDSLIDE,3,2023-11-22,24.902614,92.713777,Synthetic incident record,SYNTHETIC
INC004491,R4804,ACCIDENT,1,2023-07-29,24.868288,92.731825,Synthetic incident record,SYNTHETIC
INC004492,R4806,FLOOD,5,2023-08-08,24.840896,92.799068,Synthetic incident record,SYNTHETIC
INC004493,R4807,ROAD_BLOCKAGE,1,2023-07-31,24.832846,92.805461,Synthetic incident record,SYNTHETIC
INC004494,R4809,FLOOD,5,2023-08-20,24.901305,92.848088,Synthetic incident record,SYNTHETIC
INC004495,R4810,LANDSLIDE,5,2023-09-16,24.904243,92.758534,Synthetic incident record,SYNTHETIC
INC004496,R4810,ROAD_BLOCKAGE,2,2023-07-26,24.90932,92.76309,Synthetic incident record,SYNTHETIC
INC004497,R4811,LANDSLIDE,3,2023-04-26,24.872489,92.816087,Synthetic incident record,SYNTHETIC
INC004498,R4812,ACCIDENT,2,2023-08-06,24.854694,92.814159,Synthetic incident record,SYNTHETIC
INC004499,R4813,FALLEN_TREE,4,2023-06-16,26.175726,91.668189,Synthetic incident record,SYNTHETIC
INC004500,R4817,LANDSLIDE,5,2023-02-22,25.735276,91.669092,Synthetic incident record,SYNTHETIC
INC004501,R4817,ACCIDENT,4,2023-05-04,25.736885,91.674509,Synthetic incident record,SYNTHETIC
INC004502,R4817,ROAD_BLOCKAGE,1,2023-05-14,25.739056,91.67942,Synthetic incident record,SYNTHETIC
INC004503,R4817,ACCIDENT,1,2023-11-25,25.724217,91.68522,Synthetic incident record,SYNTHETIC
INC004504,R4818,FALLEN_TREE,1,2023-08-24,25.883731,91.479356,Synthetic incident record,SYNTHETIC
INC004505,R4822,FLOOD,5,2023-10-28,25.916671,91.464902,Synthetic incident record,SYNTHETIC
INC004506,R4824,ROAD_BLOCKAGE,4,2023-09-25,25.928578,91.472783,Synthetic incident record,SYNTHETIC
INC004507,R4824,FALLEN_TREE,5,2023-04-13,25.919769,91.477778,Synthetic incident record,SYNTHETIC
INC004508,R4826,LANDSLIDE,1,2023-10-18,25.935858,91.30319,Synthetic incident record,SYNTHETIC
INC004509,R4826,ROAD_BLOCKAGE,1,2023-11-02,25.930346,91.309165,Synthetic incident record,SYNTHETIC
INC004510,R4826,FALLEN_TREE,4,2023-11-01,25.932141,91.298922,Synthetic incident record,SYNTHETIC
INC004511,R4826,ROAD_BLOCKAGE,4,2023-07-01,25.938063,91.315626,Synthetic incident record,SYNTHETIC
INC004512,R4829,LANDSLIDE,3,2023-10-19,24.808305,92.487854,Synthetic incident record,SYNTHETIC
INC004513,R4829,FLOOD,3,2023-04-19,24.806044,92.476033,Synthetic incident record,SYNTHETIC
INC004514,R4829,FLOOD,2,2023-06-19,24.806451,92.472126,Synthetic incident record,SYNTHETIC
INC004515,R4829,FLOOD,5,2023-07-28,24.803,92.473827,Synthetic incident record,SYNTHETIC
INC004516,R4831,LANDSLIDE,5,2023-03-03,24.849584,92.412508,Synthetic incident record,SYNTHETIC
INC004517,R4834,LANDSLIDE,1,2023-03-01,24.84656,92.410618,Synthetic incident record,SYNTHETIC
INC004518,R4834,ROAD_BLOCKAGE,1,2023-09-26,24.846773,92.405341,Synthetic incident record,SYNTHETIC
INC004519,R4834,FLOOD,4,2023-04-07,24.837,92.412409,Synthetic incident record,SYNTHETIC
INC004520,R4834,FALLEN_TREE,2,2023-10-31,24.838213,92.397983,Synthetic incident record,SYNTHETIC
INC004521,R4835,LANDSLIDE,1,2023-12-18,24.841862,92.397407,Synthetic incident record,SYNTHETIC
INC004522,R4837,FLOOD,2,2023-07-24,24.844503,92.402959,Synthetic incident record,SYNTHETIC
INC004523,R4838,ACCIDENT,1,2023-07-03,24.838197,92.402399,Synthetic incident record,SYNTHETIC
INC004524,R4838,ACCIDENT,2,2023-03-29,24.850709,92.40555,Synthetic incident record,SYNTHETIC
INC004525,R4839,LANDSLIDE,4,2023-07-18,24.821104,92.411004,Synthetic incident record,SYNTHETIC
INC004526,R4840,ROAD_BLOCKAGE,5,2023-02-16,24.894769,91.877565,Synthetic incident record,SYNTHETIC
INC004527,R4841,FALLEN_TREE,5,2023-12-05,24.861899,92.500705,Synthetic incident record,SYNTHETIC
INC004528,R4844,FLOOD,1,2023-01-05,24.817722,92.502068,Synthetic incident record,SYNTHETIC
INC004529,R4845,FLOOD,5,2023-12-24,24.800575,92.513896,Synthetic incident record,SYNTHETIC
INC004530,R4847,LANDSLIDE,3,2023-08-17,24.852312,92.322129,Synthetic incident record,SYNTHETIC
INC004531,R4848,ROAD_BLOCKAGE,2,2023-12-02,24.858662,92.326305,Synthetic incident record,SYNTHETIC
INC004532,R4850,FLOOD,1,2023-09-22,24.861485,92.372493,Synthetic incident record,SYNTHETIC
INC004533,R4852,FLOOD,3,2023-06-06,24.871752,92.368866,Synthetic incident record,SYNTHETIC
INC004534,R4853,FLOOD,5,2023-09-09,24.819822,92.402716,Synthetic incident record,SYNTHETIC
INC004535,R4854,FALLEN_TREE,1,2023-05-21,24.799149,92.409813,Synthetic incident record,SYNTHETIC
INC004536,R4854,FALLEN_TREE,4,2023-11-21,24.794624,92.401621,Synthetic incident record,SYNTHETIC
INC004537,R4857,ACCIDENT,3,2023-05-28,24.874661,92.582858,Synthetic incident record,SYNTHETIC
INC004538,R4858,LANDSLIDE,3,2023-04-06,24.880695,92.573467,Synthetic incident record,SYNTHETIC
INC004539,R4862,FLOOD,1,2023-05-27,24.870588,92.57888,Synthetic incident record,SYNTHETIC
INC004540,R4862,FLOOD,3,2023-05-18,24.880498,92.580288,Synthetic incident record,SYNTHETIC
INC004541,R4863,ACCIDENT,5,2023-11-24,24.864895,92.584736,Synthetic incident record,SYNTHETIC
INC004542,R4867,ROAD_BLOCKAGE,1,2023-11-21,24.892418,92.259995,Synthetic incident record,SYNTHETIC
INC004543,R4873,FLOOD,4,2023-07-29,24.834502,92.282065,Synthetic incident record,SYNTHETIC
INC004544,R4874,ACCIDENT,4,2023-09-17,24.836891,92.286779,Synthetic incident record,SYNTHETIC
INC004545,R4876,ACCIDENT,4,2023-03-28,24.833591,92.259203,Synthetic incident record,SYNTHETIC
INC004546,R4879,LANDSLIDE,2,2023-06-13,24.84899,92.276944,Synthetic incident record,SYNTHETIC
INC004547,R4880,ROAD_BLOCKAGE,3,2023-09-12,24.841574,92.28168,Synthetic incident record,SYNTHETIC
INC004548,R4882,LANDSLIDE,1,2023-03-22,24.835016,92.752967,Synthetic incident record,SYNTHETIC
INC004549,R4885,ROAD_BLOCKAGE,5,2023-02-19,24.822025,92.744129,Synthetic incident record,SYNTHETIC
INC004550,R4887,ROAD_BLOCKAGE,5,2023-08-11,26.1584,91.761816,Synthetic incident record,SYNTHETIC
INC004551,R4888,ROAD_BLOCKAGE,3,2023-02-02,26.156006,91.764337,Synthetic incident record,SYNTHETIC
INC004552,R4890,LANDSLIDE,5,2023-04-08,26.169909,91.7705,Synthetic incident record,SYNTHETIC
INC004553,R4891,FALLEN_TREE,5,2023-04-21,26.167406,91.770123,Synthetic incident record,SYNTHETIC
INC004554,R4894,LANDSLIDE,2,2023-02-02,24.804853,92.758162,Synthetic incident record,SYNTHETIC
INC004555,R4896,ROAD_BLOCKAGE,5,2023-08-04,24.865738,92.360221,Synthetic incident record,SYNTHETIC
INC004556,R4898,LANDSLIDE,4,2023-04-04,26.157573,92.203937,Synthetic incident record,SYNTHETIC
INC004557,R4899,FLOOD,3,2023-09-24,24.945499,92.490785,Synthetic incident record,SYNTHETIC
INC004558,R4901,ACCIDENT,5,2023-12-15,25.092491,92.815045,Synthetic incident record,SYNTHETIC
INC004559,R4902,ACCIDENT,1,2023-09-24,25.087224,92.812195,Synthetic incident record,SYNTHETIC
INC004560,R4903,ACCIDENT,5,2023-12-29,25.043944,92.789185,Synthetic incident record,SYNTHETIC
INC004561,R4904,ACCIDENT,3,2023-02-27,26.115081,91.75625,Synthetic incident record,SYNTHETIC
INC004562,R4905,ACCIDENT,4,2023-07-09,26.172876,91.738266,Synthetic incident record,SYNTHETIC
INC004563,R4906,FLOOD,4,2023-07-31,25.230645,92.998189,Synthetic incident record,SYNTHETIC
INC004564,R4907,FALLEN_TREE,3,2023-04-03,25.204383,92.968588,Synthetic incident record,SYNTHETIC
INC004565,R4908,ACCIDENT,5,2023-06-12,25.068003,92.821362,Synthetic incident record,SYNTHETIC
INC004566,R4909,ACCIDENT,1,2023-03-19,25.086612,92.807608,Synthetic incident record,SYNTHETIC
INC004567,R4911,LANDSLIDE,3,2023-10-05,25.61931,91.91597,Synthetic incident record,SYNTHETIC
INC004568,R4911,FALLEN_TREE,2,2023-02-09,25.617459,91.910743,Synthetic incident record,SYNTHETIC
INC004569,R4911,FALLEN_TREE,4,2023-01-27,25.610223,91.906084,Synthetic incident record,SYNTHETIC
INC004570,R4911,ACCIDENT,3,2023-04-05,25.614175,91.916829,Synthetic incident record,SYNTHETIC
INC004571,R4912,FALLEN_TREE,5,2023-12-19,25.577962,91.896665,Synthetic incident record,SYNTHETIC
INC004572,R4913,LANDSLIDE,5,2023-05-21,26.14594,92.903471,Synthetic incident record,SYNTHETIC
INC004573,R4913,LANDSLIDE,5,2023-11-05,26.145189,92.889302,Synthetic incident record,SYNTHETIC
INC004574,R4913,FALLEN_TREE,4,2023-11-03,26.140394,92.89452,Synthetic incident record,SYNTHETIC
INC004575,R4914,LANDSLIDE,3,2023-10-03,26.208657,93.033917,Synthetic incident record,SYNTHETIC
INC004576,R4916,FLOOD,2,2023-10-12,25.937209,92.871582,Synthetic incident record,SYNTHETIC
INC004577,R4917,LANDSLIDE,5,2023-10-10,25.925964,92.891049,Synthetic incident record,SYNTHETIC
INC004578,R4919,ACCIDENT,1,2023-10-01,25.939761,92.876962,Synthetic incident record,SYNTHETIC
INC004579,R4921,LANDSLIDE,3,2023-09-10,25.926833,92.88722,Synthetic incident record,SYNTHETIC
INC004580,R4923,LANDSLIDE,2,2023-11-17,26.005758,92.750273,Synthetic incident record,SYNTHETIC
INC004581,R4924,ROAD_BLOCKAGE,2,2023-12-30,26.012738,92.765484,Synthetic incident record,SYNTHETIC
INC004582,R4925,LANDSLIDE,5,2023-04-12,25.993941,92.554168,Synthetic incident record,SYNTHETIC
INC004583,R4928,FALLEN_TREE,5,2023-01-16,24.844901,91.888805,Synthetic incident record,SYNTHETIC
INC004584,R4930,FLOOD,5,2023-05-25,24.85229,91.88706,Synthetic incident record,SYNTHETIC
INC004585,R4930,FALLEN_TREE,5,2023-12-30,24.846453,91.901844,Synthetic incident record,SYNTHETIC
INC004586,R4930,ACCIDENT,5,2023-07-25,24.851655,91.89559,Synthetic incident record,SYNTHETIC
INC004587,R4930,LANDSLIDE,1,2023-08-25,24.842067,91.892653,Synthetic incident record,SYNTHETIC
INC004588,R4932,FLOOD,4,2023-09-05,26.198918,92.402011,Synthetic incident record,SYNTHETIC
INC004589,R4934,ACCIDENT,3,2023-06-23,24.862321,92.370711,Synthetic incident record,SYNTHETIC
INC004590,R4935,FALLEN_TREE,1,2023-01-01,25.76731,92.916931,Synthetic incident record,SYNTHETIC
INC004591,R4938,FLOOD,1,2023-02-08,25.730664,92.875025,Synthetic incident record,SYNTHETIC
INC004592,R4940,LANDSLIDE,5,2023-08-27,25.805302,92.940594,Synthetic incident record,SYNTHETIC
INC004593,R4941,ACCIDENT,4,2023-12-30,24.841956,92.788427,Synthetic incident record,SYNTHETIC
INC004594,R4941,FALLEN_TREE,1,2023-04-11,24.829643,92.789686,Synthetic incident record,SYNTHETIC
INC004595,R4943,LANDSLIDE,2,2023-08-15,26.152355,92.251564,Synthetic incident record,SYNTHETIC
INC004596,R4944,FALLEN_TREE,1,2023-07-29,25.565562,92.369346,Synthetic incident record,SYNTHETIC
INC004597,R4945,ACCIDENT,1,2023-12-07,25.622167,92.24124,Synthetic incident record,SYNTHETIC
INC004598,R4945,ROAD_BLOCKAGE,5,2023-12-30,25.625184,92.237322,Synthetic incident record,SYNTHETIC
INC004599,R4945,ACCIDENT,5,2023-11-02,25.61542,92.236819,Synthetic incident record,SYNTHETIC
INC004600,R4947,LANDSLIDE,4,2023-02-17,25.529275,92.308753,Synthetic incident record,SYNTHETIC
INC004601,R4949,FALLEN_TREE,2,2023-03-02,26.005147,92.91802,Synthetic incident record,SYNTHETIC
INC004602,R4950,FLOOD,1,2023-12-15,25.989805,92.917631,Synthetic incident record,SYNTHETIC
INC004603,R4951,ACCIDENT,3,2023-05-15,25.99477,92.935534,Synthetic incident record,SYNTHETIC
INC004604,R4953,LANDSLIDE,3,2023-02-28,24.912554,91.823138,Synthetic incident record,SYNTHETIC
INC004605,R4955,FLOOD,4,2023-10-06,26.16692,91.774879,Synthetic incident record,SYNTHETIC
INC004606,R4956,FALLEN_TREE,1,2023-09-22,25.570264,91.858188,Synthetic incident record,SYNTHETIC
INC004607,R4957,FALLEN_TREE,3,2023-03-30,25.796919,92.118961,Synthetic incident record,SYNTHETIC
INC004608,R4958,FLOOD,2,2023-11-16,25.797728,92.127836,Synthetic incident record,SYNTHETIC
INC004609,R4962,ROAD_BLOCKAGE,3,2023-09-18,26.188526,91.73977,Synthetic incident record,SYNTHETIC
INC004610,R4967,FALLEN_TREE,3,2023-10-22,24.873384,92.361499,Synthetic incident record,SYNTHETIC
INC004611,R4968,ROAD_BLOCKAGE,5,2023-10-21,26.123473,91.671878,Synthetic incident record,SYNTHETIC
INC004612,R4969,LANDSLIDE,5,2023-03-09,26.089891,91.356976,Synthetic incident record,SYNTHETIC
INC004613,R4970,ROAD_BLOCKAGE,3,2023-10-13,26.111183,91.431181,Synthetic incident record,SYNTHETIC
INC004614,R4972,FLOOD,5,2023-05-30,26.103763,91.590351,Synthetic incident record,SYNTHETIC
INC004615,R4975,ACCIDENT,2,2023-01-10,26.111402,91.59196,Synthetic incident record,SYNTHETIC
INC004616,R4977,ACCIDENT,4,2023-01-17,26.103002,92.983659,Synthetic incident record,SYNTHETIC
INC004617,R4978,ACCIDENT,3,2023-08-13,26.098597,92.998279,Synthetic incident record,SYNTHETIC
INC004618,R4979,ACCIDENT,5,2023-01-29,26.096007,92.980765,Synthetic incident record,SYNTHETIC
INC004619,R4983,ACCIDENT,4,2023-05-23,26.117668,92.86797,Synthetic incident record,SYNTHETIC
INC004620,R4983,LANDSLIDE,1,2023-11-09,26.12129,92.874552,Synthetic incident record,SYNTHETIC
INC004621,R4986,FLOOD,5,2023-03-05,26.125126,92.868947,Synthetic incident record,SYNTHETIC
INC004622,R4986,LANDSLIDE,3,2023-02-14,26.119607,92.88111,Synthetic incident record,SYNTHETIC
INC004623,R4989,ROAD_BLOCKAGE,4,2023-04-15,26.167458,92.73478,Synthetic incident record,SYNTHETIC
INC004624,R4990,ROAD_BLOCKAGE,5,2023-12-21,26.189685,92.732035,Synthetic incident record,SYNTHETIC
INC004625,R4993,FALLEN_TREE,5,2023-03-11,25.707001,91.870528,Synthetic incident record,SYNTHETIC
INC004626,R4994,FALLEN_TREE,4,2023-09-06,25.738244,91.833895,Synthetic incident record,SYNTHETIC
INC004627,R4998,LANDSLIDE,2,2023-11-09,25.659794,91.643334,Synthetic incident record,SYNTHETIC
INC004628,R4999,FLOOD,2,2023-11-09,25.653227,91.638264,Synthetic incident record,SYNTHETIC
INC004629,R5001,LANDSLIDE,3,2023-08-27,25.591139,91.618726,Synthetic incident record,SYNTHETIC
INC004630,R5004,FLOOD,2,2023-09-01,25.869743,92.075818,Synthetic incident record,SYNTHETIC
INC004631,R5005,ROAD_BLOCKAGE,2,2023-12-22,25.880133,91.921572,Synthetic incident record,SYNTHETIC
INC004632,R5005,ACCIDENT,3,2023-09-14,25.899003,91.911325,Synthetic incident record,SYNTHETIC
INC004633,R5005,FLOOD,4,2023-05-09,25.886052,91.920601,Synthetic incident record,SYNTHETIC
INC004634,R5005,ROAD_BLOCKAGE,3,2023-01-03,25.883141,91.908117,Synthetic incident record,SYNTHETIC
INC004635,R5006,ROAD_BLOCKAGE,4,2023-04-09,25.957426,92.01362,Synthetic incident record,SYNTHETIC
INC004636,R5006,ACCIDENT,4,2023-05-10,25.970625,92.02518,Synthetic incident record,SYNTHETIC
INC004637,R5006,FALLEN_TREE,4,2023-04-06,25.966584,92.006433,Synthetic incident record,SYNTHETIC
INC004638,R5007,FALLEN_TREE,4,2023-06-09,25.970566,92.01747,Synthetic incident record,SYNTHETIC
INC004639,R5008,LANDSLIDE,1,2023-10-12,25.953901,92.02212,Synthetic incident record,SYNTHETIC
INC004640,R5008,ACCIDENT,1,2023-10-04,25.964031,92.035242,Synthetic incident record,SYNTHETIC
INC004641,R5010,LANDSLIDE,4,2023-04-13,25.637695,92.5379,Synthetic incident record,SYNTHETIC
INC004642,R5011,LANDSLIDE,2,2023-11-11,25.956465,92.000527,Synthetic incident record,SYNTHETIC
INC004643,R5012,ROAD_BLOCKAGE,5,2023-06-25,26.011044,92.059075,Synthetic incident record,SYNTHETIC
INC004644,R5013,ACCIDENT,4,2023-04-02,26.005472,92.059352,Synthetic incident record,SYNTHETIC
INC004645,R5013,FALLEN_TREE,4,2023-05-13,26.012408,92.07124,Synthetic incident record,SYNTHETIC
INC004646,R5013,FLOOD,2,2023-01-23,26.010534,92.075191,Synthetic incident record,SYNTHETIC
INC004647,R5013,ACCIDENT,5,2023-07-05,25.999036,92.072323,Synthetic incident record,SYNTHETIC
INC004648,R5014,FLOOD,1,2023-12-05,26.001396,92.097375,Synthetic incident record,SYNTHETIC
INC004649,R5015,FLOOD,3,2023-06-18,25.996335,92.082655,Synthetic incident record,SYNTHETIC
INC004650,R5017,LANDSLIDE,3,2023-07-27,25.970759,92.0867,Synthetic incident record,SYNTHETIC
INC004651,R5018,ROAD_BLOCKAGE,3,2023-12-13,25.967745,92.095452,Synthetic incident record,SYNTHETIC
INC004652,R5021,FALLEN_TREE,2,2023-10-04,26.040279,92.264164,Synthetic incident record,SYNTHETIC
INC004653,R5024,FLOOD,5,2023-04-30,25.315076,92.6931,Synthetic incident record,SYNTHETIC
INC004654,R5024,FALLEN_TREE,2,2023-10-06,25.310067,92.685974,Synthetic incident record,SYNTHETIC
INC004655,R5024,ROAD_BLOCKAGE,5,2023-09-27,25.319325,92.694808,Synthetic incident record,SYNTHETIC
INC004656,R5024,LANDSLIDE,1,2023-04-10,25.320885,92.692649,Synthetic incident record,SYNTHETIC
INC004657,R5026,ACCIDENT,5,2023-03-19,25.938843,91.764342,Synthetic incident record,SYNTHETIC
INC004658,R5030,FLOOD,5,2023-02-12,25.712352,91.50666,Synthetic incident record,SYNTHETIC
INC004659,R5031,ACCIDENT,3,2023-04-04,25.87425,91.611953,Synthetic incident record,SYNTHETIC
INC004660,R5031,ROAD_BLOCKAGE,5,2023-12-06,25.889729,91.621589,Synthetic incident record,SYNTHETIC
INC004661,R5031,LANDSLIDE,2,2023-04-16,25.884349,91.605411,Synthetic incident record,SYNTHETIC
INC004662,R5032,ACCIDENT,4,2023-07-12,25.881945,91.611938,Synthetic incident record,SYNTHETIC
INC004663,R5033,FLOOD,1,2023-07-27,25.89278,91.610944,Synthetic incident record,SYNTHETIC
INC004664,R5033,ACCIDENT,1,2023-12-20,25.884011,91.619457,Synthetic incident record,SYNTHETIC
INC004665,R5036,FLOOD,3,2023-03-11,25.514472,91.519909,Synthetic incident record,SYNTHETIC
INC004666,R5038,LANDSLIDE,1,2023-01-03,25.540387,91.506515,Synthetic incident record,SYNTHETIC
INC004667,R5039,ACCIDENT,5,2023-11-14,25.553303,91.508449,Synthetic incident record,SYNTHETIC
INC004668,R5039,FALLEN_TREE,4,2023-05-24,25.554375,91.497152,Synthetic incident record,SYNTHETIC
INC004669,R5041,FALLEN_TREE,2,2023-04-01,25.568587,91.488629,Synthetic incident record,SYNTHETIC
INC004670,R5045,ACCIDENT,5,2023-04-03,25.585667,91.492801,Synthetic incident record,SYNTHETIC
INC004671,R5048,FLOOD,5,2023-05-01,25.590224,91.505024,Synthetic incident record,SYNTHETIC
INC004672,R5048,FALLEN_TREE,4,2023-06-20,25.591623,91.492975,Synthetic incident record,SYNTHETIC
INC004673,R5049,ROAD_BLOCKAGE,4,2023-07-06,25.581488,91.626565,Synthetic incident record,SYNTHETIC
INC004674,R5050,ACCIDENT,5,2023-05-19,25.637523,91.318715,Synthetic incident record,SYNTHETIC
INC004675,R5055,ROAD_BLOCKAGE,4,2023-09-21,25.173926,91.906203,Synthetic incident record,SYNTHETIC
INC004676,R5057,FALLEN_TREE,1,2023-07-13,25.173102,91.902099,Synthetic incident record,SYNTHETIC
INC004677,R5057,ACCIDENT,3,2023-11-07,25.174476,91.907863,Synthetic incident record,SYNTHETIC
INC004678,R5057,FALLEN_TREE,2,2023-04-25,25.186049,91.902653,Synthetic incident record,SYNTHETIC
INC004679,R5057,ACCIDENT,3,2023-10-12,25.186538,91.901364,Synthetic incident record,SYNTHETIC
INC004680,R5059,FALLEN_TREE,3,2023-12-08,25.385387,91.487666,Synthetic incident record,SYNTHETIC
INC004681,R5063,FLOOD,3,2023-01-03,25.535338,91.403169,Synthetic incident record,SYNTHETIC
INC004682,R5065,ROAD_BLOCKAGE,5,2023-05-23,25.788918,92.233414,Synthetic incident record,SYNTHETIC
INC004683,R5066,FLOOD,2,2023-02-05,25.789754,92.24348,Synthetic incident record,SYNTHETIC
INC004684,R5066,FLOOD,4,2023-07-20,25.781452,92.234612,Synthetic incident record,SYNTHETIC
INC004685,R5067,LANDSLIDE,5,2023-06-27,25.90575,91.882953,Synthetic incident record,SYNTHETIC
INC004686,R5071,ACCIDENT,5,2023-09-28,25.36385,92.31696,Synthetic incident record,SYNTHETIC
INC004687,R5071,ROAD_BLOCKAGE,2,2023-05-21,25.367152,92.323776,Synthetic incident record,SYNTHETIC
INC004688,R5072,LANDSLIDE,2,2023-05-10,25.362177,92.238314,Synthetic incident record,SYNTHETIC
INC004689,R5074,ACCIDENT,3,2023-01-19,25.423862,92.310185,Synthetic incident record,SYNTHETIC
INC004690,R5076,ROAD_BLOCKAGE,5,2023-07-28,25.374637,92.326341,Synthetic incident record,SYNTHETIC
INC004691,R5080,FALLEN_TREE,3,2023-01-19,25.728324,91.661466,Synthetic incident record,SYNTHETIC
INC004692,R5083,ROAD_BLOCKAGE,3,2023-12-22,25.556448,91.378021,Synthetic incident record,SYNTHETIC
INC004693,R5084,FALLEN_TREE,4,2023-08-25,25.542246,91.377451,Synthetic incident record,SYNTHETIC
INC004694,R5085,LANDSLIDE,2,2023-01-07,25.545084,91.305479,Synthetic incident record,SYNTHETIC
INC004695,R5086,LANDSLIDE,5,2023-06-12,25.535279,91.362305,Synthetic incident record,SYNTHETIC
INC004696,R5086,ROAD_BLOCKAGE,2,2023-12-27,25.528996,91.37215,Synthetic incident record,SYNTHETIC
INC004697,R5086,LANDSLIDE,3,2023-02-03,25.546915,91.371663,Synthetic incident record,SYNTHETIC
INC004698,R5087,FALLEN_TREE,5,2023-04-11,25.379526,92.462438,Synthetic incident record,SYNTHETIC
INC004699,R5088,FALLEN_TREE,1,2023-10-02,25.377332,92.452623,Synthetic incident record,SYNTHETIC
INC004700,R5088,ACCIDENT,3,2023-11-14,25.387199,92.463817,Synthetic incident record,SYNTHETIC
INC004701,R5088,ROAD_BLOCKAGE,5,2023-02-21,25.391643,92.453533,Synthetic incident record,SYNTHETIC
INC004702,R5088,ACCIDENT,4,2023-05-17,25.38651,92.461965,Synthetic incident record,SYNTHETIC
INC004703,R5090,ROAD_BLOCKAGE,5,2023-08-08,25.27544,91.91211,Synthetic incident record,SYNTHETIC
INC004704,R5091,ACCIDENT,1,2023-07-17,25.265649,91.903289,Synthetic incident record,SYNTHETIC
INC004705,R5092,ACCIDENT,2,2023-06-29,25.258304,91.918357,Synthetic incident record,SYNTHETIC
INC004706,R5098,LANDSLIDE,2,2023-07-11,25.801169,91.948001,Synthetic incident record,SYNTHETIC
INC004707,R5099,LANDSLIDE,5,2023-12-21,25.801485,91.93636,Synthetic incident record,SYNTHETIC
INC004708,R5105,FALLEN_TREE,3,2023-10-31,25.76955,91.899472,Synthetic incident record,SYNTHETIC
INC004709,R5105,ACCIDENT,2,2023-12-10,25.767138,91.910546,Synthetic incident record,SYNTHETIC
INC004710,R5105,ROAD_BLOCKAGE,3,2023-12-25,25.761308,91.899905,Synthetic incident record,SYNTHETIC
INC004711,R5105,LANDSLIDE,4,2023-06-19,25.767029,91.909595,Synthetic incident record,SYNTHETIC
INC004712,R5107,LANDSLIDE,4,2023-05-24,25.719688,91.991414,Synthetic incident record,SYNTHETIC
INC004713,R5109,FLOOD,2,2023-04-16,25.70467,91.891676,Synthetic incident record,SYNTHETIC
INC004714,R5111,FLOOD,3,2023-11-28,25.007023,91.937677,Synthetic incident record,SYNTHETIC
INC004715,R5112,FLOOD,4,2023-10-09,24.819614,92.154622,Synthetic incident record,SYNTHETIC
INC004716,R5115,ROAD_BLOCKAGE,1,2023-01-21,24.834684,92.16937,Synthetic incident record,SYNTHETIC
INC004717,R5116,LANDSLIDE,1,2023-12-15,24.879285,91.873033,Synthetic incident record,SYNTHETIC
INC004718,R5117,FALLEN_TREE,1,2023-04-26,24.893798,91.884607,Synthetic incident record,SYNTHETIC
INC004719,R5119,ACCIDENT,5,2023-08-27,25.570579,91.888657,Synthetic incident record,SYNTHETIC
INC004720,R5120,LANDSLIDE,1,2023-05-11,25.584103,91.883525,Synthetic incident record,SYNTHETIC
INC004721,R5121,FALLEN_TREE,5,2023-09-23,26.106858,91.758202,Synthetic incident record,SYNTHETIC
INC004722,R5121,ROAD_BLOCKAGE,5,2023-01-27,26.114804,91.756764,Synthetic incident record,SYNTHETIC
INC004723,R5121,ROAD_BLOCKAGE,1,2023-05-20,26.119879,91.739992,Synthetic incident record,SYNTHETIC
INC004724,R5121,ROAD_BLOCKAGE,5,2023-10-25,26.110894,91.747069,Synthetic incident record,SYNTHETIC
INC004725,R5123,ACCIDENT,5,2023-08-16,26.10787,91.74854,Synthetic incident record,SYNTHETIC
INC004726,R5123,LANDSLIDE,2,2023-05-20,26.109638,91.759288,Synthetic incident record,SYNTHETIC
INC004727,R5125,FLOOD,1,2023-03-29,26.102172,91.742555,Synthetic incident record,SYNTHETIC
INC004728,R5126,LANDSLIDE,3,2023-03-01,26.111137,91.745896,Synthetic incident record,SYNTHETIC
INC004729,R5127,ROAD_BLOCKAGE,5,2023-01-16,26.114797,91.753052,Synthetic incident record,SYNTHETIC
INC004730,R5128,FLOOD,5,2023-03-12,26.118207,91.753935,Synthetic incident record,SYNTHETIC
INC004731,R5129,FLOOD,2,2023-07-01,26.120364,91.741413,Synthetic incident record,SYNTHETIC
INC004732,R5131,ACCIDENT,4,2023-08-22,26.112709,91.745384,Synthetic incident record,SYNTHETIC
INC004733,R5132,ACCIDENT,3,2023-02-04,26.118723,91.755305,Synthetic incident record,SYNTHETIC
INC004734,R5134,FLOOD,3,2023-03-20,24.950624,91.858816,Synthetic incident record,SYNTHETIC
INC004735,R5138,LANDSLIDE,3,2023-02-11,24.951945,91.868133,Synthetic incident record,SYNTHETIC
INC004736,R5139,ROAD_BLOCKAGE,2,2023-08-18,24.887992,91.953526,Synthetic incident record,SYNTHETIC
INC004737,R5142,ACCIDENT,3,2023-08-26,24.88239,91.966418,Synthetic incident record,SYNTHETIC
INC004738,R5144,FLOOD,1,2023-10-21,25.514459,91.807933,Synthetic incident record,SYNTHETIC
INC004739,R5146,FALLEN_TREE,4,2023-09-04,24.896184,91.869013,Synthetic incident record,SYNTHETIC
