road_id,elevation,elevation_min,elevation_max,slope,terrain_type
R0001,387.45401188473625,351.5066937504417,410.1178658212421,0.5,FLAT
R0002,445.0714306409916,399.1014739094235,482.1590595878978,0.39,FLAT
R0003,423.1993941811405,388.25918173124705,452.5609517902545,17.41,VERY_STEEP
R0004,409.86584841970364,394.61432953951066,458.99662785966314,10.68,STEEP
R0005,365.60186404424365,343.2141956000361,410.5660158868921,6.57,MODERATE
R0006,365.59945203362025,347.52765410352197,389.9622831953463,0.79,FLAT
R0007,355.80836121681995,309.45530130814547,367.62782287571093,6.53,MODERATE
R0008,436.6176145774935,396.20161188599417,480.44266658209426,5.02,MODERATE
R0009,410.1115011743209,373.05556641792066,456.56087358690775,24.06,VERY_STEEP
R0010,420.8072577796045,398.7686049943397,463.632353516366,7.25,MODERATE
R0011,352.05844942958026,334.6966585475717,367.1764470663709,10.35,STEEP
R0012,446.9909852161994,406.73294169664297,496.90759059269095,2.9,GENTLE
R0013,433.24426408004217,404.277946244879,453.5876329421531,7.67,MODERATE
R0014,371.2339110678276,352.20232898180245,410.2021075801624,4.38,GENTLE
R0015,368.18249672071005,333.517617594099,414.5038917741389,5.64,MODERATE
R0016,368.3404509853434,356.7270968998053,387.76793555857176,2.16,GENTLE
R0017,380.42422429595376,357.37741413082364,426.7545664830364,5.6,MODERATE
R0018,402.47564316322376,373.73336337957835,424.85490633101847,0.7,FLAT
R0019,393.1945018642116,377.27616849983536,442.25103075957384,3.93,GENTLE
R0020,379.12291401980417,329.7367349161706,400.37331483502317,4.27,GENTLE
R0021,411.18528947223797,392.8213948886534,459.3227224625514,1.46,FLAT
R0022,363.9493860652042,348.73526086347357,376.0911721009112,0.54,FLAT
R0023,379.2144648535218,361.07306989804596,417.58534532031433,2.57,GENTLE
R0024,386.63618432936914,345.8737390029802,417.92062968284927,0.71,FLAT
R0025,395.60699842170357,368.58677205082984,424.72208150661277,2.22,GENTLE
R0026,428.51759613930136,395.90095854919986,447.457368709535,1.21,FLAT
R0027,369.967378215836,359.12701193638156,408.1912098068957,30.0,VERY_STEEP
R0028,401.4234438413612,390.0461914984286,419.0558234992135,3.69,GENTLE
R0029,409.2414568862042,381.40843489312357,441.35512872559497,1.58,FLAT
R0030,354.6450412719998,311.97883154393486,374.77485579360985,10.41,STEEP
R0031,410.75448519014384,365.3449300418412,458.97934038139806,20.01,VERY_STEEP
R0032,367.05241236872916,353.5841496649036,378.1976601221553,30.0,VERY_STEEP
R0033,356.50515929852793,324.970635214487,374.4942905029774,5.52,MODERATE
R0034,444.88855372533334,398.35936627416254,464.5809779808312,8.23,MODERATE
R0035,446.5632033074559,421.0442931315405,473.12591633816857,0.72,FLAT
R0036,430.8397348116461,387.65710155451137,450.1489444864483,6.87,MODERATE
R0037,380.4613769173371,365.11355074135963,410.1153405280885,1.93,FLAT
R0038,359.7672114006384,312.35143181392647,404.66583233098,30.0,VERY_STEEP
R0039,418.4233026512157,378.3663699499636,456.9058395075825,5.19,MODERATE
R0040,394.0152493739601,346.361873662484,427.21372859536456,5.42,MODERATE
R0041,362.2038234844779,325.1391341423776,375.7639506037851,10.47,STEEP
R0042,399.517691011127,374.9815337311499,437.277375346698,4.78,GENTLE
R0043,353.43885211152184,305.9116052105329,370.09542348395945,30.0,VERY_STEEP
R0044,440.93204020787823,419.9093691555111,482.38673564634615,21.34,VERY_STEEP
R0045,375.8779981600017,352.5910972775324,395.88026850040785,6.18,MODERATE
R0046,416.2522284353982,378.2198917153286,442.93417756823425,30.0,VERY_STEEP
R0047,381.1711076089411,340.55845562792564,405.1899157016582,19.19,VERY_STEEP
R0048,402.0068021177811,354.8306627638149,446.35935870477533,14.68,STEEP
R0049,404.671027934328,386.4789315720796,419.7328062828643,1.66,FLAT
R0050,368.48544555255273,326.56552414378376,401.11124084794426,30.0,VERY_STEEP
R0051,446.95846277645586,407.4166206405773,462.64092715417837,16.74,VERY_STEEP
R0052,427.51328233611144,414.96150008596754,465.7051157813989,30.0,VERY_STEEP
R0053,443.9498941564189,418.46096850801064,490.15301926819814,6.89,MODERATE
R0054,439.4827350427649,418.17211676036095,466.867041197455,2.3,GENTLE
R0055,409.7899978811085,387.6103809069473,439.31368829170754,8.75,MODERATE
R0056,442.1874235023117,392.8695483201236,489.28433696162216,30.0,VERY_STEEP
R0057,358.84925020519194,323.1381536659948,389.6889057511662,30.0,VERY_STEEP
R0058,369.59828624191454,330.89123993017455,399.102223763897,10.43,STEEP
R0059,354.5227288910538,305.45802339845346,387.655892999226,30.0,VERY_STEEP
R0060,382.53303307632643,357.4449617780209,420.10222253084453,1.26,FLAT
R0061,388.8677289689482,346.79412223083597,403.14306397242945,30.0,VERY_STEEP
R0062,377.1349031773896,349.7536646452098,419.97932428705025,4.35,GENTLE
R0063,432.87375091519294,388.0924040425938,460.2939520133233,10.96,STEEP
R0064,385.6753326693589,368.44903101690676,398.56927306525836,1.9,FLAT
R0065,378.09345096873807,330.1860038861669,419.5407577366666,0.41,FLAT
R0066,404.2696083158248,385.51873997938964,429.3476071832757,0.2,FLAT
R0067,364.09242249747626,341.043602218239,378.1071223012784,0.69,FLAT
R0068,430.219698075404,389.9720087111328,465.570859657134,2.46,GENTLE
R0069,357.45506436797706,331.7048587053608,402.6603185053227,8.89,MODERATE
R0070,448.68869366005174,414.3602385893939,494.1988340366112,10.88,STEEP
R0071,427.22447692966574,399.44153688688857,475.53101592202466,30.0,VERY_STEEP
R0072,369.87156815341723,330.17677066982594,414.57978654408475,30.0,VERY_STEEP
R0073,350.55221171236025,331.4189616176158,360.6378484861793,4.19,GENTLE
R0074,431.5461428454834,419.20782335600836,456.755789502019,0.68,FLAT
R0075,420.6857343847617,398.68855848583905,463.4274375809818,2.34,GENTLE
R0076,422.90071680409875,393.92837020936156,447.55083704403773,0.7,FLAT
R0077,427.12703466859455,410.4062325808874,461.1889749237828,1.51,FLAT
R0078,357.40446517340905,333.2125735871535,391.6571430683903,0.28,FLAT
R0079,385.8465728544273,359.84725212268455,410.4475850159802,0.62,FLAT
R0080,361.58690595251295,349.291232204982,407.76586304376445,1.2,FLAT
R0081,436.3103425875594,402.9780526601912,466.43947640300405,1.24,FLAT
R0082,412.3298126827558,366.9560755639043,440.92118092025584,1.46,FLAT
R0083,383.0898024852649,367.0200859671428,432.9903523117407,0.52,FLAT
R0084,356.35583502860237,322.4435144925418,386.09584959150703,0.5,FLAT
R0085,381.0982321715662,344.5086639751324,398.2341622487095,1.12,FLAT
R0086,382.5183322026747,355.74494498590315,413.0411091172122,0.81,FLAT
R0087,422.9606178338064,384.91671433923557,465.5212872546036,1.12,FLAT
R0088,413.7557471355213,387.3264853958808,454.83016021145255,22.43,VERY_STEEP
R0089,438.7212742576327,408.53578273853526,480.2645448619715,20.32,VERY_STEEP
R0090,397.2214925161949,386.92737073401787,435.5424438761114,6.6,MODERATE
R0091,361.9594245938302,324.2906200284426,382.1281377564977,13.91,STEEP
R0092,421.3244787222995,384.8707715645105,465.80784215590876,12.59,STEEP
R0093,426.07850486168974,414.54246976863595,471.81624347674034,1.42,FLAT
R0094,406.1277197569496,381.3977154611443,423.89382762169157,4.1,GENTLE
R0095,427.0967179954561,377.93544436378943,442.31494345751184,1.62,FLAT
R0096,399.37955963643907,372.5500971336944,448.4037583800035,30.0,VERY_STEEP
R0097,402.27328293819943,372.19546673292575,447.0062414842141,2.04,GENTLE
R0098,392.75410183585495,346.3568955094662,438.48354772425284,2.3,GENTLE
R0099,352.5419126744095,313.85143763977925,397.9969680593853,3.98,GENTLE
R0100,360.78914269933045,327.5063374543615,392.4566156606796,2.13,GENTLE
R0101,353.1429185686734,311.2307313150305,388.9989880353054,4.96,GENTLE
R0102,413.641041126378,369.0663904681391,445.45555521172366,25.08,VERY_STEEP
R0103,381.43559810763264,353.160075238142,393.4838520752458,30.0,VERY_STEEP
R0104,400.85706911647026,371.8527345191968,440.6771925305812,1.83,FLAT
R0105,440.7566473926093,415.31460996653584,470.9699287260445,30.0,VERY_STEEP
R0106,374.9292229148875,326.26097731414905,410.83758590649666,26.15,VERY_STEEP
R0107,391.03829230356297,353.15164213194896,421.1438845025844,12.93,STEEP
R0108,425.55511385430486,412.226191205982,455.2275667472031,5.97,MODERATE
R0109,372.87981654916223,328.3614316166415,389.7513809282729,1.02,FLAT
R0110,357.6979909828793,328.47559334942855,378.8465395885252,0.84,FLAT
R0111,378.9751452913768,366.2249890344773,395.32925296913504,8.08,MODERATE
R0112,366.12212872540044,334.133438518868,383.94878055041414,8.07,MODERATE
R0113,442.9697652342573,416.28319407522923,491.8888604510695,17.19,VERY_STEEP
R0114,430.8120379564417,385.7020617619367,446.9365757873297,8.58,MODERATE
R0115,413.34037565104234,395.1805915066668,434.11119262325064,29.06,VERY_STEEP
R0116,437.1460590187718,394.08747463908446,470.76964532831516,20.2,VERY_STEEP
R0117,430.3672076899114,398.0596600424933,464.7743507393771,16.36,VERY_STEEP
R0118,368.6570058886036,356.4725937600648,384.8159710783567,4.77,GENTLE
R0119,439.2558998489978,390.3820877959784,481.00459688040627,30.0,VERY_STEEP
R0120,403.9342241915651,373.42961442743706,445.3423389080781,16.27,VERY_STEEP
R0121,430.74401551640625,409.10894134714295,450.23672368456187,4.25,GENTLE
R0122,439.6091299923493,410.832856312779,461.15578209936774,4.5,GENTLE
R0123,381.8003474971864,337.4860361564869,429.3198621155663,5.61,MODERATE
R0124,361.0051924527677,338.80906747736515,404.0320502919468,15.03,VERY_STEEP
R0125,372.7935162541942,355.08646039472615,410.70539757669513,10.88,STEEP
R0126,392.7107788626256,377.54792898539034,406.0001077230496,9.4,MODERATE
R0127,431.8014765922493,409.8871006566408,458.5320398283523,30.0,VERY_STEEP
R0128,436.07305832563435,394.8711348440326,468.44513320870743,30.0,VERY_STEEP
R0129,350.69521305311906,321.8301584453086,368.19166457247013,1.46,FLAT
R0130,401.0747302577566,381.97546611001496,429.0037935420856,7.27,MODERATE
R0131,391.7411003148779,375.09370033048793,425.7821354144255,7.56,MODERATE
R0132,372.210781047073,348.90160198665785,395.305848251689,30.0,VERY_STEEP
R0133,361.98653673336827,314.3895618179399,403.2243294913878,2.68,GENTLE
R0134,383.7615171403628,360.0404486367618,427.379500405915,3.29,GENTLE
R0135,444.2909703912519,394.76600735306647,467.23534916861473,3.47,GENTLE
R0136,382.3202932020755,352.91107497146123,425.8665793817738,2.83,GENTLE
R0137,401.8790621743366,384.71250544273056,416.0221248184572,2.06,GENTLE
R0138,420.30189588951777,374.6562922177774,463.81105983442404,4.77,GENTLE
R0139,386.36296023792937,357.9487453125363,402.47297750463406,2.02,GENTLE
R0140,447.1782082720961,408.7913545319151,460.4952943724851,7.34,MODERATE
R0141,446.24472949421113,396.8962661658451,481.9157456718516,30.0,VERY_STEEP
R0142,375.1782295825364,363.17121556973746,404.05572421274815,2.09,GENTLE
R0143,399.72485058923854,385.8570681977359,446.04047460575185,3.03,GENTLE
R0144,380.087830981677,341.2695613231667,404.61539882531093,0.77,FLAT
R0145,378.48404943774676,357.2110493059279,399.9701399752519,1.12,FLAT
R0146,353.6886947354533,336.31663885744933,383.7180909812212,1.8,FLAT
R0147,410.9564333979897,399.38195820520053,439.19428082873617,1.83,FLAT
R0148,400.26790232288613,389.3940338434381,424.0450241715737,1.61,FLAT
R0149,355.1478751249989,314.16845100020726,392.89752707293206,3.54,GENTLE
R0150,377.86464642366116,362.4873093288792,418.2471197802175,3.42,GENTLE
R0151,440.8265885966654,412.11776395781936,484.94594735787086,4.13,GENTLE
R0152,373.9561890666972,339.7203164595179,422.87045325511093,9.0,MODERATE
R0153,364.48948720912233,337.3554151863685,385.1557348944225,1.6,FLAT
R0154,398.9452760277563,387.86100993430694,437.58901532735473,5.09,MODERATE
R0155,448.56504541106005,407.2249853075437,474.33537483088986,1.98,FLAT
R0156,374.20552715115,363.78499816948386,411.28880602919435,8.62,MODERATE
R0157,417.2135547405879,376.73795896548853,446.2528223545567,20.93,VERY_STEEP
R0158,426.16196153287177,380.42978178134683,475.91288564358905,15.64,VERY_STEEP
R0159,373.76375439924,346.4501575569531,412.91983983087,13.34,STEEP
R0160,422.82163486118594,391.399935937274,470.92128687855893,7.12,MODERATE
R0161,386.7783132719253,357.6989775672192,430.1770952511727,0.69,FLAT
R0162,413.23058305935797,387.6622383144204,459.3466235058928,0.69,FLAT
R0163,413.3529710760895,367.8559896612751,455.9297389646765,30.0,VERY_STEEP
R0164,403.57746840747586,357.82012798067626,431.94383362251233,8.05,MODERATE
R0165,359.0289770054408,335.5963224197794,379.1005151393162,2.24,GENTLE
R0166,433.5302495589238,398.9274593983359,458.34305657694466,1.04,FLAT
R0167,382.0780064971736,335.00170401133903,392.8874558027716,1.01,FLAT
R0168,368.65185103998544,320.1695110823314,399.6115777385721,3.81,GENTLE
R0169,354.07751415547636,323.71915253859447,384.2798261662927,2.51,GENTLE
R0170,409.08929431882416,380.9763021074511,440.0993129120437,0.98,FLAT
R0171,417.7564361842282,396.6086635470872,466.7176851831108,27.12,VERY_STEEP
R0172,351.6587828927856,303.30390796516923,398.1169430309792,16.89,VERY_STEEP
R0173,401.2093058299281,385.4967336510134,417.67781696313244,11.49,STEEP
R0174,372.6495775197938,339.4563944778848,397.4048783820294,11.14,STEEP
R0175,414.51727904094497,393.21526834019943,441.47552621947546,30.0,VERY_STEEP
R0176,367.4366429004991,346.27631128658726,391.85795961456506,6.19,MODERATE
R0177,419.0937738102466,392.89503031519905,461.03361235440315,2.93,GENTLE
R0178,388.6735346300537,338.7218171974275,419.6350414247572,3.48,GENTLE
R0179,443.67299887367346,431.4743466000806,476.5569915525385,2.03,GENTLE
R0180,363.75209441459936,330.6104216864581,407.87263677411636,7.3,MODERATE
R0181,384.1066351050259,370.80374878361476,426.3437612416402,3.57,GENTLE
R0182,361.3473521240589,345.16651892443815,376.6358130368709,2.38,GENTLE
R0183,442.4693618278563,414.88684415694036,481.0259451912017,3.36,GENTLE
R0184,437.7339353380981,407.31553008424044,465.15138049417953,4.63,GENTLE
R0185,375.7941627715156,355.44246643693464,397.5801188940156,2.58,GENTLE
R0186,415.9984046034179,393.34011936844126,427.9991574395053,1.45,FLAT
R0187,431.7222200201216,418.24353920988426,461.21220243393964,30.0,VERY_STEEP
R0188,405.52008115994624,383.39128980617625,429.7375483889275,4.42,GENTLE
R0189,402.96505783560065,354.30272026037886,423.0255794226567,2.1,GENTLE
R0190,374.18522909004514,326.3969338231459,411.97209827392345,5.97,MODERATE
R0191,359.3102767805899,335.9151451751105,400.08969227321336,30.0,VERY_STEEP
R0192,439.7215757953327,406.8874183441822,459.51315655650967,15.2,VERY_STEEP
R0193,440.04180571633304,393.65799007189526,452.0197031835069,6.71,MODERATE
R0194,413.3101457273268,403.06279282169095,457.2602537499362,5.72,MODERATE
R0195,383.90297910487004,341.47563629136636,394.3013687530422,2.68,GENTLE
R0196,384.9209574612661,336.98617534970936,432.405457218125,24.57,VERY_STEEP
R0197,422.59556788702395,408.94253851368165,457.70036284633215,12.13,STEEP
R0198,439.7110259952577,423.2531185539409,462.58489140331056,30.0,VERY_STEEP
R0199,438.70864242651174,390.27879031565755,458.56775880958116,29.52,VERY_STEEP
R0200,427.9875545857624,396.4859488401485,438.3477811563414,21.74,VERY_STEEP
R0201,414.20316461542876,403.63529923655983,433.6220212958639,21.85,VERY_STEEP
R0202,358.4139964995049,338.10871654896374,373.92312856019055,23.75,VERY_STEEP
R0203,366.1628714094614,338.165124438707,400.6495202383872,23.47,VERY_STEEP
R0204,439.85541885270794,402.13906241171725,456.51724239646,30.0,VERY_STEEP
R0205,410.642905965959,371.31649084048706,441.78809946742376,30.0,VERY_STEEP
R0206,350.919705161663,301.10284464464473,384.5243620554418,8.48,MODERATE
R0207,360.1471542866032,338.64670631125284,382.0688222204798,11.26,STEEP
R0208,416.3501769108056,384.8213728360666,427.7527748715543,2.41,GENTLE
R0209,350.50615838462187,319.17321647023766,361.9963136091897,6.62,MODERATE
R0210,366.08080514174986,339.85499476386036,377.13469842950656,30.0,VERY_STEEP
R0211,404.87337893665864,388.10690318296184,444.4383656221205,14.37,STEEP
R0212,419.18951976926934,370.0912572419156,441.90990796184127,12.21,STEEP
R0213,415.19612595026007,371.06343848359666,457.0481333889666,8.24,MODERATE
R0214,372.42693094605596,342.49360981428646,399.6962438997699,5.89,MODERATE
R0215,421.21792213475356,387.08810522739236,449.33784616795214,5.89,MODERATE
R0216,373.72490874968,354.6344666072935,404.24021285006296,30.0,VERY_STEEP
R0217,382.5399698159268,350.7884870002569,421.06122807093095,3.23,GENTLE
R0218,424.64914051180244,386.8503351869434,445.5892551449907,1.4,FLAT
R0219,414.9632899047215,384.35660876925795,429.8267838860626,1.62,FLAT
R0220,434.9223410494178,385.31093422602015,467.16463445707626,5.46,MODERATE
R0221,415.7612892300343,381.3076229801253,438.8403941597439,0.83,FLAT
R0222,406.83086033354715,381.9919118298604,434.53051288026865,2.2,GENTLE
R0223,359.36747678280926,318.4813956781757,395.24534511630145,30.0,VERY_STEEP
R0224,386.77158030594336,369.95307984267765,416.5366099515942,3.67,GENTLE
R0225,376.52023676817254,351.13960421992186,411.3313894522063,11.78,STEEP
R0226,374.39896433790835,350.5206063228049,406.1669644224535,6.84,MODERATE
R0227,447.30105547524454,420.02877167093345,486.8929103526885,13.98,STEEP
R0228,389.30977246667607,348.03857942952703,427.5472371751409,0.97,FLAT
R0229,439.20465551771133,409.83773423117503,470.5722511900561,24.61,VERY_STEEP
R0230,413.1138625997263,371.3532845890878,450.2699834341146,30.0,VERY_STEEP
R0231,429.48113035416486,396.4215742285702,474.4235144450694,12.41,STEEP
R0232,400.26370931051923,376.580931924217,427.55456082204597,2.21,GENTLE
R0233,407.6903884626359,365.291238715297,434.20091137258765,7.58,MODERATE
R0234,399.2517693818864,379.72018255976275,439.8215942159816,1.7,FLAT
R0235,369.52429877980444,350.5489795878126,402.8264522614842,2.36,GENTLE
R0236,422.2452115261505,392.0650945639571,435.08548273505403,30.0,VERY_STEEP
R0237,378.07723624408555,357.643266405602,423.7617168717288,27.2,VERY_STEEP
R0238,352.4315966431454,342.06811524509675,363.662920732651,30.0,VERY_STEEP
R0239,414.54722959071677,378.6153284987647,454.4830838391065,30.0,VERY_STEEP
R0240,367.7110679407049,337.267315081809,408.0628336488774,30.0,VERY_STEEP
R0241,444.04585843529145,416.225145855565,492.1703018465687,15.92,VERY_STEEP
R0242,445.39285770025873,396.7141171155261,457.55823403635156,6.88,MODERATE
R0243,441.48643902204486,408.6384716635283,475.3607134534245,10.96,STEEP
R0244,387.0158700255444,342.47860691396903,414.12949285062655,8.96,MODERATE
R0245,351.54566165288674,335.96765220468035,374.7709798472684,3.95,GENTLE
R0246,442.8318562587725,410.06359773359543,456.44459867073545,0.45,FLAT
R0247,392.81841483173145,348.0992297624953,425.3245796185838,0.9,FLAT
R0248,446.66548190436697,413.34125161317104,475.8271109313515,0.58,FLAT
R0249,446.3619977089253,407.64143058384525,460.54417603496626,8.37,MODERATE
R0250,435.300945546736,410.4192028342477,469.80052583061934,8.43,MODERATE
R0251,379.4448892069586,365.74690852547593,418.96301401707615,11.49,STEEP
R0252,388.5097728601925,360.1937610551097,429.20090490233844,30.0,VERY_STEEP
R0253,435.1136671516857,409.3344915181314,481.3285946821828,4.44,GENTLE
R0254,381.69220051562775,337.0097932204699,408.0710301911788,30.0,VERY_STEEP
R0255,366.94927466860923,347.18946257451034,415.0721854134947,30.0,VERY_STEEP
R0256,405.680126245835,357.0107571444307,450.2973024491425,7.66,MODERATE
R0257,443.6154774160781,395.2899526238982,465.4755402570356,2.6,GENTLE
R0258,419.6029796674973,399.69771394463976,435.97430116147564,1.35,FLAT
R0259,407.0061170089365,383.08403878984365,434.421692854057,9.62,MODERATE
R0260,359.71764937707684,313.8954197421214,385.7935976953155,8.83,MODERATE
R0261,411.50072266991697,362.8358338340727,444.52949488316517,14.41,STEEP
R0262,449.0053850104263,421.2678208969846,482.3408343035362,11.47,STEEP
R0263,364.0084015236524,341.1685196980165,404.00788089885145,0.5,FLAT
R0264,401.8329652363737,370.78920470631203,432.2285631645981,2.89,GENTLE
R0265,437.7373071927955,400.22653893816613,451.93021283042617,1.22,FLAT
R0266,424.07686177542047,403.1378811604213,468.4085151975447,3.69,GENTLE
R0267,419.7015740995268,380.2426471147639,442.09215742693425,4.22,GENTLE
R0268,420.2484083987109,408.1821141141253,469.1003068109746,8.84,MODERATE
R0269,385.9491151219755,373.9773354113989,400.6635194691663,0.89,FLAT
R0270,379.35918442644936,353.90767622062754,427.6892313157495,8.41,MODERATE
R0271,430.9361155478514,406.7971878654226,444.57658782315207,2.3,GENTLE
R0272,431.0113394679181,408.386010853232,450.2527849858005,2.55,GENTLE
R0273,436.70723185801035,407.06644135125396,448.570429541472,2.43,GENTLE
R0274,441.3240552556471,418.4947119631843,479.5285811212069,30.0,VERY_STEEP
R0275,401.1342398860938,383.4439231473701,445.14618934896544,30.0,VERY_STEEP
R0276,400.15162946872,377.77284750517595,427.5144727413592,30.0,VERY_STEEP
R0277,429.82951789667754,380.83334698426813,476.97040089837475,30.0,VERY_STEEP
R0278,414.99639307777653,388.5518563979826,448.6083559480005,30.0,VERY_STEEP
R0279,420.19668772577035,392.4081766514369,455.39697314363127,24.25,VERY_STEEP
R0280,429.5792669436101,396.5174673455645,473.3960350116409,30.0,VERY_STEEP
R0281,439.0005341817566,389.6669034451876,460.8725423838302,30.0,VERY_STEEP
R0282,383.79951568515355,364.135464627723,407.9701445382586,30.0,VERY_STEEP
R0283,387.5582952639944,350.3070108426971,433.79637203178015,30.0,VERY_STEEP
R0284,359.3981939840869,320.75880624241796,405.4367338256375,30.0,VERY_STEEP
R0285,407.8280140996174,373.5350374278948,456.88732514765223,3.33,GENTLE
R0286,353.5942273796742,340.05109379420844,399.66776003734105,2.25,GENTLE
R0287,396.559801813246,359.48491078014297,411.65468325458045,7.93,MODERATE
R0288,404.2644634707577,391.7006750293107,447.2134349162372,4.36,GENTLE
R0289,378.65412521282843,344.80841923083256,405.0476643372122,1.24,FLAT
R0290,409.08332605690106,369.50007896803135,458.71538029473857,21.13,VERY_STEEP
R0291,353.0500249939049,334.6112293691069,381.941263567057,0.75,FLAT
R0292,353.7348188749214,310.06993857321044,385.88826217501025,1.2,FLAT
R0293,432.26005606596584,421.0459038446457,463.4510526762378,0.96,FLAT
R0294,386.0190641411263,342.26654959479407,408.8885453354574,0.59,FLAT
R0295,362.7060512651885,334.29288923947786,375.7069348209052,8.09,MODERATE
R0296,402.22432600548046,383.5208084082147,448.0503752215572,30.0,VERY_STEEP
R0297,426.9993553098611,411.64822951010234,469.10638781091257,0.51,FLAT
R0298,371.58210274968434,323.44981604638946,387.1631739720711,1.82,FLAT
R0299,412.28904758190004,399.38242407865374,453.35977843590297,6.09,MODERATE
R0300,358.5347464993768,340.5710097019398,393.5686131414012,9.19,MODERATE
R0301,355.1681721168608,331.2552782195389,381.5339236335657,7.16,MODERATE
R0302,403.1354631568148,368.32606919836996,423.2963091206373,0.82,FLAT
R0303,404.06351216101064,372.2714687499667,448.45266350109995,2.02,GENTLE
R0304,413.7429901498207,398.7172504533281,451.7505205215828,1.07,FLAT
R0305,422.6091333722662,401.0200140227376,454.51872975103163,1.81,FLAT
R0306,447.5852079462535,428.03513710281254,481.96794930219204,4.32,GENTLE
R0307,401.63003483011954,383.08832065050586,415.2726821134068,1.43,FLAT
R0308,382.2956472941246,355.8498738349251,411.2524377305723,2.98,GENTLE
R0309,429.51861947687036,391.35736137320407,447.26663118829845,30.0,VERY_STEEP
R0310,377.0832251262074,358.385107837518,395.41857228656045,1.77,FLAT
R0311,393.89714207056363,369.2299868824444,430.3493005620383,13.27,STEEP
R0312,357.8456381342266,332.2089410605801,404.29588420759814,18.03,VERY_STEEP
R0313,352.53507434154574,303.47681316412934,378.6853387606796,2.91,GENTLE
R0314,446.2648414677925,398.07818719262974,464.5748123882801,14.27,STEEP
R0315,433.59801205122056,391.5925087411375,469.54788954068675,6.89,MODERATE
R0316,419.5974206093698,399.9310637766024,464.4449024633825,3.65,GENTLE
R0317,390.895294441427,378.1738018777602,430.8280464863266,5.76,MODERATE
R0318,367.32943200708456,344.6532664982596,412.07972122854807,4.39,GENTLE
R0319,365.6437042671086,344.97192228975535,397.1058911075406,2.25,GENTLE
R0320,375.02428981645954,344.78725781060376,415.0993395912272,3.07,GENTLE
R0321,404.92266647061206,363.81355006790034,420.5252488449695,6.8,MODERATE
R0322,421.4595922700062,377.1266747148519,445.39057688453386,30.0,VERY_STEEP
R0323,416.0197376717731,372.2251742553528,441.601704251034,1.98,FLAT
R0324,377.99338969459427,353.60636724567155,408.44521954443564,10.28,STEEP
R0325,445.4865280663194,407.9971543278921,492.64958247659234,9.3,MODERATE
R0326,423.7896916695768,401.276323768608,468.7615540784638,13.3,STEEP
R0327,405.4354052511401,392.9991835217328,420.81642494270744,1.76,FLAT
R0328,411.1720746234352,373.10946399931754,428.08366069873375,30.0,VERY_STEEP
R0329,391.960006242779,381.5669041399875,416.2656282263355,8.0,MODERATE
R0330,374.77309895011575,348.4057954517762,396.4028535857427,5.86,MODERATE
R0331,385.5972678651262,362.42209709304313,420.1881059913767,4.31,GENTLE
R0332,425.7846110464369,388.0495095056828,471.8956529570187,3.84,GENTLE
R0333,351.4393488629756,310.78952995256043,399.931010529879,12.12,STEEP
R0334,361.60726405069164,339.4434786118403,397.7513821521007,4.03,GENTLE
R0335,354.60026420217525,312.1351836243811,398.1266322582187,30.0,VERY_STEEP
R0336,354.072880231897,332.31620981169965,385.08096824112886,30.0,VERY_STEEP
R0337,435.5460584011007,407.69300400163826,453.8791362755023,30.0,VERY_STEEP
R0338,420.3657859380024,381.285044857437,451.3533224217415,1.75,FLAT
R0339,397.4173829087325,359.700573739741,429.62068696623857,6.18,MODERATE
R0340,359.78341606510014,310.28867717261215,399.4817186336424,7.89,MODERATE
R0341,399.16158751168325,380.155146543046,417.95690709997723,3.96,GENTLE
R0342,397.3471770780566,360.8544605364733,422.07959236152584,30.0,VERY_STEEP
R0343,367.3201869910015,332.9329106599704,391.88128575958416,14.99,STEEP
R0344,393.3851649237973,346.7812267441961,441.7627487534439,5.82,MODERATE
R0345,389.85047343973736,373.59598777394234,417.6082718528061,4.09,GENTLE
R0346,411.58500980522166,371.5130832617443,451.78876849714754,3.63,GENTLE
R0347,413.5093650867644,380.7786204360136,453.5418203417419,30.0,VERY_STEEP
R0348,354.53040097720447,333.54376618568824,375.1521683693341,0.62,FLAT
R0349,387.46126146264714,358.48386489676017,420.33604903751643,30.0,VERY_STEEP
R0350,412.5859915714236,389.2349276886317,458.35810730416955,2.11,GENTLE
R0351,400.3136258580088,367.14108974647036,429.32153463628674,1.22,FLAT
R0352,435.64898411883223,390.0889596862456,483.4536844125341,30.0,VERY_STEEP
R0353,415.8693631618945,383.09716378540645,434.44769233486096,6.1,MODERATE
R0354,366.29344270814295,331.0245459750796,379.2598069391042,1.24,FLAT
R0355,357.056874740043,326.30696085545463,402.71502966583296,1.15,FLAT
R0356,414.2419278206316,402.19530756281256,458.14917573912027,18.21,VERY_STEEP
R0357,352.6511310541622,333.3367887791184,402.354726091516,9.93,MODERATE
R0358,408.5775581273463,378.897488950063,445.75329765184335,0.63,FLAT
R0359,444.02302414249573,421.61361279270756,491.4905412091817,0.65,FLAT
R0360,407.5474177875879,390.27687387714013,450.62537879095237,4.77,GENTLE
R0361,388.8169926206522,358.65167894391465,432.59404594545566,30.0,VERY_STEEP
R0362,414.32882184423534,391.41643010632134,447.09448466240605,30.0,VERY_STEEP
R0363,395.82528904915165,375.50098332221506,421.1198729658201,30.0,VERY_STEEP
R0364,404.5616789315935,376.0022622339783,451.9440018333248,30.0,VERY_STEEP
R0365,444.1464808776525,428.81511055436556,471.4311679022883,30.0,VERY_STEEP
R0366,388.61026378007745,341.50043445706115,420.1630384700642,0.42,FLAT
R0367,446.1190563823914,401.41097246562185,473.96362866739895,0.38,FLAT
R0368,440.53506419560637,402.23024076598495,473.12779675401424,1.63,FLAT
R0369,369.5791134789296,355.33056037539137,398.39931663862274,6.27,MODERATE
R0370,356.9361300875165,315.9010399087288,368.8548324306955,0.34,FLAT
R0371,360.07780013774266,317.7595070133819,405.3597275780506,0.56,FLAT
R0372,351.822182565155,311.1115978565815,379.59793532178577,3.76,GENTLE
R0373,359.44429607559283,344.8856605908232,393.0020420158868,0.64,FLAT
R0374,418.30067734163566,382.54435905892507,433.8681894519551,0.9,FLAT
R0375,357.1188648460229,313.74587301604697,367.2543787653285,0.74,FLAT
R0376,381.8975630293761,348.8034269805894,401.70916677512184,0.78,FLAT
R0377,434.4875310969455,398.6312360878219,472.6709723822795,7.45,MODERATE
R0378,352.3271935735826,323.9926543965303,366.2949747780977,2.29,GENTLE
R0379,431.44684825889357,400.29855546353144,477.8023458743523,12.0,STEEP
R0380,378.18547747734,366.810403143271,396.7863802515874,30.0,VERY_STEEP
R0381,361.8164827621656,326.2579618832342,380.0002273338366,30.0,VERY_STEEP
R0382,419.67371653641504,406.4158280207687,436.9340350012749,13.71,STEEP
R0383,412.8942846779884,385.49370090437947,423.453553196843,30.0,VERY_STEEP
R0384,437.7472013527053,416.040997446009,478.6194200918347,30.0,VERY_STEEP
R0385,423.50710438038857,391.68998637192004,468.5084856301989,30.0,VERY_STEEP
R0386,430.3480930384849,415.0114396175566,464.9146011431328,30.0,VERY_STEEP
R0387,378.20345725713065,340.5377211781979,395.73145652432515,0.79,FLAT
R0388,367.7439543779723,325.94349290083346,389.1550742556075,6.39,MODERATE
R0389,425.06147516408583,408.52729717435955,454.09854305868436,0.86,FLAT
R0390,430.6834739267264,416.5109504326511,478.85731199165843,5.95,MODERATE
R0391,449.0505142000673,433.22989488857297,468.944569072777,5.85,MODERATE
R0392,391.26176769114267,346.1766652152026,430.52760384793817,4.05,GENTLE
R0393,387.2018085792783,356.07423810902407,414.7797375109951,7.21,MODERATE
R0394,427.64129607419966,398.9508562338996,449.5551900086005,0.75,FLAT
R0395,384.0803540253018,369.81188126120765,412.31699150618635,0.7,FLAT
R0396,443.07573256035647,407.093492290078,455.9240012620058,0.62,FLAT
R0397,435.8412751843012,391.1212915084976,477.7887700215157,1.06,FLAT
R0398,392.8994027375018,349.7719679645637,412.6314798568205,2.68,GENTLE
R0399,425.08710677914974,390.0449184199177,464.10359170686854,4.74,GENTLE
R0400,425.45428740846825,412.4431387424013,438.18822226639605,0.74,FLAT
R0401,360.31238688359326,345.81650579655275,408.5163291302207,30.0,VERY_STEEP
R0402,440.2552906679567,428.2829311835637,457.97589008418464,30.0,VERY_STEEP
R0403,400.5252372447857,380.226068585087,445.83492029306893,30.0,VERY_STEEP
R0404,432.64574661077415,417.21928792435904,475.02467499539154,30.0,VERY_STEEP
R0405,382.0049601030612,361.60303849296383,430.71935706631785,30.0,VERY_STEEP
R0406,439.55232284962005,414.1500006208616,468.66794928745,30.0,VERY_STEEP
R0407,388.9201678734163,341.2008565105709,428.0160596272543,30.0,VERY_STEEP
R0408,351.08376514802984,316.6687227567622,375.9121914295412,30.0,VERY_STEEP
R0409,440.5381976419264,397.1392462146079,457.91292716271414,0.71,FLAT
R0410,359.12866767861334,320.71460765012006,386.8517049959513,8.82,MODERATE
R0411,381.93136375904146,367.4312385379762,398.56132437457967,1.56,FLAT
R0412,445.00619670508047,405.56938045012254,494.28798161653583,3.09,GENTLE
R0413,445.0607146937556,424.0567594313906,458.91057433938425,1.17,FLAT
R0414,407.3437888123286,371.7794749325404,440.91225775043347,4.06,GENTLE
R0415,413.1837212169799,389.54524227126035,448.24227542714215,3.93,GENTLE
R0416,394.844552197832,344.9376616672456,426.36773391279417,9.55,MODERATE
R0417,379.3210771698065,358.77901798993537,415.80851259827983,1.22,FLAT
R0418,382.86645453699157,361.7012357060208,397.5136855374672,1.76,FLAT
R0419,417.25184560770384,370.02495538520793,449.45258657591546,2.89,GENTLE
R0420,425.237452943768,414.2516767583151,446.72595578886245,0.45,FLAT
R0421,429.1579043725849,391.29034485765703,476.76494690462715,30.0,VERY_STEEP
R0422,428.9618142794554,389.94875865002024,469.4446804170444,2.46,GENTLE
R0423,359.12061030486905,315.6654672084531,408.02118959125875,0.25,FLAT
R0424,399.44203047025815,350.46445804471915,410.9442732598657,1.97,FLAT
R0425,355.75587600166443,306.73179923539834,377.16120300889276,30.0,VERY_STEEP
R0426,404.95288823237354,392.341817929715,422.7697916979075,30.0,VERY_STEEP
R0427,394.1530501373377,351.2794772272216,404.5992336298109,30.0,VERY_STEEP
R0428,438.77041827582997,402.9180209295347,458.4634474856828,1.19,FLAT
R0429,385.09150125520785,349.1978158802842,422.242540596025,30.0,VERY_STEEP
R0430,361.7067016427606,346.5727045781728,380.95025852814337,0.5,FLAT
R0431,364.2991682052836,328.2916815474575,394.6593060245883,2.47,GENTLE
R0432,426.15106317174724,376.8517599476973,471.6637877703472,30.0,VERY_STEEP
R0433,411.82180633162614,365.34906355004824,449.57212314558916,3.24,GENTLE
R0434,360.112267612279,332.547041180085,385.89743040852034,27.87,VERY_STEEP
R0435,358.41068061149974,346.812761680056,383.30943816798407,0.69,FLAT
R0436,420.096913145912,395.6051735459038,448.3263457062514,0.99,FLAT
R0437,357.27630063641936,314.22068817239716,374.3579582788156,30.0,VERY_STEEP
R0438,432.1860059290356,394.126041870429,467.54603662567513,2.45,GENTLE
R0439,420.62422271564964,392.2504764918914,445.19033547983383,30.0,VERY_STEEP
R0440,358.13487806419,345.9308166578368,402.22949203467175,30.0,VERY_STEEP
R0441,358.4837714085192,331.4079822955871,398.74587781083187,9.66,MODERATE
R0442,448.6639578501175,419.9029602614022,483.0844844138039,2.44,GENTLE
R0443,387.427079575612,340.2848582598466,411.99516848159266,30.0,VERY_STEEP
R0444,387.0642147066891,351.4207705634027,405.46148797362844,0.48,FLAT
R0445,431.27995672575025,408.8138400595643,472.32603128997516,1.51,FLAT
R0446,444.7248577383859,413.712127160357,474.18122169802933,1.23,FLAT
R0447,448.6001063822871,435.9578940694007,467.5901079093814,0.64,FLAT
R0448,425.33781852589414,376.43508909990464,443.14480312749436,1.67,FLAT
R0449,387.62595855309155,363.22356247586254,404.24199473314593,5.1,MODERATE
R0450,358.3500716698669,329.2353774733415,399.4365195180907,2.04,GENTLE
R0451,427.7146915927437,403.5033326232668,446.8741790047562,4.08,GENTLE
R0452,405.8404249735805,368.53995576893254,436.9061155145884,5.69,MODERATE
R0453,392.4222009246976,355.9329145915139,420.48405536361986,5.75,MODERATE
R0454,440.6354385094736,402.02254608830816,473.81987447860496,5.99,MODERATE
R0455,361.11974823061513,340.3940190461383,406.2059442454629,30.0,VERY_STEEP
R0456,399.2625104290859,376.6357711825233,443.97240603235514,10.93,STEEP
R0457,351.1353644767419,336.1253152328936,379.1784073497363,13.39,STEEP
R0458,396.8660641994126,360.64566532556813,407.48071422880156,4.46,GENTLE
R0459,355.63032756818376,344.03844247475763,382.6880797967559,5.25,MODERATE
R0460,361.88179162680717,327.9744982058688,396.1295331237728,11.04,STEEP
R0461,361.7526246777105,316.96478928364513,394.063215041633,30.0,VERY_STEEP
R0462,414.92103021160636,369.287744280021,450.97447444361455,5.19,MODERATE
R0463,424.60448792654233,396.6429775117439,440.76751722546567,5.83,MODERATE
R0464,408.336876509716,379.96472898119305,444.1982804609453,30.0,VERY_STEEP
R0465,446.21725484745417,433.13848752713346,463.52331959720505,23.01,VERY_STEEP
R0466,387.4870579523704,350.65645693464893,427.50801718024036,13.92,STEEP
R0467,378.57120862818607,335.72083181327224,402.1347131586933,0.67,FLAT
R0468,436.85991281894604,417.0737106347575,475.2557301542042,11.99,STEEP
R0469,372.3595838519453,345.5075485866107,384.27420780818954,30.0,VERY_STEEP
R0470,446.3222539440611,402.76868047345033,472.63665496769767,16.59,VERY_STEEP
R0471,351.21544746898167,306.1306287624901,389.41682835951497,19.05,VERY_STEEP
R0472,446.9878826707639,427.26068346019485,466.0627033240237,30.0,VERY_STEEP
R0473,354.3159911950576,322.29316581340305,396.12747298694654,9.11,MODERATE
R0474,439.1143113698071,421.414585344374,474.3455006940044,30.0,VERY_STEEP
R0475,402.77011090863,388.69496034304774,436.27258179462194,11.89,STEEP
R0476,449.29647961193,402.8516595562517,473.4384337801035,30.0,VERY_STEEP
R0477,357.3796564735399,314.5593563042555,386.6777152887846,0.72,FLAT
R0478,405.3854284401321,364.98403236800516,439.27940047924625,7.47,MODERATE
R0479,446.9302535619099,434.9796008093843,475.82873811850556,3.21,GENTLE
R0480,402.3097844170149,358.5606327086046,440.2423173746373,30.0,VERY_STEEP
R0481,412.93986381352624,385.4181007773109,440.28774113780463,30.0,VERY_STEEP
R0482,419.5748688984617,395.8790639666273,437.66579616814295,2.64,GENTLE
R0483,395.4541064767773,363.59505203576225,414.0114577888192,16.12,VERY_STEEP
R0484,412.75580800840635,399.10167829946414,422.987958762124,5.17,MODERATE
R0485,408.43143119231,368.16556921821405,430.4697398146569,6.6,MODERATE
R0486,440.1158010490989,406.818397973567,480.07250666823967,30.0,VERY_STEEP
R0487,354.5446380341458,337.0810341592191,396.3111463876502,30.0,VERY_STEEP
R0488,378.096318959223,360.5670309684612,396.195020643053,0.96,FLAT
R0489,445.0411484076559,427.6712023447489,493.4029082825122,4.33,GENTLE
R0490,439.02637838909163,426.7462828870143,469.1224901282967,1.04,FLAT
R0491,395.5656752785713,362.0537373037039,442.2448252393114,30.0,VERY_STEEP
R0492,412.01325978015365,368.3993326766133,450.2838710546189,30.0,VERY_STEEP
R0493,377.73811829811325,367.0381897386177,416.63545521900977,30.0,VERY_STEEP
R0494,368.81211597237615,356.8519301735252,382.213860824619,0.65,FLAT
R0495,396.3698404939982,363.4590294265204,415.1694855698754,5.79,MODERATE
R0496,385.3352228026053,342.55539538716323,395.6878161343842,30.0,VERY_STEEP
R0497,408.36561118508723,385.2960555623419,447.01071680415674,8.96,MODERATE
R0498,357.7734636964985,333.7888877441896,381.5509952336389,5.8,MODERATE
R0499,447.43948076661667,413.5856208667456,488.90558140967056,30.0,VERY_STEEP
R0500,448.62107444796027,427.6525588829944,472.17852324544134,3.36,GENTLE
R0501,419.81617140197454,408.75183675886717,462.589521493929,3.76,GENTLE
R0502,403.609636634412,364.2004959103482,418.8375667843446,24.57,VERY_STEEP
R0503,380.9527616286328,345.92676511097466,397.8876878989331,6.29,MODERATE
R0504,431.3795019706949,398.14926200846855,455.01456355405236,28.86,VERY_STEEP
R0505,418.47311725538793,378.805752095715,444.81261281067884,3.76,GENTLE
R0506,366.26169393448913,329.25246043200764,390.20980636820826,7.51,MODERATE
R0507,441.0927184493843,422.85743892225145,481.63859975031306,30.0,VERY_STEEP
R0508,432.2537242923169,408.15448241458284,446.1317799973855,30.0,VERY_STEEP
R0509,444.9799913291924,429.9355856620474,469.02867211473193,3.06,GENTLE
R0510,422.571950838836,407.3776703021208,466.0615508194544,9.72,MODERATE
R0511,411.341519593579,374.2936897393174,424.01340268406585,30.0,VERY_STEEP
R0512,391.8243036290619,347.48029934976194,439.5180439359162,5.1,MODERATE
R0513,443.2728483354013,394.76354498095577,492.72552202628185,30.0,VERY_STEEP
R0514,436.6063889500408,401.47250424806305,450.149115903044,0.62,FLAT
R0515,354.52186701061896,337.15781407618067,376.17276790084844,1.86,FLAT
R0516,352.6366974497252,338.410683631768,377.53272409113947,30.0,VERY_STEEP
R0517,387.64633668780493,345.1322978263346,428.701991433914,30.0,VERY_STEEP
R0518,431.0553330781833,397.90507402378336,464.8924055628527,5.76,MODERATE
R0519,448.72761293149443,413.9962120909456,484.5022409511971,30.0,VERY_STEEP
R0520,365.0416891103528,323.78320556016445,405.34208202309304,3.38,GENTLE
R0521,409.41307153521353,371.2819824259155,424.13223151269455,2.26,GENTLE
R0522,388.08908566310214,344.7107555488583,431.41746393951263,30.0,VERY_STEEP
R0523,446.9914397814603,434.74288356306516,485.21623194866606,30.0,VERY_STEEP
R0524,434.21189231357084,394.31106684371065,467.30556132142567,30.0,VERY_STEEP
R0525,433.8328704711138,389.79876017822994,479.4222838624361,30.0,VERY_STEEP
R0526,396.869315979497,375.42391428116446,434.8815701348493,30.0,VERY_STEEP
R0527,391.4819502337665,355.8640592740364,409.5499487390075,1.88,FLAT
R0528,377.3407071930706,354.77422463959175,404.53052243609727,1.75,FLAT
R0529,355.6375496650927,307.3187070057945,385.39926434252203,1.26,FLAT
R0530,436.47223762550533,425.13529472808517,448.68094269552154,0.51,FLAT
R0531,431.29010091300773,398.09838715968954,479.47560144741,30.0,VERY_STEEP
R0532,449.97176732861305,433.31162544663243,465.1148577604882,30.0,VERY_STEEP
R0533,449.66368370739053,411.1748755003042,487.5621343964596,26.69,VERY_STEEP
R0534,405.54317056026275,388.5075592235163,435.79241200389794,2.27,GENTLE
R0535,426.89874151805105,407.48341104211676,437.92403151342796,30.0,VERY_STEEP
R0536,444.4765729882428,414.7017405464125,491.4664720228173,18.87,VERY_STEEP
R0537,434.96473906774116,388.37134106786607,479.0382114204985,30.0,VERY_STEEP
R0538,374.73481017431976,356.26623528840094,405.7051272904732,18.96,VERY_STEEP
R0539,395.05441353100935,379.2848126862852,414.21210697658717,30.0,VERY_STEEP
R0540,362.9159415151495,322.55686824098825,377.7808571423532,3.16,GENTLE
R0541,445.4051027258722,415.38032143251496,469.94080190315725,0.92,FLAT
R0542,410.617463445088,364.14605894981713,430.8345946869316,7.17,MODERATE
R0543,372.8642805503463,356.9996982639526,403.13192859059825,16.29,VERY_STEEP
R0544,417.1700684405857,381.3329527196641,465.82644028552284,30.0,VERY_STEEP
R0545,411.81282404578957,392.49765819971697,444.8109637749752,30.0,VERY_STEEP
R0546,385.81627180328405,369.54585465721846,431.41351403888797,30.0,VERY_STEEP
R0547,361.3557592199629,324.0185826136721,397.390912719794,2.05,GENTLE
R0548,417.15731955928,383.4099347629307,446.167180622768,30.0,VERY_STEEP
R0549,402.03077009037935,361.8376717558861,446.2150725997142,30.0,VERY_STEEP
R0550,427.2318391735639,404.8533361157166,456.0865635804838,30.0,VERY_STEEP
R0551,402.01635011119936,374.0974838559118,446.7614769316138,30.0,VERY_STEEP
R0552,435.218150031854,408.99928297863727,456.8812208148846,30.0,VERY_STEEP
R0553,405.1906838774486,355.827105318788,420.3432068279681,5.52,MODERATE
R0554,406.0937971535386,384.4038388839631,450.30637572805614,2.06,GENTLE
R0555,437.6653602658345,415.87267073196386,471.1619668175412,30.0,VERY_STEEP
R0556,390.3482866212397,366.1663582680954,435.9119825511981,30.0,VERY_STEEP
R0557,363.40152284506405,330.81775959345117,410.9146111247594,30.0,VERY_STEEP
R0558,352.87826763133387,332.7853578607841,365.02340324619183,30.0,VERY_STEEP
R0559,425.5137255673619,378.90212795219094,455.5524976417166,30.0,VERY_STEEP
R0560,412.03095513534646,391.4035325406959,437.02953709832764,30.0,VERY_STEEP
R0561,420.40797680992233,374.5753475475145,455.442312692727,30.0,VERY_STEEP
R0562,371.29641615089105,357.15741360502767,413.040064038984,8.17,MODERATE
R0563,363.637147558677,327.3746394626909,384.86075619765177,1.42,FLAT
R0564,351.4544665667882,305.17504582925847,383.72640194171504,1.83,FLAT
R0565,385.0587558806597,368.3087783447305,423.4078990768557,10.58,STEEP
R0566,408.9917686854633,360.2586902814931,424.36901199889263,7.38,MODERATE
R0567,389.2244045099732,361.1090700933528,431.78708074802387,26.17,VERY_STEEP
R0568,393.7474922023729,345.9188878647319,427.99187619649183,8.95,MODERATE
R0569,440.41586944937484,403.34306770417294,488.3973669339209,30.0,VERY_STEEP
R0570,384.82554670233003,362.76207190738796,408.40670346755775,30.0,VERY_STEEP
R0571,401.39894891598107,383.8668479192968,415.724786609469,0.14,FLAT
R0572,428.3653012741143,406.2158994251103,458.62534931559134,30.0,VERY_STEEP
R0573,389.654278232127,375.93358186162004,403.08670910050455,0.4,FLAT
R0574,412.2086700227874,396.4539513690542,460.98973095574763,3.37,GENTLE
R0575,436.23637087467455,422.0499532608153,447.7837692049622,0.84,FLAT
R0576,444.9520623657642,418.0343206161019,485.09221841005655,2.23,GENTLE
R0577,364.70734809290377,322.8842130426003,395.7114440185935,12.1,STEEP
R0578,442.6587625161494,427.0034203474958,467.403588616081,2.32,GENTLE
R0579,399.21162930795384,383.9988119810604,411.84531588830004,0.62,FLAT
R0580,375.8244388298958,340.0872808492026,410.71111579684015,3.89,GENTLE
R0581,395.91357562382615,378.0262563451035,429.32238879946436,30.0,VERY_STEEP
R0582,448.0032575285477,434.098856004188,469.2385884512517,0.37,FLAT
R0583,399.26180939928696,382.58786627106383,445.67067745569943,0.54,FLAT
R0584,382.8751610287508,335.9259051936798,405.0395613224643,0.76,FLAT
R0585,413.3400854316726,370.481235320625,441.32910185535684,30.0,VERY_STEEP
R0586,374.0145618778193,349.8519793836155,405.76506011456553,30.0,VERY_STEEP
R0587,357.5863328108664,321.3535021177707,371.59560793791786,30.0,VERY_STEEP
R0588,362.88797219106493,331.3969452443434,410.17444095961025,30.0,VERY_STEEP
R0589,362.8045838957772,325.71961335647467,387.7860299938189,2.96,GENTLE
R0590,365.1902693512294,327.883423252719,378.42143790620315,1.05,FLAT
R0591,363.882717264941,328.73335666254127,389.3743642119542,1.16,FLAT
R0592,414.0874744803215,393.4434197388291,448.0955763640247,1.04,FLAT
R0593,368.1880084399145,356.62775160940174,398.73411531276764,1.4,FLAT
R0594,384.56672833238633,356.344057052782,422.3484072938773,30.0,VERY_STEEP
R0595,439.6788409906012,394.0398856029731,451.8981986733176,1.4,FLAT
R0596,397.39616402628724,364.61627368554423,418.7777884371695,6.01,MODERATE
R0597,416.7557738521027,373.4601321840264,459.52499692570683,2.09,GENTLE
R0598,367.231987120163,317.5670134017139,380.42773463181743,30.0,VERY_STEEP
R0599,369.22890188086706,352.684253715336,413.44834006870536,30.0,VERY_STEEP
R0600,354.0868616266479,316.4157560609686,367.7627053097321,2.36,GENTLE
R0601,366.89350630721646,329.92176335921545,410.2716749028843,4.38,GENTLE
R0602,377.85903390319584,328.6608160088647,402.29056994634493,16.52,VERY_STEEP
R0603,367.70104842767466,318.27701906956264,402.1894109579633,2.55,GENTLE
R0604,358.87025337570554,321.4031089067404,374.98573800162546,30.0,VERY_STEEP
R0605,362.0635871100601,342.3189954307723,374.71033597906734,0.83,FLAT
R0606,396.0778768032726,354.13564327804863,414.715404964078,30.0,VERY_STEEP
R0607,370.63337184057923,356.3522064721377,385.74752455692703,17.42,VERY_STEEP
R0608,386.42698610480755,345.1990139379424,408.92322201199283,0.89,FLAT
R0609,400.3417270854857,353.93388211969784,430.9170569459265,1.59,FLAT
R0610,419.03948286293655,393.7261470721991,452.5898614055369,10.49,STEEP
R0611,353.9312139841099,318.70580218478665,395.5259382792996,20.53,VERY_STEEP
R0612,429.9410398909043,402.73533060703124,466.19063562083863,6.23,MODERATE
R0613,412.7900389490908,385.27943674956566,447.1403719542729,5.75,MODERATE
R0614,358.1759031948872,335.7610676305624,384.6471842943182,2.01,GENTLE
R0615,437.35786241067774,396.8726775926648,466.3101998090833,30.0,VERY_STEEP
R0616,442.0872400531813,394.6401774865211,468.66807322878856,14.71,STEEP
R0617,356.1077959854864,308.47776161610795,399.79443718794175,4.56,GENTLE
R0618,377.68776481472037,360.69651341972303,396.88778291665636,1.0,FLAT
R0619,430.6201279793061,385.6303819930435,440.8489652409847,4.21,GENTLE
R0620,424.8259690383658,385.3287113812809,460.8787649274154,30.0,VERY_STEEP
R0621,368.45210193563776,348.3386059080262,386.55058928119104,4.36,GENTLE
R0622,370.93493233367104,358.24354781681046,416.5395377860634,15.63,VERY_STEEP
R0623,387.0472102791382,366.3273196037631,431.40906346740445,3.43,GENTLE
R0624,398.45229851910216,351.96396904784115,411.5213933962304,30.0,VERY_STEEP
R0625,411.8254771530296,376.4983301571987,426.0810133695927,30.0,VERY_STEEP
R0626,386.8913639569772,348.04917752106235,416.69822764684386,1.64,FLAT
R0627,396.2534716133148,375.96737756895095,430.622378124089,3.56,GENTLE
R0628,424.74709381337567,385.97156759038285,445.7434273126653,30.0,VERY_STEEP
R0629,353.6683202890598,342.54346003794285,392.34022895703464,30.0,VERY_STEEP
R0630,375.2436944344021,350.2308406034815,409.04033527115695,30.0,VERY_STEEP
R0631,421.33495858845527,386.264824646762,444.32792297839745,2.69,GENTLE
R0632,439.52068376871995,423.67682114706713,450.5355432904126,1.1,FLAT
R0633,401.1677442115666,358.24760123368924,441.17375546350735,30.0,VERY_STEEP
R0634,403.21134852653154,383.8100965740548,421.80149515953485,2.01,GENTLE
R0635,360.7172011339776,324.62595662123977,404.0961508724827,30.0,VERY_STEEP
R0636,394.74123668234546,368.5333509793323,421.5528470845157,3.67,GENTLE
R0637,403.26172664550234,369.41998282639645,436.34482435077297,30.0,VERY_STEEP
R0638,374.24705036347297,359.9490282583166,419.164999579833,30.0,VERY_STEEP
R0639,376.9243230949381,366.2478110980738,421.4692431317362,30.0,VERY_STEEP
R0640,387.72841631046225,341.3458392152502,412.5891993202052,2.56,GENTLE
R0641,352.00711977777263,331.2219194270853,370.36267548636636,3.35,GENTLE
R0642,382.20791655831783,339.4208364470995,423.2137596674616,15.46,VERY_STEEP
R0643,371.14480069965447,321.17078868076646,398.4680088437397,11.25,STEEP
R0644,382.74973521779145,364.292484897835,400.43141496015164,24.52,VERY_STEEP
R0645,361.9762131819251,341.3693835345909,408.1532268746111,30.0,VERY_STEEP
R0646,439.0527280739895,402.53833656860286,456.976895843633,30.0,VERY_STEEP
R0647,409.3592453554049,360.74129997138004,420.39153208305413,30.0,VERY_STEEP
R0648,417.91023191444896,371.2776579868192,428.72143086514575,26.57,VERY_STEEP
R0649,428.91712386073385,398.80210305811045,463.8097381189044,1.16,FLAT
R0650,399.84421989290576,358.0398085918368,436.311222321607,30.0,VERY_STEEP
R0651,358.69202880874235,343.2621946847463,381.1336970110217,30.0,VERY_STEEP
R0652,403.71065418185475,354.61312681369424,426.5110937517373,2.93,GENTLE
R0653,408.6841118020879,360.1099824406484,432.2638684044856,17.4,VERY_STEEP
R0654,424.543947418433,407.99478910326616,461.75028928878817,1.24,FLAT
R0655,393.16595462296794,371.18902963084366,405.4913062640411,30.0,VERY_STEEP
R0656,362.75803027955635,348.75183037928565,409.92268438720936,0.87,FLAT
R0657,378.37759057987245,357.5088866239453,397.2784323469703,9.01,MODERATE
R0658,386.3082296398635,343.6699980632552,436.2951578495472,30.0,VERY_STEEP
R0659,414.59172413316014,389.45909984654975,431.45263188464764,4.82,GENTLE
R0660,407.0778304668912,393.5419517810209,447.9396887593863,5.52,MODERATE
R0661,385.6096725897846,361.9206515986284,404.5461743869696,3.38,GENTLE
R0662,448.651524879298,399.39619150964677,461.88539694502816,4.64,GENTLE
R0663,410.5774819356887,375.39013812532056,455.57481490971463,0.34,FLAT
R0664,373.72267917359943,347.07624131735315,418.0727295412351,0.3,FLAT
R0665,360.1782472620404,343.5167067221496,386.32106296002445,0.19,FLAT
R0666,365.2859139184332,315.83884202708543,403.3817596200503,0.39,FLAT
R0667,374.5957728384508,331.76181246792567,406.8784101458075,0.34,FLAT
R0668,366.06813732595555,344.8090452279188,410.1863818729055,0.39,FLAT
R0669,368.6567024051306,355.853954576283,391.25894117787675,1.19,FLAT
R0670,378.5095168693847,366.2444945742824,409.4564128693441,1.26,FLAT
R0671,367.33735952947546,352.5222335492541,396.7522543776575,5.38,MODERATE
R0672,439.6765424626425,406.4457991180656,463.83277551291684,1.15,FLAT
R0673,358.0233745661642,310.8728377179445,403.6815771484191,1.35,FLAT
R0674,402.4511389570255,372.5814018367861,419.0862559435269,0.78,FLAT
R0675,391.03968269896615,347.32186340071826,407.020028279794,30.0,VERY_STEEP
R0676,448.23786169086065,420.40239689646836,481.3142431037707,16.59,VERY_STEEP
R0677,361.20389021680523,322.8605483860922,397.50365941620294,0.4,FLAT
R0678,389.78555990457414,350.5106504131141,407.5703300775568,30.0,VERY_STEEP
R0679,446.9470433275369,429.98849509140337,472.57574101772184,0.22,FLAT
R0680,436.550712589398,412.10207023036554,484.41326630854775,30.0,VERY_STEEP
R0681,431.707207094928,396.215120833407,451.57190400255496,30.0,VERY_STEEP
R0682,375.79028270449396,362.9624183771193,412.5247107891897,30.0,VERY_STEEP
R0683,367.0887587390066,342.62715122848834,406.69473448691025,30.0,VERY_STEEP
R0684,416.8643219924431,385.47234334119537,444.78946997104947,30.0,VERY_STEEP
R0685,442.9375989127586,393.088619190973,490.4386383831419,1.08,FLAT
R0686,405.67628930139296,376.69494679649534,445.14255871014456,0.76,FLAT
R0687,407.16126894699,364.51899866241706,435.4782521414259,3.21,GENTLE
R0688,377.9979093660284,350.71521796336367,410.7713174370722,0.69,FLAT
R0689,426.9492933191937,385.09366441440534,464.65383105619776,2.5,GENTLE
R0690,368.70437485575235,334.887782790948,402.3919820729211,2.12,GENTLE
R0691,382.36792364042435,336.90410598032844,427.5158269934674,30.0,VERY_STEEP
R0692,392.54364386164167,366.10594176763726,416.81919035285773,1.66,FLAT
R0693,400.7610378684455,366.58886107558635,422.7564674706777,16.55,VERY_STEEP
R0694,374.240973241508,339.0402260167549,392.7945288213186,9.88,MODERATE
R0695,361.48368247392034,334.7883648019014,372.9950011965041,1.96,FLAT
R0696,411.06200424416323,395.28952249666395,422.78256281936547,30.0,VERY_STEEP
R0697,378.8630553240256,365.1206790475322,423.6652630483969,1.44,FLAT
R0698,408.12382214226125,397.4569601182759,445.2595479984975,7.21,MODERATE
R0699,365.4362715274202,320.49490095761166,401.8575681448797,30.0,VERY_STEEP
R0700,398.11401018548173,378.655013695934,432.6997229428772,0.98,FLAT
R0701,403.2589432551586,384.79867328388787,447.2277090429228,30.0,VERY_STEEP
R0702,355.1823536822427,315.7409376652001,384.3930307088678,30.0,VERY_STEEP
R0703,383.66042781939205,360.85978329589636,428.47686096172407,5.13,MODERATE
R0704,363.44146769389744,333.19967999742397,387.819268741187,30.0,VERY_STEEP
R0705,356.33749704727677,339.8370544353785,403.4057972208404,30.0,VERY_STEEP
R0706,448.99602323899455,400.6061943805158,486.94230244224417,30.0,VERY_STEEP
R0707,382.2353844974723,338.1721284967828,402.5224699384494,1.42,FLAT
R0708,430.9874445854635,386.4358596668634,463.5508414530085,8.0,MODERATE
R0709,375.4640654763764,349.1931155334962,406.78528793590664,2.08,GENTLE
R0710,418.1502722223929,377.655823674106,433.6662250916063,6.79,MODERATE
R0711,426.0227859889687,410.26773977337746,459.67250221899326,21.14,VERY_STEEP
R0712,409.5638740607844,399.2191139571132,432.15529900946274,5.2,MODERATE
R0713,397.1576188550158,386.3587015518947,409.2515695273999,7.46,MODERATE
R0714,391.1840914147269,357.7200219185445,439.13033772298945,18.52,VERY_STEEP
R0715,384.8868266542995,356.67103044438187,420.546441416871,1.6,FLAT
R0716,442.9529144247826,412.2323004684418,488.0296716996165,0.85,FLAT
R0717,433.0619407787729,422.76341516208413,470.104180979303,30.0,VERY_STEEP
R0718,446.50269106665127,419.59522628035427,470.7820387522558,26.0,VERY_STEEP
R0719,362.4297223485545,323.70699590052004,392.93724524170693,29.82,VERY_STEEP
R0720,423.08674752036444,395.378999441667,460.1166179342515,30.0,VERY_STEEP
R0721,443.8340456821038,404.5452774296149,492.2441386901613,1.17,FLAT
R0722,368.123306616566,348.8025480406926,388.2700849814339,5.63,MODERATE
R0723,356.64962673667776,314.1239465574088,401.64870908164244,1.08,FLAT
R0724,424.1120649290059,390.5748153108678,471.07517714077665,1.31,FLAT
R0725,407.4473113179912,389.01678734079496,444.2639319043495,0.28,FLAT
R0726,434.1828776758272,414.7140586416739,481.43354277188075,0.59,FLAT
R0727,363.97723766262897,328.8560190798475,389.89238116172373,28.78,VERY_STEEP
R0728,429.52673118598904,386.32914745749133,477.64737822760674,0.82,FLAT
R0729,370.16273200477445,343.53762072360826,408.2740470914134,0.18,FLAT
R0730,366.36559428657046,346.03357712146675,378.0458249833229,4.13,GENTLE
R0731,366.4265797930993,321.7461155166753,412.70149306586137,10.92,STEEP
R0732,431.4574720231382,394.6867403531048,460.83638438446593,2.15,GENTLE
R0733,416.51972206962,388.59630257829696,444.93280146073334,7.33,MODERATE
R0734,402.30654247691194,372.79053466573987,434.9652067160973,30.0,VERY_STEEP
R0735,385.88304841235026,367.7127896948944,401.85843028319937,0.65,FLAT
R0736,437.7200540813108,402.64794887871705,466.4866960240068,9.65,MODERATE
R0737,389.2445107422635,364.89481032054795,432.48959941097337,9.7,MODERATE
R0738,431.6599439471577,381.83413688018373,442.27924231265837,22.41,VERY_STEEP
R0739,393.9134908570218,364.7061502465463,414.8301772699967,10.95,STEEP
R0740,387.69444294249075,358.2590186949062,397.7926264002445,1.05,FLAT
R0741,396.26797856696066,363.6339070705338,422.8964309329546,0.65,FLAT
R0742,380.1377874164142,333.46754729166435,419.2704078361636,0.93,FLAT
R0743,424.7609380176251,382.72821402323507,466.7118111822102,2.23,GENTLE
R0744,400.2720390092479,372.22683621733427,448.0796294543282,30.0,VERY_STEEP
R0745,373.22126951468175,334.4732988757699,407.5614540335132,5.31,MODERATE
R0746,439.95745732745684,406.50803737622635,460.1425319935727,2.54,GENTLE
R0747,388.3891221373211,358.6944401892712,435.3550401027891,30.0,VERY_STEEP
R0748,404.35528611139887,386.66265520002486,445.3679162666139,13.81,STEEP
R0749,440.6472110964547,412.08976055825906,473.6243504165805,30.0,VERY_STEEP
R0750,412.4237995913992,392.5910561104962,450.2494082201566,5.2,MODERATE
R0751,361.68980407083643,315.09611807677027,408.6624582711336,1.29,FLAT
R0752,443.9832123613475,420.56693982149363,482.4789735002644,5.66,MODERATE
R0753,412.7708053071418,364.6802447258069,437.5057856105312,4.12,GENTLE
R0754,383.4905614657086,352.16834986192015,422.01168955727246,3.95,GENTLE
R0755,363.9272072663387,328.6654321192923,375.5383337757542,30.0,VERY_STEEP
R0756,429.4025189270296,397.68490114745646,454.85914140025284,30.0,VERY_STEEP
R0757,412.00727559285133,396.8320509141833,438.2601968666745,30.0,VERY_STEEP
R0758,403.34610919763213,378.3132604373145,420.0196385744655,30.0,VERY_STEEP
R0759,439.3892583050958,425.4234138139908,450.3126775271666,10.52,STEEP
R0760,428.8597211224531,393.9415593551178,444.1949705879628,30.0,VERY_STEEP
R0761,365.1674879732751,337.29252016525754,401.3523478051573,30.0,VERY_STEEP
R0762,381.1722067795548,340.05280791671737,423.2637594341023,30.0,VERY_STEEP
R0763,374.8489139814466,356.03009474147177,424.37705369052554,30.0,VERY_STEEP
R0764,424.3946292572677,407.8119869200943,448.2491693816075,20.69,VERY_STEEP
R0765,353.35324347357795,327.0999542350272,387.32841236402203,25.4,VERY_STEEP
R0766,406.9889684871317,359.92555315839644,454.47476715973653,30.0,VERY_STEEP
R0767,426.24586857406905,387.8289959735726,442.9275398275952,28.24,VERY_STEEP
R0768,437.67656367617496,410.9196186844582,476.38238712988465,1.82,FLAT
R0769,384.20817487159076,353.5172880814183,424.4073241975573,1.97,FLAT
R0770,432.12573046720127,418.7572100201173,445.6847519019748,0.28,FLAT
R0771,361.06317369552073,311.6801378404762,405.51314910284333,30.0,VERY_STEEP
R0772,434.6452291734518,397.9889369856551,477.16943105788556,30.0,VERY_STEEP
R0773,362.7488662331982,341.3327034946613,374.0849864962956,26.76,VERY_STEEP
R0774,389.72872905603674,356.29639328742695,403.3721056512388,19.99,VERY_STEEP
R0775,429.72953657795534,415.3502419351956,441.69461233362944,30.0,VERY_STEEP
R0776,364.9917427348774,316.35827598257407,388.3814840068519,1.22,FLAT
R0777,372.92513952326414,355.9337400079295,403.29669915046117,0.3,FLAT
R0778,422.2252568393066,386.30404411709804,453.51916595749174,0.43,FLAT
R0779,422.00365365460743,402.1854751530502,442.71032404538516,0.26,FLAT
R0780,414.11476328852973,375.4123079825883,460.5786387509407,0.56,FLAT
R0781,419.39484444671,378.3219897570988,444.12535604158654,0.16,FLAT
R0782,404.2724443347596,367.3356551783023,416.0944505733737,0.12,FLAT
R0783,375.1799058906953,340.5999274804876,397.18899035235074,0.39,FLAT
R0784,384.56959935039197,338.8708355923115,415.81397625215817,0.95,FLAT
R0785,368.15977168014257,355.01470324055225,394.4886445836718,0.47,FLAT
R0786,440.84505613336285,417.608465502155,461.7987568973332,0.21,FLAT
R0787,408.33917947661206,388.4076802913782,423.59210946718474,0.87,FLAT
R0788,390.085141676364,340.5645831937471,432.8517216802132,4.75,GENTLE
R0789,396.20058036441327,370.6249891777383,446.04639004938093,0.29,FLAT
R0790,444.72833396118153,405.4238259915656,467.9100193021368,30.0,VERY_STEEP
R0791,365.33514031160803,327.94613375636783,390.59998207867216,30.0,VERY_STEEP
R0792,408.62298320167974,390.13973370258464,443.34448418875803,0.76,FLAT
R0793,400.5888678884466,381.02896067998455,439.3265268778683,0.81,FLAT
R0794,411.1454235434648,389.89404100134345,436.82660493560843,6.61,MODERATE
R0795,351.81101838208406,325.3659272517089,398.00819906135666,0.5,FLAT
R0796,437.21239089441514,417.8393882683941,469.6125504635719,0.36,FLAT
R0797,443.21182824836126,432.42576893848735,471.2274313045985,0.33,FLAT
R0798,406.5133183589209,361.3375960866331,442.3802284853171,0.69,FLAT
R0799,419.6650823876892,371.04068913245385,467.77723631765616,30.0,VERY_STEEP
R0800,442.2499381177296,418.58712263646686,484.0320298945978,30.0,VERY_STEEP
R0801,420.72386343133985,397.18358825432097,432.3243886527448,4.68,GENTLE
R0802,365.2539042914261,354.9702317804513,388.5463007210245,4.68,GENTLE
R0803,407.6288360166813,370.41880848346636,436.4506234147302,30.0,VERY_STEEP
R0804,410.67150463828557,367.6539088083404,433.2522075266498,30.0,VERY_STEEP
R0805,392.4130671302386,376.54873511583844,430.42056956345687,30.0,VERY_STEEP
R0806,423.6444235624723,407.25776958778624,466.69518955697555,30.0,VERY_STEEP
R0807,443.4367014769015,401.83337147804394,482.69050528431234,30.0,VERY_STEEP
R0808,442.5568512906776,407.90522135651184,492.13018276380865,1.81,FLAT
R0809,395.0839371404132,383.2895148353045,415.98584305613434,6.35,MODERATE
R0810,361.3238045840755,326.42192496558425,406.32338438505235,30.0,VERY_STEEP
R0811,448.48411989623344,426.1274109824828,489.1490265032129,0.76,FLAT
R0812,433.8898086445934,409.1408024257596,458.3769589469193,9.56,MODERATE
R0813,362.4662681203267,321.6770113884515,401.8312498666054,1.08,FLAT
R0814,442.0841882617372,399.6467805548328,456.2472265184671,0.76,FLAT
R0815,436.9896362062128,410.9753711326196,478.5629754998349,0.36,FLAT
R0816,401.8838057126072,353.99768827235306,433.17702981609136,22.11,VERY_STEEP
R0817,409.1275435744929,382.86903485641,430.81915048286305,4.11,GENTLE
R0818,389.90027038701305,349.02682897780863,426.13136245838024,30.0,VERY_STEEP
R0819,355.47616388220314,326.12107329963277,391.14096383077947,8.74,MODERATE
R0820,383.5197241645901,337.61843110370677,401.89917307337413,4.23,GENTLE
R0821,430.28534485980117,383.97489511379405,441.5012414522622,24.57,VERY_STEEP
R0822,350.4632023004603,336.96652998561694,377.80810577652727,4.01,GENTLE
R0823,383.3499171691144,335.8901839167054,416.13039194289126,4.72,GENTLE
R0824,389.8168693590943,346.7954756982777,434.88108049391826,9.39,MODERATE
R0825,403.7395602937923,362.08713172128563,450.8682321196961,5.7,MODERATE
R0826,441.98556164127604,423.9491080538551,473.1377703675467,15.63,VERY_STEEP
R0827,384.63459943659615,342.42983108640954,424.7867387873379,28.98,VERY_STEEP
R0828,384.69532018962275,340.69001080222125,412.26745108274264,29.6,VERY_STEEP
R0829,423.75012481097485,402.18411143280883,463.5934110738906,15.73,VERY_STEEP
R0830,395.2217940889807,347.13139095448776,413.41385508654736,29.79,VERY_STEEP
R0831,372.4604822939982,360.4660764380316,397.30307168613945,4.66,GENTLE
R0832,395.24395161326936,379.2475814833838,430.6130715658139,3.15,GENTLE
R0833,364.08570203798,332.58245651591943,374.8120206622632,2.63,GENTLE
R0834,367.63869865062236,334.60699980572997,406.53715106418053,6.3,MODERATE
R0835,399.836777273948,364.03077394191183,443.25819732467465,14.06,STEEP
R0836,391.8925449504548,381.2137797778361,417.85821139421284,4.05,GENTLE
R0837,441.48459010681,393.0699191219248,469.40228679389656,30.0,VERY_STEEP
R0838,386.2393899116633,374.45586620229756,430.2906784003245,12.51,STEEP
R0839,408.0588350278043,392.3363569188682,449.08502044084565,3.6,GENTLE
R0840,413.226428791953,402.66584809091074,434.75240835328805,8.02,MODERATE
R0841,351.30944565883334,318.63510832706953,374.2684899212949,0.92,FLAT
R0842,416.35373720167104,369.06306184483213,453.5088664972949,30.0,VERY_STEEP
R0843,367.80359668697514,331.1657100437566,400.3315203849016,1.68,FLAT
R0844,446.1070317469455,403.2007330077284,462.5962145908054,0.92,FLAT
R0845,364.8662727753113,354.3350246369681,387.26346914447794,0.27,FLAT
R0846,391.4624123727024,359.78180043351335,437.46174344784856,30.0,VERY_STEEP
R0847,358.5349668078644,330.15244770764355,396.06194427675496,30.0,VERY_STEEP
R0848,449.68742518459476,419.72870741576304,499.1263978920155,0.7,FLAT
R0849,400.21950103312423,387.3309736197167,440.900002232355,6.95,MODERATE
R0850,409.53850173200436,372.16108728923206,457.21747901774796,8.04,MODERATE
R0851,356.70764773884275,326.57883114449737,375.35519069366177,27.36,VERY_STEEP
R0852,424.99604703991776,384.3900930454672,465.8554420325948,1.73,FLAT
R0853,370.9905593095586,341.57893394709,381.7992601154705,23.94,VERY_STEEP
R0854,439.80542894407137,423.83016349501406,476.63582981253273,2.3,GENTLE
R0855,370.5139640482007,334.58368588508785,399.28525517301034,30.0,VERY_STEEP
R0856,369.06877206636665,352.17331758216,392.9391749431694,16.08,VERY_STEEP
R0857,353.6549667848095,308.7591842506169,398.1511408765331,30.0,VERY_STEEP
R0858,397.2066945109999,362.68204494823027,441.37740221730115,22.88,VERY_STEEP
R0859,406.48411332626165,390.1959579839835,417.3761815222074,4.39,GENTLE
R0860,356.5708639428352,308.0773416435869,390.95106884081247,30.0,VERY_STEEP
R0861,427.5527616695011,396.8181431360883,452.26605064233934,0.78,FLAT
R0862,395.32888347480275,382.4129453999366,421.9553235348207,1.67,FLAT
R0863,402.439026932758,367.3657107561553,445.72065650150904,2.31,GENTLE
R0864,394.0762746938228,373.9483184133104,416.46986555493,1.25,FLAT
R0865,390.0763060875326,347.9285680124405,437.7982585130374,2.08,GENTLE
R0866,405.9640331308218,363.25115018817417,423.14938618570744,2.59,GENTLE
R0867,365.52402459307126,316.3661303588848,402.03292152779835,1.48,FLAT
R0868,368.1928130495271,338.11803180854696,405.0770157300777,30.0,VERY_STEEP
R0869,436.17856210135176,407.98028691224226,456.26636855846846,1.5,FLAT
R0870,444.6115462133633,404.47252199550405,467.60157057205134,1.88,FLAT
R0871,387.3309316279753,372.0321053742982,430.72287133117294,0.66,FLAT
R0872,377.0744673143554,345.19784676263043,417.5466775125535,23.16,VERY_STEEP
R0873,414.39995432390157,382.55005031866756,437.5637895364919,1.51,FLAT
R0874,390.8734171098096,377.2944921973941,422.231678987207,1.15,FLAT
R0875,352.5386355660345,325.81927214575796,365.0058474161583,6.31,MODERATE
R0876,365.615259736619,321.4838677939309,383.9650950325642,1.9,FLAT
R0877,421.5972228847398,377.35107800495337,451.03004523915575,2.94,GENTLE
R0878,415.8923941910151,401.92288759422786,429.33134360218355,0.77,FLAT
R0879,352.70959925034833,339.0807639404351,396.44289344602583,30.0,VERY_STEEP
R0880,372.19721619329493,351.6893971132175,410.9174645976008,30.0,VERY_STEEP
R0881,373.10747965880716,328.1168371566474,420.85282648474697,30.0,VERY_STEEP
R0882,417.18927435987285,402.0331709569329,454.92795059843394,30.0,VERY_STEEP
R0883,351.9710537754364,313.17118167033857,399.58710866592384,30.0,VERY_STEEP
R0884,360.4108581984574,346.3642334139333,392.591360426096,30.0,VERY_STEEP
R0885,429.99160853731894,395.06609438740594,464.0003529797977,30.0,VERY_STEEP
R0886,367.85446620543337,343.61177424066756,416.93330839048383,30.0,VERY_STEEP
R0887,415.27461078518746,373.7180522665528,450.9597766597579,30.0,VERY_STEEP
R0888,373.81827810467263,354.4706601516581,385.0497408591025,30.0,VERY_STEEP
R0889,359.9441392759345,324.3760661003361,398.89625034115545,30.0,VERY_STEEP
R0890,374.3172190999454,354.88991771691,420.53596678544204,30.0,VERY_STEEP
R0891,422.2266931855659,383.6802818610798,464.049903177339,0.41,FLAT
R0892,435.56964681062857,390.6225254281986,468.92297771564546,1.87,FLAT
R0893,433.02198645669915,417.94991449162876,469.8741269804398,3.84,GENTLE
R0894,389.7183529618455,345.0545254180253,439.32602453191237,1.76,FLAT
R0895,416.8085136570646,383.0655034804927,430.4349971974382,0.76,FLAT
R0896,370.4984295415821,355.41400990690113,407.1882226869117,2.14,GENTLE
R0897,379.3147730261013,352.2130988117128,400.6506808089251,0.85,FLAT
R0898,439.633581852112,423.1991701127081,475.2371977155588,0.75,FLAT
R0899,351.30019235107363,313.28627679641085,385.6051353864312,30.0,VERY_STEEP
R0900,358.5508530854468,318.19612770872885,374.6891263697733,30.0,VERY_STEEP
R0901,370.78862551460276,356.5567647036908,389.0584913442123,0.55,FLAT
R0902,352.65322038738196,322.4076262795962,387.5184035091105,5.9,MODERATE
R0903,368.14354350897975,325.55854126794304,383.2727414011307,1.34,FLAT
R0904,408.3041560969692,360.85763443492937,428.91139110218217,0.53,FLAT
R0905,392.1424550592498,361.601740389579,435.5522769687699,9.33,MODERATE
R0906,439.2671711076975,391.2560021632412,462.35083134776306,7.27,MODERATE
R0907,431.7443561738441,400.3167973556029,461.2667624246306,30.0,VERY_STEEP
R0908,384.1817351697876,358.41411538579126,431.8273485756212,30.0,VERY_STEEP
R0909,375.94234334312927,332.0142182010135,395.0283068966071,30.0,VERY_STEEP
R0910,387.9692408167267,358.24993239840313,413.5542815110471,0.49,FLAT
R0911,409.0294942514808,380.1533938288999,443.2878052732226,0.77,FLAT
R0912,376.80636408228764,347.1938645058945,417.01992126244653,0.53,FLAT
R0913,412.4148907849134,368.5434907101236,458.4810262534216,0.85,FLAT
R0914,390.94116521912406,347.663503551602,437.5600847220647,6.94,MODERATE
R0915,405.204718085198,379.0639183875896,446.2703210601029,0.48,FLAT
R0916,393.6126529135317,370.2806585187107,412.7458863772641,8.73,MODERATE
R0917,379.44657595419176,349.7694549926266,390.43894915589436,0.49,FLAT
R0918,444.8453306962157,411.9344303067313,470.1962879104406,15.95,VERY_STEEP
R0919,426.3605794159761,406.8270909908562,442.022533455489,0.38,FLAT
R0920,364.01131757664524,322.25311418802164,402.4268234741772,0.97,FLAT
R0921,436.84679758979127,407.38748696049436,473.2920210628199,30.0,VERY_STEEP
R0922,398.74311982495135,375.381297888153,410.50198548980956,1.58,FLAT
R0923,439.45522268940914,425.1823829708495,482.91897385464716,1.97,FLAT
R0924,429.98552559473154,410.4317191785873,449.93525624637886,0.55,FLAT
R0925,392.52135044692335,344.550103576684,419.81043346656503,0.41,FLAT
R0926,352.24693083201174,330.04294335923066,388.9642802502414,30.0,VERY_STEEP
R0927,376.8677359384946,360.11336436381316,404.0444874125847,0.6,FLAT
R0928,404.1634214660867,375.73650979988696,431.81493357808444,5.24,MODERATE
R0929,413.34782198261473,391.06431224820477,425.9729417960443,6.74,MODERATE
R0930,375.7887685433202,364.38239853247245,401.8465105137204,30.0,VERY_STEEP
R0931,363.9356074072824,341.0097987161057,404.52952313608176,30.0,VERY_STEEP
R0932,433.49302367992993,401.7286787223512,480.10007716739386,30.0,VERY_STEEP
R0933,448.44021807035523,416.3717231895566,474.9801035528901,30.0,VERY_STEEP
R0934,402.56901823026857,378.30666138319305,429.51245130543174,30.0,VERY_STEEP
R0935,367.16792858483035,339.2758183347263,405.27301283777643,1.3,FLAT
R0936,377.2307326519369,328.6100159225462,424.94161269614796,1.9,FLAT
R0937,351.83906765474666,326.7451285655342,372.52150526432104,4.92,GENTLE
R0938,441.42988065604993,421.1008081256506,469.0356489175674,26.51,VERY_STEEP
R0939,361.7751082890141,342.0364265263437,403.61403803110613,5.63,MODERATE
R0940,407.65164755142536,379.34106304325996,442.03939032638687,0.64,FLAT
R0941,377.4055220687206,337.02471612004285,391.8289758272788,1.05,FLAT
R0942,405.41780025157937,387.17827288404044,440.52710967407,30.0,VERY_STEEP
R0943,415.14203883518644,376.7701937495557,432.6118902190795,30.0,VERY_STEEP
R0944,432.97418037072015,422.1281874367435,463.3828177338563,30.0,VERY_STEEP
R0945,370.64212717606034,343.8848080567025,401.8062578824779,30.0,VERY_STEEP
R0946,351.09958286584805,310.0649802577366,396.14771735484743,30.0,VERY_STEEP
R0947,363.6885630068807,340.1392447759035,392.18833396737824,0.72,FLAT
R0948,440.00186418481053,407.45238012699457,461.1795610742463,0.65,FLAT
R0949,437.38900775625154,419.18983844321514,456.6276616848928,0.45,FLAT
R0950,409.74131021703084,370.0614945719839,454.7113852844043,1.14,FLAT
R0951,410.05168604336535,397.960521912615,426.8921202200945,0.29,FLAT
R0952,416.50366745462554,372.40196165960555,443.5384098899513,0.71,FLAT
R0953,367.53712786234496,349.60927240547824,385.0240524594228,4.11,GENTLE
R0954,441.441194592496,396.46527332416275,482.373356197071,14.17,STEEP
R0955,391.8770524892073,367.7758828371866,420.8519580881921,2.58,GENTLE
R0956,388.3138528249497,349.4065098459703,412.3596004472222,1.27,FLAT
R0957,401.89177052828376,379.1227586168362,426.33575615334246,11.41,STEEP
R0958,354.6965966775055,308.4601298281196,398.7851649464247,30.0,VERY_STEEP
R0959,366.62833687560794,351.562851854873,398.77929504738546,2.14,GENTLE
R0960,423.803361642637,406.66257007173306,462.5180756878876,30.0,VERY_STEEP
R0961,358.2798667925126,328.55866178616054,404.16140744254,21.77,VERY_STEEP
R0962,410.31521094663884,397.037673385113,456.3848779882645,4.29,GENTLE
R0963,374.53491096813207,356.6957035800616,397.6752731416466,29.37,VERY_STEEP
R0964,388.92956140419767,341.1789061157171,437.02761193005307,2.34,GENTLE
R0965,378.86937367707,329.8097872311545,389.8644089576542,10.29,STEEP
R0966,385.56727164649493,360.51689847327805,410.6406940871416,25.55,VERY_STEEP
R0967,421.9045905184245,374.9731496778671,467.7365448187782,10.57,STEEP
R0968,379.7121715623175,347.9191845353802,400.6976467549968,1.65,FLAT
R0969,406.6404640296897,385.850765394739,427.56372204254245,2.9,GENTLE
R0970,397.60504021990994,359.509091376686,419.70993162318547,2.22,GENTLE
R0971,416.3671165362648,380.0110442732705,450.8596519301417,14.46,STEEP
R0972,443.6829739324758,394.1179611681265,471.21628495705,15.67,VERY_STEEP
R0973,423.25720972102505,402.65531822465374,462.32660317515877,5.21,MODERATE
R0974,371.49403785907566,334.6116577526062,417.2904635616623,2.95,GENTLE
R0975,353.11831350612846,341.0373633049506,390.08628850384287,1.75,FLAT
R0976,376.2264044299825,361.6805628821137,394.4050732378855,0.68,FLAT
R0977,409.50779307002546,399.3510580719817,456.81506916444556,2.42,GENTLE
R0978,355.14258134842504,305.1641541060381,375.7222962823242,2.97,GENTLE
R0979,399.6366247201236,357.54567683422454,415.63239653324996,13.13,STEEP
R0980,409.68428489168895,368.2153643023473,423.2829760461274,30.0,VERY_STEEP
R0981,383.42438908169606,353.0353460701689,415.9597387083427,3.85,GENTLE
R0982,427.0912203745822,405.0885370583646,441.64171887380826,1.85,FLAT
R0983,360.65982531337715,344.60925393487014,376.2108606778824,1.55,FLAT
R0984,357.5137781735809,336.12678861972233,379.51499739740075,1.84,FLAT
R0985,422.81887562036036,397.7800267431948,444.08499600773894,0.93,FLAT
R0986,399.54913162061985,359.29672774140806,433.71871203390555,6.95,MODERATE
R0987,418.8402396427736,387.25376808664754,461.51005082168086,30.0,VERY_STEEP
R0988,393.48273386037465,380.38338879815535,433.93672010849036,30.0,VERY_STEEP
R0989,374.64020332391067,363.9190429655542,395.13958151256975,4.15,GENTLE
R0990,431.91023176742,417.81694458605745,451.7226516868592,5.06,MODERATE
R0991,429.94158789689794,403.5216393490028,478.57324910117666,2.37,GENTLE
R0992,419.46964708544266,372.1419304034819,429.7990967491211,7.35,MODERATE
R0993,377.2145137229963,341.7184144746274,422.4033350454049,5.35,MODERATE
R0994,409.0230666869087,366.95003069188806,427.0122074518049,5.77,MODERATE
R0995,386.0973896940027,357.4424059138207,433.9887626175934,1.18,FLAT
R0996,359.15820733266344,334.69156400486173,382.8504987257642,7.33,MODERATE
R0997,441.7313575462243,427.39534263755934,469.34542850195436,0.99,FLAT
R0998,363.68186309189616,318.644542204448,401.96668764967137,1.15,FLAT
R0999,445.02373538208025,403.69733422096414,478.53049744101065,1.92,FLAT
R1000,394.6005772957956,377.87585339188655,417.3181504840685,1.36,FLAT
R1001,368.51329288386194,338.0228703288115,400.66652951857486,30.0,VERY_STEEP
R1002,404.1900947378358,374.695102420986,443.4183701123512,8.09,MODERATE
R1003,437.29458358764083,402.2909214801797,448.9879814237405,0.83,FLAT
R1004,423.2224886409561,375.3750128813057,433.67046085118426,1.03,FLAT
R1005,430.656114786145,397.46525711564584,458.97879234906065,1.09,FLAT
R1006,415.87833667107174,384.269645999927,431.15180138321233,9.79,MODERATE
R1007,419.22765645178526,407.2147391343987,455.8014281103738,9.62,MODERATE
R1008,434.9195651565319,422.40326611581094,453.48166340562926,2.35,GENTLE
R1009,374.9668008859186,357.47292923284704,402.28084515774543,30.0,VERY_STEEP
R1010,398.942496364314,387.6436654966441,416.8493338392848,4.8,GENTLE
R1011,372.1209441819602,332.3868283591597,404.0602876119252,30.0,VERY_STEEP
R1012,448.7668007996647,409.83358863990617,463.4089391750474,6.63,MODERATE
R1013,444.4059339686613,428.9636845913956,455.3302080801605,0.29,FLAT
R1014,353.9426811368506,310.49952510503937,365.9879466611185,30.0,VERY_STEEP
R1015,420.55751725156887,404.3660758577244,468.7278549121813,4.8,GENTLE
R1016,442.5248317415666,420.47780826167224,458.216280486004,0.65,FLAT
R1017,368.05753451273335,348.0984585462788,406.39666463820674,3.2,GENTLE
R1018,406.79452305526297,381.9022391123411,419.511571224176,0.89,FLAT
R1019,441.5488297588042,421.3622791232057,455.8752438482115,1.44,FLAT
R1020,353.3945978585799,323.83656080104186,383.7496479149533,8.13,MODERATE
R1021,419.74202672468397,393.4457114704966,448.3368639308577,6.83,MODERATE
R1022,379.7349007372551,330.272121106082,427.79811311484985,4.11,GENTLE
R1023,442.439619537653,430.202565532524,490.2330376584825,0.97,FLAT
R1024,447.10582451653676,431.4185694610427,488.29017021823535,1.46,FLAT
R1025,444.42664891134336,432.31361315499925,478.51072211643736,8.44,MODERATE
R1026,397.4214216657464,362.38777386645137,425.6198343614668,17.57,VERY_STEEP
R1027,436.20426509893133,424.0238940023826,460.4514064720682,27.52,VERY_STEEP
R1028,434.454939853507,390.9973503584621,482.33844173252925,30.0,VERY_STEEP
R1029,381.91004732432555,351.4325020970484,416.026399781313,11.01,STEEP
R1030,432.89154741506775,401.8112424318064,466.0544485225075,3.02,GENTLE
R1031,353.7007634715493,321.2369831630615,372.9768083423059,1.72,FLAT
R1032,409.6269878482053,392.7944395959569,421.49490056360986,0.17,FLAT
R1033,373.0008837287703,355.0932716041908,420.8084269191521,4.01,GENTLE
R1034,362.05668857772787,339.30399566280767,384.606098931514,2.26,GENTLE
R1035,357.6953201629209,323.9554635300468,385.39888109589924,30.0,VERY_STEEP
R1036,419.628877587814,401.2241665502054,434.2144753312422,1.83,FLAT
R1037,383.98749637680663,369.33422729147617,427.4644695731783,5.79,MODERATE
R1038,422.47667715287616,373.67200169613886,433.5819504671134,18.96,VERY_STEEP
R1039,356.53563407989424,345.65636148750934,399.8952645638581,30.0,VERY_STEEP
R1040,381.52903378306104,339.42113756962016,397.14043429457973,2.99,GENTLE
R1041,403.9491292375337,362.42772325453285,449.4116937427798,3.45,GENTLE
R1042,429.0723164838964,407.1837519300925,468.26322197734265,30.0,VERY_STEEP
R1043,381.875250293207,366.45018565291446,398.4620607934992,1.99,FLAT
R1044,412.5891376437009,396.763991775484,445.2218573580796,2.74,GENTLE
R1045,438.5977748236187,400.700510134131,461.10402739782745,30.0,VERY_STEEP
R1046,411.58631881823044,375.8740551747835,428.7156427746938,8.09,MODERATE
R1047,373.2959474753634,331.9861205053079,417.66323545180774,3.2,GENTLE
R1048,352.4400781556538,304.9408312596896,378.580988815943,3.81,GENTLE
R1049,437.009887390093,399.33279285942933,462.9516359647083,3.13,GENTLE
R1050,352.1269410850387,335.89287962298096,368.9224080773035,10.49,STEEP
R1051,437.4701672684199,417.7324625978035,462.7927943118511,4.74,GENTLE
R1052,402.8937134027212,359.2059641677966,447.75838725587516,1.67,FLAT
R1053,443.9067698512896,425.53452681792123,468.43191827087503,24.96,VERY_STEEP
R1054,429.87832357736653,416.97743089918725,477.94246607735806,30.0,VERY_STEEP
R1055,449.7934110533337,411.66220889164373,497.64576702166926,20.08,VERY_STEEP
R1056,385.07118154517104,358.9701273255654,400.86712791746487,1.37,FLAT
R1057,426.7188288931127,379.91722679127656,443.81127903401847,1.6,FLAT
R1058,390.1930913609242,354.18288851717773,434.70005417419975,30.0,VERY_STEEP
R1059,397.9875620303909,384.37080291872445,423.6979987873797,4.27,GENTLE
R1060,412.750546321837,364.8362836316906,422.9255056131574,0.63,FLAT
R1061,437.36771141863386,417.025420873024,458.3225842068487,30.0,VERY_STEEP
R1062,448.4083469199295,424.91984730367807,482.3135066477519,18.61,VERY_STEEP
R1063,426.82734138645185,400.73692483911015,468.7979800248506,30.0,VERY_STEEP
R1064,391.7766782167334,379.72770636056083,407.1122229004638,0.9,FLAT
R1065,392.135700227707,362.2750833384828,406.5573548043764,3.23,GENTLE
R1066,423.75823015888915,408.82549051587745,470.64193630178244,12.84,STEEP
R1067,373.8777145768302,347.83890150929614,413.92364928973353,3.08,GENTLE
R1068,361.0474113131395,337.0190197934561,394.6385953442626,25.82,VERY_STEEP
R1069,385.46221576407765,344.54861242701753,426.22968736391476,4.63,GENTLE
R1070,378.72389916540817,336.5970787000989,405.8780736176737,0.53,FLAT
R1071,379.630812045599,363.49429675003546,419.96904193796405,1.16,FLAT
R1072,373.360775104991,348.69872760982196,398.23289475597244,3.0,GENTLE
R1073,354.2093189636362,329.2751925223629,373.9731018633403,30.0,VERY_STEEP
R1074,351.78739347334135,335.73097571589796,390.9479303250601,1.66,FLAT
R1075,448.7722389736032,406.83409877155555,475.5591306598939,8.98,MODERATE
R1076,392.77731337358625,354.4881802401693,442.03239754663406,7.92,MODERATE
R1077,388.43266471596814,370.8173932640868,412.41207200829217,3.76,GENTLE
R1078,417.964728269307,393.29585192555504,464.8338250905496,19.28,VERY_STEEP
R1079,371.82538878650644,357.5931877922459,419.1438907291896,4.22,GENTLE
R1080,444.99611839502256,409.86785451130083,464.6702362776124,13.02,STEEP
R1081,428.6345014415552,413.7796244596104,470.5633487050757,4.92,GENTLE
R1082,358.94110023122596,309.50373348622924,386.26408043700854,10.83,STEEP
R1083,391.7580775784928,350.5307945909783,438.45906666770674,2.96,GENTLE
R1084,437.9118307562165,412.3022887728567,465.91680166162604,30.0,VERY_STEEP
R1085,444.473202229141,411.33064493796684,484.2453509226357,30.0,VERY_STEEP
R1086,396.740151124987,350.2864784763307,425.4188474915389,22.99,VERY_STEEP
R1087,411.34113892107075,379.1771677052377,430.453169149585,9.04,MODERATE
R1088,366.7033946092075,349.7234551532893,384.677399766995,0.3,FLAT
R1089,449.11686261369766,423.9687283904513,476.1341103839515,12.82,STEEP
R1090,373.1671701383443,329.4413755371545,413.3869564189129,30.0,VERY_STEEP
R1091,444.27317741351254,408.5046567739278,478.4760368207432,30.0,VERY_STEEP
R1092,414.9646648992368,378.9356895258848,452.5098364952586,3.37,GENTLE
R1093,410.7736794878859,366.10082006034634,432.0667335171636,5.57,MODERATE
R1094,401.26885110165085,355.5099288031507,430.52626493995507,30.0,VERY_STEEP
R1095,373.06698117177586,326.2752783005984,384.84279177054896,23.93,VERY_STEEP
R1096,367.6528032005508,353.85883547042454,410.35409983887564,30.0,VERY_STEEP
R1097,372.04862090701755,340.28358082849354,421.64430739661253,10.2,STEEP
R1098,368.6438262144255,329.02344536569274,394.9189887194123,30.0,VERY_STEEP
R1099,427.9584473566753,387.6813735515948,438.39699348193705,30.0,VERY_STEEP
R1100,385.012525916673,350.74387783787284,401.80423149871086,30.0,VERY_STEEP
R1101,355.78426765633964,339.11277424899265,391.8853427663564,5.16,MODERATE
R1102,446.9102630140811,405.01344085641455,481.3934357422355,8.11,MODERATE
R1103,438.37858849634256,399.5741351557447,479.8931772797643,30.0,VERY_STEEP
R1104,442.7752283195213,429.3297974575599,462.9305887579641,12.8,STEEP
R1105,449.49078226464354,420.9383892776685,490.0360588865289,20.52,VERY_STEEP
R1106,367.38952492194875,350.4304289410766,404.90888578289554,2.95,GENTLE
R1107,389.62420189026585,366.125120061747,412.53678179881956,4.39,GENTLE
R1108,425.82384757040916,415.10060388218176,457.64337349268766,30.0,VERY_STEEP
R1109,419.6020618053792,393.5888670689489,435.49301414531226,4.81,GENTLE
R1110,365.3895906339855,333.3945137877371,393.49217077140884,30.0,VERY_STEEP
R1111,431.5833124990618,396.8000087859783,476.8312060812874,0.49,FLAT
R1112,372.4440571836661,335.90444337851767,399.2917123766817,30.0,VERY_STEEP
R1113,372.38176148226233,328.93010895816394,415.9644297412792,4.46,GENTLE
R1114,403.6974422893414,385.0789259983122,437.30757689972916,12.67,STEEP
R1115,409.2939934841703,394.4747205866316,426.9690620082646,30.0,VERY_STEEP
R1116,408.0086207837811,363.9471339078641,441.252870571697,5.12,MODERATE
R1117,359.1486837397755,342.8841711440695,389.38801690605806,30.0,VERY_STEEP
R1118,437.746086263038,388.7556830095902,463.6917396708934,16.25,VERY_STEEP
R1119,376.5600042588706,332.8584750829251,391.34522183951344,30.0,VERY_STEEP
R1120,362.9514921282804,332.91642789269645,389.6198386821696,9.64,MODERATE
R1121,438.87480798689774,389.6179509900167,451.78530303648284,30.0,VERY_STEEP
R1122,445.56514982297534,431.6700806586552,459.5159118789254,0.94,FLAT
R1123,436.21276172654507,414.090131279541,462.84942304385373,19.87,VERY_STEEP
R1124,430.9516074724878,395.4226308708634,453.16686675122634,30.0,VERY_STEEP
R1125,415.5241980639022,391.52392332497504,462.54597109839114,4.43,GENTLE
R1126,405.0857370609139,357.95083498168225,430.11396927612475,30.0,VERY_STEEP
R1127,358.69867599114104,346.0736324640283,399.01300087402507,1.88,FLAT
R1128,390.84532130706987,358.8688480246313,422.0552223617196,30.0,VERY_STEEP
R1129,387.26885170123137,353.6342010054268,425.4322784469248,4.86,GENTLE
R1130,375.9753783760326,339.86625342494364,396.38001769664857,30.0,VERY_STEEP
R1131,422.3420113688585,402.1153624355859,470.01821028239164,1.12,FLAT
R1132,399.5875735078771,375.00491640708253,430.79111338445404,6.87,MODERATE
R1133,358.1046215907648,314.3574004041657,401.3575844421748,30.0,VERY_STEEP
R1134,372.01832019498113,354.22060943617475,396.6201479340257,2.26,GENTLE
R1135,418.3258763659596,375.2511624790251,432.3343303279806,30.0,VERY_STEEP
R1136,357.61308594903,325.1068690329203,394.56155185786395,5.25,MODERATE
R1137,435.1206914048769,394.6331909571136,445.4310773383739,30.0,VERY_STEEP
R1138,399.51465270139744,360.9703580508586,428.52637176401777,2.29,GENTLE
R1139,398.0586577326648,379.7581979172696,415.77073383932316,30.0,VERY_STEEP
R1140,409.24077846595173,376.48826900859683,444.3357986433662,30.0,VERY_STEEP
R1141,432.46809659251494,387.75917048031124,481.644891518029,3.47,GENTLE
R1142,384.7809207902193,357.49627131814213,413.3570370430451,8.65,MODERATE
R1143,417.80161525590637,369.1379844469737,460.50154551693305,14.15,STEEP
R1144,406.5731963995791,378.4845923955104,436.8845638776239,1.7,FLAT
R1145,376.70282701694214,360.9914015502267,406.5364282611031,1.33,FLAT
R1146,437.8629986355158,412.28561143240887,485.0799383626669,6.96,MODERATE
R1147,429.7426021606928,381.6745059050713,475.34123691056004,8.95,MODERATE
R1148,415.8451834658425,393.05634949224833,457.2772020733615,1.15,FLAT
R1149,435.0581729094242,390.33424651474166,456.90840304209553,30.0,VERY_STEEP
R1150,436.72942009598023,391.47939282870465,468.52975672493784,4.0,GENTLE
R1151,420.8362976715035,396.828836698225,439.7921870037309,30.0,VERY_STEEP
R1152,433.7013328363672,420.3710265143419,461.4580007582288,0.98,FLAT
R1153,419.74714616692836,380.7648298005756,449.11566879732,30.0,VERY_STEEP
R1154,418.01407717603,395.55358521547055,461.2796787828033,2.11,GENTLE
R1155,411.8611378215184,370.5441932512155,457.70227243451814,30.0,VERY_STEEP
R1156,425.2716639557641,397.56547002534677,451.8564664516232,2.02,GENTLE
R1157,365.86051052930736,336.4498408356025,376.56868833223683,30.0,VERY_STEEP
R1158,438.08707591989287,396.97069964995137,482.55802951146705,2.07,GENTLE
R1159,437.1843527745232,411.8898195320581,454.1554999145776,1.72,FLAT
R1160,352.92472830345594,325.1996344905393,387.8000068590717,30.0,VERY_STEEP
R1161,432.5816750564763,407.5340563056914,443.58051107384154,0.43,FLAT
R1162,362.8869867473445,338.1933661362533,388.8672457577671,2.77,GENTLE
R1163,383.5118854259142,352.47402234985583,432.95029751052823,0.58,FLAT
R1164,424.3508256291608,381.9988478491148,438.37856967331294,0.41,FLAT
R1165,366.07598960483085,341.6052571279282,393.0237156848165,10.87,STEEP
R1166,431.7967024119062,400.82651359039676,454.0827004195043,2.57,GENTLE
R1167,433.2134177957742,396.38432477807015,479.4169427313048,7.74,MODERATE
R1168,400.74677337608364,379.96919552393746,445.52037769237785,6.46,MODERATE
R1169,350.63858717168335,329.53767497558766,370.1465375839325,1.69,FLAT
R1170,378.70381331749127,331.36728823655307,391.95132479950854,3.25,GENTLE
R1171,411.6926918375742,372.7513089043307,446.7782276000189,1.61,FLAT
R1172,448.11861780274234,415.03115075381,471.5733662780907,30.0,VERY_STEEP
R1173,413.1813527016668,377.27255052484236,450.06472832590936,2.22,GENTLE
R1174,375.98035810641596,364.8083803822792,387.26514834912854,13.94,STEEP
R1175,413.40057030996115,378.6764516874933,428.73653971706074,17.89,VERY_STEEP
R1176,403.99853797158556,373.6181830426175,441.4534272824913,3.15,GENTLE
R1177,427.98453951511436,396.1545523239369,446.47936572721426,10.56,STEEP
R1178,360.69806388269586,336.32111080946316,405.0015709131919,30.0,VERY_STEEP
R1179,426.1027902502028,412.8438343416851,438.44642575860826,11.43,STEEP
R1180,404.126657867611,386.39308852312894,422.745937179034,2.49,GENTLE
R1181,446.29920038589944,398.2694118573926,496.2416103253022,4.72,GENTLE
R1182,384.1872166038686,357.83923411303124,411.5102607073403,3.4,GENTLE
R1183,413.2621893133948,384.5948630801602,451.3808158551806,4.9,GENTLE
R1184,443.20281055100173,431.09441895686416,460.50933250528226,14.61,STEEP
R1185,360.25097279906794,348.7483236173087,394.64572219848947,30.0,VERY_STEEP
R1186,443.72284872364514,405.0355908417748,482.7670914584219,21.11,VERY_STEEP
R1187,418.78857223008134,387.2647856652369,441.3676376647418,8.31,MODERATE
R1188,356.7837059105172,326.4354665418665,399.93959038955234,7.83,MODERATE
R1189,380.0963566946816,360.37137547777485,414.23305983357295,5.53,MODERATE
R1190,420.81720886452814,381.02717959933125,446.3821292491293,30.0,VERY_STEEP
R1191,356.7350601468772,340.0055969825375,389.0407558806035,11.45,STEEP
R1192,408.21704601762735,390.61965627118656,441.2874799150643,8.75,MODERATE
R1193,384.5883056952957,356.15981884136465,401.2097174030503,10.01,STEEP
R1194,412.09155177674774,390.6403572922701,438.2008465714264,7.75,MODERATE
R1195,354.57420338125127,334.67568413192544,378.311426902031,21.79,VERY_STEEP
R1196,437.15368061523765,401.3441748331044,463.1897895184027,30.0,VERY_STEEP
R1197,447.3488969177397,411.31002710899793,487.79332045715,25.68,VERY_STEEP
R1198,446.88778552856917,403.907102736572,476.1893218272361,3.16,GENTLE
R1199,424.96518317429246,398.2568404953734,472.57782930386304,2.15,GENTLE
R1200,363.0086240130632,350.08522037201715,384.75568054740063,13.95,STEEP
R1201,425.8263195929023,404.87966419604396,452.45446272429945,2.4,GENTLE
R1202,352.45869164588015,303.2584731180075,393.9369640650418,3.04,GENTLE
R1203,352.2123551528997,318.36201214359164,384.0533388857297,2.84,GENTLE
R1204,382.3610219149541,343.9715385229133,414.242147771932,1.61,FLAT
R1205,398.86431904046657,388.57000585545,410.99792556067393,3.34,GENTLE
R1206,427.04074178077934,396.3125124934785,452.9847282895176,6.55,MODERATE
R1207,418.32953766065054,406.82839135937843,439.1588869575198,2.23,GENTLE
R1208,394.59027063767485,361.82106215401694,444.56367555091947,4.83,GENTLE
R1209,377.3626666281666,330.5318326427236,399.69686945345904,20.94,VERY_STEEP
R1210,449.7124500157711,400.9756847957548,495.09231140752564,27.2,VERY_STEEP
R1211,392.6181302235973,360.9960232080403,429.6674796252164,16.57,VERY_STEEP
R1212,395.13870243296753,366.8105102228789,418.77535880065113,3.68,GENTLE
R1213,366.3623821191669,318.56169834922713,398.10375725413184,30.0,VERY_STEEP
R1214,429.48095487499296,392.53656159512514,473.1023900729607,30.0,VERY_STEEP
R1215,419.36822257814885,406.7722513966125,464.7029544993853,30.0,VERY_STEEP
R1216,372.07696127887607,343.4479381721762,388.49271627912185,30.0,VERY_STEEP
R1217,358.2381045615843,338.6283038230121,381.8210302099111,11.27,STEEP
R1218,418.04993020747133,389.25775734952407,441.4588574160142,30.0,VERY_STEEP
R1219,415.45112142811354,387.23249854785905,427.1329132711513,3.67,GENTLE
R1220,377.32595269982096,344.0401605872313,411.2554630938968,1.9,FLAT
R1221,445.086356225041,420.81553661107097,489.27915834472856,3.18,GENTLE
R1222,365.10578917809005,348.5349711998529,390.36876469111075,6.34,MODERATE
R1223,393.2334801042602,363.08470272066194,432.8349179036273,1.67,FLAT
R1224,444.3615920167599,401.15347664292943,479.46960856078954,3.48,GENTLE
R1225,391.97273169261223,355.41224256990813,416.99868111233224,12.71,STEEP
R1226,413.8525947664086,390.31788012939995,429.49498674610044,4.56,GENTLE
R1227,389.7594397962794,342.3385188859251,428.13239390731815,30.0,VERY_STEEP
R1228,377.421520234867,330.9332173848997,421.6041269925166,30.0,VERY_STEEP
R1229,448.3977647959828,430.02382882061886,485.8319444920425,30.0,VERY_STEEP
R1230,390.9334006315043,379.3566972266898,401.64853999289704,1.28,FLAT
R1231,439.40992036791346,399.757572033883,458.0592361435531,22.07,VERY_STEEP
R1232,372.99546058910863,329.8910501351425,385.7746599844499,3.25,GENTLE
R1233,371.3104704025083,322.5958877644541,404.1259143855574,4.87,GENTLE
R1234,353.1134082884511,307.5199525249187,393.37251544206765,30.0,VERY_STEEP
R1235,415.1666825375885,381.14529180933187,429.58985002033484,28.94,VERY_STEEP
R1236,386.8526343723761,355.65054080388086,430.3861471961115,30.0,VERY_STEEP
R1237,436.4358249839637,425.3221829334602,468.656184119783,10.75,STEEP
R1238,397.3209906691557,377.45473279536463,434.9197511548247,14.36,STEEP
R1239,446.8193427914722,418.43475272215517,495.67541673581803,4.32,GENTLE
R1240,368.5525515703121,333.4123955669694,381.89979110022,10.02,STEEP
R1241,436.86231679556107,404.57224346282464,482.9112777146726,11.84,STEEP
R1242,427.6596852791742,387.9542456919066,442.70379311867055,30.0,VERY_STEEP
R1243,427.0921844644052,405.90150722892355,452.81053672987247,30.0,VERY_STEEP
R1244,434.47832281168877,401.8802185055898,478.5358706649333,25.85,VERY_STEEP
R1245,426.10239909429987,412.5767093586682,472.3525685638146,5.24,MODERATE
R1246,412.6220321631415,386.07541121981325,442.8768991049473,0.93,FLAT
R1247,363.12448776823874,323.11805445005473,396.88867329925574,7.9,MODERATE
R1248,353.2526179491252,315.5165838119634,391.57851133306747,30.0,VERY_STEEP
R1249,442.0847847815687,392.45907529468155,485.3951315196773,30.0,VERY_STEEP
R1250,411.6650314520738,390.54938641256354,426.52547823358043,30.0,VERY_STEEP
R1251,429.65372909761766,399.7261571306585,472.0565014267868,30.0,VERY_STEEP
R1252,398.152235151255,374.97101860029517,427.4032811717197,30.0,VERY_STEEP
R1253,361.73081889623944,334.10669433387244,389.7557559005662,30.0,VERY_STEEP
R1254,362.51857922025505,318.24057402547953,389.474569300135,30.0,VERY_STEEP
R1255,418.55652872289716,381.1881657153577,448.92499213273885,1.88,FLAT
R1256,393.0305894899463,347.73294183604304,440.83261162573046,30.0,VERY_STEEP
R1257,370.0524726700337,351.9120283367582,401.9806235817198,30.0,VERY_STEEP
R1258,399.15945467414366,354.22500996048615,447.28655620466924,13.5,STEEP
R1259,356.4208937075134,344.030402740378,373.632498932139,9.96,MODERATE
R1260,408.19714019143987,362.65316897395377,447.1625793447452,30.0,VERY_STEEP
R1261,376.89934044350974,353.7363892650806,419.38892198785965,1.52,FLAT
R1262,429.75591006371883,407.17240472715616,466.9210633171133,2.93,GENTLE
R1263,381.0361958923574,350.55265282441087,415.313087101419,15.22,VERY_STEEP
R1264,395.5220149081801,347.89440739925084,428.1145261516274,12.19,STEEP
R1265,351.1620539908101,339.25079940355386,395.59927329395794,0.93,FLAT
R1266,357.2446887794559,333.1554497766261,400.1105526660359,3.25,GENTLE
R1267,389.24935564066845,344.986476093335,404.14090448789244,1.27,FLAT
R1268,397.99388347171237,372.1517043742937,441.93738975294747,26.89,VERY_STEEP
R1269,410.00205481193035,392.0357789080477,436.56479958954804,3.46,GENTLE
R1270,379.16625787093034,352.1744906176739,399.31413107076276,0.41,FLAT
R1271,419.49818861265425,394.07608855298747,464.2889313332113,4.81,GENTLE
R1272,436.01223971892045,389.3955916602523,463.2932317042701,1.47,FLAT
R1273,427.985098889335,387.50772385961113,470.31968649640766,30.0,VERY_STEEP
R1274,353.9618825348357,323.7572603050754,374.4980270130695,10.04,STEEP
R1275,398.0506947257829,348.51587205692005,408.2078675826716,20.73,VERY_STEEP
R1276,360.4930178418175,331.8819165907806,390.3113855579353,13.18,STEEP
R1277,374.2045015862527,361.8749883534417,388.2136318519681,0.59,FLAT
R1278,448.6662593267146,428.1752864541152,488.841297547711,11.14,STEEP
R1279,364.2495542901513,336.8067350813788,385.2925597329277,4.84,GENTLE
R1280,399.8888153451356,383.6127103792908,427.6346412092747,7.13,MODERATE
R1281,411.8155734318119,363.9129683788502,425.29691603547406,30.0,VERY_STEEP
R1282,420.2464970544104,379.57254114169945,441.7128669923005,7.34,MODERATE
R1283,405.9648683486914,385.2333803315805,447.2244780790343,20.46,VERY_STEEP
R1284,350.97708474191836,317.34490340120175,367.04060121801115,4.03,GENTLE
R1285,382.64613082439917,343.7881645400163,418.5325132694775,8.55,MODERATE
R1286,401.7711643384711,354.1200071821992,448.4681984506512,2.9,GENTLE
R1287,358.78664991448335,313.52123594746695,395.98012030479214,10.4,STEEP
R1288,385.0626931209181,354.4550040753895,427.50356069260715,11.45,STEEP
R1289,353.3203108791366,312.3342060874159,367.67917605129327,1.85,FLAT
R1290,357.8578497155021,325.3720595623987,377.88712275558424,3.12,GENTLE
R1291,389.69232762015963,357.584172018338,435.47388170978326,28.19,VERY_STEEP
R1292,363.271575404306,348.68189707077835,401.8757999490296,30.0,VERY_STEEP
R1293,406.7540848261558,391.7085785055097,442.3362378812483,4.79,GENTLE
R1294,418.94649691372655,387.76515231282826,455.49716635859454,27.04,VERY_STEEP
R1295,430.0586699109083,409.30420811174804,456.62669208309404,26.36,VERY_STEEP
R1296,370.015024424481,359.17354832606225,381.79728968918715,2.62,GENTLE
R1297,366.74825822590697,327.83469006989844,408.12591990873614,30.0,VERY_STEEP
R1298,360.45678403344004,349.1573201658334,397.6053134820542,30.0,VERY_STEEP
R1299,413.6430249543637,379.8319513102015,442.55520351887264,0.65,FLAT
R1300,420.64757264869013,389.07982088359756,466.63795726342045,0.8,FLAT
R1301,353.1586144825642,304.406026859452,376.60500108196817,3.39,GENTLE
R1302,443.621224624369,414.2526990504633,465.39409439361845,1.79,FLAT
R1303,355.19712836514725,342.65307091003535,400.108981368325,2.01,GENTLE
R1304,404.12963353010707,372.0621148178486,446.00913972046646,30.0,VERY_STEEP
R1305,420.90605194509163,377.26220512044756,451.5052443710254,17.99,VERY_STEEP
R1306,437.09691237460856,387.22294100335097,452.32630195292256,16.65,VERY_STEEP
R1307,421.40869321324277,394.19496626567985,440.01155207184485,7.05,MODERATE
R1308,430.17280830697916,407.36085860710944,466.42192792333145,15.77,VERY_STEEP
R1309,383.9450192542806,337.6788873762007,409.3466687678971,9.65,MODERATE
R1310,431.4825113746512,413.83282621160635,474.94143904129004,0.64,FLAT
R1311,358.0114846384675,323.39432803715044,406.00968501175566,1.23,FLAT
R1312,439.4816656060528,413.25308863881486,481.7071426170495,30.0,VERY_STEEP
R1313,404.75923761537365,393.11594301715144,429.86105453519593,20.6,VERY_STEEP
R1314,431.72977699624937,407.83823802402145,473.27723416550634,30.0,VERY_STEEP
R1315,395.23182845183004,374.62268755172306,419.2894953906574,30.0,VERY_STEEP
R1316,414.3577695196525,376.914123361913,431.04177303027785,30.0,VERY_STEEP
R1317,402.64026609361133,354.6886461859346,413.9759942882456,0.41,FLAT
R1318,423.15895217553316,402.43706468038766,448.58762068597395,2.07,GENTLE
R1319,358.162998203059,315.70436063699174,404.3053703509502,7.64,MODERATE
R1320,356.0352083990564,343.82081572152003,375.5946719092834,1.0,FLAT
R1321,374.71032340101465,343.1854829994221,392.970849998206,7.32,MODERATE
R1322,365.95446801131885,353.13246546292305,414.7472994209605,0.92,FLAT
R1323,437.1783566592202,389.8170370139946,448.1785211732439,30.0,VERY_STEEP
R1324,371.9213987358044,331.2673475135088,413.3526847515546,4.76,GENTLE
R1325,447.5865255819131,411.26852913372943,470.44132381154793,5.84,MODERATE
R1326,383.68957917711066,340.7337239121241,395.18909745189706,30.0,VERY_STEEP
R1327,368.2117915688699,332.3109997460634,414.92389317725326,19.34,VERY_STEEP
R1328,428.9698507142479,380.2120748272763,444.5555439226313,11.5,STEEP
R1329,415.8707775500876,377.31245963549674,447.9419488991154,12.73,STEEP
R1330,399.8195716453139,352.833227262024,420.7817399424958,17.71,VERY_STEEP
R1331,405.5363550937631,374.85107941333763,418.1440671811508,8.88,MODERATE
R1332,421.9201778272264,407.2376013079519,433.91707725376153,5.08,MODERATE
R1333,372.84547413312987,341.71836527620917,387.4677420865834,8.59,MODERATE
R1334,449.6333916056742,434.55847848315045,462.4880721612494,3.35,GENTLE
R1335,447.4793162146783,413.7795770476221,487.90164083547523,30.0,VERY_STEEP
R1336,415.0325686346937,385.73284621358715,444.45521672603087,3.82,GENTLE
R1337,369.9542450929145,335.05122917960324,393.66992874687367,30.0,VERY_STEEP
R1338,418.02282424312915,407.6209450009359,444.75758064840943,15.26,VERY_STEEP
R1339,357.2198408979176,339.42622123170304,404.37771032082253,30.0,VERY_STEEP
R1340,353.0652502205806,323.41203294409536,399.49532273010647,2.61,GENTLE
R1341,375.7682888511214,327.748146387556,414.39534805602443,4.39,GENTLE
R1342,396.26229567393165,370.9179340597253,441.64959077079914,30.0,VERY_STEEP
R1343,436.82725054083807,409.85236949869267,459.6131716443431,30.0,VERY_STEEP
R1344,422.7169069766308,384.1290634163659,447.9612800169621,14.93,STEEP
R1345,424.2706521199981,390.1189418285534,458.8191393941672,5.92,MODERATE
R1346,392.54933344480753,370.5922874408742,427.4943713366981,1.45,FLAT
R1347,384.59349925469627,358.1608434319992,413.8614927751899,30.0,VERY_STEEP
R1348,387.10387629846025,368.39588434417095,413.1301902359784,2.22,GENTLE
R1349,448.7649563736058,400.1240980083975,498.2121688379536,30.0,VERY_STEEP
R1350,354.0109191412482,338.78554387895383,396.8558641859572,4.65,GENTLE
R1351,436.70314961224483,411.82967822958807,464.1023575277666,30.0,VERY_STEEP
R1352,407.86754085723936,396.83398196843893,446.9592399468221,30.0,VERY_STEEP
R1353,393.86154191895906,374.9903622416172,414.64400964905747,30.0,VERY_STEEP
R1354,422.52576604151363,381.30692050630745,436.5325390910068,30.0,VERY_STEEP
R1355,398.6668941424703,380.6198848509151,422.76413516457995,5.56,MODERATE
R1356,437.34232380816604,424.13978770700743,463.46123581310184,3.03,GENTLE
R1357,440.07018640112585,411.0920592073449,450.7316713835527,30.0,VERY_STEEP
R1358,392.1720926873455,381.7733232979648,434.7637727527814,9.26,MODERATE
R1359,377.6827797235052,364.29213354645185,402.0505158190724,30.0,VERY_STEEP
R1360,409.23503285933623,366.92999807681724,442.4517594905421,3.29,GENTLE
R1361,441.2363345616691,400.3774007672848,454.19486205250735,3.45,GENTLE
R1362,371.06621890056664,324.4606660843708,388.06609205059,11.0,STEEP
R1363,412.2966583563483,368.1160409199183,457.8844073694507,30.0,VERY_STEEP
R1364,413.15602200925207,375.82899947965933,447.5035231245641,30.0,VERY_STEEP
R1365,423.3113022415281,411.2179879495016,471.3226642483475,1.81,FLAT
R1366,363.156768512726,321.8428237932597,413.10676988837866,11.48,STEEP
R1367,421.58249646820883,377.7620640345864,446.4569010815326,30.0,VERY_STEEP
R1368,440.9032520665641,398.9399662356859,462.8553746298951,8.32,MODERATE
R1369,367.9683108870242,337.6291494747031,412.30255309338804,30.0,VERY_STEEP
R1370,373.7543324923878,354.4382589464085,423.69878957388596,30.0,VERY_STEEP
R1371,447.13950940416396,403.3263103766149,482.32515877346225,4.19,GENTLE
R1372,368.097695270949,329.0111828813434,409.90332417140985,9.83,MODERATE
R1373,435.4385093369579,386.20806236140385,476.7083436895689,30.0,VERY_STEEP
R1374,399.2277856448035,383.00008173456615,423.44137397358537,0.53,FLAT
R1375,374.7231074403177,355.69652411823546,407.69392265060117,30.0,VERY_STEEP
R1376,437.0749901272511,418.603064131991,480.39726777781965,30.0,VERY_STEEP
R1377,394.53052550026655,352.8289347954131,432.0550805507088,30.0,VERY_STEEP
R1378,401.48173539296903,384.0054435349643,412.32828795225055,1.4,FLAT
R1379,385.9233369399766,373.2569437470444,409.39156369587795,3.45,GENTLE
R1380,409.29508514349277,359.35265288006764,425.074113007277,5.44,MODERATE
R1381,366.3523872585023,355.3596988006963,385.67127574162384,30.0,VERY_STEEP
R1382,389.1081536651761,345.69839125882146,435.3277327648291,13.99,STEEP
R1383,446.94123223352875,422.32655857150263,458.4169637899595,6.48,MODERATE
R1384,375.81334327011274,332.1487248798001,394.6053717485897,1.6,FLAT
R1385,415.6736664541292,383.4888468056834,438.0564405436585,2.1,GENTLE
R1386,382.5190064224695,336.4537572430151,417.1943693011253,5.27,MODERATE
R1387,427.3473125686601,380.299593112075,458.71138017209466,30.0,VERY_STEEP
R1388,363.087366071835,352.723438820604,381.8181453859704,30.0,VERY_STEEP
R1389,446.9821045078545,433.96561746814297,463.5517471967807,1.29,FLAT
R1390,395.37895413836395,375.3646049555297,414.8508755222087,30.0,VERY_STEEP
R1391,373.6050463346464,336.8324296801063,403.7062314027126,13.61,STEEP
R1392,357.3496747330013,311.81878687254107,378.19678616144944,30.0,VERY_STEEP
R1393,366.9757905087541,338.57811245699554,414.87989057306294,30.0,VERY_STEEP
R1394,401.97739485560174,367.6984702046311,430.5320037127556,30.0,VERY_STEEP
R1395,383.70031764312864,366.1603235313062,396.05215830491414,8.28,MODERATE
R1396,432.8883365882609,390.6896632329935,472.0589928217263,30.0,VERY_STEEP
R1397,393.0887523661806,344.3956279120418,416.2425638945402,30.0,VERY_STEEP
R1398,374.871427258763,354.1274699421791,411.0109845410929,30.0,VERY_STEEP
R1399,411.714498660403,381.92146059638117,432.8982734813323,3.16,GENTLE
R1400,420.6777216885446,407.2330772682896,453.50747135787736,30.0,VERY_STEEP
R1401,366.70419079009497,334.33872453157625,407.5902909823935,4.5,GENTLE
R1402,366.7619216288318,336.65058395496453,413.8822712998139,20.67,VERY_STEEP
R1403,353.6671426933543,337.8896833271512,374.1122284706774,30.0,VERY_STEEP
R1404,423.64020150656404,395.95755298184105,447.0344795465233,11.44,STEEP
R1405,416.3804527621805,393.01626667871795,444.95110957361806,30.0,VERY_STEEP
R1406,397.4630875749814,366.5898525627738,444.5500810844209,17.89,VERY_STEEP
R1407,434.4170448969197,400.99087147976775,480.472519169346,30.0,VERY_STEEP
R1408,430.5670152950053,420.2271921507169,444.1621464990308,1.92,FLAT
R1409,408.5354364396752,368.095197121693,423.81262946982764,30.0,VERY_STEEP
R1410,436.8271280513259,398.30655637685624,466.6474951445514,30.0,VERY_STEEP
R1411,370.58412100367684,345.93266555541595,384.8488919158938,30.0,VERY_STEEP
R1412,361.1919619397728,349.07452451702005,385.0151968737207,3.43,GENTLE
R1413,376.97496115169895,336.7776595602969,392.91037628039805,30.0,VERY_STEEP
R1414,355.7086856089315,307.50167918980617,391.1502998142069,7.1,MODERATE
R1415,403.1169528001032,383.51088895922265,451.0967700696697,30.0,VERY_STEEP
R1416,443.66056922949616,420.71958468001463,493.52992004127145,0.75,FLAT
R1417,353.934354066851,336.58183848757835,378.94399936672755,0.44,FLAT
R1418,362.2109914010027,329.1335464672091,396.17149688558715,0.71,FLAT
R1419,395.21990282834355,379.02624704244533,439.4706089693068,22.93,VERY_STEEP
R1420,443.3875017527905,419.13974401433535,458.0859846646459,0.41,FLAT
R1421,381.61561049767505,343.73508994030453,419.19818693975367,1.74,FLAT
R1422,400.72348086883926,368.31884154846534,427.077227337842,30.0,VERY_STEEP
R1423,354.1572859050392,328.6987833319218,372.4031323162458,4.73,GENTLE
R1424,364.8343200962089,338.0243360239072,390.9444648461066,26.41,VERY_STEEP
R1425,448.6630122958847,416.17857699095555,461.7014237744814,30.0,VERY_STEEP
R1426,446.51186964360454,436.27728052811807,484.32815558717675,1.97,FLAT
R1427,350.49399809344095,337.35360335529657,370.6037048433791,0.56,FLAT
R1428,445.1811785423239,399.93085583180346,467.63740434411903,1.14,FLAT
R1429,413.91199378155005,400.79683421789844,428.75524571120854,0.87,FLAT
R1430,436.7918294520022,398.519685603582,481.37819400759787,30.0,VERY_STEEP
R1431,395.4739855633859,348.6724589990238,425.2117567346954,30.0,VERY_STEEP
R1432,401.55960285792503,380.73225868585575,434.44547796938105,1.65,FLAT
R1433,398.88465802569203,374.06500054331144,431.6619653494862,30.0,VERY_STEEP
R1434,416.6864257546104,383.92956952082176,443.1061503362641,7.1,MODERATE
R1435,363.9651254756313,318.6967666900879,381.66632209315685,3.15,GENTLE
R1436,352.9973589872678,305.32113549685096,392.80266892720374,30.0,VERY_STEEP
R1437,380.7929941591191,341.21046423466834,395.87524477342606,30.0,VERY_STEEP
R1438,420.4680762736647,407.0032858394769,434.6230278848171,30.0,VERY_STEEP
R1439,370.18534521229486,333.41917899090083,408.591146716155,7.31,MODERATE
R1440,417.34324333249174,390.93109445758523,435.6967241505711,9.79,MODERATE
R1441,446.99120461072704,418.16316463108456,469.26211466484034,4.09,GENTLE
R1442,359.39007157894184,347.4241359651348,388.39917025901144,1.74,FLAT
R1443,417.26021182251264,399.6177262486583,445.2342644916945,8.46,MODERATE
R1444,394.37502193045714,352.75447762911125,432.7181869330571,5.52,MODERATE
R1445,436.81422543775057,408.6558721158362,471.751497175485,30.0,VERY_STEEP
R1446,367.7149789447386,345.64848927949265,403.49082543601327,30.0,VERY_STEEP
R1447,419.2625952226164,393.9018322640181,457.82476844883473,30.0,VERY_STEEP
R1448,433.81152896481103,389.63554843178383,455.51603806174967,2.96,GENTLE
R1449,444.4614219474023,404.50146125120403,467.3547544194212,3.93,GENTLE
R1450,418.3248028289646,397.4321869417213,445.84471274478676,8.44,MODERATE
R1451,399.7174764008427,385.01740279234775,422.0159633221838,7.77,MODERATE
R1452,411.78472402012136,391.7047951543585,461.1822387789559,14.6,STEEP
R1453,436.89049844787183,390.06024040568246,479.452575504729,6.0,MODERATE
R1454,407.060974663883,373.7974211498928,423.6471621941242,16.21,VERY_STEEP
R1455,353.0387059696837,321.6994976198924,363.2624722049585,30.0,VERY_STEEP
R1456,443.0948695506978,409.23912556299933,454.80620028058854,23.72,VERY_STEEP
R1457,418.95267510315614,394.3115444732955,438.71521314487313,10.08,STEEP
R1458,417.65133857772463,375.3670577649441,432.2229900111989,30.0,VERY_STEEP
R1459,371.5675152397717,340.6360652677617,402.9010398354746,30.0,VERY_STEEP
R1460,415.88854702326574,401.2186309125139,460.20835593236006,17.35,VERY_STEEP
R1461,389.38644056541585,374.22383557225334,428.85644940194493,30.0,VERY_STEEP
R1462,415.1232977041492,383.64893184404445,433.7476602274368,5.95,MODERATE
R1463,360.6593030307991,313.1964943079655,386.63127327183054,4.0,GENTLE
R1464,415.7845304603036,393.4504455932556,446.1002988415547,4.45,GENTLE
R1465,449.94137257706666,405.1597258226979,492.3496065572001,7.34,MODERATE
R1466,354.8212038860556,314.25738042290044,398.3860680103022,30.0,VERY_STEEP
R1467,447.71741842213174,427.80492070585547,494.10615089844276,30.0,VERY_STEEP
R1468,390.69079607228707,379.2371661396374,421.06060609240205,9.7,MODERATE
R1469,437.0753450337259,423.0014544280306,474.84633489116044,10.93,STEEP
R1470,428.2385484058274,389.09879105192977,442.71056325518487,30.0,VERY_STEEP
R1471,406.7016260986668,388.71483657704096,439.31318449682607,17.96,VERY_STEEP
R1472,423.84492092513267,398.9940841049169,443.7925933039781,30.0,VERY_STEEP
R1473,437.8515561301348,407.7835894898778,465.12023153119924,30.0,VERY_STEEP
R1474,390.4140321651033,351.3953054270968,425.7760524973721,22.01,VERY_STEEP
R1475,382.70331615632387,368.1740672259589,402.9827536704751,1.98,FLAT
R1476,416.75933855635844,390.50468234526,428.8467408682289,9.53,MODERATE
R1477,430.7845941941259,401.38167782841805,441.19394845047617,30.0,VERY_STEEP
R1478,426.2285134776616,394.5954309188,437.11489489944245,3.16,GENTLE
R1479,429.78136488586347,387.0469392300548,440.11535438641425,20.03,VERY_STEEP
R1480,393.5583314812933,376.69120367956464,407.9725337436083,28.76,VERY_STEEP
R1481,431.78342161750214,389.47016354443724,451.36297020030736,30.0,VERY_STEEP
R1482,362.02090553706086,324.30576842919476,380.86976610435283,4.8,GENTLE
R1483,404.44890979608493,372.21407722812654,453.9207735632808,20.01,VERY_STEEP
R1484,350.57586604981213,312.59475123370925,372.8161102581699,30.0,VERY_STEEP
R1485,382.458582990027,355.97787343196075,397.555414324403,30.0,VERY_STEEP
R1486,386.64615348713977,371.1102500484148,418.4686552538501,23.32,VERY_STEEP
R1487,389.61726916092556,352.9866595503109,433.9355673768259,6.92,MODERATE
R1488,419.5467206689862,388.55982840156133,456.66913574049323,6.8,MODERATE
R1489,388.8558101270346,353.2808181053236,410.6990936924526,7.01,MODERATE
R1490,394.86936226225305,371.34941102111344,427.33400865391127,12.03,STEEP
R1491,373.75441308743274,327.4797499938393,412.3486520554491,11.83,STEEP
R1492,387.32517916293403,353.83038441991096,426.44935885764374,30.0,VERY_STEEP
R1493,372.72696272631515,359.3108633546802,409.3885009382227,30.0,VERY_STEEP
R1494,357.31959237684435,329.3274327486672,402.1520093678691,30.0,VERY_STEEP
R1495,410.3448593381378,370.0906171483924,455.149077671902,8.09,MODERATE
R1496,416.82127985550164,375.05589738621075,449.9787422317818,9.94,MODERATE
R1497,411.94903460096145,382.1651524904111,439.14328936540994,1.07,FLAT
R1498,396.34940438005725,350.5595015468052,432.01221620266125,30.0,VERY_STEEP
R1499,387.978578017923,367.27184053015105,430.7070580727415,30.0,VERY_STEEP
R1500,436.33336495718254,409.9094170676519,446.55944915082995,1.27,FLAT
R1501,401.9081785136218,355.964302090863,451.58805887421585,3.34,GENTLE
R1502,397.9181877629731,352.06791910410993,415.23393865614105,30.0,VERY_STEEP
R1503,352.5642065806436,315.1356958276564,381.3741660070426,2.28,GENTLE
R1504,384.1247827626156,339.7655608777268,429.0059721563303,30.0,VERY_STEEP
R1505,388.0195618785857,374.4686312003364,407.0211778403537,30.0,VERY_STEEP
R1506,389.88227808969003,345.28247904137896,418.95408704570536,30.0,VERY_STEEP
R1507,408.0172369227332,385.1924406607242,423.3205241299804,30.0,VERY_STEEP
R1508,403.36025467268786,386.2269941755592,429.1633076882156,18.31,VERY_STEEP
R1509,410.79050927934446,391.2157158256626,427.8759274710646,1.18,FLAT
R1510,426.4883261542128,399.76958583365735,451.0334361050591,3.53,GENTLE
R1511,431.29857387160934,411.2508936874307,456.2371425433182,30.0,VERY_STEEP
R1512,421.8123076226494,398.9896041819895,471.5391392065827,30.0,VERY_STEEP
R1513,445.5523695954935,430.15323015262777,495.34489076764436,17.89,VERY_STEEP
R1514,351.82325826763616,329.97618764527624,366.41470941406067,30.0,VERY_STEEP
R1515,369.57779856835464,336.6864459866746,408.61654974148854,7.51,MODERATE
R1516,350.75628749781424,323.0821391741717,362.8261066845783,30.0,VERY_STEEP
R1517,414.7474714154603,390.8787209660239,425.95515202894785,1.91,FLAT
R1518,439.8030548949987,399.94496974071416,454.01641066479726,30.0,VERY_STEEP
R1519,374.34822965762993,328.6078308018972,422.96765593794726,30.0,VERY_STEEP
R1520,442.70345447963064,402.43188556353476,490.33799639541854,7.62,MODERATE
R1521,356.02673902895606,332.7467109442489,373.7838518401833,30.0,VERY_STEEP
R1522,443.4436026805514,403.6659159670493,459.9104961026999,9.24,MODERATE
R1523,385.16226872396345,369.0830614250014,404.7836721846013,30.0,VERY_STEEP
R1524,360.1420828449217,344.92936332127005,390.76396260792734,1.48,FLAT
R1525,398.58717591863257,374.7620944371862,431.375361200049,0.45,FLAT
R1526,375.6776567720508,333.3695620102885,394.54139398962866,30.0,VERY_STEEP
R1527,378.4872901961923,358.6333603065002,418.7522017197901,8.04,MODERATE
R1528,380.72899649262865,368.19886013668145,403.1111232687347,0.86,FLAT
R1529,430.30258978326634,415.03420837501216,477.18784280444277,1.94,FLAT
R1530,403.9161276675255,359.5663289263423,440.1850359257947,5.09,MODERATE
R1531,381.13076991560035,345.7794385257088,408.5848176877448,30.0,VERY_STEEP
R1532,411.03337833109185,390.9053317962928,452.62985839920566,21.91,VERY_STEEP
R1533,421.6150674223194,389.4032344091921,464.331652464186,26.31,VERY_STEEP
R1534,377.2624000733534,346.15921517633933,398.8816642977111,8.6,MODERATE
R1535,391.3549101525351,355.13747101490867,414.9434919059785,13.22,STEEP
R1536,362.1886093336948,342.86110715683014,409.62681548283894,2.84,GENTLE
R1537,368.11493495346804,323.53881546569215,384.7045764879989,5.01,MODERATE
R1538,418.1117853964983,395.7370429132978,429.7978020750157,1.21,FLAT
R1539,368.1438347695627,330.37856861051324,396.3060476739447,2.47,GENTLE
R1540,402.516338366706,391.8713525118174,444.56473437645116,1.09,FLAT
R1541,420.9046261722433,395.9983409764774,461.77135042467313,5.61,MODERATE
R1542,360.6876923094744,336.61929959112206,407.4689174659877,30.0,VERY_STEEP
R1543,406.73122196289034,374.9918448195698,438.05924853765197,30.0,VERY_STEEP
R1544,375.65627837013636,362.7468278990485,389.65886523279767,0.75,FLAT
R1545,446.292687523758,404.6874325747137,479.8402464971986,6.71,MODERATE
R1546,398.3545646719925,379.6433326012897,439.4903892461209,30.0,VERY_STEEP
R1547,430.5992549775158,393.5177423822354,444.33237978830886,3.6,GENTLE
R1548,405.0226542156262,362.89416928586246,421.92895025952976,4.05,GENTLE
R1549,354.3412532854819,321.86617503582136,364.8328797317088,3.82,GENTLE
R1550,413.3151375594022,373.6798092905228,447.0612407372746,6.81,MODERATE
R1551,445.1403342206657,408.6659217320655,490.6097098985019,4.93,GENTLE
R1552,410.16118201463314,385.93999012855284,446.98771465471714,0.17,FLAT
R1553,431.918885942679,389.5645443813364,481.20048944631833,7.3,MODERATE
R1554,438.4206463348408,416.63259153941965,450.94199243483126,0.56,FLAT
R1555,372.8079771948932,339.95946048483256,418.92802060095306,1.44,FLAT
R1556,371.20448399082267,331.3885744251611,413.7672154862899,0.87,FLAT
R1557,411.09809888509915,385.9398624925988,433.66775970507933,1.06,FLAT
R1558,391.10284698067045,368.99214267597347,440.0439090541605,2.52,GENTLE
R1559,433.98613028667205,405.61228987975915,455.5036402135286,0.79,FLAT
R1560,440.0023123398011,397.28377256583497,485.5745012929298,9.19,MODERATE
R1561,385.3421379302718,338.14526740444524,430.57208101323937,0.81,FLAT
R1562,373.6870558974482,341.8837193830526,413.9933605615671,7.58,MODERATE
R1563,428.05255152438616,391.5939033114401,460.59137047690024,0.6,FLAT
R1564,377.4806035548136,331.34965866525704,392.28071353948917,0.68,FLAT
R1565,432.26143185136783,418.31955779485014,463.5403012312278,4.0,GENTLE
R1566,392.37382536487627,373.0906822502297,416.64567559107365,30.0,VERY_STEEP
R1567,416.75498992914703,378.39898967908374,458.4436712553611,8.57,MODERATE
R1568,359.5535313834668,316.6037529069748,399.8786996433406,11.46,STEEP
R1569,412.3859324676573,368.1047713344342,458.8104327625615,2.76,GENTLE
R1570,395.1767678737229,368.5724807995256,405.76997437099124,0.67,FLAT
R1571,408.6608463175474,395.0872502258727,451.0249749904692,2.83,GENTLE
R1572,366.80142077448636,339.29016168250155,414.3399028994731,1.61,FLAT
R1573,423.68737449441824,404.4579908861361,465.25939245874423,0.72,FLAT
R1574,436.2797077543229,414.6318495544579,451.48748614913757,0.73,FLAT
R1575,371.6739800090776,330.78327773557737,384.9251442027131,1.15,FLAT
R1576,359.5714555520162,346.5503721109807,370.40526514432423,1.34,FLAT
R1577,352.36385860463366,309.2606099054056,387.5136676377565,1.05,FLAT
R1578,414.1971500443266,387.0903866113598,449.38405611872207,1.0,FLAT
R1579,410.70940360887806,376.86684636485427,460.18595217760657,2.24,GENTLE
R1580,404.669741271407,391.08365202197984,430.59146823557086,0.71,FLAT
R1581,373.19470961159755,349.70034647730637,396.4709610074974,1.76,FLAT
R1582,389.09059959055145,375.50256282995764,424.06759667792716,0.69,FLAT
R1583,409.4476335186173,360.98588460337294,452.471980418921,6.32,MODERATE
R1584,399.6766858859169,357.3862199128669,447.14764386683703,3.55,GENTLE
R1585,448.77855202148874,420.39324184723034,490.9035186686503,0.76,FLAT
R1586,363.6439752556733,344.69987332272643,390.71093448030547,30.0,VERY_STEEP
R1587,419.51445540475936,372.17625119476526,454.9110248172419,21.4,VERY_STEEP
R1588,390.43187681042923,366.64801298135035,434.68384987907393,1.8,FLAT
R1589,392.81996149256145,376.38058422506646,422.44434902503104,1.04,FLAT
R1590,421.7597765658176,389.23320102765945,440.4272423140333,2.19,GENTLE
R1591,419.24361513243696,371.49265031864434,436.03255272235185,0.39,FLAT
R1592,449.1255993702188,438.97238775020594,459.1319091533411,0.2,FLAT
R1593,362.8394289454125,343.31443521525256,401.5689487446639,0.56,FLAT
R1594,360.4109649384166,312.8730593220003,374.8548532922562,30.0,VERY_STEEP
R1595,422.4338817128741,405.59044303858764,442.1874457007117,0.51,FLAT
R1596,407.83869170064094,393.30895363504817,429.7537449615527,0.47,FLAT
R1597,377.41606665598056,344.6085780239884,409.8312610614513,30.0,VERY_STEEP
R1598,357.9419368988987,313.4681839671055,383.86022799072947,0.98,FLAT
R1599,358.56582495964307,329.481432251886,395.55278464056954,2.31,GENTLE
R1600,439.41908746641184,389.63651719903083,451.64463383955996,2.17,GENTLE
R1601,369.1867324718743,332.01986449035456,384.14430024245183,1.89,FLAT
R1602,382.3371562115521,369.3741599231342,412.3056163528828,0.53,FLAT
R1603,372.6656402226988,322.9523549554198,396.144231736572,1.78,FLAT
R1604,385.4996305831937,359.1838611119861,407.33216509324814,0.68,FLAT
R1605,356.94238427460937,335.44628292079005,369.6235074361103,30.0,VERY_STEEP
R1606,401.90597909082703,369.5908117477116,447.7347460807471,1.49,FLAT
R1607,356.7612563592215,334.5889526863869,394.4339998042235,2.06,GENTLE
R1608,430.03565078223613,416.57735049743,444.9003770550221,0.75,FLAT
R1609,373.3712081910433,363.31407446787625,385.97304650052894,0.53,FLAT
R1610,404.0011914604511,376.01785734364057,452.9960927977008,2.53,GENTLE
R1611,438.0079087561458,394.5333718670821,475.25481077372604,1.78,FLAT
R1612,415.0877369047194,382.19512947951637,441.78597974846906,0.92,FLAT
R1613,403.2957786551335,353.3274866973959,441.3650202853649,1.87,FLAT
R1614,382.4333753115376,360.9595094856496,422.68664677074395,4.91,GENTLE
R1615,383.3001913058198,362.0819887154176,424.49867940137096,1.52,FLAT
R1616,416.948695519819,400.55871711046126,446.06378774594134,0.48,FLAT
R1617,449.41393612211675,432.8513925915033,476.60924644711065,0.46,FLAT
R1618,416.18391898493786,394.77645514453593,426.6250423556939,0.37,FLAT
R1619,405.7783417370025,364.0647399260614,452.84062634267605,3.32,GENTLE
R1620,423.06505102392464,376.8347793984667,457.1973661594824,3.01,GENTLE
R1621,396.52056122837183,347.51707444006456,414.64671871597056,3.65,GENTLE
R1622,356.0142342600785,336.72264809622044,402.798371036936,2.68,GENTLE
R1623,406.229681587791,360.9777797632273,452.82695765860285,3.21,GENTLE
R1624,445.762528450538,422.6323248794445,495.3298950251818,2.54,GENTLE
R1625,367.53029423576595,353.0166724550906,412.4925567613251,2.39,GENTLE
R1626,419.00048908206657,374.19949206125995,468.91186459486914,2.83,GENTLE
R1627,370.09336886590563,334.6491434801609,389.8808163908365,1.51,FLAT
R1628,403.5827684473081,386.99353260406565,447.2727518552775,1.65,FLAT
R1629,359.667644964672,332.4743946641519,402.58877731650256,2.1,GENTLE
R1630,395.0370936258185,373.5467858307358,414.2747079946478,5.27,MODERATE
R1631,425.6163328895246,386.1445501411167,439.5538348495642,1.54,FLAT
R1632,384.7571524238982,356.6205031989275,433.9339729710022,3.81,GENTLE
R1633,416.4911724487218,366.9199746444664,438.33215450954617,11.78,STEEP
R1634,429.54499607897293,417.3551967885891,474.38066769768517,30.0,VERY_STEEP
R1635,442.71778194794524,418.5171713024954,452.88286813492937,0.12,FLAT
R1636,373.4642081855454,344.1882015011463,384.30520047432947,9.77,MODERATE
R1637,389.9315915809308,359.806249390998,418.56644392878553,8.31,MODERATE
R1638,365.24160133304173,342.60416843761624,384.79018869044427,30.0,VERY_STEEP
R1639,449.2483502158375,410.0787402519348,486.8420015532761,20.16,VERY_STEEP
R1640,442.7000967924295,397.71021385287054,475.3226698151477,12.39,STEEP
R1641,403.99571302805595,356.4469409489414,417.0951449260756,26.6,VERY_STEEP
R1642,434.20332943764214,391.9995943656611,450.7084612902708,0.37,FLAT
R1643,402.09579772720423,358.07258983494023,427.6177685295408,0.44,FLAT
R1644,412.358568800276,380.33675677547615,429.7827313584933,30.0,VERY_STEEP
R1645,358.91244321160167,315.8769141545291,400.6013371013588,11.6,STEEP
R1646,425.5270420496808,403.3868856837627,452.169851471812,0.7,FLAT
R1647,362.7713483635235,336.83219787915493,376.50862303722346,0.74,FLAT
R1648,432.60676302525286,409.9302424725111,461.9804791161379,4.85,GENTLE
R1649,428.2028087670386,399.5073153491216,441.8363360094952,2.06,GENTLE
R1650,420.87446977429767,399.4512851247522,436.0319619910903,1.0,FLAT
R1651,353.6160380524762,305.1515803622983,373.2004313336044,3.29,GENTLE
R1652,380.3128355945329,357.79905047430617,424.6939438044325,2.75,GENTLE
R1653,376.3112569910843,362.3894754666467,423.2957582844032,30.0,VERY_STEEP
R1654,386.0136407471519,354.94095410513535,429.06394992043465,10.79,STEEP
R1655,358.7642746763839,346.4803115385768,382.12736337309775,0.46,FLAT
R1656,443.6957823031063,429.27405565076305,464.59363994745956,30.0,VERY_STEEP
R1657,405.38022407123765,386.6046485033878,437.3464517028472,5.76,MODERATE
R1658,380.55243106580235,351.9784210705167,419.42655748712684,11.66,STEEP
R1659,389.69815170742834,362.3681144150672,439.43306323383536,4.08,GENTLE
R1660,394.72025405048356,352.7325795703719,409.9830825256406,7.22,MODERATE
R1661,410.0594333360617,370.4804471806972,422.0311132970139,7.82,MODERATE
R1662,401.5679427696498,374.51521101002174,439.34217832946064,4.59,GENTLE
R1663,441.9391973214417,418.5910290184165,485.22822866159794,0.95,FLAT
R1664,399.69634829058305,377.0375969281231,443.55029948524,30.0,VERY_STEEP
R1665,449.21580148233124,408.2559979905709,486.35434344541767,0.87,FLAT
R1666,435.1424957745096,423.0595995256588,483.3031279392771,30.0,VERY_STEEP
R1667,370.85105143573355,360.3381854553093,401.291241977517,1.07,FLAT
R1668,443.05952146439165,401.2377457873257,489.6121133978402,0.53,FLAT
R1669,361.6366397885476,332.5507847489856,410.3491252682085,17.49,VERY_STEEP
R1670,431.74497084911917,416.5097253069761,475.6312691292435,1.47,FLAT
R1671,388.062329347658,368.63969196387797,410.45267187800283,0.57,FLAT
R1672,437.79743204450693,390.49727392061163,455.64605809131876,0.88,FLAT
R1673,436.805669010745,392.4255499857491,468.73047161001773,1.62,FLAT
R1674,430.59254001176214,392.20113800280325,458.7131300269697,1.41,FLAT
R1675,429.00304363070614,399.7140344172131,474.1133773184155,1.99,FLAT
R1676,380.46791390980405,349.6549688621486,394.4691807524902,30.0,VERY_STEEP
R1677,358.09192830512524,309.0821468937669,378.401530757586,30.0,VERY_STEEP
R1678,390.29801787651616,341.6672001211447,430.3699756572645,30.0,VERY_STEEP
R1679,367.35245149865085,348.7416896672175,381.15191729774335,2.46,GENTLE
R1680,419.4951088902462,377.05092623803347,442.32568545111417,12.07,STEEP
R1681,384.6099726537785,366.72026600709785,410.09618841593783,30.0,VERY_STEEP
R1682,447.56102008599146,429.0195209706334,482.46477194849905,30.0,VERY_STEEP
R1683,414.0972077345332,377.0534863679501,430.42251356330775,2.91,GENTLE
R1684,432.2480563634361,406.04801241993414,476.67223597742446,25.93,VERY_STEEP
R1685,363.2524672741848,315.990690989924,391.1541566928358,23.41,VERY_STEEP
R1686,436.20144822726223,422.6410588314219,482.8823167024845,9.24,MODERATE
R1687,442.2757190513394,411.8146934189597,470.9905155966967,30.0,VERY_STEEP
R1688,398.7061918818936,351.96533066416873,419.7078022395229,9.88,MODERATE
R1689,410.62529377509776,364.46074735591753,426.29844692260474,1.55,FLAT
R1690,426.48098009029957,410.2198115536699,436.63078387875095,0.66,FLAT
R1691,367.48386272604125,342.818354722183,398.7701621254347,8.19,MODERATE
R1692,400.25660764634426,365.49175164447644,414.54287552342123,1.1,FLAT
R1693,389.86630277723134,373.49050738637527,415.53541332247846,30.0,VERY_STEEP
R1694,364.63739921622494,315.9165123343954,398.20826966570837,2.14,GENTLE
R1695,386.75344222915317,340.16346908004675,407.7808781052612,0.2,FLAT
R1696,356.81723093854936,340.13922377717057,373.826202633194,0.19,FLAT
R1697,352.5811906949487,337.73497224450927,393.57005559932236,1.24,FLAT
R1698,363.5166289154823,350.1002896031517,411.3882758067471,0.61,FLAT
R1699,446.31151115891737,399.9337645974521,460.32912787339603,4.67,GENTLE
R1700,404.9529535895017,387.2080011976833,421.17656656490203,0.64,FLAT
R1701,446.582216115322,419.93081897354784,494.98272240543076,30.0,VERY_STEEP
R1702,393.2497878330132,365.2957332069331,404.7611567055031,0.15,FLAT
R1703,381.181613308526,347.2211715399833,430.2869067705449,2.74,GENTLE
R1704,400.6141862840244,387.74477253412743,410.799965607424,0.66,FLAT
R1705,393.951168863291,374.88082416727036,438.8979150893442,1.48,FLAT
R1706,360.56646842617437,313.3068529494173,382.85947566568433,30.0,VERY_STEEP
R1707,414.0826314690206,367.7462271782778,461.62618579611245,30.0,VERY_STEEP
R1708,371.60381825096,330.3521923547323,394.2816297963834,1.41,FLAT
R1709,411.958795489783,401.18274566505437,448.1310483511452,12.18,STEEP
R1710,415.0201092398153,391.93983849997124,428.22141203045277,30.0,VERY_STEEP
R1711,365.20248531286484,330.0841358991485,384.8956777710144,15.86,VERY_STEEP
R1712,356.1349627110668,335.1273542401278,397.08213657023686,30.0,VERY_STEEP
R1713,428.076158606844,381.6926908046929,459.2235927539968,30.0,VERY_STEEP
R1714,395.98004237693203,360.62446390363436,443.0988048484138,12.43,STEEP
R1715,355.8163795505476,342.94011085788975,382.96643588420176,2.44,GENTLE
R1716,449.4866317169767,403.1264081635486,494.2791263495336,8.23,MODERATE
R1717,355.7780560996367,307.46738977258775,383.73627359876616,3.61,GENTLE
R1718,419.5035228858553,406.3950261501863,468.6734540339347,1.71,FLAT
R1719,448.36789252634134,417.07348313188874,496.7612677822964,1.11,FLAT
R1720,373.91801042159256,351.78343913302575,397.08347864383575,1.13,FLAT
R1721,364.2249368687196,338.5113738094635,409.66188368539173,3.72,GENTLE
R1722,362.1384939422429,344.95244522402925,406.04294891086886,1.43,FLAT
R1723,380.32751475675957,347.20463067626304,398.7547306498621,11.64,STEEP
R1724,360.1045811010647,311.78540697110907,395.07619713239546,1.01,FLAT
R1725,419.2161341694132,389.0932301585488,432.12342679300576,1.55,FLAT
R1726,356.2291798130063,342.91259655722706,399.69760863634474,0.73,FLAT
R1727,400.942212814979,366.14215947588264,417.92404815511884,4.01,GENTLE
R1728,449.66968538529767,426.0607656072474,462.50227344072823,0.5,FLAT
R1729,431.39702695060186,387.16001936694994,457.4057907721543,10.43,STEEP
R1730,411.5219438231011,384.13481789044226,444.5988293670868,4.16,GENTLE
R1731,380.62536207866117,362.9117777209714,424.822040421052,4.27,GENTLE
R1732,412.38958362916384,394.745358721518,461.3592846500333,4.2,GENTLE
R1733,402.7041463911652,361.95357916231876,430.2838468939597,13.0,STEEP
R1734,392.60833838903716,371.98483445674276,405.02621530844795,6.43,MODERATE
R1735,363.07103767402,322.38170190765106,403.0356608350548,6.2,MODERATE
R1736,438.6604215240467,420.42492909338273,471.2673517730042,3.89,GENTLE
R1737,394.97846488213224,372.1110101340799,422.89411867591076,0.77,FLAT
R1738,369.4622511820765,340.84277228448855,391.8330063337641,30.0,VERY_STEEP
R1739,386.77593508772895,339.0481010999909,416.8718762014704,0.4,FLAT
R1740,391.4129752528927,344.1437182627397,414.9601594311739,2.65,GENTLE
R1741,432.7537895566874,414.47891453979594,473.03426426658183,3.23,GENTLE
R1742,423.36143805614023,399.0326764064173,455.1171859158459,6.69,MODERATE
R1743,426.93048936413396,410.95451382598304,472.00440033029844,5.55,MODERATE
R1744,351.1031264428647,320.7037232703248,382.8448830288424,30.0,VERY_STEEP
R1745,391.61539981797614,363.19209779018945,411.14589635157336,1.8,FLAT
R1746,398.13441516353237,352.1040086655031,442.17809045281814,19.76,VERY_STEEP
R1747,351.9192276823057,304.7190125706628,384.20798947950743,2.75,GENTLE
R1748,375.9813208745034,350.6386252342117,394.25496240024586,0.73,FLAT
R1749,426.0289823122135,396.3594645914539,460.96929471046235,1.09,FLAT
R1750,363.7109705728999,317.86152060705456,388.01964117059697,0.47,FLAT
R1751,403.5310131452592,361.2627008354567,447.3072376369418,1.74,FLAT
R1752,371.52018720172373,361.37393474793777,399.65217674758543,5.49,MODERATE
R1753,351.2120774643893,328.40969489704605,390.269731788686,30.0,VERY_STEEP
R1754,374.12014575995414,347.2491760825091,387.94159406540365,1.44,FLAT
R1755,447.5873754910054,428.39872414367613,473.4283493430992,0.89,FLAT
R1756,430.153711188299,412.17084655246146,479.48336864719494,1.22,FLAT
R1757,445.95766443210334,434.4462841682762,488.29607601118926,30.0,VERY_STEEP
R1758,398.7854043926362,363.0506153898458,415.18303648731336,5.14,MODERATE
R1759,360.97361986775036,340.4732082484237,382.0841818468406,30.0,VERY_STEEP
R1760,404.79594889736927,392.70206176011675,427.9885812516237,2.35,GENTLE
R1761,395.43773345599607,376.19856103487353,431.4523558758139,30.0,VERY_STEEP
R1762,434.4357082739616,392.35915016051655,474.71549865354785,24.3,VERY_STEEP
R1763,359.80825807842444,315.7486908125626,399.78932243074087,30.0,VERY_STEEP
R1764,398.82411370217784,369.50146389444575,429.21907595443395,19.21,VERY_STEEP
R1765,365.0048664693984,338.36203965305094,407.43768798292444,1.78,FLAT
R1766,382.467592689006,333.35344494893474,409.950715999305,3.0,GENTLE
R1767,423.73570773878,405.71312135525716,438.69093035060246,0.69,FLAT
R1768,397.6018129368766,378.9874416226923,430.17948660302915,0.75,FLAT
R1769,387.58882851457696,365.91414143312096,435.68088389862123,30.0,VERY_STEEP
R1770,389.4476278570035,372.53733512576,431.16737391270397,4.18,GENTLE
R1771,395.9446768405987,370.7700529124312,429.0927027482884,30.0,VERY_STEEP
R1772,428.50165438370567,382.06828530411553,464.3738807976695,6.16,MODERATE
R1773,439.20846889402344,404.59455526888047,486.43094997544637,30.0,VERY_STEEP
R1774,445.5334686503928,419.0556067059023,472.6671804277912,4.82,GENTLE
R1775,428.69033862552953,381.3139068426809,451.94610418323504,30.0,VERY_STEEP
R1776,381.54068957480126,369.60212027576836,430.6303521748192,6.62,MODERATE
R1777,418.8134706086542,400.4024234925797,463.3511959490675,25.84,VERY_STEEP
R1778,393.7603124055392,361.12476820146884,416.6820557902833,14.86,STEEP
R1779,375.4670622046051,340.84495727687795,404.01828609904203,6.18,MODERATE
R1780,434.0871579425923,422.50485768008775,460.69028310290423,1.04,FLAT
R1781,353.8426348962325,327.7210845799472,369.8064620430898,1.14,FLAT
R1782,440.17619921354236,404.21004062030744,488.4889721660727,6.8,MODERATE
R1783,396.14774646247344,358.22492460633737,422.3202437112638,12.93,STEEP
R1784,413.72014768082806,378.1945515801773,458.7333109863444,16.25,VERY_STEEP
R1785,415.93539222057825,393.1128632461413,433.50964132780484,30.0,VERY_STEEP
R1786,439.51177407065364,425.77096912673727,471.4266064961424,30.0,VERY_STEEP
R1787,413.66696821672076,386.5824703599474,424.62542362169154,0.76,FLAT
R1788,411.3933584760062,396.24318098128396,451.96217782969853,30.0,VERY_STEEP
R1789,356.665204056069,308.76025771524235,389.90175998592014,30.0,VERY_STEEP
R1790,401.8408021945204,372.83396755361525,436.8643855333105,26.9,VERY_STEEP
R1791,365.0169000817042,342.3265331074295,377.0857353838903,4.51,GENTLE
R1792,423.7433768721486,383.0912140273926,442.1849100804932,30.0,VERY_STEEP
R1793,401.22219208126745,371.3042483779769,414.19542697541067,30.0,VERY_STEEP
R1794,418.0227779208353,395.62141696033734,439.5793505529878,6.76,MODERATE
R1795,354.16729006023843,311.68858036460637,389.26485036752445,4.76,GENTLE
R1796,358.47920160458034,313.79311556453547,391.1266409772754,30.0,VERY_STEEP
R1797,421.63233880626825,384.71201215472115,456.11833167080385,19.12,VERY_STEEP
R1798,357.20843359986736,345.32985670356067,389.17848445498316,30.0,VERY_STEEP
R1799,357.12567277652585,324.47275756986454,378.0468246035602,30.0,VERY_STEEP
R1800,351.2108475234887,310.67905104359744,370.9911474172657,3.27,GENTLE
R1801,445.650139829948,430.1900193466047,461.13252717141125,30.0,VERY_STEEP
R1802,423.7508359459007,404.60400589051653,467.7136709420404,30.0,VERY_STEEP
R1803,385.3251408502064,340.02533664748097,419.9843151918562,30.0,VERY_STEEP
R1804,379.6535581287655,368.8486892546425,397.1139986289279,30.0,VERY_STEEP
R1805,384.970322974585,344.86123746154595,402.05869816743456,12.06,STEEP
R1806,427.4653531181182,398.51442141754126,472.38677717916363,30.0,VERY_STEEP
R1807,416.13706110704146,388.26617475345716,455.8462956575742,6.8,MODERATE
R1808,368.5195567867468,358.23569548695133,404.8955199829617,7.12,MODERATE
R1809,367.4109335334084,324.6350042947487,393.6854978349804,10.61,STEEP
R1810,359.8395649713397,335.44656894587706,380.31858754248043,1.63,FLAT
R1811,416.0302719701338,384.3996467181121,465.2083024946468,0.76,FLAT
R1812,426.4372662221736,389.3452387687472,468.3268492230856,1.64,FLAT
R1813,376.5046428325004,338.39945977498377,398.57581175795144,1.21,FLAT
R1814,352.0944961030913,303.85529375004836,395.99708795423106,1.45,FLAT
R1815,358.21716674764275,326.9635686181784,398.57444469223003,0.8,FLAT
R1816,446.78600348450306,420.79722144552596,468.669225479623,0.9,FLAT
R1817,379.544477747742,331.3963326880737,406.60659191740757,0.73,FLAT
R1818,426.92231478381336,391.2379053827925,444.36045259945445,30.0,VERY_STEEP
R1819,412.46635688542636,390.54034263436415,426.9084546605507,1.3,FLAT
R1820,388.1939639652896,373.13539414914675,427.10444527887745,30.0,VERY_STEEP
R1821,370.5687262195555,326.86654616094825,391.2692005137102,13.57,STEEP
R1822,362.1386418159407,337.6513777041746,404.9410164457908,1.18,FLAT
R1823,411.50129680388665,375.0825079493094,461.3256452644637,30.0,VERY_STEEP
R1824,427.4633780637788,398.63072128914285,440.5281706209648,0.7,FLAT
R1825,414.39042535411306,396.4332341623115,443.3118303574611,5.43,MODERATE
R1826,403.03021332491585,368.9627489800972,445.112715697348,15.15,VERY_STEEP
R1827,354.19512234316363,341.76779958513634,395.75315820481296,5.46,MODERATE
R1828,446.8488777594384,420.3151793645907,487.2487640926771,7.18,MODERATE
R1829,429.87141916545744,398.0068215789106,453.8312165775339,1.36,FLAT
R1830,379.28220367009646,351.8403247053533,407.43633389749857,0.8,FLAT
R1831,447.99703293588504,408.0501459258454,481.79576722954386,1.06,FLAT
R1832,410.1881589636322,367.0711607818197,459.14578230656247,2.29,GENTLE
R1833,408.24226582072464,367.3925428593975,431.34415665826435,1.52,FLAT
R1834,424.8073179429532,413.25480003048114,471.7330734516275,1.7,FLAT
R1835,431.17697880901375,413.41182799117485,451.95125553623353,2.65,GENTLE
R1836,415.64786073315025,384.1835603625993,465.21083935209845,11.63,STEEP
R1837,362.80957463662,315.416693018868,399.6201221097237,7.95,MODERATE
R1838,383.82675059944984,340.42847959736514,412.3672098137919,3.15,GENTLE
R1839,442.80836403260497,399.1069836985329,477.34398115514915,30.0,VERY_STEEP
R1840,372.4615611843852,350.3332334339982,393.36280794599344,4.96,GENTLE
R1841,387.21670238375134,360.03878650060324,408.18365668421,30.0,VERY_STEEP
R1842,393.2076882944196,364.3794504017821,407.7498700481593,0.44,FLAT
R1843,393.94049896944523,377.6456356354488,408.50251087766117,1.22,FLAT
R1844,411.29395824945254,400.0512330396743,435.200827908209,0.29,FLAT
R1845,444.30758377447074,396.4314677960501,484.8218028903256,0.73,FLAT
R1846,374.0692711832505,354.4407677567103,408.38811788717703,0.42,FLAT
R1847,362.1501376300918,342.5521814811466,376.2535200433326,0.18,FLAT
R1848,369.74704898599373,356.41188683524337,413.83650998503015,3.34,GENTLE
R1849,438.6924900209269,391.5521799431758,472.74719510052955,2.02,GENTLE
R1850,414.5810812655206,381.3915966679297,463.01530433691175,0.85,FLAT
R1851,378.590678923916,341.9092046389019,415.3980976203643,30.0,VERY_STEEP
R1852,431.5946938968617,385.1316184063396,448.60168844502897,22.98,VERY_STEEP
R1853,436.1369996363436,412.312192880312,465.08833412865647,30.0,VERY_STEEP
R1854,434.6514338690278,399.7911414235044,470.59133777091597,2.44,GENTLE
R1855,441.89265336395545,430.34067517479997,453.02324140595454,2.27,GENTLE
R1856,375.2241020173362,357.753200888091,385.8205125835285,0.96,FLAT
R1857,425.50419287462785,382.25436067103016,440.68031289857055,30.0,VERY_STEEP
R1858,396.053949727414,355.38321547388057,416.12052712923287,2.72,GENTLE
R1859,434.19985528900617,410.1741476307203,461.3818202298332,26.06,VERY_STEEP
R1860,422.8490677161613,397.7766426051928,452.34668666655284,10.24,STEEP
R1861,427.64474464997244,396.30256730782924,443.1658490074883,30.0,VERY_STEEP
R1862,415.61618376810713,405.6065435807018,452.5518469327404,2.79,GENTLE
R1863,367.7428769469707,348.09310350544956,401.58839941483205,30.0,VERY_STEEP
R1864,404.50269188969384,386.1734195453653,426.28125584334026,2.22,GENTLE
R1865,448.4669739524508,428.4476560824603,459.0133692898625,4.3,GENTLE
R1866,443.7388066497119,401.5025729483742,456.8447232638435,2.71,GENTLE
R1867,354.31737357970115,333.1304193178434,379.98516460013474,2.74,GENTLE
R1868,366.4814815729437,348.8206286909378,382.64045561957107,9.55,MODERATE
R1869,363.1728773454562,333.00233891373495,388.24566159137504,18.42,VERY_STEEP
R1870,422.59799099852955,377.9721895436203,457.7252951789438,9.84,MODERATE
R1871,431.7785329856945,412.1245448321945,463.66803010086585,2.77,GENTLE
R1872,371.3511366310672,358.20968691935525,390.59817195656296,0.83,FLAT
R1873,400.5852692951829,376.3290798611963,424.338168945533,11.17,STEEP
R1874,434.07030280112,394.1642298185209,468.63155073906603,30.0,VERY_STEEP
R1875,423.28015447662506,391.2525326888333,467.714355598363,14.11,STEEP
R1876,404.2237205491848,361.5519857662109,444.35225809873987,30.0,VERY_STEEP
R1877,409.0347690458773,360.6510831415079,441.1707701192139,1.01,FLAT
R1878,400.836054691628,359.1295556215633,425.3277746242875,30.0,VERY_STEEP
R1879,379.75484513188206,345.6027219781319,404.35689623355427,12.9,STEEP
R1880,406.5021992859016,376.76853576380637,451.6788916964774,30.0,VERY_STEEP
R1881,418.8885302050091,407.2857667510784,430.45827324663094,1.34,FLAT
R1882,437.33229158608077,387.9594124335191,486.8515973628912,30.0,VERY_STEEP
R1883,413.6291353979248,388.2898904949231,450.2041518319873,30.0,VERY_STEEP
R1884,426.1121537043158,410.02302514764114,463.3576616672114,30.0,VERY_STEEP
R1885,366.0071634954573,329.338809279599,377.527076987647,7.31,MODERATE
R1886,396.155747441979,374.7842158781606,430.37691843762985,5.91,MODERATE
R1887,350.93316198270935,317.50203114546747,380.32428438632724,15.58,VERY_STEEP
R1888,374.6678864521623,341.1971701383786,388.89904272792495,0.77,FLAT
R1889,422.6461715113005,394.81697867518574,443.76305194207487,0.79,FLAT
R1890,449.1809951349363,405.7362505131346,494.7935733834824,30.0,VERY_STEEP
R1891,359.9178099587216,339.3191274965039,391.9173465933597,10.82,STEEP
R1892,390.1494315861288,362.20412792141946,416.68609459308516,1.36,FLAT
R1893,430.0070968699159,398.49941172627706,442.91438310354835,3.31,GENTLE
R1894,370.4035634628899,333.85857463219793,408.9684245589821,30.0,VERY_STEEP
R1895,405.5084949302286,364.149620910005,443.6225278660699,1.48,FLAT
R1896,423.3071296029675,397.5148382878373,457.86887388187006,0.55,FLAT
R1897,411.5985450260179,375.75666726215405,442.00905087484387,30.0,VERY_STEEP
R1898,368.80247346154164,352.77803533880086,396.15384954983654,16.63,VERY_STEEP
R1899,385.5384568685739,338.2325328468748,419.2693005880936,5.04,MODERATE
R1900,428.37917844853973,403.0568261916996,447.714996517676,0.33,FLAT
R1901,405.42265141320166,366.2417945341441,453.07301398030756,12.28,STEEP
R1902,350.5229613542913,339.70931807900416,384.07474252150047,30.0,VERY_STEEP
R1903,426.0990760028094,407.8915902866171,448.5467737769845,12.26,STEEP
R1904,353.5311354940239,324.0478337210808,381.51832952943016,30.0,VERY_STEEP
R1905,424.57337827312324,379.4432795638294,466.80076982819895,7.42,MODERATE
R1906,370.2480560165237,339.1578500184966,386.7126984457356,0.15,FLAT
R1907,445.807348011938,398.61252872018287,467.52077291034846,0.22,FLAT
R1908,386.79407513020845,357.4421992668966,423.9743960396707,30.0,VERY_STEEP
R1909,382.6931616338079,353.07519776436993,405.31272989309684,0.71,FLAT
R1910,364.88880503324447,350.09893349322317,406.5888723077031,4.48,GENTLE
R1911,380.5604215490215,338.4541717829327,395.77856103611595,1.47,FLAT
R1912,437.66507618282003,417.7864596841375,478.1725230010044,30.0,VERY_STEEP
R1913,449.63343376272474,403.64893418783214,462.36750235674737,12.57,STEEP
R1914,386.83095305068485,340.397984237469,397.3346575573846,30.0,VERY_STEEP
R1915,394.86106309545426,347.1286586204883,440.79000384874075,30.0,VERY_STEEP
R1916,422.2070938202737,391.3978742561501,455.46066249756564,4.7,GENTLE
R1917,438.61957804650746,401.5358266551617,462.69265392997994,3.74,GENTLE
R1918,409.3044334186784,368.16379821621183,428.6082188972324,30.0,VERY_STEEP
R1919,389.15256981778293,373.9119850717643,423.82800114821555,3.84,GENTLE
R1920,391.2621840848624,357.2238962849625,421.6222714263319,30.0,VERY_STEEP
R1921,419.5618146496807,408.1898985975482,469.2257256708801,6.44,MODERATE
R1922,350.32182636042785,320.4191830248788,399.65046582657766,7.29,MODERATE
R1923,411.95893374598404,395.7652264811749,447.3599163916484,30.0,VERY_STEEP
R1924,385.54930104413575,368.23238400565236,413.26412128837137,14.97,STEEP
R1925,429.4197331277084,404.81783046000436,459.0653718930949,1.38,FLAT
R1926,359.2990639823132,332.0015773136531,396.59822663178767,1.26,FLAT
R1927,408.82022669483905,373.89332971355157,422.8832084642543,1.01,FLAT
R1928,398.0972889886124,385.1201522510718,421.2313719410411,30.0,VERY_STEEP
R1929,414.23255259052274,384.08488214102493,427.2434422306669,1.49,FLAT
R1930,356.48535944829683,339.1803542381728,369.4197898289736,1.04,FLAT
R1931,407.99837874281314,375.03937174154345,425.8319484185825,0.79,FLAT
R1932,406.14845879595237,370.65227430550505,435.5585889796814,30.0,VERY_STEEP
R1933,406.0660094416171,373.79763917950294,447.45698228812864,30.0,VERY_STEEP
R1934,410.3487666596455,370.8169462405132,439.7686023062804,4.32,GENTLE
R1935,417.64679372263623,394.2224239530002,441.06585814507105,30.0,VERY_STEEP
R1936,430.49889996807696,389.89463630275174,443.7930195815473,2.43,GENTLE
R1937,376.98207201282145,349.6713887444937,408.9938929401466,30.0,VERY_STEEP
R1938,432.5049410180062,403.13756108510233,453.3556844773333,1.54,FLAT
R1939,399.82556822634535,363.9014831359025,434.42293534303127,3.73,GENTLE
R1940,357.7058279134331,346.97149255346415,406.7933374787298,30.0,VERY_STEEP
R1941,355.8550929243979,319.695324067588,370.30766578349994,30.0,VERY_STEEP
R1942,383.4238318696061,348.6804259067215,401.9088478184837,3.18,GENTLE
R1943,428.48969771114673,406.09581304101556,457.4134792351217,1.99,FLAT
R1944,420.7680934740916,407.336322078112,469.5126460879288,1.09,FLAT
R1945,428.86149646724067,415.224078470719,469.7338875180405,30.0,VERY_STEEP
R1946,401.7269056441609,354.7979557647518,447.6560733706741,3.64,GENTLE
R1947,394.01989979554907,356.4487269465156,417.3684937345808,30.0,VERY_STEEP
R1948,364.7452526706284,349.6611481197988,414.42679162177217,30.0,VERY_STEEP
R1949,382.81927536093116,358.55034858857493,396.9325880034975,0.89,FLAT
R1950,393.40193661738755,359.7026168613237,405.5208528592316,30.0,VERY_STEEP
R1951,358.8600429679617,315.43717476433574,403.08414805012285,6.77,MODERATE
R1952,372.0611952711211,360.3147581226008,419.15179007940054,30.0,VERY_STEEP
R1953,409.82252940637386,390.3572041475735,423.44594370821795,2.16,GENTLE
R1954,423.566311423919,377.97635181210376,438.1034084937526,0.55,FLAT
R1955,449.83475113929495,439.4681291319423,461.1617174495259,0.95,FLAT
R1956,443.3113331343558,425.2553690226003,457.4916356400647,0.91,FLAT
R1957,414.25651995351916,365.8955529146005,432.6333126255304,1.88,FLAT
R1958,392.1248053294072,357.58873146852034,440.9278700858072,30.0,VERY_STEEP
R1959,413.6177364708233,393.150881805323,450.3321453604105,3.56,GENTLE
R1960,428.5651618080232,415.88551803218934,469.7072828287649,1.21,FLAT
R1961,361.8336190923387,350.70596547444984,402.8791952399996,1.22,FLAT
R1962,390.9904889696288,371.20068578415174,422.3934389607974,1.99,FLAT
R1963,433.9802285635617,388.7207957800053,475.8797876720824,30.0,VERY_STEEP
R1964,388.3832951933044,361.746749021404,422.21559648890315,30.0,VERY_STEEP
R1965,407.18722712271864,368.3738923560789,429.76907102685294,30.0,VERY_STEEP
R1966,408.77693608621985,362.0455346710215,441.22134043695587,30.0,VERY_STEEP
R1967,368.4476253133639,342.12600684925127,399.78796875874446,1.1,FLAT
R1968,386.2235441652288,368.57244932373294,429.1616663156016,30.0,VERY_STEEP
R1969,383.4511288741932,352.76641163991644,432.7202175694596,3.86,GENTLE
R1970,352.61967085320646,306.2963233708123,379.0613734700437,1.93,FLAT
R1971,352.41917638913554,310.2441998236275,392.95480352678993,2.19,GENTLE
R1972,433.16970436757737,420.5365106330512,447.1602245291027,0.33,FLAT
R1973,377.3070809972812,339.60416899417794,418.38033577521276,30.0,VERY_STEEP
R1974,401.80787662388155,368.9319757255234,426.66455310361084,1.01,FLAT
R1975,379.8725573588773,333.5740303050203,391.4481638744648,30.0,VERY_STEEP
R1976,444.06792451153404,429.16866783752215,468.59777165402113,0.47,FLAT
R1977,375.9296758865774,344.56823135839113,410.3553859234432,1.26,FLAT
R1978,392.9656812738935,347.7871735334178,407.7356879811522,1.89,FLAT
R1979,437.27302504846017,410.87207357879043,484.23440474567036,30.0,VERY_STEEP
R1980,434.19335667918085,404.9135599698662,447.3002532100944,0.65,FLAT
R1981,368.61014178462773,355.7917146779494,415.81041057795437,1.55,FLAT
R1982,430.264330979571,409.13858536161456,468.54983169699847,2.34,GENTLE
R1983,395.81868867378927,372.8384227070314,419.0071756903574,30.0,VERY_STEEP
R1984,398.2968872085355,350.49198925874003,423.9269011168992,28.49,VERY_STEEP
R1985,363.3479972415944,342.04130281994804,402.9803718309042,1.19,FLAT
R1986,358.06015137571245,329.62540196492637,392.11899541096074,0.25,FLAT
R1987,422.79393069737654,385.94175375480535,459.65964755557434,0.29,FLAT
R1988,399.64611523553,383.1587803392149,425.2126998960692,30.0,VERY_STEEP
R1989,393.685070261518,364.227374775843,423.19760953382195,1.68,FLAT
R1990,422.9508228652397,383.4092612862034,472.5455222267554,2.2,GENTLE
R1991,426.551289899111,381.8770813780284,445.1082047190997,30.0,VERY_STEEP
R1992,365.89081676693536,330.8404457804383,392.6050642278206,0.6,FLAT
R1993,411.02251494776414,374.2603743350862,432.69544245072285,2.09,GENTLE
R1994,363.5354082277686,348.4840693243858,404.1398686453626,1.95,FLAT
R1995,425.1375086029046,377.3064487130507,465.6980136295334,30.0,VERY_STEEP
R1996,415.6955156267139,400.39255252733466,437.3933340666098,1.43,FLAT
R1997,445.6614621083458,404.6745446210739,458.9170747736651,0.67,FLAT
R1998,356.8958016356421,336.30314876450933,367.3531087025303,30.0,VERY_STEEP
R1999,355.7054721151254,308.36174636707534,382.8034934448248,3.47,GENTLE
R2000,378.21870746932,339.42032589454084,404.6322112427508,0.95,FLAT
R2001,376.1705683735906,336.0180198544558,425.7061635191851,30.0,VERY_STEEP
R2002,374.6978799072,355.93551298480463,403.4899629351072,0.28,FLAT
R2003,440.6254580521037,412.90385898669723,460.8821928351205,0.53,FLAT
R2004,374.9546199849506,340.24209220137914,420.6037976262093,1.0,FLAT
R2005,377.1949726128631,336.3960278845991,406.83769059900624,0.75,FLAT
R2006,425.93982624179637,411.7814512053008,459.9068516502195,30.0,VERY_STEEP
R2007,394.973984245054,346.47937158687284,408.8007326621825,2.27,GENTLE
R2008,427.67105569551813,382.0622288733359,452.9877119887091,4.38,GENTLE
R2009,356.53661575643855,335.7226721366152,404.30556273539,30.0,VERY_STEEP
R2010,398.7571193673384,355.84670964604516,432.3373347343554,2.52,GENTLE
R2011,353.36136001832824,322.6284030967353,377.14143422402674,2.37,GENTLE
R2012,356.26532034553543,327.7930610830547,391.29200757079917,0.38,FLAT
R2013,440.64374533444106,418.06638110198486,487.0601889175657,30.0,VERY_STEEP
R2014,363.9245371117595,330.68579364649577,384.8841611306631,0.59,FLAT
R2015,403.2420682275217,364.0465035193778,433.4467369663487,0.76,FLAT
R2016,391.1095602600707,364.6722440615604,439.4571864165409,0.64,FLAT
R2017,384.7343326258843,349.5655649055526,401.6301783578224,30.0,VERY_STEEP
R2018,439.98333456872723,402.01081772251507,478.7698915925957,1.18,FLAT
R2019,352.18233967754895,313.73746699693754,386.76158000566824,0.46,FLAT
R2020,416.3789686175589,404.3003246923117,453.5659738631843,0.48,FLAT
R2021,446.33944342135504,401.94953119395234,470.3882286480578,3.13,GENTLE
R2022,406.0168183461842,377.6866857555823,428.5719932855348,8.01,MODERATE
R2023,443.6822462033092,423.1856029354606,481.050633026844,0.74,FLAT
R2024,355.22578792860236,335.5552076294151,373.84751933278415,1.41,FLAT
R2025,391.87933190741614,362.5587673936581,418.66552170177636,4.15,GENTLE
R2026,376.0157790962051,330.54251751744675,393.54276493832185,1.32,FLAT
R2027,423.082096498073,397.9481932307671,433.41429014300616,1.18,FLAT
R2028,448.1297090497247,408.1406791783829,496.93200345124745,30.0,VERY_STEEP
R2029,375.6530062444248,361.780257004936,402.92112539068154,21.83,VERY_STEEP
R2030,415.41746014740744,386.37519206136494,464.19144472420044,30.0,VERY_STEEP
R2031,369.80976327597403,320.1423176602646,385.42270406668706,19.1,VERY_STEEP
R2032,406.533025457161,365.7155133454675,440.0276966354604,30.0,VERY_STEEP
R2033,396.3932486688336,377.9721091312091,414.4322099804832,13.42,STEEP
R2034,447.2005329631537,417.1428740152373,488.8034980416847,2.68,GENTLE
R2035,410.85272726964666,391.507736723704,452.20084682008564,8.19,MODERATE
R2036,384.9506372086819,358.5682001181815,399.45492317025435,0.29,FLAT
R2037,361.40957848879333,320.20621753939474,407.8921566038489,30.0,VERY_STEEP
R2038,365.12468287349344,324.2756902618773,382.9098687616224,2.92,GENTLE
R2039,372.53169299512354,353.40767787902814,407.050786658698,4.24,GENTLE
R2040,375.0966661340298,328.2077334078354,424.52201093753797,30.0,VERY_STEEP
R2041,435.0616057841138,401.3588784735207,480.3574671747683,1.46,FLAT
R2042,406.1222788282525,380.9253071897719,454.38483597069927,1.37,FLAT
R2043,402.33909113743664,372.2616679062022,426.0430419861614,7.38,MODERATE
R2044,361.4768871869218,327.274037049412,375.6999128757003,3.65,GENTLE
R2045,436.0139693349435,403.6183480611121,453.5478442665215,15.14,VERY_STEEP
R2046,422.28143032084836,392.8252288994012,452.3012261239129,3.17,GENTLE
R2047,356.76683619000016,326.5695240264242,398.49602332093303,30.0,VERY_STEEP
R2048,420.7835097229769,403.7270333058614,436.7896554903319,0.62,FLAT
R2049,404.3538217342646,361.8445055620774,440.7430830246949,1.47,FLAT
R2050,358.1725345746778,326.5021217770372,381.1156387362583,1.33,FLAT
R2051,395.83006415286565,380.58686968467754,419.47814704855176,30.0,VERY_STEEP
R2052,398.4696287130047,357.8233446496936,434.94633791932176,3.14,GENTLE
R2053,366.5774540163276,319.2796948812335,395.2574307976564,3.09,GENTLE
R2054,444.56981470002825,396.67753873054977,487.051146421068,30.0,VERY_STEEP
R2055,434.9975371480662,410.2368278516193,451.2342775345793,3.2,GENTLE
R2056,416.9022337329108,401.4815587904807,458.50016452359233,1.04,FLAT
R2057,396.22955610006073,365.4935710347381,408.79896602235755,30.0,VERY_STEEP
R2058,391.17655415845087,376.67218498448204,408.93870936827506,17.41,VERY_STEEP
R2059,415.0973467150954,367.7378499745907,451.343335295222,30.0,VERY_STEEP
R2060,404.54318694069053,387.20000184648467,448.7402132011334,1.95,FLAT
R2061,356.2273105881886,336.116676190142,376.3344956977625,1.27,FLAT
R2062,401.25026487703315,374.9848038016343,424.33792911018963,1.62,FLAT
R2063,430.64036172328395,405.3137829809189,462.12519165475356,1.51,FLAT
R2064,395.9239877596958,354.13747206378025,414.3869000192679,30.0,VERY_STEEP
R2065,355.19565775542685,326.94298493338835,397.6419082189271,10.24,STEEP
R2066,428.6278199384033,411.79708953826986,469.57328573863373,0.54,FLAT
R2067,370.1363782135974,349.44798239415445,385.9480466922287,0.72,FLAT
R2068,375.8620834888039,345.49754808130297,404.41527276146917,1.16,FLAT
R2069,366.47063534322956,350.57247864618415,407.4637460094144,30.0,VERY_STEEP
R2070,383.02150648714974,348.55527946130917,406.51468773128636,4.11,GENTLE
R2071,425.6751505688635,393.0452583068177,460.99942347757275,1.16,FLAT
R2072,401.93858595039376,363.35049329510343,413.94711080869666,0.19,FLAT
R2073,370.48812741507123,322.97994279989655,404.835677836244,6.36,MODERATE
R2074,437.7830078152041,391.29282537115785,453.8891270152284,1.36,FLAT
R2075,437.9581854951529,390.1151607723997,481.18151849973094,4.64,GENTLE
R2076,437.05784250460067,417.26921862365265,461.2758210478198,30.0,VERY_STEEP
R2077,373.87962113815394,358.61700887257973,395.14177564728175,3.64,GENTLE
R2078,395.1239344180988,373.0328663982409,438.7594934865582,30.0,VERY_STEEP
R2079,448.4989656140875,402.6955587034349,460.50472653695994,0.46,FLAT
R2080,427.20124763099903,378.3191086460595,453.06559960437284,7.42,MODERATE
R2081,352.71674212255596,308.3437440797369,377.5168837455572,10.9,STEEP
R2082,356.5204591260492,342.11975028094747,377.91247409603125,0.37,FLAT
R2083,396.39313768123327,348.49601775884156,442.86331096129237,0.98,FLAT
R2084,440.922020586156,413.9876994921246,480.9591563268249,0.87,FLAT
R2085,403.87017979527144,393.4977681647773,416.42710636294896,30.0,VERY_STEEP
R2086,399.78125080342903,372.0855011735013,438.3687487808272,1.39,FLAT
R2087,360.5473699956631,348.70460320864436,391.63933532081484,10.09,STEEP
R2088,415.6780104724294,383.92289362598467,461.7127262484926,30.0,VERY_STEEP
R2089,432.21031606002254,408.6681549625405,454.7281407539569,0.62,FLAT
R2090,388.04200075075624,359.1046034069943,421.0084807351396,2.74,GENTLE
R2091,427.56118509253275,393.0343706628081,457.5913960821722,30.0,VERY_STEEP
R2092,446.44766539008117,401.6956215573683,476.0301016391854,21.84,VERY_STEEP
R2093,370.37664591276894,333.9005828538918,398.62086189345746,19.01,VERY_STEEP
R2094,402.33296311947413,374.9710083803469,420.55814214076537,1.31,FLAT
R2095,378.7137958084576,335.936681661643,418.9421927081533,14.88,STEEP
R2096,429.2854419033839,383.0621564004586,457.33888321295547,1.17,FLAT
R2097,407.75933658811573,392.96893793082785,456.09998758821996,0.93,FLAT
R2098,413.4582417550304,382.1809226529187,433.89057884274143,0.45,FLAT
R2099,429.7914159615894,408.4109375718916,467.10116954667103,3.94,GENTLE
R2100,389.5970472662455,377.71459935116764,437.22573045180985,30.0,VERY_STEEP
R2101,441.50900684070433,404.7671390361449,478.04733976134804,1.35,FLAT
R2102,403.302886724614,358.792055626245,448.15380302930976,0.88,FLAT
R2103,365.7954822835348,349.27937610443905,408.894720673815,30.0,VERY_STEEP
R2104,419.58991181688026,377.0933655119242,443.9946204364404,1.99,FLAT
R2105,429.32613504382545,385.19030570234776,463.3310926414053,7.52,MODERATE
R2106,381.67616770675266,335.10255000009334,397.9266212992069,1.34,FLAT
R2107,435.7179256998753,415.1065221364332,467.13896100769927,30.0,VERY_STEEP
R2108,440.61432547657665,394.4562028689811,459.83120434915014,4.59,GENTLE
R2109,377.6904487377809,354.86393854832363,417.43992133587875,1.36,FLAT
R2110,448.3521472715222,416.2586267333021,479.4744841472072,0.97,FLAT
R2111,364.07115280487585,352.05085397158456,390.5202473101423,30.0,VERY_STEEP
R2112,370.201566840249,358.4463233054992,390.9534506869281,0.3,FLAT
R2113,368.4224839238026,329.6075554145145,418.37042319745404,0.83,FLAT
R2114,439.398971000787,411.6197718816754,452.26739183618434,1.5,FLAT
R2115,415.4292552324962,395.1775602177275,427.171682455393,30.0,VERY_STEEP
R2116,365.2104283222273,347.5938884812309,383.9007243419819,2.29,GENTLE
R2117,394.0323418368349,357.2342022024662,442.8752401819477,5.4,MODERATE
R2118,411.5298025069802,401.51374074596663,460.6993292397796,2.48,GENTLE
R2119,358.34640849893833,316.11076173106414,394.54351788982376,1.62,FLAT
R2120,438.24163684073386,425.0716525955367,483.4459035289901,30.0,VERY_STEEP
R2121,430.3603535441535,412.7007689478287,448.9188227777853,1.89,FLAT
R2122,400.5206773576638,375.07122154570027,449.40236112472877,3.87,GENTLE
R2123,446.71266152591704,417.3183119372729,462.4240555314996,30.0,VERY_STEEP
R2124,391.77609792750997,367.5762932949523,405.8211054547763,1.09,FLAT
R2125,448.41103190364976,425.582545304278,462.8994934735407,1.41,FLAT
R2126,416.7919998803627,368.23535939743516,449.7171168112653,28.86,VERY_STEEP
R2127,413.46712732539413,377.8039400756584,454.70610335411624,30.0,VERY_STEEP
R2128,366.5954895295785,355.65817131488296,391.26217664456385,6.1,MODERATE
R2129,438.19277583046437,410.98573949269183,487.30861534190944,30.0,VERY_STEEP
R2130,392.74896879206153,347.74862080230275,420.1257743167947,6.27,MODERATE
R2131,366.2233405782479,344.1650931218212,382.24128260917655,30.0,VERY_STEEP
R2132,351.2607519975759,337.47849820660036,379.89942192502133,1.06,FLAT
R2133,405.97556836383825,365.6401775002415,443.13705498073585,0.59,FLAT
R2134,402.73996221226764,368.4994089348244,446.0289934324428,12.95,STEEP
R2135,421.93536223691586,389.1228619238557,450.2860938351796,9.81,MODERATE
R2136,439.0258053017802,426.8827429174839,472.77007834374695,30.0,VERY_STEEP
R2137,357.94065846430294,342.32069807248223,378.6344469506571,19.86,VERY_STEEP
R2138,423.14964903403626,388.2476731855117,458.98631009025684,30.0,VERY_STEEP
R2139,368.74119440975824,350.4282407514048,418.180072167772,2.13,GENTLE
R2140,435.8177053157164,405.6549021257794,447.77984821922814,1.69,FLAT
R2141,431.9063513861656,400.1110839449899,477.3675782143723,4.4,GENTLE
R2142,404.07937549855444,382.7390878877169,436.5706756092554,4.08,GENTLE
R2143,421.0242798623311,373.0872736406714,441.10822624482313,30.0,VERY_STEEP
R2144,381.43501131837485,337.73644704495183,429.63059971874515,19.01,VERY_STEEP
R2145,397.11678989328146,358.22184958796953,426.4509620156374,30.0,VERY_STEEP
R2146,432.1636897710472,419.04393511467083,455.43129983798264,0.81,FLAT
R2147,395.9265197173214,381.68131894496065,413.18642484815507,30.0,VERY_STEEP
R2148,385.7798265325442,356.06857269794597,405.55791494281067,4.54,GENTLE
R2149,399.42124472502996,382.9927107573905,442.7352063886877,5.67,MODERATE
R2150,432.82492524372185,383.6943067025429,467.4013256164085,30.0,VERY_STEEP
R2151,383.52080473708725,367.17999537599087,430.0506295166199,24.48,VERY_STEEP
R2152,367.37615931357436,337.8774458950154,386.6548973998858,2.53,GENTLE
R2153,421.20140203307807,396.6365597594179,436.0469449870341,0.34,FLAT
R2154,432.5978212708082,397.02236441264427,442.8413225098318,0.88,FLAT
R2155,360.06374785235334,344.90229149677634,390.3782293569931,30.0,VERY_STEEP
R2156,373.98741127559447,346.7747541538988,423.919688490874,30.0,VERY_STEEP
R2157,364.1971989760994,343.20899766381365,401.99580972884496,7.46,MODERATE
R2158,384.7941411582167,339.28408017134916,407.1299248368225,1.55,FLAT
R2159,395.03509789054124,383.4116694051534,440.1094412115881,30.0,VERY_STEEP
R2160,424.88263369633063,378.3335339360723,466.151524335849,3.41,GENTLE
R2161,415.1147584881674,371.7949929460474,425.731365131229,30.0,VERY_STEEP
R2162,412.09285674784314,390.19002809021055,454.76727596948405,2.28,GENTLE
R2163,385.23749466096547,343.6658684738813,407.25856495050533,2.24,GENTLE
R2164,434.14475530847596,422.89621289492607,450.13169389182,30.0,VERY_STEEP
R2165,397.12871673981647,348.45409472808075,416.18195032929947,30.0,VERY_STEEP
R2166,447.91049380151543,416.8466960979239,476.653685976521,1.71,FLAT
R2167,413.41421382957367,391.28297278695584,440.4089309122941,6.15,MODERATE
R2168,362.6264741564503,338.1231456526632,384.18196613141936,2.23,GENTLE
R2169,417.6177562075434,404.9615420691235,434.5064890958247,1.13,FLAT
R2170,382.5104015431699,332.93642098148837,422.99963312885666,4.05,GENTLE
R2171,418.63271966860975,407.06104186258204,468.23711101800643,0.84,FLAT
R2172,356.96411481624057,320.7678298903262,398.0757780330282,2.47,GENTLE
R2173,367.48814371759596,339.77870660933763,389.3256224244576,30.0,VERY_STEEP
R2174,435.57372589057866,387.61707716303005,455.366084347064,30.0,VERY_STEEP
R2175,372.7179557023515,352.87796609007967,391.424590744989,2.08,GENTLE
R2176,433.70411252429403,402.42063956677356,449.1719155038555,5.42,MODERATE
R2177,377.92760884544106,348.6333605021309,409.9808308331331,4.18,GENTLE
R2178,414.2881910058708,376.1735332438667,448.50420588400453,30.0,VERY_STEEP
R2179,419.4150573509831,406.69464807288625,457.6351637775086,30.0,VERY_STEEP
R2180,401.2654753145053,383.5139101135711,438.474010151852,21.79,VERY_STEEP
R2181,380.5310676696731,361.94847486595916,402.22440012100844,1.59,FLAT
R2182,371.2644376371096,331.73840744344204,394.4768778529835,30.0,VERY_STEEP
R2183,353.3189354562426,335.753387603173,390.57951687393614,15.11,VERY_STEEP
R2184,380.3946401240724,347.45496956843334,404.37254575541755,13.42,STEEP
R2185,415.3162790531283,396.7065262330902,433.82120663790084,0.74,FLAT
R2186,443.83048184484824,399.3654838414891,468.80392799271783,30.0,VERY_STEEP
R2187,437.1204482263052,389.43303004671964,458.0038145294243,2.7,GENTLE
R2188,426.60647765353025,395.8667586558406,440.1389865022734,7.63,MODERATE
R2189,428.84473432532985,404.75237895696273,472.050290416396,3.62,GENTLE
R2190,416.4984903475995,397.13617934689955,460.6229459138809,9.66,MODERATE
R2191,376.0286857566003,364.0374456956785,394.81869776327545,2.91,GENTLE
R2192,440.71950307058296,419.97950002268317,453.310391051591,16.45,VERY_STEEP
R2193,417.0732311905834,380.9037999927707,456.62632868463055,30.0,VERY_STEEP
R2194,406.044063098044,374.6993858456755,424.50520813258055,14.27,STEEP
R2195,361.0989469213481,313.337295790111,386.8363664988225,4.38,GENTLE
R2196,394.7055543806425,368.8544638809745,407.27096447013787,30.0,VERY_STEEP
R2197,396.0358271201926,358.2812934270568,415.08661051053,30.0,VERY_STEEP
R2198,436.456360952267,406.88345105326215,478.17245208545245,5.19,MODERATE
R2199,404.66482201877886,374.1617733818104,446.8406798953869,27.01,VERY_STEEP
R2200,388.040054897041,367.32908231287627,406.3234478925494,7.07,MODERATE
R2201,447.6800328510659,419.4820017773859,471.1165866553335,30.0,VERY_STEEP
R2202,361.07205933263157,332.2406594521233,376.4415960963813,0.86,FLAT
R2203,392.2548428311945,353.9891419612371,405.2217480425914,1.62,FLAT
R2204,354.2024675171405,306.576867549696,403.8893360950769,2.22,GENTLE
R2205,423.990412076693,400.8175609773929,460.2141701264866,30.0,VERY_STEEP
R2206,441.8076552199151,430.1196364766632,473.49151558784786,30.0,VERY_STEEP
R2207,378.0037329550489,348.1519279350233,418.62367297126093,19.57,VERY_STEEP
R2208,435.83416767991207,404.0557143939453,479.437254067421,12.13,STEEP
R2209,379.2218230461898,362.4842010009132,421.4904137679789,30.0,VERY_STEEP
R2210,441.0770161643915,400.65843191334886,451.7385941359866,30.0,VERY_STEEP
R2211,425.39619035967837,375.9990260220187,442.8685062872983,5.99,MODERATE
R2212,430.49067768414386,382.6596890038054,466.6868897688571,23.97,VERY_STEEP
R2213,351.80065556004547,333.9164140070994,376.83102947220397,12.24,STEEP
R2214,446.28103570740257,401.2665061113721,495.58034174984687,30.0,VERY_STEEP
R2215,422.6670992070323,384.4873537505649,459.2832909125625,30.0,VERY_STEEP
R2216,380.4751095386133,352.32124698633686,428.73706588778157,3.4,GENTLE
R2217,432.9394664858847,401.31502671289553,450.9973257517164,30.0,VERY_STEEP
R2218,378.152119841493,334.16811284219466,422.7104009660939,4.98,GENTLE
R2219,437.2753839566128,408.0699863710779,460.1294761892218,2.93,GENTLE
R2220,361.2580390411937,336.3297442769886,410.840631370706,3.19,GENTLE
R2221,420.36859774607956,390.6386980250401,436.6761446290054,30.0,VERY_STEEP
R2222,404.069847664491,370.9046555030891,434.7234404180241,30.0,VERY_STEEP
R2223,359.6534470195441,342.0903408684101,401.367228373029,0.76,FLAT
R2224,374.1893828258839,328.1530736152043,401.49508205004537,3.2,GENTLE
R2225,351.2404036277315,314.27292567454697,379.96376603523737,30.0,VERY_STEEP
R2226,396.8767965464506,361.546039852951,446.33102836668024,16.65,VERY_STEEP
R2227,380.12652607600006,366.14667702877455,407.1388520880462,2.84,GENTLE
R2228,409.8357484297759,375.6687909028722,443.9986324537384,2.86,GENTLE
R2229,379.7237807708617,364.885354281322,391.90536719786775,22.87,VERY_STEEP
R2230,379.99191115069846,366.8440041428825,423.6803143591089,30.0,VERY_STEEP
R2231,424.31931987316034,393.22688404746464,460.2460418323421,2.24,GENTLE
R2232,354.81428359783536,328.70286223597554,380.9750877123479,1.69,FLAT
R2233,440.2894995191987,406.7370887129498,450.9362811173795,21.83,VERY_STEEP
R2234,435.2263874391181,421.65750071682857,468.8931402628583,1.31,FLAT
R2235,416.7804683226407,389.54114580875034,427.2867814620072,1.43,FLAT
R2236,409.3221570107384,392.3306884089321,419.37030156709915,1.04,FLAT
R2237,439.2302498139652,389.74624637700055,473.8741922999394,30.0,VERY_STEEP
R2238,368.53301795287143,336.08700945546445,386.0937006462536,30.0,VERY_STEEP
R2239,357.89691621908287,320.39944178144816,375.57241820780666,1.69,FLAT
R2240,373.9510169909538,350.9342857636495,410.08187962426354,7.92,MODERATE
R2241,429.457827870019,415.6682712788452,441.605715387594,2.62,GENTLE
R2242,353.46702667264833,304.4321921613069,376.0032491316306,30.0,VERY_STEEP
R2243,408.28068350834894,386.8303220930216,424.2579595940297,4.51,GENTLE
R2244,449.543751619131,422.59142421218803,482.75080641099237,5.91,MODERATE
R2245,435.5696093837539,399.5750525156509,472.0402155728498,30.0,VERY_STEEP
R2246,402.14456890435895,391.1566769969145,440.99000304832066,3.07,GENTLE
R2247,356.3640909286642,313.95372570797275,376.57333960540683,3.13,GENTLE
R2248,433.137351438571,401.67422383742615,446.70734150403433,1.53,FLAT
R2249,409.89785081772106,388.7691633349682,423.045197095397,30.0,VERY_STEEP
R2250,361.4932997059567,349.0289802942579,388.53936164398567,2.12,GENTLE
R2251,359.3857284823356,342.88579186335795,407.2195048448442,3.07,GENTLE
R2252,440.9626819436592,395.16132758952176,459.6718433135402,2.64,GENTLE
R2253,416.92002629380784,379.4790573363722,437.1896903474698,1.46,FLAT
R2254,432.92867993167556,412.93261106619997,446.96423201590994,0.86,FLAT
R2255,437.89789002822675,425.27385943042555,472.12070098398397,1.68,FLAT
R2256,407.17723520483224,369.5526227093668,444.3721501627192,2.69,GENTLE
R2257,401.74463517550413,368.8483261367935,437.46188350193455,2.9,GENTLE
R2258,393.042741032099,366.8619600537696,437.48795075389023,30.0,VERY_STEEP
R2259,381.69465877911193,357.15020081150936,411.1516921801548,30.0,VERY_STEEP
R2260,393.45959608587117,374.7870250487068,408.83787771655375,0.62,FLAT
R2261,427.38796557301566,390.60351531151497,448.96417080119215,3.74,GENTLE
R2262,410.19234310151313,361.3656219897583,446.6895420383672,2.68,GENTLE
R2263,439.2523289954846,422.2237191620116,473.777207945147,30.0,VERY_STEEP
R2264,394.33800143791876,360.4533366372986,425.5781266276373,30.0,VERY_STEEP
R2265,410.7089578718754,383.74155564203636,448.02753461942285,9.97,MODERATE
R2266,413.1307553091989,385.2632064394123,448.62638932413086,30.0,VERY_STEEP
R2267,409.16971623063256,389.00382502552,454.42271180923063,5.91,MODERATE
R2268,420.26337730855164,377.2579822820949,453.7040324076835,30.0,VERY_STEEP
R2269,373.74334683748066,344.333122671591,414.88740118550294,4.83,GENTLE
R2270,401.23637775457905,369.5001436666485,421.1846639932378,30.0,VERY_STEEP
R2271,360.42248028083475,338.2320437689417,397.54978366439747,7.25,MODERATE
R2272,388.45113276448126,371.17879413780327,434.5388974997883,30.0,VERY_STEEP
R2273,398.76670686212645,385.3302913340136,424.1959999781198,3.7,GENTLE
R2274,415.22242595454725,376.6576603175506,456.3865934480931,5.56,MODERATE
R2275,445.05310525862035,427.2037339911061,484.04467730643773,30.0,VERY_STEEP
R2276,410.0651066548356,372.46209248728366,422.44615452970845,12.98,STEEP
R2277,424.359391617656,398.7443337757778,457.6197240026189,30.0,VERY_STEEP
R2278,400.6266059495203,373.99561390993426,415.8341799175524,30.0,VERY_STEEP
R2279,413.4104031376331,384.64330329392226,462.1031700268568,30.0,VERY_STEEP
R2280,357.09322161337735,332.3848812882756,399.5495217214036,30.0,VERY_STEEP
R2281,375.43915808418467,361.4143589952811,389.82811013406945,30.0,VERY_STEEP
R2282,386.18530932051385,363.80003692040003,401.05538922642097,30.0,VERY_STEEP
R2283,397.24933550065134,360.6999610728938,431.0282896971561,30.0,VERY_STEEP
R2284,354.56487455023836,317.93349849148353,378.36044151716567,10.4,STEEP
R2285,364.00240975533177,342.553437465732,375.39864411825613,13.65,STEEP
R2286,377.68143077913055,349.27732571682304,409.3470910924527,30.0,VERY_STEEP
R2287,447.1532690901051,429.41537996962757,472.66707307753893,30.0,VERY_STEEP
R2288,383.1347007103051,364.71981744911164,397.1777604051748,15.26,VERY_STEEP
R2289,398.20410581120825,387.28222227494393,440.28092150144755,13.85,STEEP
R2290,369.60977127383927,323.7399092775295,416.2128418849915,30.0,VERY_STEEP
R2291,411.0780071075768,392.64974050458056,451.341764468142,30.0,VERY_STEEP
R2292,378.0683215515974,358.96696647413887,420.9652139522485,30.0,VERY_STEEP
R2293,370.6992578438427,349.51520053803745,389.3588805344874,30.0,VERY_STEEP
R2294,401.6572628445979,386.56093997678073,422.2001808813419,30.0,VERY_STEEP
R2295,350.55057991604207,314.98006458878757,368.8916815280096,1.35,FLAT
R2296,350.76640326492253,337.76068513781905,391.3689405195451,30.0,VERY_STEEP
R2297,371.9068809101858,356.5387838571318,419.8235640675657,30.0,VERY_STEEP
R2298,353.67213625008213,317.8818671864784,392.3456245194382,5.75,MODERATE
R2299,360.8025754130691,337.2161505938114,406.0612460082514,3.2,GENTLE
R2300,383.88606493387516,345.5681518658276,419.43402872920205,2.75,GENTLE
R2301,430.2585679579813,397.96157817117563,455.7649639803333,30.0,VERY_STEEP
R2302,407.2048643369301,386.96401741446954,434.2353289341423,29.66,VERY_STEEP
R2303,401.26677259564167,365.23365457606855,414.2796298823379,30.0,VERY_STEEP
R2304,379.34888232081215,364.69793510909693,390.6071701306532,2.96,GENTLE
R2305,443.1753719432816,411.7189566200804,480.9943961108447,30.0,VERY_STEEP
R2306,389.7015041237192,362.2155799219178,417.2386598041664,30.0,VERY_STEEP
R2307,358.70927667957716,337.9943333668795,390.7978794017623,3.68,GENTLE
R2308,411.7066516117801,377.5464517022001,444.0131015166768,30.0,VERY_STEEP
R2309,361.3838393476601,316.5304956540488,382.4788718809922,6.12,MODERATE
R2310,384.5223142801692,334.56612628964615,413.5580147133488,19.56,VERY_STEEP
R2311,400.74119387178087,366.4306831220439,429.57160273848893,30.0,VERY_STEEP
R2312,437.42225246851757,411.23401749535077,462.95934131763187,7.64,MODERATE
R2313,399.3546580340119,380.34637402536384,442.1816733700547,7.44,MODERATE
R2314,420.2258766031664,399.94203302736196,448.27243675067024,4.89,GENTLE
R2315,449.281683899907,420.1034847739164,483.42746488014654,30.0,VERY_STEEP
R2316,363.1489119897982,338.45780393856984,408.9697168050312,30.0,VERY_STEEP
R2317,377.47315255195196,330.92057164695416,422.12249746630886,5.45,MODERATE
R2318,389.45760755976465,364.7257888535363,435.0744957109313,30.0,VERY_STEEP
R2319,392.18281785388314,367.2450342080657,412.9830177124837,30.0,VERY_STEEP
R2320,391.10210752655456,365.7607270291955,402.5014070588771,4.05,GENTLE
R2321,440.7611002556555,397.29629184094915,461.20377225146865,30.0,VERY_STEEP
R2322,421.4032644466856,385.3717316128095,442.55155827151395,7.85,MODERATE
R2323,410.7905214090704,376.22376739631466,457.1649344780691,30.0,VERY_STEEP
R2324,380.9372717862782,357.57155089092373,416.906981099797,2.32,GENTLE
R2325,432.3790384221295,389.6628713488319,445.64719680621863,3.94,GENTLE
R2326,445.5060511484989,433.97149669427085,460.92119498894294,30.0,VERY_STEEP
R2327,432.11982825502264,387.2879413614981,448.3468732767017,10.01,STEEP
R2328,350.1565105191473,319.6465145273901,385.3733804459042,8.69,MODERATE
R2329,413.6401370183407,387.71012762380417,453.0566980386208,30.0,VERY_STEEP
R2330,355.11353814421005,325.2268469155026,399.4992945668259,12.95,STEEP
R2331,375.7607220333722,339.064100812019,423.38618406562193,3.33,GENTLE
R2332,355.95247003477715,345.44185297406125,374.02065233023484,30.0,VERY_STEEP
R2333,410.3795452949388,365.51747103660887,432.77044468390073,4.94,GENTLE
R2334,418.6589913492607,390.78941033680496,438.2719065790539,30.0,VERY_STEEP
R2335,361.44876380659053,337.7301030185874,385.79922650523605,4.66,GENTLE
R2336,388.38388830449793,372.85406567913566,434.9704926014479,30.0,VERY_STEEP
R2337,395.6236508955542,368.0450359212165,428.62815357312866,3.13,GENTLE
R2338,386.90530217609165,357.0523913247165,426.4329780690716,30.0,VERY_STEEP
R2339,362.1025000485193,335.9566322687802,391.70726949359056,30.0,VERY_STEEP
R2340,391.89477901874756,354.74837526567165,403.0490955521925,4.62,GENTLE
R2341,425.1178047808418,398.28194363047277,437.6856242207544,30.0,VERY_STEEP
R2342,357.10076645332555,308.6440633394626,388.617687704041,30.0,VERY_STEEP
R2343,358.01800140819034,324.0469006952467,396.76956280099137,10.82,STEEP
R2344,385.47712918359844,343.1780117575221,404.0903502847477,30.0,VERY_STEEP
R2345,444.1725711618925,429.79833503751337,483.04895412158464,16.39,VERY_STEEP
R2346,416.8572646722914,390.9656129544552,459.2838956116319,8.2,MODERATE
R2347,417.8669956672565,394.3930876093704,444.34289480174095,30.0,VERY_STEEP
R2348,386.19199908378647,353.4127035583228,426.04876839755065,6.34,MODERATE
R2349,409.36607912085384,364.9215383183968,435.52727713399224,1.98,FLAT
R2350,351.01311840277435,337.8795896922941,388.1471435809751,30.0,VERY_STEEP
R2351,413.6096046409542,400.7066127191658,454.16948661373596,1.14,FLAT
R2352,441.3286947576237,397.31598643131974,491.0057594899481,27.52,VERY_STEEP
R2353,411.2573468344819,392.7433433929476,435.07321331702576,30.0,VERY_STEEP
R2354,437.3698593466345,400.6197291686419,463.81149056961897,30.0,VERY_STEEP
R2355,422.3973055466094,390.6821802521772,439.0221079230163,2.61,GENTLE
R2356,362.055841640369,318.7400978448798,380.21876397644127,30.0,VERY_STEEP
R2357,440.2453307285842,425.241774335128,477.9811308325193,30.0,VERY_STEEP
R2358,356.6443844355775,341.453065806673,403.3262080417565,3.8,GENTLE
R2359,403.39674725477636,371.12401284364404,429.180945321226,30.0,VERY_STEEP
R2360,364.2137123793458,316.35856624501093,381.40749025276745,3.35,GENTLE
R2361,351.1706610730904,324.57075073826024,372.5746410484102,30.0,VERY_STEEP
R2362,392.2034260127639,369.1257420025761,420.40549420508944,2.9,GENTLE
R2363,379.50407076541563,345.2364978375002,401.1300839400304,1.2,FLAT
R2364,398.6000493797603,351.38210535795906,417.94321270463496,22.2,VERY_STEEP
R2365,407.7199886734551,364.2428753596701,447.1593682237383,10.43,STEEP
R2366,354.37390723089476,304.55456280156596,364.68770408051967,8.91,MODERATE
R2367,362.30032951237456,351.3975861842795,393.86955060583387,4.29,GENTLE
R2368,405.8642396450425,391.349913856532,447.61491192623265,7.02,MODERATE
R2369,384.31673531726585,349.93802478260096,404.9658667699646,30.0,VERY_STEEP
R2370,422.9173487549448,380.0942911815908,457.04900917942547,22.84,VERY_STEEP
R2371,415.229164859194,393.8193911669233,451.9851690839387,1.2,FLAT
R2372,434.5604362989907,414.99199277762193,470.7614241551943,1.87,FLAT
R2373,419.2492826669225,377.7702506916745,447.0832680348712,30.0,VERY_STEEP
R2374,392.9931077390148,380.73783358488555,416.85622725404596,1.0,FLAT
R2375,417.29666223944326,392.5213563361399,460.7336251605558,0.63,FLAT
R2376,377.5381174255418,347.3057485218486,417.8759557055364,5.84,MODERATE
R2377,380.63134987782126,348.2174029038083,403.48155681437777,30.0,VERY_STEEP
R2378,428.89851599207935,389.75390972036826,443.0192837697676,30.0,VERY_STEEP
R2379,394.6419516401582,370.44812270293187,407.51425345797696,30.0,VERY_STEEP
R2380,429.8380340518353,395.33066026485096,443.6090731677927,1.26,FLAT
R2381,432.24223736682785,398.8272204551896,465.55701181450956,28.26,VERY_STEEP
R2382,435.7562337661284,403.8515897399785,447.822720799288,2.15,GENTLE
R2383,441.66352358412075,406.04419185843227,465.1405985826823,30.0,VERY_STEEP
R2384,393.0985220513296,372.7205552086066,433.2265101278988,3.71,GENTLE
R2385,381.8866818321139,368.5007316887287,403.660608492729,30.0,VERY_STEEP
R2386,408.2198746594114,393.4490077778217,448.7521977466166,30.0,VERY_STEEP
R2387,387.11724234376277,368.13394703760673,426.935923872045,14.9,STEEP
R2388,410.1074166800233,380.0994992591119,429.94050198535194,4.82,GENTLE
R2389,420.5585862643825,376.94087624254166,459.7114734680923,8.01,MODERATE
R2390,418.8405018492137,380.78876816567833,458.75156738009775,11.57,STEEP
R2391,387.4552887020121,345.89366453393023,413.3534457286932,30.0,VERY_STEEP
R2392,366.6860201698753,342.64699521283165,385.102839519536,30.0,VERY_STEEP
R2393,393.05293384622075,366.8667841802787,423.9037661218955,24.42,VERY_STEEP
R2394,364.2594144081909,338.5121389685664,411.11531792819875,30.0,VERY_STEEP
R2395,439.00970351838083,421.3347761422008,474.5943728156633,12.17,STEEP
R2396,384.58774607378575,372.1390797480429,401.50464597887617,30.0,VERY_STEEP
R2397,365.4459747223324,331.8093310092433,402.75625171167314,30.0,VERY_STEEP
R2398,352.5447759905751,302.9761086537516,379.63289708184845,16.7,VERY_STEEP
R2399,414.58223862864844,397.90905043063793,448.24339052286336,30.0,VERY_STEEP
R2400,413.6902317454743,401.82283894950336,453.05279314639864,13.13,STEEP
R2401,384.06041665812916,342.87914938517184,414.65831071870696,24.91,VERY_STEEP
R2402,357.1711888847651,337.06774861737614,399.73054786769745,11.07,STEEP
R2403,390.9628894895232,347.77713727540606,429.8491126621883,30.0,VERY_STEEP
R2404,381.12174950633937,342.96428282495873,415.7246831070798,30.0,VERY_STEEP
R2405,417.71206397350096,369.8851224914688,433.743776606795,30.0,VERY_STEEP
R2406,410.57792494526905,384.22083551500214,454.01588938173177,30.0,VERY_STEEP
R2407,386.459372819754,349.9805792417286,433.8955962325466,29.87,VERY_STEEP
R2408,371.789255425499,343.1950641929682,387.26786037787076,9.62,MODERATE
R2409,448.8035966155592,413.58004872321743,478.3332417928964,24.39,VERY_STEEP
R2410,395.4001621196115,367.41620587930197,415.75571179843166,30.0,VERY_STEEP
R2411,418.8274235780237,401.2821337210607,459.0083558750463,30.0,VERY_STEEP
R2412,364.05529675783606,333.7394001177008,402.92048219802405,30.0,VERY_STEEP
R2413,398.55896996593975,367.41560190844206,414.1943747887557,0.84,FLAT
R2414,352.75367198694653,310.3295180565401,397.83476283741203,4.19,GENTLE
R2415,400.545511791045,361.12468355930173,417.7844343501651,30.0,VERY_STEEP
R2416,446.40174071177023,409.8500757541125,488.2921017376945,0.48,FLAT
R2417,388.42067129858003,373.88518747647714,416.69988568370024,7.89,MODERATE
R2418,353.89960125749116,315.07494963094257,377.0304929998172,4.49,GENTLE
R2419,353.0955790919344,323.0833728377538,369.4251495989029,0.61,FLAT
R2420,388.79867599468696,343.0346945504406,405.50324624055213,3.42,GENTLE
R2421,366.0024936463194,319.2076562810977,402.47811583435544,30.0,VERY_STEEP
R2422,352.3352096328186,340.12894600874716,384.3524251507034,1.04,FLAT
R2423,425.6213613950177,382.79569898083855,440.504778261067,30.0,VERY_STEEP
R2424,395.85230088818906,384.34440527128226,410.3602153057221,1.34,FLAT
R2425,378.92447719726545,354.23769216946454,391.8169001881771,30.0,VERY_STEEP
R2426,440.00831830164805,408.3163192768049,479.7590121965898,11.46,STEEP
R2427,361.61389602005255,345.68986407496743,400.08917942922415,30.0,VERY_STEEP
R2428,445.5918828955319,405.7393303927688,457.9291225297149,30.0,VERY_STEEP
R2429,381.3966717377353,371.06248357084974,413.80747476161423,4.48,GENTLE
R2430,438.84036723086814,422.0964052935067,452.22741344057573,10.05,STEEP
R2431,410.29428764794613,377.0624144538071,456.4441184723038,30.0,VERY_STEEP
R2432,432.6707359741487,394.09523349265703,478.955432741354,2.9,GENTLE
R2433,448.4013163210464,401.73559221328975,486.3306359135716,1.85,FLAT
R2434,378.84054378187454,340.6206777044896,425.88810063945255,30.0,VERY_STEEP
R2435,446.1135485407593,409.24237773056467,488.57166975730695,7.95,MODERATE
R2436,388.94818949024204,363.17454363621545,432.08973252732403,30.0,VERY_STEEP
R2437,388.55119047369226,378.4998134526202,421.3395044964896,2.55,GENTLE
R2438,384.0387104254506,369.2323400760257,406.2810783540976,30.0,VERY_STEEP
R2439,404.14076073475854,372.75857894451696,422.85272533941543,9.75,MODERATE
R2440,365.4145043178487,328.4093088840719,388.50250519940585,30.0,VERY_STEEP
R2441,405.3711485358011,378.67321717994264,440.5109657393636,11.59,STEEP
R2442,404.1704812410004,364.9433207798648,421.0767426742964,30.0,VERY_STEEP
R2443,426.190181260487,395.3156894471999,446.5357907259799,1.56,FLAT
R2444,433.36499619375854,420.39794836998607,462.0874307055771,24.48,VERY_STEEP
R2445,394.0441350312424,376.36348499252443,413.366138972227,16.91,VERY_STEEP
R2446,380.23332493514937,336.63339600539166,413.77907172379184,20.8,VERY_STEEP
R2447,375.93348973170947,336.9369798667319,422.86053086996264,30.0,VERY_STEEP
R2448,369.4623836704872,323.6719041899874,409.38595829861225,3.8,GENTLE
R2449,355.7647582199025,341.062468255065,392.42182278585904,30.0,VERY_STEEP
R2450,384.24479788347134,334.63589649886836,417.5536569228225,12.38,STEEP
R2451,377.02476921307834,358.648500655081,406.54268558336094,30.0,VERY_STEEP
R2452,446.6417385866407,436.17054353517506,464.1042929720271,1.7,FLAT
R2453,405.7708826250044,355.8739650628622,451.559300842079,30.0,VERY_STEEP
R2454,384.7277039030508,363.48474848524626,404.66914398356425,0.56,FLAT
R2455,408.0467600993696,371.3259819988672,421.699115202496,0.83,FLAT
R2456,363.91967013456957,346.85237756751735,403.9202773037174,0.94,FLAT
R2457,394.4043749202203,361.1952336322546,411.4289962934669,0.43,FLAT
R2458,412.62343214210637,366.462032683924,437.4992721237534,3.35,GENTLE
R2459,398.8897831792451,376.08253648210757,410.0211803108843,0.43,FLAT
R2460,390.1778800654324,353.3677210236581,405.6605977670503,30.0,VERY_STEEP
R2461,449.38483888996984,431.8686953380332,466.3129841203663,4.86,GENTLE
R2462,438.0314762148927,403.03966026614364,450.2078813248998,2.31,GENTLE
R2463,412.340595815944,388.88258174324363,448.60687408085784,30.0,VERY_STEEP
R2464,406.93773611822826,388.4894057747102,450.41804795035296,30.0,VERY_STEEP
R2465,412.06604798245843,389.538765954313,436.9986642370961,2.57,GENTLE
R2466,370.13121078224333,352.97756804193136,415.11426985097137,3.25,GENTLE
R2467,389.51377432643187,343.43713001291655,408.04763730883695,3.38,GENTLE
R2468,353.9459532890899,328.0584778364048,376.9615702315395,13.33,STEEP
R2469,397.55460374868267,377.74343154970796,413.5840834699294,30.0,VERY_STEEP
R2470,404.30245839576634,376.366144755129,439.1248262125263,19.73,VERY_STEEP
R2471,372.77497361032096,349.95352693806115,399.56975724513325,16.0,VERY_STEEP
R2472,446.4028847165514,406.62611456401834,480.9342185902274,30.0,VERY_STEEP
R2473,440.9454610937242,392.09666461830443,481.4124573094915,5.68,MODERATE
R2474,422.21432354559056,394.6929772776847,454.0424441869085,2.44,GENTLE
R2475,403.33866287653626,358.89732687764666,438.4438770726078,30.0,VERY_STEEP
R2476,436.9969159647685,404.36239302238374,484.4069285405418,6.43,MODERATE
R2477,363.06523438234626,346.7758077785769,385.0278067667,30.0,VERY_STEEP
R2478,429.0509794274885,391.42606974423484,453.4175369728467,10.71,STEEP
R2479,362.48208139668486,331.94470151165206,401.19021586505835,2.78,GENTLE
R2480,429.42106625494057,393.3968053248564,463.873286937156,1.41,FLAT
R2481,377.5767568251357,331.9892603222691,394.7180730067243,9.97,MODERATE
R2482,437.70905810181887,410.091675275577,462.7549505022385,6.7,MODERATE
R2483,444.40420938253976,398.3571044538455,473.11772990752837,18.01,VERY_STEEP
R2484,364.87959694051153,324.8528363692453,391.65519045924714,30.0,VERY_STEEP
R2485,396.2675605065393,366.72336347141993,413.398552839421,6.81,MODERATE
R2486,448.0987378162685,413.96985238994995,495.075941487639,30.0,VERY_STEEP
R2487,398.34074359731466,375.3174982965542,438.8334940650737,2.88,GENTLE
R2488,436.3547522514545,387.01086026190353,465.60898553576857,30.0,VERY_STEEP
R2489,408.87315221313196,372.1791056911161,446.0755933454054,5.03,MODERATE
R2490,387.5329907919602,375.779116692095,433.42429767738105,30.0,VERY_STEEP
R2491,378.578355552587,355.5134793226667,394.0253212470499,30.0,VERY_STEEP
R2492,370.32230910860875,335.38973175824646,390.33723113688785,14.88,STEEP
R2493,426.1798191377697,413.9264880258001,457.8878690280355,0.49,FLAT
R2494,388.6540506823028,377.6986830295371,430.6144655363971,6.91,MODERATE
R2495,401.1275462200751,373.126576638963,412.5777420377362,0.47,FLAT
R2496,399.2325480001182,375.92494081241136,448.5932740079726,30.0,VERY_STEEP
R2497,407.72790292331314,380.1959586019865,435.924167038609,1.39,FLAT
R2498,436.5577145624552,416.049982167255,460.92696018732414,30.0,VERY_STEEP
R2499,448.07393435834297,431.48522448062374,469.78291187193383,0.41,FLAT
R2500,390.7584208573817,353.19268657816815,407.7326891634165,8.14,MODERATE
R2501,432.75189221063033,402.16904755991834,474.4148485678314,10.66,STEEP
R2502,426.45277946547174,408.44661101549707,474.6693460553156,2.77,GENTLE
R2503,407.35289514555734,384.5693180951574,433.8986853393733,1.78,FLAT
R2504,445.6047143611933,411.93239805466027,493.7015421513316,6.17,MODERATE
R2505,370.0474515528403,357.1582776219412,412.99935617024164,30.0,VERY_STEEP
R2506,360.92642103096216,345.028300660315,390.1684661300149,4.72,GENTLE
R2507,435.39619669554224,422.46637253124663,472.3572438605876,2.54,GENTLE
R2508,393.9149816633748,351.42228835481006,421.31434883019335,30.0,VERY_STEEP
R2509,434.69688542070605,394.6005160922257,467.04582174920813,3.41,GENTLE
R2510,439.3090205195415,399.1765032443712,451.63087400028166,1.03,FLAT
R2511,356.2457593619072,317.59274562286606,394.0962983739285,30.0,VERY_STEEP
R2512,438.3464762986061,401.5710593518113,450.4594620779716,0.77,FLAT
R2513,394.8319055369422,365.75222892181523,437.5153034137282,0.84,FLAT
R2514,401.04324890042324,365.35212236013865,444.04112607884554,0.95,FLAT
R2515,412.659251109321,401.12478891780205,432.1423426115696,0.36,FLAT
R2516,442.6382606730087,407.7796837667373,465.5847719144407,6.37,MODERATE
R2517,351.9116094429764,310.7965012215013,381.16402458530814,30.0,VERY_STEEP
R2518,397.6843468317817,367.67001241640605,431.5508631090809,9.41,MODERATE
R2519,418.7722042430561,394.4716711059666,440.26635071273597,5.74,MODERATE
R2520,422.27069576982285,401.1736263777837,455.9701519550998,30.0,VERY_STEEP
R2521,419.2532431537108,383.5411611472275,441.16472608288274,25.82,VERY_STEEP
R2522,363.4435129408122,325.73146499561585,375.6631417836546,5.74,MODERATE
R2523,379.93955883716814,335.1008548426664,390.0406608304445,22.62,VERY_STEEP
R2524,385.87155254170136,362.1781892432617,399.9175948584385,30.0,VERY_STEEP
R2525,430.4437207679505,389.65282847252706,472.1337487745112,30.0,VERY_STEEP
R2526,377.8759872414553,345.4217542738818,426.33323973678876,30.0,VERY_STEEP
R2527,371.0704963867203,325.75703675959716,398.1491443579691,30.0,VERY_STEEP
R2528,445.7448019038096,414.6323175719848,476.2521600418073,30.0,VERY_STEEP
R2529,350.8863285113469,320.1811353754282,366.76025527428396,30.0,VERY_STEEP
R2530,449.78208556819783,416.6670023105615,481.8233396754041,30.0,VERY_STEEP
R2531,417.6821298857396,377.7095156800422,433.46832596601865,1.48,FLAT
R2532,432.8469299449117,384.25931079177326,467.29550319286494,30.0,VERY_STEEP
R2533,379.46193963461934,366.5194054659887,426.7922863378535,14.48,STEEP
R2534,351.431527766706,339.2941436710653,369.25946933882756,2.32,GENTLE
R2535,423.786951856153,376.28493835985944,464.36950057843706,30.0,VERY_STEEP
R2536,433.4144597000676,402.2194346793394,444.35455661280054,30.0,VERY_STEEP
R2537,424.0476131953519,389.4514926126745,449.06750284821675,0.71,FLAT
R2538,364.28502873008387,334.9880846662947,378.7149690433042,30.0,VERY_STEEP
R2539,425.3427922256969,411.5964941213979,449.44180988952485,30.0,VERY_STEEP
R2540,426.8922782107641,386.16870307401746,443.83375499631944,30.0,VERY_STEEP
R2541,415.8540515670055,375.965065763462,440.786251171921,30.0,VERY_STEEP
R2542,426.61159327955863,404.1434604198462,453.31250552385984,4.44,GENTLE
R2543,434.5921439677732,412.3425741586372,456.6157888790099,30.0,VERY_STEEP
R2544,411.36041142374586,367.8467561875251,447.625289402671,30.0,VERY_STEEP
R2545,358.8604713969679,345.96618108731485,405.6145534473243,30.0,VERY_STEEP
R2546,398.7627809667211,353.51857503245844,424.786595930932,30.0,VERY_STEEP
R2547,357.7649334671605,337.49846587132396,375.4586597261614,30.0,VERY_STEEP
R2548,390.7543031032431,357.0349131930233,411.5832134310824,5.6,MODERATE
R2549,390.71064891256276,343.2708817524917,434.87068185241753,30.0,VERY_STEEP
R2550,356.60098441402414,319.4760843525583,389.46657334483007,30.0,VERY_STEEP
R2551,384.8820533969479,358.30486089826644,413.0824946892262,3.49,GENTLE
R2552,361.0998098791315,323.5184415229149,377.08527873948856,30.0,VERY_STEEP
R2553,430.8235210009222,407.06433554826737,458.81261333387346,30.0,VERY_STEEP
R2554,444.7688025964471,423.67846594247965,465.90848273074255,9.01,MODERATE
R2555,357.23164752579385,307.36431640840664,404.9581726399278,3.28,GENTLE
R2556,445.5115207291701,405.4799114819786,490.87432510579936,30.0,VERY_STEEP
R2557,402.2576599336745,366.46886083840184,415.6137616068024,30.0,VERY_STEEP
R2558,379.9565677953874,355.7449820666146,410.62270736583713,30.0,VERY_STEEP
R2559,357.6862075276164,345.71977436141447,376.6885413482033,30.0,VERY_STEEP
R2560,400.0624268070418,388.82015176563556,426.4935103880134,5.8,MODERATE
R2561,429.4515544490749,397.2843042311229,474.52547437913313,8.12,MODERATE
R2562,420.7086477266698,380.22733888510777,451.80922852221164,30.0,VERY_STEEP
R2563,355.0226011463974,323.5274335286432,378.3912128812278,5.39,MODERATE
R2564,357.2901835367903,313.6587806592257,375.6057177009902,30.0,VERY_STEEP
R2565,390.2873282632637,378.95026693953486,432.3003226395233,30.0,VERY_STEEP
R2566,379.5290494047943,354.8589663477567,414.5097700193682,2.38,GENTLE
R2567,373.23843230560476,353.7556166586376,401.961050722654,2.86,GENTLE
R2568,378.10044989087135,350.20953116458645,396.79982404539044,30.0,VERY_STEEP
R2569,430.3482743296885,417.4532186019236,453.7181292959737,30.0,VERY_STEEP
R2570,442.9228053631854,394.7575397003425,491.3165424327261,30.0,VERY_STEEP
R2571,390.51026945275663,371.5800534099822,421.31386695699,21.42,VERY_STEEP
R2572,440.6111002132497,393.71878919390633,466.6390714629798,30.0,VERY_STEEP
R2573,382.14957012478817,355.1138439233209,413.00645181872113,30.0,VERY_STEEP
R2574,397.6436986343792,348.22273330417045,438.80323887036354,4.21,GENTLE
R2575,372.60289978159994,340.44056444319153,396.2072572417147,4.59,GENTLE
R2576,414.0476042175844,366.81428965055215,431.19584905488875,5.29,MODERATE
R2577,447.8981115174809,437.684151969712,481.29555625104285,0.68,FLAT
R2578,410.34930960433786,370.41975735710184,446.9574737435805,24.29,VERY_STEEP
R2579,385.7814084113549,339.6593822872543,424.29012852969686,12.9,STEEP
R2580,414.78174459905284,399.1929219198947,460.06124822969804,6.19,MODERATE
R2581,362.29206784653877,348.4470337772527,387.1390326741033,1.1,FLAT
R2582,438.86590802653984,411.88300373910164,451.8801038756955,2.52,GENTLE
R2583,400.3083950779836,352.9612388326662,448.6423384232213,16.1,VERY_STEEP
R2584,394.9349742039642,363.2395117963467,422.3354513014632,15.46,VERY_STEEP
R2585,408.5864788453519,377.4882202964826,443.51677923227714,30.0,VERY_STEEP
R2586,412.47838627894026,396.8333415469674,449.1305992040719,30.0,VERY_STEEP
R2587,357.1775806226513,347.1460001789226,389.03812897069946,30.0,VERY_STEEP
R2588,418.26172212234025,375.8561184925218,436.4720233117911,30.0,VERY_STEEP
R2589,374.19316803155294,360.6901855121034,414.3988900361986,30.0,VERY_STEEP
R2590,421.39526325065896,386.041270501246,463.5453422228222,30.0,VERY_STEEP
R2591,432.2534794384197,385.668821257812,464.3725028791173,30.0,VERY_STEEP
R2592,430.395850755252,412.04977422891477,459.93829717864566,30.0,VERY_STEEP
R2593,405.25009674078893,368.6391832913125,419.8076240659083,30.0,VERY_STEEP
R2594,402.0169892310751,388.86904616277474,415.37505569106645,30.0,VERY_STEEP
R2595,364.2875961339412,330.13739038043667,387.8701899564823,30.0,VERY_STEEP
R2596,427.53461504031355,410.97734620218546,449.9684612610093,30.0,VERY_STEEP
R2597,377.14093804467143,337.7027956240643,425.2871960832023,30.0,VERY_STEEP
R2598,399.66954228179463,377.6202904900383,441.0144519795318,30.0,VERY_STEEP
R2599,378.4274092927517,349.89176894056584,414.8243811031141,30.0,VERY_STEEP
R2600,363.3828362999693,329.40561461886443,394.0887598606735,30.0,VERY_STEEP
R2601,412.9557696891737,396.1048332625241,429.65047091823976,30.0,VERY_STEEP
R2602,355.43320348229037,315.76769073758555,404.5714703696617,30.0,VERY_STEEP
R2603,424.86452341262,402.7589097871474,449.86615134222836,30.0,VERY_STEEP
R2604,381.7586795261117,345.26380512960156,396.0357036240015,30.0,VERY_STEEP
R2605,350.01346930044855,333.6821472724736,379.7654251290784,30.0,VERY_STEEP
R2606,401.112913923723,363.588207555469,446.07283438824635,30.0,VERY_STEEP
R2607,354.68519085276034,339.55766794034184,400.1768309238535,8.94,MODERATE
R2608,377.6169557820899,350.60269593129055,388.0555924243478,30.0,VERY_STEEP
R2609,420.6976487455716,400.8094057960165,466.14947853562757,30.0,VERY_STEEP
R2610,356.2689621621866,316.3339521850593,377.1283308621809,30.0,VERY_STEEP
R2611,433.93384923560023,413.45244905532525,445.4927437943372,30.0,VERY_STEEP
R2612,350.3819922658583,305.11330001004245,394.29360308037326,30.0,VERY_STEEP
R2613,374.6823869201902,329.00957846392566,419.2370571597185,23.39,VERY_STEEP
R2614,424.09040561520715,406.2327530062957,457.93964880890115,30.0,VERY_STEEP
R2615,381.6270149729307,347.07317717262174,414.60436526478503,30.0,VERY_STEEP
R2616,360.18923880660134,346.68053313780274,402.71404971145813,30.0,VERY_STEEP
R2617,386.02339188004277,360.3619078959776,427.47577398845397,12.47,STEEP
R2618,377.03932863845256,338.50645945840165,422.6435475761607,30.0,VERY_STEEP
R2619,434.2711902160555,397.8942603420589,466.3810881199237,30.0,VERY_STEEP
R2620,381.3347917585143,346.34676498224997,430.04067546782665,30.0,VERY_STEEP
R2621,428.8932471776007,407.591612631103,478.73912041493423,30.0,VERY_STEEP
R2622,439.18721448107345,414.0662165036974,453.84899888101876,17.01,VERY_STEEP
R2623,393.38174195765293,379.2638961696415,437.3634923398178,30.0,VERY_STEEP
R2624,440.9943143854392,402.2334015680952,470.9872046953828,30.0,VERY_STEEP
R2625,387.73180539631926,357.57625352466835,413.23445892831256,30.0,VERY_STEEP
R2626,446.40784164901083,408.05721635518466,480.9307340443194,30.0,VERY_STEEP
R2627,358.92895245255727,338.97121146068235,371.16757474303756,30.0,VERY_STEEP
R2628,418.70192665032425,395.7243975049216,448.9603714010075,5.31,MODERATE
R2629,399.3814040456929,376.0127905552883,444.21702684675955,30.0,VERY_STEEP
R2630,388.7648805455647,377.73518415567605,407.3033411911235,27.23,VERY_STEEP
R2631,413.2711878748601,389.6292729616352,440.3267836656371,30.0,VERY_STEEP
R2632,420.38570916343315,378.2535262227118,467.9649446720282,30.0,VERY_STEEP
R2633,350.4363269650309,304.54438713504135,377.5788804772588,30.0,VERY_STEEP
R2634,366.6953088747199,335.9665762492828,391.03001416801584,13.64,STEEP
R2635,421.3046050634319,393.0845372546631,448.92607098836703,10.33,STEEP
R2636,416.63854135782066,405.40555660984586,447.4166520185229,1.72,FLAT
R2637,446.6047505128677,401.43657700945244,481.88440427812645,19.89,VERY_STEEP
R2638,426.1037790250783,415.58337048804344,468.13149106174757,12.5,STEEP
R2639,445.0772707731338,397.28726756472537,473.16135900370637,15.63,VERY_STEEP
R2640,420.2540501534807,390.6854002059571,462.9532875570863,16.43,VERY_STEEP
R2641,379.8052208639443,356.1278411209553,411.15404731802755,29.01,VERY_STEEP
R2642,360.5364922250856,313.5677548313792,384.07571263980475,30.0,VERY_STEEP
R2643,428.1823863344936,417.2067466100897,464.5004194592701,19.24,VERY_STEEP
R2644,414.4149221475916,381.1579263528281,453.12381233733123,30.0,VERY_STEEP
R2645,354.8186012393296,322.8613002593561,387.14056026450913,30.0,VERY_STEEP
R2646,386.00504659009783,367.23223054164254,398.2696455154868,21.62,VERY_STEEP
R2647,445.6799815484286,418.5244842944202,462.4752965548616,8.36,MODERATE
R2648,400.0401145710201,363.9495543332693,421.4520234066293,6.38,MODERATE
R2649,393.27291360197046,354.18766572669335,414.5779378400302,30.0,VERY_STEEP
R2650,395.76996051592937,385.7412861676662,432.7067925258042,30.0,VERY_STEEP
R2651,370.88827240051637,323.41413519687575,381.6222188674617,30.0,VERY_STEEP
R2652,386.87071708647954,370.28970219076706,427.09798816846035,5.84,MODERATE
R2653,386.98132559871766,367.6381082298233,407.59502459099497,8.26,MODERATE
R2654,355.23550201874724,334.6965641909933,377.63637586739134,9.03,MODERATE
R2655,426.75676285179185,415.24395738971043,457.8731559695488,6.91,MODERATE
R2656,391.6504431903879,376.72835824677486,410.2874672279462,30.0,VERY_STEEP
R2657,432.21798868164234,382.7639917638759,477.5968412246634,27.03,VERY_STEEP
R2658,435.0348001119895,412.4261306168981,448.4495512850521,14.54,STEEP
R2659,371.1994054698658,356.5873618563038,398.97469996190836,25.43,VERY_STEEP
R2660,415.73534821701287,401.45569777002794,459.71223899520845,28.82,VERY_STEEP
R2661,397.2281804162982,358.4497817094993,431.86193619314764,5.67,MODERATE
R2662,438.0156737921485,393.83292723084287,459.7088544258538,30.0,VERY_STEEP
R2663,371.57406791764544,351.29597593730665,398.40447622870386,30.0,VERY_STEEP
R2664,417.78132003100444,406.944939537595,456.04909524470503,30.0,VERY_STEEP
R2665,410.77521222527224,391.851611487458,459.7056419598282,27.85,VERY_STEEP
R2666,379.5301477571833,367.26952012531297,425.2556964923606,23.8,VERY_STEEP
R2667,363.66009036511724,349.52429289991557,387.3574027004123,1.05,FLAT
R2668,415.16397604772766,387.903651253822,465.091891219242,9.47,MODERATE
R2669,423.8597458132331,404.6630109787678,433.9999323544754,30.0,VERY_STEEP
R2670,381.562734376335,350.9248992353181,392.6679246086716,4.4,GENTLE
R2671,414.4832604022314,394.3435102719438,457.4368810090791,30.0,VERY_STEEP
R2672,389.51309076115035,341.8915987170324,407.49159823447246,30.0,VERY_STEEP
R2673,421.3206883282618,375.08292961121117,433.75145906411143,30.0,VERY_STEEP
R2674,369.9215274894053,337.2492832889867,389.40745041886544,0.96,FLAT
R2675,439.02150026361744,414.844540584122,466.06550642285185,30.0,VERY_STEEP
R2676,378.740959646558,353.49508436516857,417.9636104638942,30.0,VERY_STEEP
R2677,386.7785987756153,360.30450744983546,421.7520198376635,6.99,MODERATE
R2678,355.80919520803496,316.7060223226372,375.3140439104518,30.0,VERY_STEEP
R2679,361.1512212321276,333.08566141137413,391.282039156151,30.0,VERY_STEEP
R2680,401.5861902712328,357.3169924109969,448.63475448717554,30.0,VERY_STEEP
R2681,376.75926767279714,328.99547623558254,419.35957875214746,13.72,STEEP
R2682,433.54802257421943,410.11017643906206,456.47561396749114,30.0,VERY_STEEP
R2683,351.4693388654954,319.0415596104682,400.7599213197232,15.82,VERY_STEEP
R2684,387.90940486719364,374.1071433938911,426.2542208845989,5.11,MODERATE
R2685,383.7345546769093,365.71579276625494,396.23252890358054,1.89,FLAT
R2686,351.9327630917601,325.39413242335365,363.3391916233056,7.09,MODERATE
R2687,362.43683990005104,344.1887312639799,379.17315786045225,9.05,MODERATE
R2688,391.36426749186353,346.3018478603148,430.47850221386943,30.0,VERY_STEEP
R2689,399.28645844474465,382.9550082023807,416.6360154784418,24.92,VERY_STEEP
R2690,390.4289747254869,362.20254186336325,420.88844549384027,18.73,VERY_STEEP
R2691,403.0937678412094,368.86579822281436,416.82417264844264,30.0,VERY_STEEP
R2692,409.51316749056815,371.83861116413436,456.34861380377595,28.1,VERY_STEEP
R2693,350.99238211278356,325.6696073237233,374.75080665612626,30.0,VERY_STEEP
R2694,396.4095159453504,351.6455531963612,442.7347982077756,30.0,VERY_STEEP
R2695,446.3499240887588,413.6171580456418,494.1449497651806,30.0,VERY_STEEP
R2696,401.90322801295486,374.3229167950528,412.14837390550207,30.0,VERY_STEEP
R2697,417.7542267458953,405.06460138381385,446.3196342338446,30.0,VERY_STEEP
R2698,381.18638579168834,352.5988070538817,392.17262801996407,30.0,VERY_STEEP
R2699,427.3991378152763,384.56970418264706,473.7468484673925,30.0,VERY_STEEP
R2700,427.29214818761153,392.7105074587589,458.0284499769946,16.01,VERY_STEEP
R2701,402.1296047654139,358.84310661624914,415.12736527335375,3.99,GENTLE
R2702,447.6013823279213,417.8409155039491,462.012451458984,30.0,VERY_STEEP
R2703,362.5550214762653,347.81655327248603,387.89538245597487,1.65,FLAT
R2704,351.6947664889581,341.1491726555229,399.3041342038737,30.0,VERY_STEEP
R2705,427.0158211757096,404.88703930696596,464.73218723843286,12.06,STEEP
R2706,430.71555373648823,392.79593487657655,475.42030838405356,2.41,GENTLE
R2707,362.02072291205764,320.41032675438987,386.6789887656568,13.38,STEEP
R2708,376.55828329586063,354.7281699110475,388.2868312778606,1.89,FLAT
R2709,351.7552363366629,321.92907950133304,400.7279418248395,0.36,FLAT
R2710,379.33086107805644,352.4861049006932,390.0177807045512,0.17,FLAT
R2711,427.31418739186716,400.8932760178101,475.2202535151107,30.0,VERY_STEEP
R2712,401.7960527712579,382.54210424325186,426.5431497252237,5.46,MODERATE
R2713,384.8095593168288,369.3547151156505,395.2131755177041,4.19,GENTLE
R2714,387.17392949063304,369.3063871613845,424.74021875961336,7.06,MODERATE
R2715,350.1353625715468,337.92206708501294,399.35697473280095,3.31,GENTLE
R2716,379.9800527565236,362.0548230835805,428.6050816700273,7.42,MODERATE
R2717,414.64587416379305,404.2778382587779,431.0833546118898,16.08,VERY_STEEP
R2718,447.4194443816357,412.32910835619657,464.6693566242819,1.91,FLAT
R2719,434.70608269838993,412.0510664028826,467.3276392831763,0.7,FLAT
R2720,352.35949646455293,303.4337080074766,387.8516895216859,5.28,MODERATE
R2721,439.8560604674839,422.107378436432,479.4327770141185,30.0,VERY_STEEP
R2722,428.3198413298626,404.4866985174788,445.5618557487485,30.0,VERY_STEEP
R2723,428.03761235709806,403.72396601143674,476.3978958276754,30.0,VERY_STEEP
R2724,395.7995759003571,385.4615160578587,431.3491461519266,30.0,VERY_STEEP
R2725,389.8005292954503,346.232211173872,433.6824060502725,0.68,FLAT
R2726,380.29157288331925,369.01179447754623,411.8942014946861,0.34,FLAT
R2727,356.56948589543657,308.9622925062669,383.14055979903185,30.0,VERY_STEEP
R2728,372.82353634936993,327.1405623056251,421.91085261316977,0.63,FLAT
R2729,374.66036349780245,343.2394868543639,407.9452183305959,0.43,FLAT
R2730,398.40770697102016,366.6638839745685,443.0826502829873,0.51,FLAT
R2731,424.7444406596694,388.59332374142315,472.876136514321,0.56,FLAT
R2732,397.3809828397947,371.8989823623992,434.39516792014103,1.4,FLAT
R2733,355.78444494471603,319.89555360880183,387.74199208546304,1.02,FLAT
R2734,445.7789800988204,433.9882445512809,455.9194141352464,1.11,FLAT
R2735,444.27243190941124,432.1105268154222,455.87321753897146,7.19,MODERATE
R2736,428.5189543148408,400.229737530059,446.55300295688545,11.62,STEEP
R2737,449.13279015642206,417.14789811218066,466.5731274306619,30.0,VERY_STEEP
R2738,404.4482332800263,358.93552766659354,424.6385850880201,2.88,GENTLE
R2739,446.2768350253206,432.09040966900477,468.474220533227,30.0,VERY_STEEP
R2740,357.5605040616751,314.6545869739195,381.9631238037042,3.19,GENTLE
R2741,386.56807482613715,368.16618133445434,413.3895824288922,30.0,VERY_STEEP
R2742,372.5381268006766,346.7747808602753,386.49278033891716,5.14,MODERATE
R2743,369.583308413427,346.91921102033047,381.27778569153827,13.52,STEEP
R2744,364.08029488926763,338.07408397465167,401.0380728521886,5.96,MODERATE
R2745,412.2413641565997,396.22154423369625,443.73475715032276,30.0,VERY_STEEP
R2746,428.1321855747305,397.9893825985883,455.8979536635353,30.0,VERY_STEEP
R2747,407.8298399420361,365.7641363487814,443.2074375887702,30.0,VERY_STEEP
R2748,364.69627095882095,337.0349105436651,407.80344724696255,30.0,VERY_STEEP
R2749,431.1123769933471,401.4878339574191,458.22009335799527,11.2,STEEP
R2750,413.59547071637286,369.6447673051203,449.240249318452,2.47,GENTLE
R2751,388.81657061269954,350.57424602717833,436.95945956610586,30.0,VERY_STEEP
R2752,417.4130295536063,387.7948532128149,460.99800938806874,30.0,VERY_STEEP
R2753,375.99049792428326,355.68267199671607,403.03053034437966,30.0,VERY_STEEP
R2754,384.51922084942106,339.1221509756224,420.30789436201076,30.0,VERY_STEEP
R2755,441.74858431319905,408.6677682455767,458.83142118983665,30.0,VERY_STEEP
R2756,379.05045056714204,360.2045461627143,411.47133796294565,30.0,VERY_STEEP
R2757,396.9988268157937,376.23403671027324,446.2519584613314,30.0,VERY_STEEP
R2758,439.01411373960144,396.8887901821516,469.7467183477023,30.0,VERY_STEEP
R2759,420.7721350267527,409.0063125432545,467.8776669943586,30.0,VERY_STEEP
R2760,356.2203226164703,306.5366351353175,382.51371943660075,30.0,VERY_STEEP
R2761,364.730304427897,349.5162372393053,414.68409751528225,30.0,VERY_STEEP
R2762,350.7841590771917,308.9414180613142,383.95296048629405,30.0,VERY_STEEP
R2763,413.09217902291635,387.30116635204905,424.7829387923537,30.0,VERY_STEEP
R2764,394.76734254104184,365.0786952095432,428.23753440869734,30.0,VERY_STEEP
R2765,363.42748509022755,318.20146199164446,384.4103929174114,30.0,VERY_STEEP
R2766,445.793412105677,419.27696452210847,457.0926649871128,30.0,VERY_STEEP
R2767,402.965972394562,371.46622224763263,445.8001045823486,30.0,VERY_STEEP
R2768,374.1893294112889,362.2173429149221,395.21851489051915,6.51,MODERATE
R2769,400.06035711547077,389.9664581607726,441.9222992773307,28.18,VERY_STEEP
R2770,417.96203327351077,398.1700383534417,439.4907365917455,30.0,VERY_STEEP
R2771,357.62392179735645,320.40059808060573,375.3969759523074,3.62,GENTLE
R2772,377.4703815047892,362.61978577042373,426.4278044689663,0.72,FLAT
R2773,430.69654908839937,416.1460707362174,455.16236219860014,0.44,FLAT
R2774,395.96648704026614,369.52806271883003,430.02153549799255,2.01,GENTLE
R2775,404.6577142032295,368.74423265890044,439.0569739158083,21.05,VERY_STEEP
R2776,393.2816002209469,354.7987205310297,425.700539507887,25.4,VERY_STEEP
R2777,354.3899942643005,337.25196730036555,400.9778240051491,9.82,MODERATE
R2778,366.5749779820156,353.39145208713387,403.5526208366903,7.79,MODERATE
R2779,394.5541638741891,346.93828251636734,420.7034840383863,30.0,VERY_STEEP
R2780,370.91854654079276,350.4918912383087,415.4137619217637,28.29,VERY_STEEP
R2781,354.9979028659679,310.8640429616189,372.2404188306065,25.31,VERY_STEEP
R2782,434.3649664051824,389.82530838666963,466.1344367095991,30.0,VERY_STEEP
R2783,448.1192529164116,407.21834924590985,496.1412677941619,30.0,VERY_STEEP
R2784,429.31428739967396,412.56094313357113,464.3301925948905,30.0,VERY_STEEP
R2785,435.3784921704667,392.5064338002987,478.05723018946173,2.1,GENTLE
R2786,374.19771303170455,333.4276906620411,410.3401420535123,1.89,FLAT
R2787,446.06269755131996,412.1937779470713,489.63753209283556,1.64,FLAT
R2788,369.6925704453428,346.2044890385847,417.47208563915257,1.51,FLAT
R2789,445.14298103618324,424.64263686552147,466.05985013749273,30.0,VERY_STEEP
R2790,449.4819293965951,434.60636091338074,466.26837264686384,30.0,VERY_STEEP
R2791,421.1722805746049,390.78199789857,450.5319105879065,30.0,VERY_STEEP
R2792,448.11437317918217,414.70393815878833,486.1888702521508,30.0,VERY_STEEP
R2793,406.9539779567104,382.5804183360789,426.04162808399906,2.7,GENTLE
R2794,375.95417831760903,346.9398156103743,386.1182363348157,0.99,FLAT
R2795,393.6995885665621,369.15901027179143,417.41699320003033,1.16,FLAT
R2796,409.3560935378786,373.71585124505054,458.11046695659013,6.03,MODERATE
R2797,357.3081562027015,311.257787890839,395.1068546269354,3.08,GENTLE
R2798,412.2343264617246,395.6775159798468,438.28734421937355,30.0,VERY_STEEP
R2799,448.11778367622946,422.8614312801045,465.82082757010306,16.59,VERY_STEEP
R2800,369.0107649783728,353.37602082033834,393.25435192856264,30.0,VERY_STEEP
R2801,429.2595116288383,394.26176081252504,446.0530889608882,18.99,VERY_STEEP
R2802,440.78987937796194,401.6350589984181,455.04211223048,30.0,VERY_STEEP
R2803,444.3701592820221,397.09364997812384,490.6398541849242,30.0,VERY_STEEP
R2804,446.0135604405447,424.85868339010614,495.91957397556365,3.04,GENTLE
R2805,402.1459638721472,354.13751563753,418.71054145597884,6.45,MODERATE
R2806,447.7307907991504,435.2002839263234,459.9116931542816,30.0,VERY_STEEP
R2807,425.7310207134439,391.6104661788604,448.9202649992924,3.88,GENTLE
R2808,366.1671436236962,353.88183484996296,394.6335108541528,2.76,GENTLE
R2809,397.690010646797,351.93904313631924,415.8828605298312,30.0,VERY_STEEP
R2810,421.8331175372004,390.64075525439824,443.89011400914274,3.18,GENTLE
R2811,374.7340315819083,337.9600975513965,392.7688610095746,3.28,GENTLE
R2812,414.06151835488873,370.79856131847066,455.0319410921868,30.0,VERY_STEEP
R2813,416.66004790466195,400.6476230053032,455.1631656345524,30.0,VERY_STEEP
R2814,366.2699743808566,354.72631190333124,401.66803501129584,17.53,VERY_STEEP
R2815,406.5085312452756,361.3532854087615,431.9972455284438,30.0,VERY_STEEP
R2816,427.1626910978608,404.56536199950347,473.5243287504302,30.0,VERY_STEEP
R2817,399.88956645359417,384.73041013650754,448.67086811499496,21.16,VERY_STEEP
R2818,351.2103116776107,322.47186219412725,368.1558841826272,30.0,VERY_STEEP
R2819,350.9038469079292,316.9716038800885,369.82435256440436,5.67,MODERATE
R2820,385.70293439700123,374.4641102601008,416.72817551701604,1.17,FLAT
R2821,442.6194068431782,421.62358051289465,456.269429614468,30.0,VERY_STEEP
R2822,372.8676779603609,361.55568298928506,400.3256139132854,1.4,FLAT
R2823,413.4363688871687,386.62295331934877,446.70801947827715,30.0,VERY_STEEP
R2824,372.2075870693321,326.40358590668234,403.0905299148254,1.98,FLAT
R2825,382.16699896595486,332.8609025062121,405.4033422890759,30.0,VERY_STEEP
R2826,434.8042089601484,399.3223068200033,466.5020412032367,4.31,GENTLE
R2827,422.8861442269947,406.42063647561105,471.2381823973486,30.0,VERY_STEEP
R2828,359.5399277313211,313.3059521313489,377.7806239029761,30.0,VERY_STEEP
R2829,392.87020209864335,362.2202891706409,429.0634564344035,11.7,STEEP
R2830,352.9169763645265,336.76700388040973,364.65284413076853,30.0,VERY_STEEP
R2831,398.0890146603009,351.21994788223446,410.74567083955833,1.43,FLAT
R2832,416.24340117010684,375.94463914118273,448.31653013905026,30.0,VERY_STEEP
R2833,361.85026235981513,322.5820514508891,376.0478295729331,3.87,GENTLE
R2834,378.88849389091655,340.52126573914035,389.78236542799084,30.0,VERY_STEEP
R2835,389.7836625502157,371.770069706358,406.6441824561366,5.0,MODERATE
R2836,441.95310246560496,423.5128347973039,474.5470693055879,30.0,VERY_STEEP
R2837,449.3255015422964,411.7937816052062,487.45913972305374,3.56,GENTLE
R2838,354.4911298995616,335.70221989514573,372.5902724652168,30.0,VERY_STEEP
R2839,426.10079234953923,398.5539244774173,462.83116983786624,1.79,FLAT
R2840,387.1724066402343,345.89233361647666,404.4714598842035,3.23,GENTLE
R2841,389.245818622948,347.8877178990343,423.78411568819826,30.0,VERY_STEEP
R2842,425.4264973347023,397.29602643366786,451.9048845305342,30.0,VERY_STEEP
R2843,441.8426432145409,400.15504568353106,477.99462358788554,1.92,FLAT
R2844,445.0928594502548,401.54798760233257,494.89496954942473,30.0,VERY_STEEP
R2845,407.7122586038321,371.52122855246165,455.2249372131346,30.0,VERY_STEEP
R2846,385.7121159300503,366.57508183771347,395.88338624349444,0.54,FLAT
R2847,428.7549085858779,407.794437370456,474.1724591603701,2.5,GENTLE
R2848,375.10013832623,352.5064921098806,387.7597701332207,30.0,VERY_STEEP
R2849,406.4074028833518,391.7352385739937,454.52926632974555,3.95,GENTLE
R2850,385.8578461524873,364.9314613376895,407.13087331647466,30.0,VERY_STEEP
R2851,415.6631073707876,397.2823383982863,440.94450058723845,3.68,GENTLE
R2852,374.0398912893507,345.8267412970066,387.7054194963798,30.0,VERY_STEEP
R2853,369.15929457348255,322.82179265859196,383.6502049066389,22.55,VERY_STEEP
R2854,441.8239086675437,427.6446959973854,480.8935312767165,9.18,MODERATE
R2855,360.18036829495367,321.36965133705786,407.9536577248853,3.3,GENTLE
R2856,400.59579077349315,363.10447059696804,435.0257305716655,12.33,STEEP
R2857,372.0852782963009,358.2551103497666,410.71927891737334,30.0,VERY_STEEP
R2858,353.8929963325667,306.9901001363347,394.3717861164529,2.22,GENTLE
R2859,353.60188182914266,320.8629937428699,374.1144528112603,30.0,VERY_STEEP
R2860,367.52217721058275,342.9731563651554,379.33136244739137,23.64,VERY_STEEP
R2861,436.67703545060004,396.4154921107878,446.7519452073668,30.0,VERY_STEEP
R2862,378.2478743977027,357.9532560616373,402.27384571586344,30.0,VERY_STEEP
R2863,445.04591705752955,407.3055235756767,464.7044861854982,30.0,VERY_STEEP
R2864,408.1622292989193,396.5737809960294,420.6549383008868,2.85,GENTLE
R2865,393.66141897687663,350.08509747250577,410.8425506766233,30.0,VERY_STEEP
R2866,408.00888346694546,380.0820495860927,422.98883939766336,30.0,VERY_STEEP
R2867,401.6698385226268,366.2021219483091,448.2649737473216,21.74,VERY_STEEP
R2868,425.8776253757325,407.02811258346514,441.48831391409925,4.23,GENTLE
R2869,378.2496065972852,341.1666580909473,409.7555451567924,30.0,VERY_STEEP
R2870,385.3050391600302,344.4154281242992,419.0292773645168,9.95,MODERATE
R2871,439.40943025332507,410.4809027779491,471.1490085616704,1.52,FLAT
R2872,444.64565131504054,409.93657435256875,458.6079086836801,30.0,VERY_STEEP
R2873,439.25582274864746,411.0027857957515,462.0077572186695,16.16,VERY_STEEP
R2874,391.94479939573137,346.1811446254176,403.9956126942575,2.16,GENTLE
R2875,428.0365503006882,398.12178308011545,453.86334686454086,8.26,MODERATE
R2876,397.63357333010987,353.96122496895714,415.17753058097355,30.0,VERY_STEEP
R2877,399.7539852146102,357.6999028838003,432.2192865459854,30.0,VERY_STEEP
R2878,370.4680109057284,344.04781805179414,408.1803466596924,30.0,VERY_STEEP
R2879,409.11303032585164,389.9096506515526,440.3978247340399,7.37,MODERATE
R2880,368.6135897753348,342.37030447294393,395.9830576397906,16.25,VERY_STEEP
R2881,383.1564699067194,340.10777487571056,408.6498067409871,20.43,VERY_STEEP
R2882,435.5030201619935,416.3977187292178,479.1706908858737,19.99,VERY_STEEP
R2883,370.70758092108554,339.73012708677555,389.4823035236963,7.76,MODERATE
R2884,357.1158285173433,314.8719585989134,396.48456209849803,19.14,VERY_STEEP
R2885,356.9007592612816,332.76166025614646,397.20005225088636,30.0,VERY_STEEP
R2886,444.0784520503108,408.39006657020286,470.84645234114015,30.0,VERY_STEEP
R2887,400.69204379618344,380.86678083423084,422.584067765209,6.32,MODERATE
R2888,390.9412071817018,376.5700293669754,419.76286662354084,18.87,VERY_STEEP
R2889,431.08785810079183,389.31248909707756,444.81641513649976,15.24,VERY_STEEP
R2890,433.5825927910516,419.6238478547033,445.4197940802152,10.51,STEEP
R2891,383.21910331156045,362.36384750837703,397.6832312896361,12.67,STEEP
R2892,419.36180574737955,375.15742886748194,436.8476070058686,25.26,VERY_STEEP
R2893,427.11228158518867,403.25351010204196,457.2793543987104,18.12,VERY_STEEP
R2894,415.46506868659543,366.54325470602896,459.4305341330403,30.0,VERY_STEEP
R2895,365.15950748000995,315.9701340890556,384.5852007599974,2.21,GENTLE
R2896,437.5883083517057,416.8572675335634,484.9947887815768,30.0,VERY_STEEP
R2897,403.9094552736009,392.27032638360527,452.105771631001,2.12,GENTLE
R2898,378.24724263700034,340.0447112687852,426.60342683080853,30.0,VERY_STEEP
R2899,392.5228185437694,364.48335843783565,436.02532793082236,2.54,GENTLE
R2900,353.75710903989074,339.7269952815077,378.3101106717996,3.76,GENTLE
R2901,362.78668012224176,324.48576736312003,375.6940365623467,4.98,GENTLE
R2902,426.55467505158606,415.3076786871092,459.3074243222459,30.0,VERY_STEEP
R2903,350.0011634755366,305.19329585584694,382.34842123302593,18.47,VERY_STEEP
R2904,391.6565828482292,376.11048168369706,435.6556135326131,1.94,FLAT
R2905,402.25101810855887,387.15854295868985,452.0906601464031,2.11,GENTLE
R2906,355.46344200009725,338.43655008135386,385.78973426250315,2.74,GENTLE
R2907,447.3078162972333,398.8971619575506,471.11597753882467,30.0,VERY_STEEP
R2908,372.6125331249672,334.88575871481333,390.04860158721783,30.0,VERY_STEEP
R2909,380.4198719636281,338.36501054508267,390.61186495632296,30.0,VERY_STEEP
R2910,380.3942512255027,354.4888517961926,410.7587989250579,7.59,MODERATE
R2911,373.041666211735,349.5891571115368,405.26241287983885,30.0,VERY_STEEP
R2912,350.14738220863114,330.76802193730435,393.14492140132705,3.82,GENTLE
R2913,422.93447940879963,393.7085582763033,453.1175581245117,26.54,VERY_STEEP
R2914,446.68454997992853,414.6114006385618,493.3432839265708,30.0,VERY_STEEP
R2915,372.4293483285045,337.1583545823943,407.5526873913619,4.32,GENTLE
R2916,416.30471918034226,396.0199790203945,459.9181687091856,30.0,VERY_STEEP
R2917,424.1896326958715,376.2434694597519,440.1217020881814,30.0,VERY_STEEP
R2918,434.84253790905245,418.052197980767,479.05598312114506,1.52,FLAT
R2919,392.2629197013609,343.6367927107044,429.26867387911483,30.0,VERY_STEEP
R2920,380.2930905640429,369.69884566374276,397.1024118615762,30.0,VERY_STEEP
R2921,382.5295134023031,353.2844857296293,400.12005572814354,30.0,VERY_STEEP
R2922,421.26213330985127,397.92741978518876,468.3221580716201,1.95,FLAT
R2923,431.6779466505636,403.7130100933536,442.9665610685785,30.0,VERY_STEEP
R2924,368.16139677566025,335.3348136164287,396.6627945074885,27.45,VERY_STEEP
R2925,387.0941008157765,359.67053449526816,409.63311241314057,30.0,VERY_STEEP
R2926,440.194019674915,413.6001456628512,476.79711727485216,30.0,VERY_STEEP
R2927,430.66935196947395,391.3604153529417,474.25452747223363,10.34,STEEP
R2928,448.4858402762476,411.050789272789,472.90096513851034,30.0,VERY_STEEP
R2929,425.4248259682081,382.0939746867742,452.5009094611216,3.27,GENTLE
R2930,389.31952010279224,369.3211608532124,438.5962314828488,30.0,VERY_STEEP
R2931,409.0637833994638,374.6826430093012,450.4204437866319,1.25,FLAT
R2932,416.10142542473204,382.6936340090179,461.9895906620037,2.43,GENTLE
R2933,357.8455816317124,333.05606919680486,385.39607045777757,1.6,FLAT
R2934,404.4496959103865,375.0073942342792,423.8127440697511,30.0,VERY_STEEP
R2935,420.932082847261,398.38079711503184,447.40662146271904,1.62,FLAT
R2936,366.73213040010603,351.0583544954266,405.3758071133666,3.76,GENTLE
R2937,428.0631717425557,409.5111233160464,442.44038793599486,6.37,MODERATE
R2938,408.37727805141117,394.15673219536313,429.1960422760715,30.0,VERY_STEEP
R2939,445.2221785697595,407.8993955621545,457.0876145882231,4.23,GENTLE
R2940,354.24222982068915,317.8131340963231,381.5361393542144,30.0,VERY_STEEP
R2941,376.5326137555467,328.5083588923518,419.63044319473124,30.0,VERY_STEEP
R2942,410.1553879299824,370.96825138409275,421.14193546190285,4.52,GENTLE
R2943,379.6559912205931,367.5741576703478,416.66893229287973,3.12,GENTLE
R2944,421.4424164071242,376.072609449966,468.7422513876738,30.0,VERY_STEEP
R2945,425.9005282521931,381.39352173436407,445.3776427126404,2.69,GENTLE
R2946,360.2515964066474,332.51878357573946,397.99699003575336,30.0,VERY_STEEP
R2947,401.3854464206768,367.9509243995599,450.3895224646848,22.19,VERY_STEEP
R2948,400.8890555591056,351.8459222602048,449.3801779652041,30.0,VERY_STEEP
R2949,386.9280770215541,355.63590246762743,406.3252447427198,30.0,VERY_STEEP
R2950,443.2924862569672,397.0796131219236,457.30572838545,30.0,VERY_STEEP
R2951,432.7506319873221,419.42908167491464,448.68193350315875,3.34,GENTLE
R2952,419.7209381909637,402.07886344261635,457.8023649302494,6.36,MODERATE
R2953,421.4326635734998,393.80246583584704,460.46301859163077,4.47,GENTLE
R2954,396.1716143813119,362.7813420478197,433.14107684643983,30.0,VERY_STEEP
R2955,442.0994521096576,399.4503380351456,465.5425876193471,3.9,GENTLE
R2956,419.45954272532856,369.9290581196011,436.25062031565346,30.0,VERY_STEEP
R2957,422.8981061655816,397.344046306617,456.12854984367175,8.66,MODERATE
R2958,436.1690903787345,424.2724649331311,465.51630820904916,30.0,VERY_STEEP
R2959,377.4071589342191,335.36029880240613,416.56052481911127,26.14,VERY_STEEP
R2960,430.7070903866703,396.531861623358,458.3614935340952,30.0,VERY_STEEP
R2961,369.5240602956492,351.58234594092113,393.0696480831079,30.0,VERY_STEEP
R2962,384.53419522448877,354.741056959632,406.27333831884937,30.0,VERY_STEEP
R2963,383.56104542698426,343.8686356056353,402.0198582289741,30.0,VERY_STEEP
R2964,447.85254683891407,407.03607535616834,468.4824018863805,30.0,VERY_STEEP
R2965,435.65372237479266,405.6689858948422,449.44693992855673,30.0,VERY_STEEP
R2966,420.116986159026,397.90840495387164,443.99126659618156,0.47,FLAT
R2967,422.70567616153903,373.75597287999926,434.16846865605737,0.62,FLAT
R2968,406.2072794402571,369.67277500199737,423.66383332691015,0.46,FLAT
R2969,444.7090667108519,418.37956593699994,484.5798844956291,0.56,FLAT
R2970,399.62587528823616,378.40734632005007,422.6446348353011,30.0,VERY_STEEP
R2971,388.0517709869895,348.807651666847,424.7812516660832,14.24,STEEP
R2972,366.3035336931591,346.61619586940844,404.97890071705024,30.0,VERY_STEEP
R2973,428.6205652261058,411.75216566715824,461.86797893539034,0.89,FLAT
R2974,423.44439320755913,392.2510376490763,471.79230286217506,4.03,GENTLE
R2975,388.4355038524135,366.8360081466478,399.293098517338,2.06,GENTLE
R2976,352.51934139592294,317.3631355989783,392.0654474194486,30.0,VERY_STEEP
R2977,433.89973277180104,419.1821857768317,482.25119852941737,6.25,MODERATE
R2978,351.1417983454074,314.94415416271454,395.63266751952494,30.0,VERY_STEEP
R2979,420.36997796290507,399.038116842997,437.0856856351056,0.77,FLAT
R2980,447.0257109726057,437.01599359522515,470.09852322267494,0.67,FLAT
R2981,393.76613281482037,378.6886905078533,410.664206409879,30.0,VERY_STEEP
R2982,373.4973404995953,326.1527253861915,407.54967505218343,3.21,GENTLE
R2983,420.4871010043382,375.79291543972386,458.9746202835179,3.28,GENTLE
R2984,431.7128142015585,412.368452920109,454.39576497608084,1.08,FLAT
R2985,404.64303160778474,363.50815542596507,436.22329456715653,30.0,VERY_STEEP
R2986,446.7035275256146,412.36066379865565,484.3403503284624,30.0,VERY_STEEP
R2987,355.1668721657961,306.3306837078013,382.02046483023804,8.81,MODERATE
R2988,400.4795598304528,375.53533344909044,444.64018104867114,30.0,VERY_STEEP
R2989,421.845394732255,384.58697023156816,462.70739214376766,30.0,VERY_STEEP
R2990,436.2640471149179,423.72261821796116,448.8506688689407,3.56,GENTLE
R2991,367.92556119077904,342.0756673181228,402.7705731544122,30.0,VERY_STEEP
R2992,430.00034817636816,381.44764172884095,449.4133702147582,12.11,STEEP
R2993,405.27070757185453,373.7114725938497,437.57143815854556,10.78,STEEP
R2994,389.6553681989963,368.1401880656025,437.93090590431495,30.0,VERY_STEEP
R2995,363.17150285790933,348.36066433276505,408.33398303999934,30.0,VERY_STEEP
R2996,436.52957589089124,398.38844228363,462.7102320154965,10.58,STEEP
R2997,365.72732081797153,329.9330790807825,387.3878751517457,30.0,VERY_STEEP
R2998,380.9787859209099,356.0212373767589,400.3550156972403,30.0,VERY_STEEP
R2999,379.0045531962437,330.9668991216103,410.3051479865045,30.0,VERY_STEEP
R3000,437.1414034190854,426.25329089957137,451.7113415494077,14.54,STEEP
R3001,417.2702994208898,395.12134535561677,449.2412997460197,30.0,VERY_STEEP
R3002,429.66813971913723,382.825360267154,439.7214852987689,9.61,MODERATE
R3003,375.0467898792499,352.20937234647226,398.0007751090837,30.0,VERY_STEEP
R3004,412.4874099606999,392.39729660649306,431.2847825139231,12.73,STEEP
R3005,407.17459831437486,375.805781917125,456.0233499128061,30.0,VERY_STEEP
R3006,433.2830376788271,390.33096768200556,472.37273046162625,2.94,GENTLE
R3007,440.60870604812607,426.4828356129916,464.59484126661556,1.36,FLAT
R3008,351.2156771477387,303.4948487619092,364.9294806089635,30.0,VERY_STEEP
R3009,417.40199190587924,375.59907665863267,448.0740156935042,4.4,GENTLE
R3010,355.1835799119729,337.9335696899108,373.72149516501463,2.44,GENTLE
R3011,404.8858665077356,366.4055480598091,436.3430483436699,30.0,VERY_STEEP
R3012,378.7632729043678,353.3649239988655,422.1777670715235,6.23,MODERATE
R3013,380.6776599522141,354.58587282916136,415.30936203626953,30.0,VERY_STEEP
R3014,385.29585034523564,343.96424664768097,420.6473871270357,30.0,VERY_STEEP
R3015,412.129244904961,363.6178525857317,443.7704564674735,30.0,VERY_STEEP
R3016,383.40499656687695,368.3387616529892,430.4956218721333,30.0,VERY_STEEP
R3017,423.269905059028,396.4446955838753,470.54601243585216,30.0,VERY_STEEP
R3018,390.45273855738697,361.2150742340148,420.96166660032907,3.46,GENTLE
R3019,356.83532003099583,331.7828473527959,379.065699516736,30.0,VERY_STEEP
R3020,428.3759842484107,403.8484192997617,456.75946448358843,0.41,FLAT
R3021,378.5758324592706,366.4850857568067,396.03814894709524,30.0,VERY_STEEP
R3022,393.2766879599263,355.85514313742135,428.73046057264986,2.07,GENTLE
R3023,418.5443883221902,391.09581163738835,448.5480817534795,1.63,FLAT
R3024,383.2456157148712,365.45386360911414,397.3776348274024,30.0,VERY_STEEP
R3025,355.65856561467155,313.01722552258883,373.56447685945614,30.0,VERY_STEEP
R3026,387.39210470128137,345.28967477521627,416.5773829492624,30.0,VERY_STEEP
R3027,444.44485826943037,414.9891931458746,489.9484178981847,9.57,MODERATE
R3028,414.17343972985583,392.23541328394543,446.82906855509975,9.23,MODERATE
R3029,417.14791486672067,381.62420583486255,454.4093148750595,30.0,VERY_STEEP
R3030,413.228215363764,391.70212993266784,436.78935735352036,30.0,VERY_STEEP
R3031,369.89921389594366,350.4588966829952,402.755669617713,1.96,FLAT
R3032,391.833386410228,352.61280024917494,419.7285793157507,0.75,FLAT
R3033,425.0939798363318,413.48097024749376,461.4591763412582,30.0,VERY_STEEP
R3034,360.1372897553159,346.34655091393216,372.1603123984763,0.85,FLAT
R3035,377.7852776089712,367.5137506480276,407.51728625852957,1.23,FLAT
R3036,377.63191084658536,361.5141833875683,399.47161585234403,0.61,FLAT
R3037,393.2018927594506,380.4422924110322,416.24929521056697,30.0,VERY_STEEP
R3038,448.0368740942185,398.20477938302173,496.47357135654096,1.77,FLAT
R3039,356.7502546683822,335.1978558702186,374.0580471768375,8.37,MODERATE
R3040,401.8700994380595,385.8993789312896,424.3199095412034,30.0,VERY_STEEP
R3041,367.93646820122103,348.2966178813843,398.3321712304559,30.0,VERY_STEEP
R3042,447.06765454097444,399.6226316793691,491.5887324669594,30.0,VERY_STEEP
R3043,361.33035047274643,330.5239415517706,387.9971538010013,1.46,FLAT
R3044,390.3601002361591,365.7673763838448,430.11471147168595,30.0,VERY_STEEP
R3045,423.7884984834606,378.8528401670918,468.0434624120527,15.34,VERY_STEEP
R3046,420.4554428027445,394.6558319807832,442.85609703561846,30.0,VERY_STEEP
R3047,392.2728636893932,368.8725208910854,417.9828710309416,20.36,VERY_STEEP
R3048,384.65241679527185,366.36111589328243,408.9146657428061,30.0,VERY_STEEP
R3049,389.76123785528705,364.64936489891056,433.0754702000039,30.0,VERY_STEEP
R3050,376.4276263158639,353.7602520751869,388.2015007940079,30.0,VERY_STEEP
R3051,370.53329387068,333.44113549875436,392.8701374238272,30.0,VERY_STEEP
R3052,398.303969755889,376.7206615690599,435.4803120596942,5.39,MODERATE
R3053,376.8533756067607,343.76538574985824,409.47111558937445,30.0,VERY_STEEP
R3054,378.746166489725,366.1104798884461,406.19774086147277,11.41,STEEP
R3055,415.6756063474557,398.0240400795951,447.2735354363111,30.0,VERY_STEEP
R3056,446.8537331699892,420.55752230553526,464.7571166031219,5.09,MODERATE
R3057,410.3637200559375,362.8857498995897,437.5923849202579,30.0,VERY_STEEP
R3058,357.6979467064966,332.6078672778688,387.7660660735506,4.55,GENTLE
R3059,357.55836138540667,320.9953965374133,403.60592626359073,30.0,VERY_STEEP
R3060,445.1423220845566,424.9388331877007,465.57572859671563,30.0,VERY_STEEP
R3061,379.7290790307334,364.6477359918041,424.4422191173307,30.0,VERY_STEEP
R3062,359.20669860824756,346.86523460504554,394.97635464128683,3.16,GENTLE
R3063,409.9044587150382,387.68791877332814,420.7180919577422,13.21,STEEP
R3064,412.3648778290266,396.05843675715033,451.3501313050024,30.0,VERY_STEEP
R3065,414.8504820118688,397.89006409122385,426.272557113831,0.93,FLAT
R3066,376.74020278575415,336.30983045027614,426.6354478583067,30.0,VERY_STEEP
R3067,351.5110684214475,340.87754558365253,396.4165359290954,30.0,VERY_STEEP
R3068,446.5015369454472,414.1891319160298,468.395286847049,30.0,VERY_STEEP
R3069,375.08930456911025,349.9108493453717,395.38575377697845,30.0,VERY_STEEP
R3070,417.60262880525477,387.34062880891287,442.8602720894791,8.63,MODERATE
R3071,420.66298698787097,388.14977749928687,444.9096656004487,30.0,VERY_STEEP
R3072,411.0007417079486,388.46603392965744,435.8942544433638,6.63,MODERATE
R3073,381.29073942136483,359.4863850139934,404.02180126614405,30.0,VERY_STEEP
R3074,377.1096253764066,337.7735514030104,411.95496165033984,30.0,VERY_STEEP
R3075,409.7668282702703,364.915748745424,426.33737481909526,30.0,VERY_STEEP
R3076,436.60956336116914,418.906298062828,480.4488150590097,30.0,VERY_STEEP
R3077,444.67337289233956,430.7686224709336,487.1694722535922,30.0,VERY_STEEP
R3078,360.5905804403758,314.67874818469477,389.6499087545866,3.61,GENTLE
R3079,365.482861259772,341.48704271387606,409.5920598709139,30.0,VERY_STEEP
R3080,444.473625878308,412.4209302517954,464.35942867951974,30.0,VERY_STEEP
R3081,423.65352283347926,399.2717970526791,434.3561410616379,30.0,VERY_STEEP
R3082,438.2993824829773,423.26728902913527,473.06769948417025,30.0,VERY_STEEP
R3083,370.26326341353433,336.6899976156252,398.57963969212295,4.72,GENTLE
R3084,408.7585871109402,377.75295304015503,441.445168962775,4.63,GENTLE
R3085,420.11395944174734,401.9942170740994,466.08753580248344,30.0,VERY_STEEP
R3086,418.0111885446973,389.93642675860616,466.80821148733503,25.55,VERY_STEEP
R3087,390.8151690866698,348.937268926044,426.1932946768939,30.0,VERY_STEEP
R3088,351.53948916913083,317.92244504481516,392.10171276322836,25.75,VERY_STEEP
R3089,408.29260568042633,394.41591259774657,421.6449430199129,30.0,VERY_STEEP
R3090,375.31015391796086,343.38929402879546,391.7387773136211,30.0,VERY_STEEP
R3091,395.025424614289,356.91589264270556,434.35361681240806,7.59,MODERATE
R3092,445.75810150838174,404.04996527715167,473.0127197639018,13.41,STEEP
R3093,389.9035317642435,354.73882861887284,417.74214258041974,30.0,VERY_STEEP
R3094,433.98016066644266,417.8738340848113,456.3244679318601,9.54,MODERATE
R3095,368.85406057492514,330.4471299113187,403.1483159140349,30.0,VERY_STEEP
R3096,417.24604980250285,380.1523759592422,434.65265161915096,4.75,GENTLE
R3097,447.70069544389435,436.723620126269,482.7773466164502,30.0,VERY_STEEP
R3098,360.1893100872937,333.7194033836839,377.1412643727033,4.05,GENTLE
R3099,350.83199422271923,327.5139843442243,363.38503561110775,30.0,VERY_STEEP
R3100,393.3582792632614,356.5817966931157,416.57258681122386,3.97,GENTLE
R3101,359.2625483051367,340.61711581269986,378.5081619855306,1.51,FLAT
R3102,424.83843496762313,391.2035580486528,470.39810050987643,3.16,GENTLE
R3103,441.4548663848559,394.926627912289,453.65300453960094,1.5,FLAT
R3104,393.40209727087586,351.49000238253154,410.46664497384074,30.0,VERY_STEEP
R3105,375.87116421554407,329.01285476688287,407.81994843886605,11.08,STEEP
R3106,393.44033190066096,344.3000932233534,422.6830195345599,30.0,VERY_STEEP
R3107,422.3447817850001,411.91797670475364,434.1788625199882,1.87,FLAT
R3108,350.9054161580371,315.995765102938,361.19551327864286,30.0,VERY_STEEP
R3109,408.94539894846974,382.43182303811346,458.46811662691573,30.0,VERY_STEEP
R3110,411.3291684887379,366.93498887533303,447.6825565030914,30.0,VERY_STEEP
R3111,413.76882468959354,393.69623660922827,438.38506992565584,4.9,GENTLE
R3112,374.2022079980877,324.96102843348467,403.01949790461737,30.0,VERY_STEEP
R3113,421.4052723378127,386.85695355606276,442.06727715598413,30.0,VERY_STEEP
R3114,359.1391486331776,317.39765254402437,382.934099980906,2.73,GENTLE
R3115,369.92703364668006,356.50305153376934,405.88881233740864,30.0,VERY_STEEP
R3116,437.7470046654482,420.4086892750936,483.059476620143,6.15,MODERATE
R3117,423.87231507265665,383.5361681512885,441.23751599590406,30.0,VERY_STEEP
R3118,351.3745554011345,340.4950945195616,394.98901561654725,10.24,STEEP
R3119,374.83762603698,332.1625066012287,389.6998912177108,2.36,GENTLE
R3120,371.4406482993165,360.88268755164,390.0403372428521,30.0,VERY_STEEP
R3121,377.08063280369726,340.7958792412463,388.5676443256831,3.49,GENTLE
R3122,374.75597702798865,350.1522202187164,390.38845151170864,30.0,VERY_STEEP
R3123,356.2526295742846,321.79283546551665,402.9447553928466,17.37,VERY_STEEP
R3124,395.894051659682,358.05279538011746,424.2716015244172,6.17,MODERATE
R3125,423.27334747861653,399.5743387111644,436.3799819497507,30.0,VERY_STEEP
R3126,410.67317247174367,396.35467454731025,459.0622459933021,5.19,MODERATE
R3127,417.287166859808,404.5013321498774,462.44685917015397,30.0,VERY_STEEP
R3128,358.1149178536239,324.557476951122,398.30221868834957,30.0,VERY_STEEP
R3129,445.1490710176787,414.32285686831426,492.487982695581,7.92,MODERATE
R3130,433.8491833843025,394.1611430194572,452.65436021773303,30.0,VERY_STEEP
R3131,430.50903184956627,400.1196114494088,473.96380356996974,7.24,MODERATE
R3132,432.29838050417675,405.4005489029416,469.898028358349,30.0,VERY_STEEP
R3133,443.27105081327613,417.3475636838269,488.0614207959837,30.0,VERY_STEEP
R3134,404.42539661136976,393.36752050746304,446.30185924107496,8.4,MODERATE
R3135,370.02820178676257,346.60591371889626,393.88800431383555,2.57,GENTLE
R3136,411.67836078525414,362.63755448427435,452.65430226594435,30.0,VERY_STEEP
R3137,424.2881493667939,379.34592631771034,444.7864014861895,30.0,VERY_STEEP
R3138,423.79173933540255,400.61661665403386,446.9354258565247,3.24,GENTLE
R3139,402.144902416688,368.63308621403314,416.4611311056071,30.0,VERY_STEEP
R3140,356.8458719333578,312.95400211193805,404.24893657257655,30.0,VERY_STEEP
R3141,387.1112938430128,359.46032037301006,408.75142837902405,3.74,GENTLE
R3142,442.07666084633576,431.3583462963297,472.90155945319384,30.0,VERY_STEEP
R3143,408.4448909757426,395.464472502997,434.0982044343903,22.77,VERY_STEEP
R3144,403.83319432557136,373.4174854716231,452.2303191489114,3.93,GENTLE
R3145,376.88535143821935,328.1077764111842,400.28731827575865,30.0,VERY_STEEP
R3146,386.8448919916579,349.1165103029032,427.9867248485655,11.03,STEEP
R3147,439.53460891531694,426.6979612577742,483.75125510056415,30.0,VERY_STEEP
R3148,416.6463047526836,399.0718697210091,444.0705646519222,7.99,MODERATE
R3149,428.7387026752333,387.8857769465593,453.8655752533505,30.0,VERY_STEEP
R3150,395.43454230676554,351.77695190851574,435.3443751440707,7.89,MODERATE
R3151,413.0247219456158,378.31693849807215,459.54056115786517,30.0,VERY_STEEP
R3152,374.83836087432076,339.0614340891281,415.0356301972103,19.79,VERY_STEEP
R3153,420.5460830283486,409.41258501301326,439.63113765202326,30.0,VERY_STEEP
R3154,392.76013337033373,349.6189229870734,438.2924432678419,30.0,VERY_STEEP
R3155,394.25455148147455,352.72354315464133,419.7578181789479,30.0,VERY_STEEP
R3156,414.93223245768814,394.57082669355424,447.98140892880554,3.81,GENTLE
R3157,443.62806214689266,405.2809933482724,486.8854869186011,30.0,VERY_STEEP
R3158,356.4006346608621,337.8064504038622,373.93642535688184,16.65,VERY_STEEP
R3159,432.47432373470076,420.86111729264024,473.8547291618029,30.0,VERY_STEEP
R3160,379.23831104121933,361.19284933760423,413.08482295764645,5.16,MODERATE
R3161,394.39194545063776,377.24679038046577,440.1256111237421,30.0,VERY_STEEP
R3162,352.1913328775009,328.681413008107,369.0701489512426,30.0,VERY_STEEP
R3163,380.1046077834313,353.366627896413,406.9318972650684,2.57,GENTLE
R3164,400.263124263013,369.92156860310473,443.5768479776865,30.0,VERY_STEEP
R3165,355.6176077347439,326.5474527144108,366.38687587301433,7.95,MODERATE
R3166,399.1095729383165,378.2825886997049,413.5976276089422,12.1,STEEP
R3167,442.71106288584275,431.54423614287975,492.33367139611215,30.0,VERY_STEEP
R3168,360.5393218107805,326.3352569212945,381.7550889543945,4.31,GENTLE
R3169,426.4440728075504,400.6142796136562,475.46580055650855,30.0,VERY_STEEP
R3170,390.96710533759926,369.02021904209727,408.2683673779462,2.04,GENTLE
R3171,415.5173714524338,370.8397297392133,439.96114917272723,30.0,VERY_STEEP
R3172,376.02365979852294,336.15392748659656,416.1384375786658,30.0,VERY_STEEP
R3173,365.94922625413585,321.63860431923814,402.260362543663,30.0,VERY_STEEP
R3174,366.04626142712266,336.24694963862424,399.2911574242849,30.0,VERY_STEEP
R3175,357.04919456431446,341.8119444792434,388.2451615965148,30.0,VERY_STEEP
R3176,368.5646704901243,330.7158130452734,412.3022882367139,30.0,VERY_STEEP
R3177,416.42193849889685,398.17898730140985,435.81988101223254,9.28,MODERATE
R3178,438.1690611843508,410.51987442068213,465.86789826409154,30.0,VERY_STEEP
R3179,431.41256855911615,418.8125370011606,447.63066024537443,30.0,VERY_STEEP
R3180,418.51343098744843,375.50109489052915,452.3510948166766,3.66,GENTLE
R3181,361.04318634111024,346.0055606992102,381.064963311963,30.0,VERY_STEEP
R3182,378.918744629595,332.7948443476226,402.27242720333044,30.0,VERY_STEEP
R3183,380.9806875322469,336.41146344178463,409.83071619718805,17.53,VERY_STEEP
R3184,374.9956946397621,346.4123840621923,386.0665180678872,30.0,VERY_STEEP
R3185,401.50056597097233,361.7258377988127,415.17808340780584,30.0,VERY_STEEP
R3186,403.5553814879673,368.77757853524116,440.99255031629605,30.0,VERY_STEEP
R3187,385.688597517111,343.5655718236012,412.8473967458113,18.98,VERY_STEEP
R3188,385.3789158736436,358.1067118422071,429.97052475363944,30.0,VERY_STEEP
R3189,432.85555979060814,391.4232204208341,470.64243993637615,16.03,VERY_STEEP
R3190,428.9292848319686,400.43101214936263,439.25332249786146,2.68,GENTLE
R3191,380.77958316807457,333.1409516543628,415.44807639875995,30.0,VERY_STEEP
R3192,441.3788443873259,411.92396035432,455.12783902971455,15.99,VERY_STEEP
R3193,445.2815017002506,416.7767308229014,486.5188288918704,30.0,VERY_STEEP
R3194,382.67425420300407,341.27137974046354,432.33456173414413,17.55,VERY_STEEP
R3195,385.4424948793055,342.579387208872,416.690446648966,30.0,VERY_STEEP
R3196,400.56341534219587,368.383850769349,437.87459534996106,22.53,VERY_STEEP
R3197,444.11208125336736,426.92016871356435,463.60464768915745,28.95,VERY_STEEP
R3198,437.63194331423114,408.92161407592795,465.1358530643829,30.0,VERY_STEEP
R3199,360.256796258359,311.5338961419718,404.5006095478143,30.0,VERY_STEEP
R3200,389.2730743271416,349.15362660557423,405.9699922369917,2.2,GENTLE
R3201,405.33711897497716,362.89061481981184,425.95854319952764,7.6,MODERATE
R3202,400.313247255154,389.0002273023844,428.1305942665952,8.26,MODERATE
R3203,369.38630679368924,340.6719282883229,407.8762624674498,30.0,VERY_STEEP
R3204,435.88167711681547,400.01683177051325,460.9170353086424,30.0,VERY_STEEP
R3205,417.6940782996837,374.49277095456074,464.8033694910039,30.0,VERY_STEEP
R3206,433.79083748518036,421.8198913418695,447.56911953592913,3.83,GENTLE
R3207,435.87642793494723,391.77887250927233,460.70859583674115,30.0,VERY_STEEP
R3208,424.835585366574,392.8995478968975,463.1937503037109,4.17,GENTLE
R3209,393.92106012497175,376.02850130192934,412.96053075143146,30.0,VERY_STEEP
R3210,411.0546755015425,388.36446684355445,447.3112008707294,4.26,GENTLE
R3211,366.0365406119743,344.75935854191187,382.60521894106813,30.0,VERY_STEEP
R3212,417.36454174749076,386.13018037595174,429.60375314195824,25.61,VERY_STEEP
R3213,367.9253255739281,355.8578983774828,382.76595424387403,30.0,VERY_STEEP
R3214,419.3949590510157,403.05351271101875,466.5943503763811,6.64,MODERATE
R3215,372.9598160753969,330.4520943403656,405.0298513929789,3.34,GENTLE
R3216,361.755130015022,346.45097038514956,403.608961034208,30.0,VERY_STEEP
R3217,366.52844901429575,347.19259823597065,389.8346290504978,1.63,FLAT
R3218,350.19921352190704,322.0643892977407,383.9055594373249,2.37,GENTLE
R3219,421.873961785353,391.18912626081976,451.67204713355267,30.0,VERY_STEEP
R3220,423.24010490583794,382.6956857212716,471.0696232819297,30.0,VERY_STEEP
R3221,401.4933349913259,373.6000379246784,441.39632043349036,2.12,GENTLE
R3222,366.1362801055384,324.5416952641168,405.35798536540153,2.7,GENTLE
R3223,358.355433751069,323.62158146925066,370.2095645284402,30.0,VERY_STEEP
R3224,351.9128966437287,337.3889070667758,383.89968340387634,3.33,GENTLE
R3225,366.5748176965221,350.32156016080853,395.2544758525947,30.0,VERY_STEEP
R3226,439.08555349831465,411.6042044803238,486.1992441625624,21.69,VERY_STEEP
R3227,374.15368417016816,348.27810844660655,394.44736369774944,30.0,VERY_STEEP
R3228,385.4271327217216,345.6853619362298,406.2204708533654,30.0,VERY_STEEP
R3229,360.5345484481333,327.30506285623926,386.9883984033933,11.7,STEEP
R3230,372.236130474817,346.71080723472704,391.97091901107206,30.0,VERY_STEEP
R3231,401.9224570780205,385.09204574000506,417.0898137903705,2.11,GENTLE
R3232,410.77526830956526,391.70178421654543,455.0718621755973,1.64,FLAT
R3233,374.5352314166211,341.51519067785875,406.8662923927777,1.69,FLAT
R3234,355.7732159225117,328.83566372652,400.2277246807744,30.0,VERY_STEEP
R3235,389.10328691273986,358.506186558313,432.3486775288877,13.39,STEEP
R3236,373.4203370926334,356.59323968054406,394.70203128422025,30.0,VERY_STEEP
R3237,371.9553923229802,335.43914222919756,403.8648900959511,30.0,VERY_STEEP
R3238,445.98628027134555,401.8847306371069,459.31498838094836,30.0,VERY_STEEP
R3239,411.6300485925724,391.3124683210964,458.2401239538027,30.0,VERY_STEEP
R3240,405.68784431720957,376.0272752839365,431.8583529198157,30.0,VERY_STEEP
R3241,391.5775103523322,342.5564171914961,417.32455770789306,30.0,VERY_STEEP
R3242,392.89443334301444,369.56476372098535,415.00464816773257,30.0,VERY_STEEP
R3243,404.0905003838081,370.2886465868576,432.5170501722362,3.69,GENTLE
R3244,419.6429807036107,406.0351526956009,439.71335616542865,30.0,VERY_STEEP
R3245,420.2146096181829,385.9740095190052,445.2087005300551,30.0,VERY_STEEP
R3246,367.16939077054496,353.58411983836027,409.16727271394024,16.08,VERY_STEEP
R3247,400.0112752076627,351.64185779470984,443.3814953510696,30.0,VERY_STEEP
R3248,391.1958095034102,352.56930342051777,413.3631086085509,17.61,VERY_STEEP
R3249,437.0526966269384,395.52630510151016,465.81327384904995,30.0,VERY_STEEP
R3250,413.14189212183766,374.9777176909722,458.09468317303975,9.08,MODERATE
R3251,403.2504066415982,369.6612451985396,415.3573399147861,30.0,VERY_STEEP
R3252,361.53946421789175,333.5429529744715,407.10526269772316,5.54,MODERATE
R3253,410.56378893234114,366.22885374189866,429.3311627584344,30.0,VERY_STEEP
R3254,361.72039056802333,313.4469638663008,398.8619603365984,12.46,STEEP
R3255,383.7206575565752,353.75921064041194,417.0227254119592,30.0,VERY_STEEP
R3256,364.2841964814332,317.0227945152227,396.40182640900326,18.04,VERY_STEEP
R3257,419.2073647024369,385.8740483028962,463.58177369254975,18.14,VERY_STEEP
R3258,370.62521138361524,339.0898439077579,384.6880971294017,30.0,VERY_STEEP
R3259,389.1859373188026,361.0066280005883,413.06705833182804,30.0,VERY_STEEP
R3260,439.56747776187785,421.19596730067303,471.0975876156685,15.82,VERY_STEEP
R3261,370.431638339897,360.28285190717463,412.8831924977386,30.0,VERY_STEEP
R3262,400.7805063958779,381.12025732163545,419.4382297323448,7.58,MODERATE
R3263,391.9271661166022,361.5382392524596,434.0443597715733,14.35,STEEP
R3264,351.812404104573,326.6140060141829,377.7979434043304,30.0,VERY_STEEP
R3265,429.27581135728127,401.3364022371759,446.8323656146291,2.31,GENTLE
R3266,356.90459063146,307.678661848898,397.2640482491993,2.31,GENTLE
R3267,397.42550209769536,373.41460727092226,411.06145815667725,2.91,GENTLE
R3268,406.067829493895,377.98051191949065,436.6585244569127,30.0,VERY_STEEP
R3269,412.84264566145873,397.50202360734596,425.3976770159343,1.14,FLAT
R3270,418.86316293078755,406.94485363330807,443.1198771370991,30.0,VERY_STEEP
R3271,375.3272383522715,334.3108577685717,409.3703103125272,15.13,VERY_STEEP
R3272,350.99787766584495,318.1705506629658,383.2424993253335,30.0,VERY_STEEP
R3273,422.3443662354912,381.91617399373536,448.53058295167784,6.06,MODERATE
R3274,403.56565993475783,387.57114797929574,430.72757969364244,3.92,GENTLE
R3275,433.6117703207249,400.73861947341726,452.6825524547555,30.0,VERY_STEEP
R3276,432.13883629006943,411.9931373164144,460.37413982703356,6.8,MODERATE
R3277,434.3326167787883,415.21014410278747,482.46281100762167,30.0,VERY_STEEP
R3278,398.509465997954,388.0484254358346,442.52758270930565,30.0,VERY_STEEP
R3279,383.36283958368654,368.1492106409237,399.1721543467403,4.41,GENTLE
R3280,429.155820259137,406.7850957991492,440.3470517519738,30.0,VERY_STEEP
R3281,395.1294113029255,380.454260879288,442.47038381159075,10.85,STEEP
R3282,368.34421964034345,318.90988202390594,399.41420963557334,8.64,MODERATE
R3283,435.4974019561474,413.1520960151894,467.0109148821197,30.0,VERY_STEEP
R3284,438.2559876772347,423.04302980914156,479.48470750549563,30.0,VERY_STEEP
R3285,396.630975614017,378.6676831008987,419.2185345688701,30.0,VERY_STEEP
R3286,357.56997273097875,324.0618435973197,386.8462754844188,18.49,VERY_STEEP
R3287,388.7826089916931,376.2208680371016,437.5291255175626,30.0,VERY_STEEP
R3288,430.35376594626035,385.85640074061405,467.2397134235566,1.98,FLAT
R3289,440.17740285462287,391.717415685137,456.3272041344543,30.0,VERY_STEEP
R3290,370.3472742497596,350.47737742306435,385.67634416913376,30.0,VERY_STEEP
R3291,356.69736120252713,328.6935504588928,374.86795153584734,1.12,FLAT
R3292,437.7350453132839,426.849667272104,478.4035122901126,30.0,VERY_STEEP
R3293,388.9404938978875,353.3120849087986,410.75557405151216,30.0,VERY_STEEP
R3294,404.1760964267563,377.6190541046528,415.0316502937595,30.0,VERY_STEEP
R3295,446.8065812050759,426.00424256101365,494.5735557453023,30.0,VERY_STEEP
R3296,356.6564727914223,338.38298836675796,373.4450094472187,7.68,MODERATE
R3297,414.83180074520953,378.6708776388591,425.21412819113226,30.0,VERY_STEEP
R3298,357.4105422574867,330.76186101619413,376.89580635281965,30.0,VERY_STEEP
R3299,387.54689284665005,370.36052128545356,406.9480443313754,30.0,VERY_STEEP
R3300,430.3814545193447,392.81709125987175,457.2616645531736,30.0,VERY_STEEP
R3301,393.34722327556346,360.74433195409574,440.16281653556496,30.0,VERY_STEEP
R3302,449.71823539029504,405.37135319311517,494.88563210145895,30.0,VERY_STEEP
R3303,405.9059284946602,391.20689253960046,434.1817106939573,2.06,GENTLE
R3304,382.11621526359534,340.6895511858171,408.5522114632676,30.0,VERY_STEEP
R3305,372.0111325904753,335.07046111778493,404.21149604946936,30.0,VERY_STEEP
R3306,385.0520534286162,370.4516159554923,404.7902139074868,30.0,VERY_STEEP
R3307,387.2533273759551,349.4604981810863,399.3407270546096,30.0,VERY_STEEP
R3308,356.87136777239607,329.20947621720285,404.44033321924434,30.0,VERY_STEEP
R3309,386.9574199426773,339.15802852044357,404.4253793377642,2.52,GENTLE
R3310,396.42385197392247,380.7593979492065,414.3598811437511,30.0,VERY_STEEP
R3311,422.2737752238805,386.56043959125094,451.17218837803836,12.9,STEEP
R3312,415.6729484721608,390.39374665364295,445.337482265774,30.0,VERY_STEEP
R3313,420.8765655229154,372.60397869928033,431.6139339109451,17.93,VERY_STEEP
R3314,350.8363681876857,327.63737237607467,366.7545577386445,14.08,STEEP
R3315,371.7667399580536,323.2793035783816,396.8929327004833,30.0,VERY_STEEP
R3316,416.16842883998567,370.1089947959557,453.5176565804072,30.0,VERY_STEEP
R3317,398.3989368179747,377.58360740554843,417.53567509125213,8.73,MODERATE
R3318,350.5313475668346,308.3896764937775,377.4519254165051,30.0,VERY_STEEP
R3319,430.4494642431822,380.62529617104195,462.74326683184086,2.51,GENTLE
R3320,427.28095732903375,407.1744372421825,472.82465711396543,30.0,VERY_STEEP
R3321,404.8419162993563,377.3708295264235,427.8847363924412,2.67,GENTLE
R3322,356.6463325776272,325.83910311495686,371.98866321216656,2.49,GENTLE
R3323,426.65150495325844,404.85425952110387,456.22239398916275,2.77,GENTLE
R3324,408.3713587731364,397.76076518729525,448.2402228404989,30.0,VERY_STEEP
R3325,428.1959977157959,409.3908279478948,442.5903879979052,30.0,VERY_STEEP
R3326,425.174699239584,403.8972238659137,452.16203890746243,30.0,VERY_STEEP
R3327,430.30020719578374,402.55621914305624,441.01161284628307,14.94,STEEP
R3328,401.8008066404625,384.9567075039264,413.14317390635256,30.0,VERY_STEEP
R3329,364.0324518193515,319.10227755168455,393.3505863480181,1.4,FLAT
R3330,417.11574733796886,378.91930202871544,439.04363926400606,30.0,VERY_STEEP
R3331,412.04737850519706,398.63935940281056,455.8516704654136,30.0,VERY_STEEP
R3332,424.2253187199087,388.22162067431145,458.3114909649669,30.0,VERY_STEEP
R3333,366.98810060507356,330.8418415488487,395.14541907479315,4.34,GENTLE
R3334,369.49751999002893,321.2486730442838,395.8149348322008,30.0,VERY_STEEP
R3335,439.04095172193286,428.92011686768643,468.9307709295154,3.32,GENTLE
R3336,424.9977798452071,405.0804818529748,436.61533309371356,30.0,VERY_STEEP
R3337,440.8228488700323,393.7111896950197,486.5345831268587,30.0,VERY_STEEP
R3338,425.8715321163921,378.58617550046074,475.8036583457504,9.39,MODERATE
R3339,409.71553059903016,370.89207382420466,426.9750155933781,2.47,GENTLE
R3340,415.41327370278736,374.7827408608858,430.2285922937722,26.58,VERY_STEEP
R3341,438.912792394001,425.2534740768151,454.6558909319448,30.0,VERY_STEEP
R3342,407.88067545119407,377.3256420600647,444.32175778056876,3.58,GENTLE
R3343,413.23913243283874,393.97581278127876,449.6967659708697,30.0,VERY_STEEP
R3344,365.64767160036007,348.3989498558154,409.5646380914965,30.0,VERY_STEEP
R3345,397.3921220116103,354.979990046677,437.46517754866045,30.0,VERY_STEEP
R3346,421.6397111958099,406.238185728588,449.62729813058354,1.1,FLAT
R3347,377.09426983163655,348.34820435178113,411.6084842942493,30.0,VERY_STEEP
R3348,370.2254180524535,322.6822884690122,407.7568048671738,8.97,MODERATE
R3349,381.38268082244156,363.9493985998279,411.89213963385055,1.07,FLAT
R3350,374.1500627992833,325.0303258497539,403.1761021773488,12.82,STEEP
R3351,371.49126370363956,321.7197442731972,407.2951615293457,30.0,VERY_STEEP
R3352,392.48508428680867,360.26039809951254,424.7840662458348,1.3,FLAT
R3353,440.7838513883534,423.9781417812671,476.54154360178984,2.46,GENTLE
R3354,400.70596467387185,378.06176915623604,435.22015563240643,1.78,FLAT
R3355,368.7920380815323,341.81232477447094,407.5599005020785,30.0,VERY_STEEP
R3356,357.69716693808743,335.32419796375854,393.4093072894025,2.37,GENTLE
R3357,419.61561451379254,398.3901913187319,450.40531397128325,2.17,GENTLE
R3358,388.2798764436388,339.3906880749845,425.55174889501427,30.0,VERY_STEEP
R3359,432.18309465853594,416.0485015619061,460.1623732659531,2.87,GENTLE
R3360,415.95107686407704,376.61796051540256,435.6179259029811,30.0,VERY_STEEP
R3361,429.6241450541369,419.6077334765699,439.6808738594935,30.0,VERY_STEEP
R3362,377.1946039418449,343.3472971657498,409.5931698276786,28.53,VERY_STEEP
R3363,419.23589224610583,372.59817208794374,452.86210131045146,30.0,VERY_STEEP
R3364,376.4061984693719,354.8888347056431,425.28815706040047,9.75,MODERATE
R3365,443.90684794502914,426.48580893472035,468.36598130880014,30.0,VERY_STEEP
R3366,413.63742815333745,377.57023635820036,439.4027578664699,4.16,GENTLE
R3367,382.4511800175342,343.9471237255985,400.52316327122185,30.0,VERY_STEEP
R3368,376.9511862292273,339.429965471148,389.77255803872015,28.87,VERY_STEEP
R3369,369.09265850716434,346.3199833063094,410.004838221634,10.74,STEEP
R3370,419.4640958893728,399.37599980299956,439.4513384629458,30.0,VERY_STEEP
R3371,371.87156129979275,323.63480930131095,406.22775574099427,30.0,VERY_STEEP
R3372,409.5303265927489,362.59834626195175,447.04124801456817,30.0,VERY_STEEP
R3373,376.4635026925357,348.1708382968229,405.3129701842016,9.14,MODERATE
R3374,416.19689447938686,372.3491398332119,461.2509790004745,30.0,VERY_STEEP
R3375,431.49397285405394,403.4010337486821,459.2457664932431,12.71,STEEP
R3376,427.8025243144653,400.8269635915649,449.1988692361359,30.0,VERY_STEEP
R3377,426.0851330930782,409.8146151891064,471.92575401154306,30.0,VERY_STEEP
R3378,368.77224056922523,341.7159983095463,413.2348119392235,6.41,MODERATE
R3379,358.8384946984519,327.3418171544596,375.4000925815084,30.0,VERY_STEEP
R3380,419.8948828487386,408.99470975159113,430.9333235828954,30.0,VERY_STEEP
R3381,386.8347213794351,359.0702011724189,400.4341436334199,17.4,VERY_STEEP
R3382,393.23462264033475,351.98037390452674,414.69651858248744,7.84,MODERATE
R3383,353.1149092793391,315.9130670243683,402.00530134900754,30.0,VERY_STEEP
R3384,375.95764492750493,340.55136537294754,408.29829105393793,7.6,MODERATE
R3385,353.3676403874464,306.9854232499583,378.29810966861714,7.47,MODERATE
R3386,437.9185772601248,427.1972968671156,483.46722104463464,30.0,VERY_STEEP
R3387,374.339668321853,342.05776487416364,402.465121580993,9.82,MODERATE
R3388,405.7337169573008,364.23976302091256,428.34326209334165,30.0,VERY_STEEP
R3389,353.89793206611307,322.2445167580624,401.54671321593935,19.89,VERY_STEEP
R3390,416.6847391305658,393.72891702735063,460.6654457782729,30.0,VERY_STEEP
R3391,382.3027345754094,366.8527119717303,426.049469592187,5.08,MODERATE
R3392,439.7919186957666,394.2893958231189,470.2833084177751,30.0,VERY_STEEP
R3393,438.8118188934036,409.9813231978995,480.3893548460218,30.0,VERY_STEEP
R3394,382.5290618361748,337.4044539567467,399.70319620675684,30.0,VERY_STEEP
R3395,440.0960895690468,406.66200467172007,473.02500787129657,5.72,MODERATE
R3396,449.6157673498779,412.64808268527787,498.96960426377973,7.24,MODERATE
R3397,432.5415664123948,390.3711202372568,454.17990363311327,4.77,GENTLE
R3398,434.4871347755229,398.12091299151757,476.26122794542994,30.0,VERY_STEEP
R3399,374.900873610909,348.9786799837515,404.5200098992317,30.0,VERY_STEEP
R3400,407.67023988577563,377.1249045286296,419.2624672146591,30.0,VERY_STEEP
R3401,356.7255913967368,314.6037704097016,397.24636730936345,30.0,VERY_STEEP
R3402,359.491793682167,334.5457818272476,376.2345594578515,2.68,GENTLE
R3403,449.88926120332906,424.3644029325892,485.14820388863905,30.0,VERY_STEEP
R3404,382.6639249425911,368.83632030027104,396.09049270447,8.13,MODERATE
R3405,424.8183912048846,378.2350137960147,472.6930871047232,30.0,VERY_STEEP
R3406,430.6665053026816,417.025052704864,452.33546078989605,1.55,FLAT
R3407,435.8023271007229,399.8739600027807,454.8609147678187,12.15,STEEP
R3408,449.76282974021564,423.2350505881037,464.928285902869,30.0,VERY_STEEP
R3409,374.14964852568676,347.92487291546905,421.9897362592487,26.4,VERY_STEEP
R3410,354.03508268597,316.85300922306266,392.5112323836222,30.0,VERY_STEEP
R3411,391.1191517994586,378.4354024942635,430.78558734818216,9.01,MODERATE
R3412,363.0080669828947,329.25983566483734,392.9842494381045,30.0,VERY_STEEP
R3413,352.24258891620553,311.36131747731133,381.2317003270249,30.0,VERY_STEEP
R3414,386.0426827141486,342.91417239868485,400.44353243380766,19.14,VERY_STEEP
R3415,428.37382510752366,411.55260953177265,460.7674689308833,4.89,GENTLE
R3416,406.6180691225071,360.7213071193802,426.4947289268587,30.0,VERY_STEEP
R3417,381.2777989210354,345.0319552471377,430.36361223305164,9.33,MODERATE
R3418,415.43420054927196,370.16000851644463,457.29743814987785,30.0,VERY_STEEP
R3419,373.2018180308811,343.79058934647315,399.7215004385966,30.0,VERY_STEEP
R3420,351.4381446072085,319.75681080332043,367.4917949548699,6.5,MODERATE
R3421,426.43533864364275,379.6738075624959,467.8486062891941,10.79,STEEP
R3422,412.37430848640093,366.3779267522141,427.25645916965357,30.0,VERY_STEEP
R3423,426.230262450096,398.3038275153359,443.8036125899788,30.0,VERY_STEEP
R3424,353.89380166876657,332.9172964033393,372.3546223785357,6.69,MODERATE
R3425,433.71196278306525,407.9851454004947,465.987588313989,30.0,VERY_STEEP
R3426,411.95262000363033,386.44204686244035,453.434886163245,14.71,STEEP
R3427,406.33953507126404,384.8648600719523,428.9121302202517,30.0,VERY_STEEP
R3428,412.4614048114532,391.71822063813454,425.8481973824648,1.51,FLAT
R3429,436.44332468683643,392.00080722764767,465.02486322781317,30.0,VERY_STEEP
R3430,408.6936506558907,395.8991738285042,448.6180603022881,2.95,GENTLE
R3431,408.0950379888179,370.9905907048342,426.96159171231346,30.0,VERY_STEEP
R3432,449.06791570657657,432.1551136483185,467.86489762815154,6.79,MODERATE
R3433,425.6730167068568,401.8927809710943,473.5620978007252,30.0,VERY_STEEP
R3434,394.22938054511354,381.76765917972006,442.3955296298807,9.91,MODERATE
R3435,420.7397000032928,399.9407545290743,470.3583292857559,30.0,VERY_STEEP
R3436,388.92304716917886,348.18620432448915,431.22943123217004,30.0,VERY_STEEP
R3437,372.8875462483499,327.4869332664596,390.4149130150677,30.0,VERY_STEEP
R3438,409.68518768877595,390.82410161268126,428.1644485207464,30.0,VERY_STEEP
R3439,442.81820981139515,414.27629624103827,466.42721947229086,30.0,VERY_STEEP
R3440,442.91395200154625,414.10099008405797,465.6392532548859,30.0,VERY_STEEP
R3441,384.19052781054904,339.24751558015964,432.4516377736694,5.63,MODERATE
R3442,402.7677466221695,362.25578450713726,444.33070593743724,30.0,VERY_STEEP
R3443,371.1635898569861,340.64050112226414,410.12394154344827,30.0,VERY_STEEP
R3444,449.56311094988837,412.73322293101745,467.00163991221365,30.0,VERY_STEEP
R3445,448.11179078679356,404.2175886304189,494.49281316128673,30.0,VERY_STEEP
R3446,414.95089297074475,404.56933480972293,458.06570815099167,15.93,VERY_STEEP
R3447,430.44140596774736,404.3258047257454,446.9870796208643,30.0,VERY_STEEP
R3448,421.51001612837,375.22028943728685,466.3568294068089,30.0,VERY_STEEP
R3449,409.3158219039468,369.70330067018875,430.2057233587657,30.0,VERY_STEEP
R3450,355.33479969888975,323.6211447255268,368.569589532174,30.0,VERY_STEEP
R3451,395.4764342552661,364.29065317386073,431.74932651583447,30.0,VERY_STEEP
R3452,417.47863021674107,393.56782631256357,453.6308165921143,30.0,VERY_STEEP
R3453,417.7531613883685,386.9323400427079,431.5504417709932,30.0,VERY_STEEP
R3454,387.31226184223834,351.0969338637002,410.06633419970166,1.97,FLAT
R3455,444.16919866580304,417.4346771286513,493.88177715602455,3.79,GENTLE
R3456,366.7357032236781,328.16957736799117,403.87276990402756,4.15,GENTLE
R3457,400.03594462155604,355.5866555311406,439.2389512856892,30.0,VERY_STEEP
R3458,419.0883976550823,402.90100372768785,437.6050890792545,1.76,FLAT
R3459,419.71358058918094,391.651699676484,432.8648634293375,1.78,FLAT
R3460,414.86389567688155,388.5430920254783,435.93996326651904,30.0,VERY_STEEP
R3461,377.52882134518603,340.0302291831969,397.4847567529137,3.05,GENTLE
R3462,365.6206568686622,345.625958258345,385.0024208985843,30.0,VERY_STEEP
R3463,413.59403268267107,377.98399608458004,431.30420555815266,3.03,GENTLE
R3464,409.93021161394375,364.8306419446842,442.9204392401599,30.0,VERY_STEEP
R3465,367.9356010289241,341.2103370371792,391.059740062597,30.0,VERY_STEEP
R3466,420.51391455705635,374.07328655788757,463.3277151589576,2.28,GENTLE
R3467,395.51719917336567,345.79064961602654,412.875095887261,30.0,VERY_STEEP
R3468,416.7760591603153,402.5323771623972,445.3611419950571,30.0,VERY_STEEP
R3469,433.73670797701504,414.4145804576207,444.28302143405824,30.0,VERY_STEEP
R3470,366.9728428576923,318.95765279840856,396.2401357559,19.11,VERY_STEEP
R3471,351.9144867996837,303.5813793404282,364.14801563474265,30.0,VERY_STEEP
R3472,427.9102586395787,414.0019676241083,477.0191991144844,30.0,VERY_STEEP
R3473,410.9697425152616,400.36980250017615,452.5934276612781,7.01,MODERATE
R3474,419.9639569622122,403.5199560319553,449.5684160276704,6.29,MODERATE
R3475,433.81549749886426,383.97498616357433,447.2789918260383,18.77,VERY_STEEP
R3476,430.28109348245005,413.0811088180226,463.9789111140666,30.0,VERY_STEEP
R3477,446.09201469288246,415.99011042400156,486.44256472095753,30.0,VERY_STEEP
R3478,403.5935078852118,359.65679882799134,421.2221980054016,30.0,VERY_STEEP
R3479,398.8495632659905,388.03349883846226,431.5778968974902,30.0,VERY_STEEP
R3480,390.188719989073,356.0091606987346,432.7571559243877,30.0,VERY_STEEP
R3481,365.3691042844205,344.2880863296355,406.0990153902731,9.16,MODERATE
R3482,407.26072328820226,362.767326630613,449.3804040028884,11.82,STEEP
R3483,377.70125243259787,356.3628064620347,422.8741894273867,30.0,VERY_STEEP
R3484,442.13075122129754,404.6605224100212,489.6380353076764,2.49,GENTLE
R3485,408.31908042770976,371.3502951298139,434.5399266358512,18.15,VERY_STEEP
R3486,409.284018050811,390.42427609642544,442.0347821517261,2.38,GENTLE
R3487,385.492466087701,374.10049809296703,427.1188471295254,30.0,VERY_STEEP
R3488,355.19893519777077,328.8289522463549,393.0845277556021,30.0,VERY_STEEP
R3489,353.1743765372989,331.6066504586641,402.995185667874,2.93,GENTLE
R3490,392.33351441531977,349.9744044307714,402.8806204595055,30.0,VERY_STEEP
R3491,358.4565378097238,316.44197027150994,382.6618664223554,30.0,VERY_STEEP
R3492,410.6846955540139,382.4037374663089,431.925812604822,30.0,VERY_STEEP
R3493,438.09730056396575,403.836811551037,458.5899345705871,23.04,VERY_STEEP
R3494,438.29148165187223,404.12110101239523,457.19267295182766,30.0,VERY_STEEP
R3495,415.90454101322325,372.81821507611835,454.2694946458324,13.8,STEEP
R3496,371.1231831472931,344.1230865823652,384.513562078306,30.0,VERY_STEEP
R3497,436.2996831358872,415.28181594426684,475.96403649362077,30.0,VERY_STEEP
R3498,438.6093435313208,418.0079468056989,476.34637721197174,7.57,MODERATE
R3499,369.6653584952959,338.2176673240077,389.69752379533173,6.41,MODERATE
R3500,423.7426085770677,395.7766804677792,443.85595990367415,30.0,VERY_STEEP
R3501,378.6519548927123,351.04712405331486,413.8063783064924,30.0,VERY_STEEP
R3502,430.264031235293,416.6185376717047,470.7508754546401,8.82,MODERATE
R3503,449.7237899903603,410.97964036275243,494.7832145138549,29.81,VERY_STEEP
R3504,353.00260053293925,334.4531330136628,397.0881830871183,3.29,GENTLE
R3505,439.73658657909317,421.85844137074434,488.3319063456473,1.99,FLAT
R3506,412.2630533598658,385.75272054877007,445.51844917332625,30.0,VERY_STEEP
R3507,447.3382619164821,428.22712825177007,493.68448437009647,3.26,GENTLE
R3508,396.5009517526428,363.14662106032216,438.8414826830592,3.81,GENTLE
R3509,434.7387930571374,409.88025948375855,480.5254980296979,2.2,GENTLE
R3510,356.23940685982774,328.28293795611614,366.7044709112424,30.0,VERY_STEEP
R3511,383.5279050078296,352.04113214366845,432.164024682462,4.85,GENTLE
R3512,356.701653775121,338.5602328758488,385.6428602889801,22.12,VERY_STEEP
R3513,447.5343133479071,431.30424843328586,489.4616329309008,10.61,STEEP
R3514,431.6973907271837,386.4805146122395,446.7855555006949,23.59,VERY_STEEP
R3515,435.25474212459704,407.9057940113402,461.092385957156,20.52,VERY_STEEP
R3516,443.79652314338944,417.31277875808786,464.6549496642291,0.33,FLAT
R3517,358.51034861197854,347.0858626010649,380.176699432016,0.98,FLAT
R3518,388.55975925133333,358.6407071478376,403.4899840493686,30.0,VERY_STEEP
R3519,357.1034889044002,324.9367000399602,399.33404220612044,2.78,GENTLE
R3520,371.0793101550029,338.7256753168162,381.449002738246,30.0,VERY_STEEP
R3521,372.9365777037672,334.65533093085185,395.43679598317533,5.1,MODERATE
R3522,396.91072110475784,379.81144770511736,413.88714283341443,1.42,FLAT
R3523,376.85621674536424,356.7672913761395,410.41777436969784,4.39,GENTLE
R3524,360.0978106817761,317.6685920725596,380.26790678635786,30.0,VERY_STEEP
R3525,366.7491089094108,318.862284235675,387.1090470905348,24.59,VERY_STEEP
R3526,364.7275563552091,349.2902464605163,394.26108211502185,1.46,FLAT
R3527,447.3076797912298,417.40169761102106,483.41524136486686,2.99,GENTLE
R3528,425.92925069184736,407.3622005822639,440.7814388744539,19.95,VERY_STEEP
R3529,446.7761465269562,434.3732197927569,463.79660462557604,1.17,FLAT
R3530,393.97404865079085,370.9539151257454,413.8610384345716,30.0,VERY_STEEP
R3531,377.83684816626567,362.0893431588972,426.7867767309841,5.92,MODERATE
R3532,429.82931972091865,391.4319967835488,455.7154197186355,30.0,VERY_STEEP
R3533,382.62539180411466,351.27637525725686,416.58499542935573,11.28,STEEP
R3534,379.93833737053484,364.1849585309224,399.600049879174,30.0,VERY_STEEP
R3535,373.2505992207831,362.88093568456253,402.8689802270826,27.13,VERY_STEEP
R3536,362.96789782242354,320.641615861455,375.9326647978619,30.0,VERY_STEEP
R3537,375.6463061016766,358.5985298551067,387.0359919385697,30.0,VERY_STEEP
R3538,385.53197484738877,351.28330915855815,414.28131592024715,14.82,STEEP
R3539,417.39942081457303,393.9225442915032,443.3457923153095,30.0,VERY_STEEP
R3540,356.25648422194513,322.8370466893437,371.73169700961824,11.62,STEEP
R3541,371.0506939665343,348.4245488872414,408.55475112336364,7.94,MODERATE
R3542,430.90236402916764,417.4247816014775,480.61850366513823,30.0,VERY_STEEP
R3543,364.6921923583771,345.77419201606693,390.5180652062456,9.42,MODERATE
R3544,384.26451465225216,366.74217199308913,419.2468600889479,30.0,VERY_STEEP
R3545,436.465892185814,409.3451180882283,484.98492988039345,30.0,VERY_STEEP
R3546,365.4925311143443,329.161179777298,408.75393001221926,30.0,VERY_STEEP
R3547,358.273683561819,337.7214405639647,386.81577249392643,7.15,MODERATE
R3548,398.4537995080011,387.9710020959764,437.9533788863979,30.0,VERY_STEEP
R3549,380.24195112785367,349.4844565572634,395.3673527378746,30.0,VERY_STEEP
R3550,406.3408364483854,372.1104568740265,436.82499066693737,14.7,STEEP
R3551,430.3804890483475,381.8656692882751,451.542900135545,0.38,FLAT
R3552,363.7148488152743,330.13601669154446,380.1613963311207,6.95,MODERATE
R3553,408.0699084554285,379.2230060803028,435.1211447056099,8.42,MODERATE
R3554,400.5508760389864,367.6148110030783,415.79145821633097,3.59,GENTLE
R3555,364.40787860131996,317.29185340683887,402.3672829282994,30.0,VERY_STEEP
R3556,412.3998485528982,369.26472272883234,440.64945031503163,30.0,VERY_STEEP
R3557,377.36404178607717,354.4448924515248,408.60982708866374,30.0,VERY_STEEP
R3558,398.7834318544013,379.29325730811576,414.63846940112757,30.0,VERY_STEEP
R3559,358.2272324277062,337.7218879330633,373.818098871446,13.12,STEEP
R3560,395.9584057213623,365.7815641327538,429.29502313176727,25.68,VERY_STEEP
R3561,380.646346804282,340.8843687551389,430.04673671745985,30.0,VERY_STEEP
R3562,432.23812111853545,402.10935283121694,446.0881444480445,7.33,MODERATE
R3563,355.6978726997368,342.9860168666123,377.12712984236805,2.51,GENTLE
R3564,391.860727491833,352.91749947423375,436.63909215334854,30.0,VERY_STEEP
R3565,395.8431424131438,353.60433726630566,408.7340229033533,7.77,MODERATE
R3566,422.5006076299119,400.9206930251231,467.53603648458994,5.28,MODERATE
R3567,407.4287575090211,370.8637279376871,438.4001968440112,24.91,VERY_STEEP
R3568,416.7212337194181,389.6575576772423,443.0519046764751,19.24,VERY_STEEP
R3569,427.70492856517563,382.1401543360779,450.09215113923386,30.0,VERY_STEEP
R3570,436.22029736581885,392.41127503938924,458.1049836909325,13.41,STEEP
R3571,381.3875496722471,350.3702697398614,403.61965297022624,27.49,VERY_STEEP
R3572,403.80227053639027,366.1420487038465,449.1943937747981,30.0,VERY_STEEP
R3573,434.01080784392,388.67681980303587,472.96261705091143,14.12,STEEP
R3574,448.9451130965056,419.1164326933746,485.73403340975165,30.0,VERY_STEEP
R3575,438.9519311043763,416.4219014848234,480.9018970624563,11.23,STEEP
R3576,387.14672626243765,347.0000807460544,407.43131278260347,30.0,VERY_STEEP
R3577,369.51665172186506,350.7140015304774,404.23836420513527,11.69,STEEP
R3578,398.9392537406589,373.3980078204172,427.34190329897694,19.69,VERY_STEEP
R3579,424.1641451836042,379.5350556993325,465.46181059161194,30.0,VERY_STEEP
R3580,399.25690707532976,360.28001346455716,421.62715149426117,30.0,VERY_STEEP
R3581,398.3180863313668,372.16564612146686,434.0452310061627,30.0,VERY_STEEP
R3582,433.82304210818006,415.2332620118458,479.1115385808726,30.0,VERY_STEEP
R3583,386.14037790671864,361.90164227342916,412.2263969545158,7.11,MODERATE
R3584,435.97946748116453,414.6153015120672,448.644350975863,30.0,VERY_STEEP
R3585,390.68048009517236,373.6369085774182,421.3225129888441,1.7,FLAT
R3586,382.8233105678339,343.08999402520766,406.66221008011496,12.95,STEEP
R3587,395.3989911199699,375.31619564596303,432.2880063418569,30.0,VERY_STEEP
R3588,426.2446958674868,398.0779970607763,474.28601285743105,14.88,STEEP
R3589,362.60020278639945,337.1658249129551,392.0245355062733,30.0,VERY_STEEP
R3590,369.64192158720175,320.3588264417765,398.2895307934231,15.37,VERY_STEEP
R3591,445.1444825663092,419.5007928003804,481.3278745739676,30.0,VERY_STEEP
R3592,367.54916273813575,354.34986342626553,381.68906288187844,17.83,VERY_STEEP
R3593,406.77273179310544,393.1797016902221,426.912979350106,9.26,MODERATE
R3594,407.9314466661938,374.3012978120712,454.69061968620974,30.0,VERY_STEEP
R3595,398.9624462050245,364.98790413549386,435.7601507395751,30.0,VERY_STEEP
R3596,414.47452485768184,387.72416523837563,425.0122866170185,11.06,STEEP
R3597,372.98267257976187,345.70892488728066,391.1676914821227,30.0,VERY_STEEP
R3598,405.26622677767483,393.10892346404,442.5797174188308,7.41,MODERATE
R3599,387.2173255246897,356.5554651091192,427.7932936271927,4.15,GENTLE
R3600,416.1667259629189,385.97714694770485,459.7611088698806,30.0,VERY_STEEP
R3601,364.12235433731496,348.1403815950372,385.8094264725968,30.0,VERY_STEEP
R3602,407.0877416839476,392.93416623951055,454.3288855350501,1.42,FLAT
R3603,368.52703553833237,353.58413591435277,400.64491128144806,1.67,FLAT
R3604,377.86430631150364,363.8231764518533,415.72586720701935,7.8,MODERATE
R3605,371.8709800323583,337.4826522108879,405.74053454355465,5.59,MODERATE
R3606,368.2837779868817,350.42447189076495,383.19338017386656,30.0,VERY_STEEP
R3607,432.5710951560667,412.5138890685682,481.0956815314619,3.27,GENTLE
R3608,378.57075676608906,361.62787100003146,393.48577996185514,30.0,VERY_STEEP
R3609,442.71237818644494,394.39896600850483,462.9076564428923,7.13,MODERATE
R3610,446.9926525345191,402.8079540084457,489.5377677434383,3.24,GENTLE
R3611,407.12604699370974,387.9062534996489,441.8699254537538,3.57,GENTLE
R3612,364.3001122665726,341.1974605096876,407.8260788816269,6.97,MODERATE
R3613,387.45482433795814,369.05911064575827,418.08427187291994,24.08,VERY_STEEP
R3614,429.7732263348214,400.0981879563885,454.8529557494868,7.87,MODERATE
R3615,386.73907286970706,375.9546515707369,433.6128928516184,30.0,VERY_STEEP
R3616,358.70172183027887,321.847001474407,370.15181453087064,1.53,FLAT
R3617,405.6784910928188,374.75216510011313,449.9236999069406,30.0,VERY_STEEP
R3618,434.5120851496035,388.56652801755934,453.74479655711474,5.51,MODERATE
R3619,429.59263871435024,413.01693134121365,473.54209182450893,3.0,GENTLE
R3620,367.51231401303534,325.34794417059004,383.08017854971075,30.0,VERY_STEEP
R3621,417.2764614412467,375.59802086257804,450.4852199888683,30.0,VERY_STEEP
R3622,372.0504263435647,356.96317877488923,417.5747431040236,2.74,GENTLE
R3623,371.82075345521724,345.8783844894521,400.7623393311729,29.06,VERY_STEEP
R3624,437.4071773305185,420.6010716847378,477.2698442826542,30.0,VERY_STEEP
R3625,374.96689527402305,354.7780752557211,417.1537599882454,30.0,VERY_STEEP
R3626,376.3247346518011,355.79488765857934,415.7845030004723,30.0,VERY_STEEP
R3627,350.06533907612993,317.81588331509903,397.0785285511139,30.0,VERY_STEEP
R3628,437.06690341255177,410.61046614213313,464.9402726333489,4.27,GENTLE
R3629,429.2594813209135,381.35016916066127,446.18449888751974,2.62,GENTLE
R3630,412.7328935090678,397.6780878311876,424.645336057167,30.0,VERY_STEEP
R3631,425.0265763938842,376.0788909998763,444.8849711793844,8.17,MODERATE
R3632,365.2048567424492,345.97931113387864,380.93275689765886,30.0,VERY_STEEP
R3633,395.83235945875754,354.9174020034834,428.1503091161368,4.85,GENTLE
R3634,385.1219387348781,361.56314168796524,402.5197522233474,2.21,GENTLE
R3635,359.37765262570167,343.6543968090091,370.9350009172765,30.0,VERY_STEEP
R3636,398.61304852149243,354.2974811116428,410.05264167623915,30.0,VERY_STEEP
R3637,442.07396503426355,419.71952906480504,485.336744968858,30.0,VERY_STEEP
R3638,354.00591190506947,317.65169573599576,387.66390916279045,30.0,VERY_STEEP
R3639,379.1460913493794,346.4883439459143,403.4695034251145,30.0,VERY_STEEP
R3640,370.75409362057036,341.8838412449354,416.5232153301802,30.0,VERY_STEEP
R3641,373.8146653665696,343.98188646062806,386.62252982287816,4.14,GENTLE
R3642,440.84345518793754,401.55393862424603,490.05633809705057,4.05,GENTLE
R3643,396.806905423429,383.29598885849134,431.4585770336074,30.0,VERY_STEEP
R3644,396.62994129398186,359.90271481566566,413.9685114527358,6.19,MODERATE
R3645,426.0575642455282,380.22508018958507,463.220328204607,2.22,GENTLE
R3646,365.44922040049255,353.13769251969796,405.98447079183507,30.0,VERY_STEEP
R3647,398.72653541000506,383.1004018406584,425.900246744836,6.18,MODERATE
R3648,392.99852141210596,354.33324394402473,437.46382566192784,30.0,VERY_STEEP
R3649,409.6910690546656,382.1998031248809,425.72036534652443,12.76,STEEP
R3650,449.9557703250439,423.81382549249633,471.1092736681482,30.0,VERY_STEEP
R3651,426.9448894082047,411.46622402643527,440.68458387156426,6.89,MODERATE
R3652,389.7865703017427,359.5157686730312,408.2216839260368,30.0,VERY_STEEP
R3653,432.7553052274047,417.6934927795496,452.30445770385046,8.32,MODERATE
R3654,367.070836331248,338.0060180788264,413.7761639681164,30.0,VERY_STEEP
R3655,353.04636863089604,312.5017566724298,366.1707561809423,20.82,VERY_STEEP
R3656,370.4448372464273,350.11426293094075,397.54144205393567,30.0,VERY_STEEP
R3657,384.04115561142595,354.80970888423684,415.3371031005025,8.01,MODERATE
R3658,401.058075745956,351.37743697008256,447.00579789804243,30.0,VERY_STEEP
R3659,411.51291405411996,374.0468971199585,461.42076280056847,21.47,VERY_STEEP
R3660,441.06057172144216,397.4063008692342,481.1960963182356,30.0,VERY_STEEP
R3661,400.98540095504575,374.39149669262395,449.81704057780695,30.0,VERY_STEEP
R3662,400.12756446257293,359.41312753753874,441.6116097640079,2.63,GENTLE
R3663,355.0243009822982,343.40393406464534,403.5524066211549,2.47,GENTLE
R3664,353.4911552656224,338.5747079639326,391.78198430340063,2.19,GENTLE
R3665,405.1159961916372,386.9931724748347,418.30653320968,0.6,FLAT
R3666,393.81786132483444,367.73978434022564,419.8946688045415,30.0,VERY_STEEP
R3667,433.9180394980299,390.08824436499935,469.7819308501287,6.47,MODERATE
R3668,366.0679584711845,342.2173164396673,390.09669884935454,30.0,VERY_STEEP
R3669,352.49716621170495,316.3123184710864,373.4325229362561,15.7,VERY_STEEP
R3670,394.9038767930126,356.53130500087326,427.9998474783363,30.0,VERY_STEEP
R3671,373.74785567522576,340.3005615116921,421.08793074332317,30.0,VERY_STEEP
R3672,354.96143733388374,330.6717586070783,366.3607122745299,5.0,MODERATE
R3673,422.4598286847629,389.37769501622114,463.2290768264204,30.0,VERY_STEEP
R3674,361.1592999957247,337.46867628413486,400.0683911175098,25.65,VERY_STEEP
R3675,410.83195000077717,397.4770004586967,459.39008701630866,30.0,VERY_STEEP
R3676,378.1049750166889,328.3928158892483,425.33342390999064,16.91,VERY_STEEP
R3677,367.3496050355022,352.2623068902017,407.8389075172699,30.0,VERY_STEEP
R3678,387.97515229193175,375.08121693848943,418.7915028792357,1.93,FLAT
R3679,430.14457762229534,385.0033476540091,448.3152797516361,8.26,MODERATE
R3680,389.2093576904573,367.1359712547415,421.01878642348026,8.85,MODERATE
R3681,425.07696492110557,389.06508595816524,465.69104467789174,30.0,VERY_STEEP
R3682,362.54862967991505,339.38840049342576,408.37539818543075,30.0,VERY_STEEP
R3683,427.2771419665079,401.618971134729,468.86562233492987,30.0,VERY_STEEP
R3684,373.6933324906649,353.208813609993,391.50400989830706,30.0,VERY_STEEP
R3685,417.73931298888726,394.01755275716687,451.7267655580096,30.0,VERY_STEEP
R3686,406.5781554840996,380.1501394606379,429.8650938653539,11.1,STEEP
R3687,442.91447172116875,404.09782895747503,453.28269841679446,30.0,VERY_STEEP
R3688,388.7322517975314,358.2708040281397,406.741089229078,30.0,VERY_STEEP
R3689,356.61651888344403,308.87391019716495,371.145344880782,20.42,VERY_STEEP
R3690,351.91554855512527,340.24033280157425,395.624313496704,30.0,VERY_STEEP
R3691,432.6858560972753,402.5631231919942,453.0261061831878,8.55,MODERATE
R3692,402.47356376614323,369.1045722128745,423.8614825216454,6.22,MODERATE
R3693,427.52440518349493,380.716525740524,475.9218680554503,4.59,GENTLE
R3694,373.4425600011515,361.4762190562944,398.60602892310555,30.0,VERY_STEEP
R3695,384.50837455132336,351.5683911539147,394.8918001570991,1.64,FLAT
R3696,353.0103872211319,308.86519008001363,374.36423315497734,30.0,VERY_STEEP
R3697,446.14923245741124,426.4721233326418,460.9212156814837,30.0,VERY_STEEP
R3698,416.78679067008136,371.7350967291239,430.8991331395155,22.31,VERY_STEEP
R3699,443.32050877593065,432.558772404959,456.42000038136064,3.71,GENTLE
R3700,376.54964074290723,337.25145557755803,410.2800195499223,30.0,VERY_STEEP
R3701,411.1463611225661,363.82183227581993,428.72027006776045,30.0,VERY_STEEP
R3702,417.8499968292638,381.5620903636613,442.2997085909042,30.0,VERY_STEEP
R3703,381.75497002575884,354.1938002665409,426.2356786709595,13.4,STEEP
R3704,434.810923501563,423.0156828426543,461.784449093414,2.09,GENTLE
R3705,444.71614629002477,397.9115937571196,491.3438002920903,30.0,VERY_STEEP
R3706,438.4855117696004,409.67366286193743,468.40303390542465,30.0,VERY_STEEP
R3707,423.9066975939372,412.7468278204993,449.86016218752746,1.23,FLAT
R3708,377.7464679724954,340.1536251193449,417.76202505612343,4.91,GENTLE
R3709,378.16160421056315,348.88811406751284,391.0886081612832,24.03,VERY_STEEP
R3710,446.33603204460377,431.36221934690735,459.9151673639005,30.0,VERY_STEEP
R3711,351.02844959356923,332.45757722115883,387.10739815048765,4.09,GENTLE
R3712,421.6049973242144,409.0253701059806,451.08262585378435,30.0,VERY_STEEP
R3713,420.62461625552623,387.6528746671833,462.24122626829467,30.0,VERY_STEEP
R3714,412.26895409497973,377.38777492489936,458.91978758872096,30.0,VERY_STEEP
R3715,449.0108846086866,418.7811926744688,474.5455597155485,15.66,VERY_STEEP
R3716,381.1879435763725,338.5038582562679,415.0443446397584,30.0,VERY_STEEP
R3717,383.99718637932483,339.5568335270043,414.0250514911372,30.0,VERY_STEEP
R3718,357.8939402946556,323.2689644273305,407.1583665203529,8.49,MODERATE
R3719,394.27981365437375,383.76955446607656,437.52318994863754,18.29,VERY_STEEP
R3720,376.1048526234848,338.2956663935754,422.57436095457894,30.0,VERY_STEEP
R3721,384.33867021776445,357.6187015409504,404.5122737208686,8.8,MODERATE
R3722,433.45717902556277,400.8348796965073,474.35823595206654,30.0,VERY_STEEP
R3723,443.54845135274957,407.5852272719942,464.1673803526555,1.45,FLAT
R3724,368.57330720051857,344.5638426274355,386.92300853765414,30.0,VERY_STEEP
R3725,387.2508931553466,340.56695294847486,435.02153954156864,30.0,VERY_STEEP
R3726,442.8630562115394,427.50406154154814,453.6352328802541,30.0,VERY_STEEP
R3727,356.1808460689223,319.3203737776808,404.7963942154595,30.0,VERY_STEEP
R3728,359.2360528111378,349.0616696128746,375.20652869069005,30.0,VERY_STEEP
R3729,366.2790989206229,319.2930547044157,409.05662219235364,1.75,FLAT
R3730,409.52128341268747,395.0211180831638,430.5581855354116,30.0,VERY_STEEP
R3731,365.04722710059974,351.25185789469674,389.07532019782883,30.0,VERY_STEEP
R3732,446.8076381450733,423.48733282298355,465.4779465979527,3.45,GENTLE
R3733,394.671452725852,369.7288012842888,428.0920144250952,30.0,VERY_STEEP
R3734,400.1517960350166,381.5797931421015,424.0756179353316,2.78,GENTLE
R3735,374.66586158054065,341.26099514345566,410.96158316032717,30.0,VERY_STEEP
R3736,397.0960252434734,369.37946132179485,407.721917961156,0.67,FLAT
R3737,416.19136326370113,404.8243397020576,428.7663586043027,30.0,VERY_STEEP
R3738,425.1177136954043,402.33163120519225,439.1041598046542,6.9,MODERATE
R3739,425.3868082709913,382.9694917280645,452.14655568340055,30.0,VERY_STEEP
R3740,407.7891112694088,370.2010498749341,450.38095817580785,30.0,VERY_STEEP
R3741,440.43597749938573,401.44114335619054,485.96309391452104,6.04,MODERATE
R3742,431.7407847306109,393.81610776726995,451.53321433304694,12.15,STEEP
R3743,425.70481146986253,403.2658906145412,458.6796004394231,9.53,MODERATE
R3744,355.56055216804606,341.573995284975,396.2951518757501,30.0,VERY_STEEP
R3745,350.68779622196496,329.78910886064114,372.2409734187493,30.0,VERY_STEEP
R3746,371.2447277195473,327.97331571214096,397.60503718899827,5.57,MODERATE
R3747,416.3523593913452,367.13352748002234,447.3113274987738,5.22,MODERATE
R3748,391.1197488882546,361.36586829859215,406.5147427445765,30.0,VERY_STEEP
R3749,390.2406259299312,379.8526117330095,401.2799176789624,2.09,GENTLE
R3750,438.4586888229614,422.8568963375922,454.57092119569273,3.09,GENTLE
R3751,439.5562848131839,416.6730618005332,474.63042966332523,30.0,VERY_STEEP
R3752,440.91752640535856,407.7741124616406,453.8622568667058,30.0,VERY_STEEP
R3753,381.3878076515027,368.3840618192902,398.97566224550786,23.06,VERY_STEEP
R3754,419.1055812739262,371.37128932553094,442.61973670173836,30.0,VERY_STEEP
R3755,377.163318127437,352.5599711960609,390.2781206996916,18.65,VERY_STEEP
R3756,369.060983307445,322.5576145904521,386.72895415391037,6.71,MODERATE
R3757,368.4632457347369,327.24237362445604,414.9140372940774,30.0,VERY_STEEP
R3758,384.2107620863594,343.99327118573615,394.9827273754388,5.66,MODERATE
R3759,392.99576197798217,358.7269787866929,429.13303894495664,30.0,VERY_STEEP
R3760,433.09491710550685,398.0235644234331,458.47127434211427,9.64,MODERATE
R3761,361.9891093472712,326.46897993862126,398.89505892456606,30.0,VERY_STEEP
R3762,423.4925847394894,388.3437292584661,457.0402535540256,10.95,STEEP
R3763,403.14549141893053,370.9963621629961,422.0854415931163,30.0,VERY_STEEP
R3764,378.79453426759926,329.3379735282837,422.6829137705348,30.0,VERY_STEEP
R3765,399.28195845328247,359.99033575625464,428.95957375765676,30.0,VERY_STEEP
R3766,379.9942069777023,338.9163514420014,422.89564773424115,30.0,VERY_STEEP
R3767,409.6081955238306,364.70968292048366,435.84869697135935,3.4,GENTLE
R3768,393.3843922855244,374.7588017764905,442.771814442134,2.12,GENTLE
R3769,366.4405529078879,353.08838654408544,407.26012724793975,30.0,VERY_STEEP
R3770,361.6583074555697,332.3425299916257,410.29631566007265,25.66,VERY_STEEP
R3771,404.669568207213,374.10634038244206,435.24262736360737,18.94,VERY_STEEP
R3772,440.24130332861034,397.07403213061366,469.18894862023836,30.0,VERY_STEEP
R3773,384.39576865576856,356.64442548447516,424.61392102877886,30.0,VERY_STEEP
R3774,423.3000107222623,390.4658897004898,468.5116612427995,28.92,VERY_STEEP
R3775,415.8661354939767,384.78329795343836,464.431967328599,14.25,STEEP
R3776,443.15549143094813,431.6273800806525,466.1375676722481,30.0,VERY_STEEP
R3777,432.0981017299141,397.4895058660376,474.04628468361966,30.0,VERY_STEEP
R3778,406.6605258905463,363.5387944595762,425.08634979596775,17.37,VERY_STEEP
R3779,415.7030498234107,399.40302790037856,447.5260236932285,5.97,MODERATE
R3780,439.8386466584035,406.06537730133965,457.03257259477147,30.0,VERY_STEEP
R3781,389.9518784586935,356.2074566808369,413.84777292870706,6.01,MODERATE
R3782,382.6794705857777,366.11207202352335,429.9338052740361,30.0,VERY_STEEP
R3783,351.08110836351966,336.14256541429023,366.9247363544431,30.0,VERY_STEEP
R3784,432.6551074191464,383.45302970008703,467.9511432245543,8.34,MODERATE
R3785,430.0980700403365,404.349303254215,463.8162409574326,3.36,GENTLE
R3786,360.44545181001513,341.348582661074,375.27498591837457,1.9,FLAT
R3787,407.68573811327,390.83275633509504,430.7248998640225,0.57,FLAT
R3788,396.3981698166887,359.6941012733593,428.91742999729934,0.98,FLAT
R3789,361.87090955091116,327.49309765782004,379.3580539104508,0.74,FLAT
R3790,448.05682270607235,412.3147377865757,490.081768962585,1.47,FLAT
R3791,371.46958874633555,357.9493476458775,420.35584912772555,23.47,VERY_STEEP
R3792,356.7234180090561,310.9820346691186,375.313794007555,30.0,VERY_STEEP
R3793,409.48473795019095,383.914082077829,426.961216541814,30.0,VERY_STEEP
R3794,423.88666771330327,401.35189145608894,452.08407058520106,30.0,VERY_STEEP
R3795,353.2443446047187,324.7498867148091,393.15495569032,30.0,VERY_STEEP
R3796,415.8717638727022,390.2691212427971,437.1357882821123,30.0,VERY_STEEP
R3797,403.22918759514545,358.6861074695796,414.02438394303664,9.17,MODERATE
R3798,360.32650088750484,313.1560618795892,391.9753260088206,30.0,VERY_STEEP
R3799,367.2523876946362,345.11425903665196,415.5164104053285,11.68,STEEP
R3800,406.7974297316081,362.2399974332099,432.4485039478859,30.0,VERY_STEEP
R3801,379.6357613513288,338.3748361700061,406.44114351865284,2.1,GENTLE
R3802,443.8315728651316,396.59926597134114,492.5876415496931,10.85,STEEP
R3803,431.87402294840507,412.04401046096956,469.6583274134742,30.0,VERY_STEEP
R3804,448.3567206513663,415.27835464652713,487.1235975650513,30.0,VERY_STEEP
R3805,375.9670838950414,354.98530050542365,408.47516410988413,11.78,STEEP
R3806,446.9723632797977,404.00858366042274,495.95673171432736,30.0,VERY_STEEP
R3807,393.1233869791558,382.91041935631324,430.678046356178,30.0,VERY_STEEP
R3808,384.75187953137544,352.1591130159196,430.55318959558224,5.36,MODERATE
R3809,355.0349526969353,331.4668154460586,393.0101073262642,7.51,MODERATE
R3810,355.27652578596025,332.36917750284744,394.6811587795761,30.0,VERY_STEEP
R3811,419.2011255946655,383.4048726400688,440.8175624803553,13.06,STEEP
R3812,395.7928994434028,351.733521470843,417.9320473639556,30.0,VERY_STEEP
R3813,372.6521626036106,338.2843469478775,413.97154858665175,30.0,VERY_STEEP
R3814,411.39703063252324,367.27011148665434,433.26528219931924,30.0,VERY_STEEP
R3815,375.28581182501114,354.70192734976996,407.7966146570724,30.0,VERY_STEEP
R3816,407.76317543444225,376.983101243843,427.7372678707103,30.0,VERY_STEEP
R3817,385.920874698269,357.899413135586,428.60020993063176,30.0,VERY_STEEP
R3818,432.3552226611819,421.88942668105807,446.7752767102895,1.47,FLAT
R3819,432.0696160766779,399.7971303510483,475.2474816671445,30.0,VERY_STEEP
R3820,397.73503981224013,361.2740668463931,431.8442318325442,30.0,VERY_STEEP
R3821,385.08191093350155,351.40533475673874,402.55829232658465,30.0,VERY_STEEP
R3822,386.25597965590947,346.8047837045726,417.9373950761542,4.96,GENTLE
R3823,430.5714525668218,397.7178714286987,451.8714060407154,22.81,VERY_STEEP
R3824,382.8179482797612,370.1479380857309,405.75664166898105,30.0,VERY_STEEP
R3825,370.9059373706846,356.24811640729615,394.96705903455984,30.0,VERY_STEEP
R3826,358.46883418753066,324.60985108577256,371.0016040664235,7.59,MODERATE
R3827,396.66931208844085,375.67014440949526,446.1077794644975,30.0,VERY_STEEP
R3828,398.2132098919842,385.02740473059356,409.4745950172332,30.0,VERY_STEEP
R3829,434.0908710402907,406.90676130234885,470.59074596766186,20.76,VERY_STEEP
R3830,372.1238696446064,339.95096572126016,396.9729755549036,8.17,MODERATE
R3831,388.09912736684,364.9492878328557,423.93953900470797,29.92,VERY_STEEP
R3832,430.84057388936907,392.02322580033797,455.09050401287243,30.0,VERY_STEEP
R3833,432.36236107489736,396.61153675084756,469.3123869252517,19.56,VERY_STEEP
R3834,388.46110759787683,365.14837315420993,427.63052797661123,17.33,VERY_STEEP
R3835,395.91240232866807,355.7175011723256,433.53450794465385,30.0,VERY_STEEP
R3836,380.3285890849283,344.3807873836069,394.88706833925437,3.6,GENTLE
R3837,443.2554878419312,407.7576726932151,479.5312172281186,30.0,VERY_STEEP
R3838,361.86437657415803,329.7272685426753,383.0638785523219,30.0,VERY_STEEP
R3839,443.374942300147,432.91935557660486,454.5269971229203,6.05,MODERATE
R3840,418.3866451835343,380.52635784445874,444.9798720590925,30.0,VERY_STEEP
R3841,403.1572152686731,378.11554362430684,430.49893938082516,2.29,GENTLE
R3842,353.2659060784496,305.5615176721034,381.95287141254744,30.0,VERY_STEEP
R3843,397.55961918220083,354.8402283391126,435.7525857978295,14.93,STEEP
R3844,390.77481050027325,357.26703171902074,413.1285628659716,7.16,MODERATE
R3845,366.12188119751227,346.0346019247415,388.7331017216692,30.0,VERY_STEEP
R3846,415.6409603500657,397.49226461895904,428.0630505997161,15.11,VERY_STEEP
R3847,447.11509073682856,423.4996972297266,484.5879393765204,30.0,VERY_STEEP
R3848,406.2188811064525,377.1561633632518,438.93192476243587,30.0,VERY_STEEP
R3849,421.4753276443946,399.6327072428367,445.45233215214614,30.0,VERY_STEEP
R3850,356.8450452566017,326.2478654409024,395.05260441329585,30.0,VERY_STEEP
R3851,391.76669958169947,375.15188256117204,423.26100955077453,19.64,VERY_STEEP
R3852,361.6358485164496,312.5273360034296,390.4056463512712,4.44,GENTLE
R3853,411.27958355365104,396.9626013550513,441.7325653000961,20.21,VERY_STEEP
R3854,443.84821582141547,396.57045023524057,479.30214083209773,7.36,MODERATE
R3855,416.1777732471638,369.63465279105606,452.5778774301478,19.64,VERY_STEEP
R3856,357.68030483144213,326.6658855586622,379.2386175970708,12.61,STEEP
R3857,385.4666204985083,346.4702096250649,401.09635503415444,10.91,STEEP
R3858,405.06633794408515,377.62440602518166,421.3317051917059,6.72,MODERATE
R3859,390.3207756133252,355.11939251162767,425.8964110494453,12.09,STEEP
R3860,433.3644010475172,409.7413635506725,478.27933247820226,30.0,VERY_STEEP
R3861,431.4671004709989,409.42073967958106,457.84695160482096,4.93,GENTLE
R3862,411.18310201032216,378.0539105635416,427.96390842350064,27.22,VERY_STEEP
R3863,387.3457945132705,357.4206075459113,427.6098944450247,6.66,MODERATE
R3864,375.5336373763244,342.35218261032514,418.83321635310233,23.88,VERY_STEEP
R3865,360.5874318213129,339.121008569832,405.8107295461516,30.0,VERY_STEEP
R3866,385.4897683486554,360.8114550759756,419.7630255052047,30.0,VERY_STEEP
R3867,391.31725172077194,377.9613332956156,435.7463940962953,5.13,MODERATE
R3868,417.58229251040734,405.4912376195191,428.19889084834364,0.58,FLAT
R3869,415.81598242975736,395.6776972428367,430.1054145005383,30.0,VERY_STEEP
R3870,357.0108139641257,344.04093959090386,370.71385664620965,1.6,FLAT
R3871,389.5259315431158,375.37494319772617,428.0301189133051,30.0,VERY_STEEP
R3872,368.1778867217362,325.6607505059787,380.96115806347933,15.0,VERY_STEEP
R3873,365.6812705316806,354.126322651013,395.53584543033287,30.0,VERY_STEEP
R3874,432.73021497372457,396.37250321633485,461.63849091917615,30.0,VERY_STEEP
R3875,354.19152167162576,333.28921171900976,376.6196626139554,11.93,STEEP
R3876,391.9182875902121,347.05646036188705,436.7344943878961,30.0,VERY_STEEP
R3877,366.8203655766518,337.4206741935518,383.63769365185163,15.5,VERY_STEEP
R3878,437.9330215678474,415.70996319473437,462.03153294381696,6.59,MODERATE
R3879,405.7040513275035,374.99849389992613,446.6709113284207,30.0,VERY_STEEP
R3880,373.1380636376848,347.8597428758741,384.3549562134162,3.04,GENTLE
R3881,400.24272871663766,367.67068612984446,437.1607447264924,30.0,VERY_STEEP
R3882,423.1486359703116,408.56732123725766,465.8045450247744,2.96,GENTLE
R3883,445.8118008919434,395.93218077944135,493.1025144454701,30.0,VERY_STEEP
R3884,372.0446004245419,345.0223653166732,417.0964660442013,30.0,VERY_STEEP
R3885,438.6181772129345,414.68895162463974,461.39354188628187,1.24,FLAT
R3886,443.43041141674905,405.02201748409846,476.8849770696672,30.0,VERY_STEEP
R3887,441.64205445320664,417.08607819339335,454.7337941792253,30.0,VERY_STEEP
R3888,413.541435686191,370.2104634850407,433.8562358281113,30.0,VERY_STEEP
R3889,412.9820654434708,384.81123646905377,426.7509605933711,6.78,MODERATE
R3890,390.3210633183823,351.5387267877649,412.92855492454083,30.0,VERY_STEEP
R3891,425.2397882303788,410.9416595727033,470.24727676872794,30.0,VERY_STEEP
R3892,403.1294018350932,359.2846344128887,427.0160754220649,30.0,VERY_STEEP
R3893,417.7438071228294,378.315087651705,450.2197312428865,12.56,STEEP
R3894,392.84579038487954,374.3771192464009,420.18102430947715,30.0,VERY_STEEP
R3895,423.1496464043139,407.3382060144824,451.5063073762633,11.34,STEEP
R3896,432.4471517604549,409.79545781142997,481.2300338339172,30.0,VERY_STEEP
R3897,364.6436256602816,315.60080221900546,386.4898043908359,30.0,VERY_STEEP
R3898,433.2929715574228,413.01970857474043,468.38595033834963,30.0,VERY_STEEP
R3899,404.02965317903073,375.7845648211654,430.8321599622086,30.0,VERY_STEEP
R3900,434.46659090902244,423.265781880329,446.9124381509299,30.0,VERY_STEEP
R3901,393.13017063410143,367.2410694514521,422.70340389907085,30.0,VERY_STEEP
R3902,387.9040485383035,355.05124792097945,430.43778170010785,30.0,VERY_STEEP
R3903,441.5060732517222,393.38108875140364,455.45619199898977,3.65,GENTLE
R3904,375.1169267548401,344.4474849572375,387.90060065069247,30.0,VERY_STEEP
R3905,434.4212325286143,391.6569394815068,450.56649334434496,3.75,GENTLE
R3906,398.4020572509404,366.51695154818435,438.9780617065127,30.0,VERY_STEEP
R3907,401.409544255126,389.77814371770523,440.3693596209155,17.67,VERY_STEEP
R3908,380.8468281489484,358.24649714135745,413.44753890519286,30.0,VERY_STEEP
R3909,407.30422006190156,374.28223974865745,436.03327622560687,5.12,MODERATE
R3910,382.52111962762115,334.4973609903762,428.05415221572605,30.0,VERY_STEEP
R3911,353.92694142416525,309.5617270341159,394.59485437750453,30.0,VERY_STEEP
R3912,377.19986053443563,358.0656359672817,419.67755058650783,30.0,VERY_STEEP
R3913,350.6379043406591,331.83351113989255,393.16839639468526,30.0,VERY_STEEP
R3914,447.83547870568566,429.7885600211296,483.544164895508,3.8,GENTLE
R3915,446.57472098197474,399.67476512987463,474.8953059546126,30.0,VERY_STEEP
R3916,389.5155297472305,345.40888362316167,434.10263985065654,1.61,FLAT
R3917,422.8370854339646,381.84174814384664,469.8773821380946,30.0,VERY_STEEP
R3918,384.5806098410425,358.8712052720734,395.53285157137617,30.0,VERY_STEEP
R3919,417.1093157085976,386.9340875366469,429.17151063924763,30.0,VERY_STEEP
R3920,430.5430043045979,401.9697345127918,478.8927361809354,30.0,VERY_STEEP
R3921,444.6756244692241,424.5397001668492,465.7620490229919,5.65,MODERATE
R3922,390.0212275849672,359.8201057390165,434.95600517094397,2.98,GENTLE
R3923,428.32979829560475,417.10993638149455,453.88160305406086,1.42,FLAT
R3924,376.5928450632119,361.32043012331354,391.3568473675861,30.0,VERY_STEEP
R3925,449.03323037936485,403.569646532607,462.25095838773825,30.0,VERY_STEEP
R3926,352.5769598764351,312.5097691951782,368.8372758396534,0.95,FLAT
R3927,410.35288065011207,383.43814428774857,430.34860844480664,30.0,VERY_STEEP
R3928,415.9505981651327,385.2645836737776,445.49133232236574,1.95,FLAT
R3929,418.8045557074129,394.0046002690138,456.8644717300442,30.0,VERY_STEEP
R3930,362.0387578789089,322.407563192482,411.4947009383209,5.54,MODERATE
R3931,443.85297834731307,402.48549117802986,471.5132480788799,22.52,VERY_STEEP
R3932,368.1183279050083,327.58692029688194,398.8457255987327,30.0,VERY_STEEP
R3933,412.2753403239841,373.3708713306061,443.1479683793143,5.73,MODERATE
R3934,372.2676079123085,354.0874343645967,403.84498213182593,4.09,GENTLE
R3935,380.7216417021271,357.20284253250793,411.4312679863056,30.0,VERY_STEEP
R3936,404.64585417281245,375.85203677346544,414.9968443752892,30.0,VERY_STEEP
R3937,391.7193418564577,368.48762219935145,401.7883347408513,30.0,VERY_STEEP
R3938,366.0225600976506,325.82495209131747,379.92921282269555,1.67,FLAT
R3939,367.0936402420848,343.9194992720866,381.155904379252,30.0,VERY_STEEP
R3940,391.81447881628,376.2851953448665,430.0103551744718,30.0,VERY_STEEP
R3941,425.7282978275501,399.7666797456179,443.9249391281901,4.64,GENTLE
R3942,439.79646468477887,390.5998873734836,485.5850288750034,14.83,STEEP
R3943,358.4127662259383,339.37750970859526,405.55701940901906,30.0,VERY_STEEP
R3944,389.3103907559401,354.82404439821096,438.34612427177603,3.16,GENTLE
R3945,360.02455637228763,332.70563437869936,407.58780856776843,30.0,VERY_STEEP
R3946,351.6592480632598,338.8182653572867,372.53478094000076,30.0,VERY_STEEP
R3947,416.17186826439564,386.6568040244733,446.56294205253613,7.06,MODERATE
R3948,410.24494419665876,372.15837105072626,427.2631430045364,30.0,VERY_STEEP
R3949,366.3019113814886,335.77311234837583,408.5502975883859,21.57,VERY_STEEP
R3950,373.3812833093064,328.49704075944317,418.91855151507025,3.11,GENTLE
R3951,352.37077536445184,330.8132946981485,396.4223289363524,30.0,VERY_STEEP
R3952,433.49472056944035,420.04475371728176,460.82939851731373,9.22,MODERATE
R3953,447.46905960485515,400.0064351385349,487.81601499232636,30.0,VERY_STEEP
R3954,363.5459536794691,338.41809969834037,377.4491204625199,30.0,VERY_STEEP
R3955,373.1475213765298,340.0912993183845,384.75731220129984,12.75,STEEP
R3956,436.84095239469343,395.1608273494856,476.97040896704385,30.0,VERY_STEEP
R3957,442.6463797956185,419.6738332405953,469.6605907687658,16.45,VERY_STEEP
R3958,391.96273828068104,353.3161567535766,441.7847088702638,30.0,VERY_STEEP
R3959,355.0622472269074,339.6454932341943,368.9524158611287,5.55,MODERATE
R3960,353.9391833692819,332.2874334810617,398.16429063069126,30.0,VERY_STEEP
R3961,407.39498660690106,391.60656116144025,436.59430922806075,4.97,GENTLE
R3962,389.2895108893179,346.8402885532636,432.375518709473,12.07,STEEP
R3963,352.86524275776543,333.959273348694,395.55033404457123,30.0,VERY_STEEP
R3964,408.3252392312557,369.62909701504725,454.9649192857388,30.0,VERY_STEEP
R3965,351.13025365890223,303.39831776907613,373.04425411034634,30.0,VERY_STEEP
R3966,428.7371958149273,397.6263074521722,476.72916995340745,30.0,VERY_STEEP
R3967,380.6432822703372,349.04211457990965,396.709960684642,30.0,VERY_STEEP
R3968,354.0258003009232,325.5844575770107,367.30455140466285,30.0,VERY_STEEP
R3969,408.83522209831534,385.7996163625696,436.0998427932093,30.0,VERY_STEEP
R3970,389.76844144330545,360.7422402063088,432.90136018897914,30.0,VERY_STEEP
R3971,447.38004133571496,413.2677400450446,476.3168865610528,5.05,MODERATE
R3972,404.4198662503702,354.9802033635438,447.5913333515908,30.0,VERY_STEEP
R3973,377.52391810370085,330.0133357309719,416.7113903354731,30.0,VERY_STEEP
R3974,420.94388646339746,376.4577681316726,439.3210219089548,30.0,VERY_STEEP
R3975,377.14920025427114,331.5839788260768,425.1044652502497,30.0,VERY_STEEP
R3976,440.4243291407565,411.7103618090748,452.85557588593264,30.0,VERY_STEEP
R3977,387.47219705073763,351.174423963639,433.4033853524894,12.45,STEEP
R3978,404.9868562776205,359.18418736017196,427.16459423723546,30.0,VERY_STEEP
R3979,355.0573103824229,329.33927978276876,385.06323370899884,2.72,GENTLE
R3980,392.61212379522306,344.1416246614043,419.50619870325244,30.0,VERY_STEEP
R3981,433.2363539660995,406.60491148333216,450.10973624277614,1.63,FLAT
R3982,430.5648805363342,396.5215739206056,454.8907551924019,2.19,GENTLE
R3983,372.4318558853526,334.0396673544577,390.1492333370644,30.0,VERY_STEEP
R3984,372.6079071010563,324.5842265780188,390.76336611947727,10.54,STEEP
R3985,431.7305312213237,411.94588025923304,449.2128046623789,30.0,VERY_STEEP
R3986,443.03984201693254,403.19460288738685,472.6005372307963,30.0,VERY_STEEP
R3987,359.5360921273004,328.70346868153706,401.453346827753,6.74,MODERATE
R3988,395.0058639426225,374.2635783177969,427.76466529307214,30.0,VERY_STEEP
R3989,383.7454278964229,342.68115430456726,429.47369143845657,30.0,VERY_STEEP
R3990,437.06884554574395,404.9799543387901,472.53062508881294,30.0,VERY_STEEP
R3991,358.35249146800186,321.9135386420148,395.92609609330606,30.0,VERY_STEEP
R3992,371.11259425580374,348.1965515126877,407.81688344488384,0.96,FLAT
R3993,425.2468337586494,395.99587568554523,453.22520148599904,30.0,VERY_STEEP
R3994,355.12938489812154,320.43521485859884,392.70293778612483,2.76,GENTLE
R3995,399.2535380714289,373.05710550063515,412.0418479301874,30.0,VERY_STEEP
R3996,394.210703467972,376.275801874064,438.6047623445985,2.62,GENTLE
R3997,383.44011789887486,334.9744982062627,424.55260363663155,27.44,VERY_STEEP
R3998,389.4572315318924,358.99852993018766,409.2664298611595,2.29,GENTLE
R3999,402.9940586930233,363.6372438815153,443.71535686318657,30.0,VERY_STEEP
R4000,366.1367358388383,339.694848096596,376.6424398948391,10.53,STEEP
R4001,407.19958782835926,382.9943172673306,425.88945072759446,30.0,VERY_STEEP
R4002,430.5432329299986,404.25666099131365,443.14872247683445,3.97,GENTLE
R4003,426.0160929790159,399.6482272275899,467.2251696437317,8.25,MODERATE
R4004,365.3899904693774,333.6227858316992,405.62495651651284,30.0,VERY_STEEP
R4005,364.92494697414736,333.1861521748928,407.4703879262206,30.0,VERY_STEEP
R4006,376.81743677449134,346.93128413917646,386.9967045075125,30.0,VERY_STEEP
R4007,386.1074726341037,370.7160412374062,416.15678170124005,2.51,GENTLE
R4008,390.84555814084825,361.002539000827,429.0390060415417,30.0,VERY_STEEP
R4009,417.9697216833345,401.20556566650845,434.1857668328951,3.46,GENTLE
R4010,355.66804321658356,340.62261176475295,391.65967231708856,30.0,VERY_STEEP
R4011,353.46727042260665,306.1614417289599,366.8316743949941,8.87,MODERATE
R4012,389.1910562943909,354.9930557684827,406.4440905385634,3.45,GENTLE
R4013,419.71636921379803,383.3367668888147,448.74824181358207,2.45,GENTLE
R4014,369.3435342956483,343.27178748231375,405.4861404028924,1.83,FLAT
R4015,414.1504481256252,367.79121244903064,429.98521320378103,30.0,VERY_STEEP
R4016,375.98281379402994,340.46559421084334,393.39174702726746,30.0,VERY_STEEP
R4017,438.60861088135164,397.84181610040815,456.78646556397814,30.0,VERY_STEEP
R4018,439.5689944266617,414.8264956655531,459.11702661462084,22.07,VERY_STEEP
R4019,379.72872042813265,331.32824519536763,398.7908743691843,30.0,VERY_STEEP
R4020,372.99937539632407,330.1809237899915,398.80533973622954,30.0,VERY_STEEP
R4021,391.1303972066231,346.97245868604136,427.281983240092,30.0,VERY_STEEP
R4022,374.05315851801487,357.1653878209847,401.57442984339366,30.0,VERY_STEEP
R4023,417.23838432917034,396.3998560143216,458.2773406791659,30.0,VERY_STEEP
R4024,432.60646845482853,411.18140446748544,471.37720869277314,8.29,MODERATE
R4025,417.3092130911217,396.4728441612469,432.37028965308474,0.49,FLAT
R4026,432.4350447249349,388.2187182407634,444.3887096577647,30.0,VERY_STEEP
R4027,389.6992162207474,378.42382441240375,434.81687878073166,6.57,MODERATE
R4028,365.6316970708861,352.5876975116551,378.82493973340104,30.0,VERY_STEEP
R4029,423.79509473975924,402.8384999145631,439.7286619685478,30.0,VERY_STEEP
R4030,386.0474505141554,368.05253152817767,396.93278153648015,30.0,VERY_STEEP
R4031,417.12708252291327,397.85269796759934,452.2605371348594,30.0,VERY_STEEP
R4032,377.06439419817656,335.14666662804456,410.3592167245105,30.0,VERY_STEEP
R4033,358.1229634806673,325.59789972498544,407.59911013807755,30.0,VERY_STEEP
R4034,449.25817954877635,439.02735309705764,494.73547540146325,30.0,VERY_STEEP
R4035,365.6201507930599,338.4472401648921,392.05387789229627,30.0,VERY_STEEP
R4036,448.8420993963481,422.52670232233373,473.7055330328495,30.0,VERY_STEEP
R4037,447.7279932566447,433.17018247886296,469.6020746278441,30.0,VERY_STEEP
R4038,429.38181039080393,392.33613884674565,445.4780871923192,30.0,VERY_STEEP
R4039,415.94229620819976,377.8584086730201,431.46564247228014,30.0,VERY_STEEP
R4040,407.7807050251085,368.94497626302456,423.0720533454927,6.99,MODERATE
R4041,436.61015453778344,397.47131671543974,451.1747448252546,30.0,VERY_STEEP
R4042,378.9439521619488,368.9418390846569,398.5644338581703,8.65,MODERATE
R4043,396.7681212484877,348.6112890946188,419.03486646101237,30.0,VERY_STEEP
R4044,411.9389969366502,369.3706462544637,460.40215577820686,14.06,STEEP
R4045,391.11904758694914,344.9597797233777,424.25797762702456,30.0,VERY_STEEP
R4046,392.7486454090268,382.1229135967294,442.252476389558,30.0,VERY_STEEP
R4047,383.02846675020845,335.67411491877886,407.92714466323537,24.98,VERY_STEEP
R4048,406.4231816684536,364.0316405209294,434.72824697203123,30.0,VERY_STEEP
R4049,435.0574528015116,391.56868708316364,458.04059916812275,0.83,FLAT
R4050,370.1528378006313,356.42134241175256,387.4683438364934,30.0,VERY_STEEP
R4051,443.44330387534416,403.8921827186002,459.1698921864473,1.75,FLAT
R4052,418.90876537482296,370.5120977891393,466.7119332871362,3.05,GENTLE
R4053,432.327321268003,395.18542761127657,481.7997485399532,30.0,VERY_STEEP
R4054,405.61906926300117,372.7966130780169,417.4154491233504,30.0,VERY_STEEP
R4055,427.95167014240633,380.12648303244646,443.965505131677,4.15,GENTLE
R4056,351.6200397339467,323.9025548645693,378.5610034259876,3.55,GENTLE
R4057,431.83804247795354,397.8662998255344,449.2913815317298,30.0,VERY_STEEP
R4058,354.0138859085366,324.96035416876197,378.56910165361194,30.0,VERY_STEEP
R4059,438.99133763628623,391.6774887818743,454.15519163067154,30.0,VERY_STEEP
R4060,449.19627472386435,436.1528856532441,477.45674499273593,5.51,MODERATE
R4061,379.4067462176778,349.3619581846639,400.27453086444814,30.0,VERY_STEEP
R4062,371.03185562857936,333.55375797316185,395.1080578589258,7.68,MODERATE
R4063,426.5363363858041,384.8600748489146,440.308842444314,7.31,MODERATE
R4064,375.3026340920253,341.98188819425985,402.42775612043096,30.0,VERY_STEEP
R4065,436.55623831722033,390.19952855236215,485.88654275568314,30.0,VERY_STEEP
R4066,360.2842592157477,312.60460134039283,383.4375810909953,2.44,GENTLE
R4067,362.5955196379358,350.02275071019244,407.6526906316332,30.0,VERY_STEEP
R4068,447.91515551006154,421.82033392840657,491.64312117500896,30.0,VERY_STEEP
R4069,417.3838898270005,406.4455289581543,465.4662265588889,17.91,VERY_STEEP
R4070,434.68872244289525,411.5120561479175,476.293102933579,8.89,MODERATE
R4071,382.4329377351518,350.9582090163277,418.8168108175044,30.0,VERY_STEEP
R4072,417.64837495206046,371.2165777316625,461.9117527211588,30.0,VERY_STEEP
R4073,409.42418273085974,365.56200983224363,422.4499699571537,30.0,VERY_STEEP
R4074,410.3150120122947,395.2150229454153,438.828238300247,30.0,VERY_STEEP
R4075,418.25324595377214,404.5320309641363,467.8234954983745,30.0,VERY_STEEP
R4076,407.5359173129099,373.9652237626432,448.31992336469915,30.0,VERY_STEEP
R4077,392.9062369302666,361.6215180319153,441.3892520517555,30.0,VERY_STEEP
R4078,377.5922694380547,356.9371637808537,418.7776436833939,30.0,VERY_STEEP
R4079,426.8581330913202,380.8800097091668,471.853411789006,30.0,VERY_STEEP
R4080,372.62724300031863,325.53258662185647,410.8884282924463,30.0,VERY_STEEP
R4081,419.23543061544143,393.1309730818349,459.65551079213105,30.0,VERY_STEEP
R4082,373.3332822649327,327.72117998039187,404.2604026585127,28.89,VERY_STEEP
R4083,412.5330169954454,387.1750612249265,459.5025250280107,27.04,VERY_STEEP
R4084,424.7078267129029,385.23515343971485,467.70938313783734,13.38,STEEP
R4085,371.8713888906539,342.83370018874496,415.6267875172792,14.5,STEEP
R4086,355.99433008613084,341.09100382584353,392.91469412465295,30.0,VERY_STEEP
R4087,363.0973742994174,315.98000624993654,385.2805721829074,11.3,STEEP
R4088,410.5996967271025,382.43583299200105,422.0248885427081,7.69,MODERATE
R4089,434.94464062257356,395.5651590096774,482.3708457989553,14.19,STEEP
R4090,354.4996821235424,329.8127295462907,387.9444960757623,10.42,STEEP
R4091,423.4151259041646,412.6598907611152,445.3408447500902,30.0,VERY_STEEP
R4092,384.1318645950052,370.11065024733176,400.0972689089067,30.0,VERY_STEEP
R4093,397.85283699195224,368.00405781235526,441.0337636119824,0.83,FLAT
R4094,442.8859549845566,405.2873806995021,486.3467627624597,1.99,FLAT
R4095,383.19715047358454,359.8077374104134,425.7774691988058,30.0,VERY_STEEP
R4096,396.5336933939486,358.7141550268426,432.33700107262007,9.46,MODERATE
R4097,351.3682414760681,313.42281789878984,376.0088569797431,30.0,VERY_STEEP
R4098,358.15987200048386,320.00243570737064,380.3226833916941,6.3,MODERATE
R4099,375.8591591134784,346.1582849526581,386.2013499182052,30.0,VERY_STEEP
R4100,352.78522408210745,306.1897780772473,396.12952642963705,30.0,VERY_STEEP
R4101,413.1375326048251,383.5696718856005,426.6348405045708,9.58,MODERATE
R4102,392.63983568016226,364.62922794029674,427.87003560179295,30.0,VERY_STEEP
R4103,404.8145202728022,386.83928751237715,434.97751814640577,1.2,FLAT
R4104,367.464718589633,345.1585150953795,398.53229294668705,30.0,VERY_STEEP
R4105,379.5932029436616,367.8998232429295,426.6617167559725,30.0,VERY_STEEP
R4106,416.3824474852725,381.0410357406257,427.6470479361222,12.09,STEEP
R4107,446.53027236304,426.5888426059563,487.4659613481909,30.0,VERY_STEEP
R4108,355.0416773602209,332.8754671808023,367.1237732949132,6.19,MODERATE
R4109,439.0384320855266,398.20585121895374,450.5645763229417,30.0,VERY_STEEP
R4110,407.68812013112085,384.5992728046627,434.8808280567761,5.21,MODERATE
R4111,406.39195667556237,386.7041209950367,418.91496364928105,0.73,FLAT
R4112,400.02785352077603,383.2655435554278,441.59361157249253,30.0,VERY_STEEP
R4113,356.93940859041834,315.9450725031401,388.12193233635185,11.45,STEEP
R4114,358.98768517361606,343.799434854015,370.14923648000706,18.63,VERY_STEEP
R4115,410.0912005659086,381.94105015589446,421.7112280251854,30.0,VERY_STEEP
R4116,384.0958571435558,353.81865250046803,418.602598333135,1.46,FLAT
R4117,441.72680665776807,404.2312101503395,483.97127936410425,1.8,FLAT
R4118,390.6590537359472,355.3277144426274,418.17103498693814,30.0,VERY_STEEP
R4119,364.3281458702641,321.8993189524571,396.5113727316891,30.0,VERY_STEEP
R4120,421.4718833502036,409.68182599315406,463.46506151219967,7.18,MODERATE
R4121,379.335342144101,357.4777131529251,413.75558910577377,7.55,MODERATE
R4122,402.5470307355893,381.34166598457415,421.5374402419421,30.0,VERY_STEEP
R4123,419.783278550517,403.9426023268327,454.3053595852962,30.0,VERY_STEEP
R4124,440.02641112020706,418.45928096594935,475.1575894828156,13.65,STEEP
R4125,429.2191194801676,406.82850691445145,468.58339871541267,14.99,STEEP
R4126,417.6361067872724,386.76072831017325,452.47107428954445,30.0,VERY_STEEP
R4127,417.96331823951436,381.4151390824641,466.7330034578359,30.0,VERY_STEEP
R4128,444.5924644032086,419.34844385873606,462.48399675189137,1.39,FLAT
R4129,379.5824097496536,340.80360049711834,427.62603693233666,2.8,GENTLE
R4130,350.1112094196187,326.6645958764355,381.64478903361936,30.0,VERY_STEEP
R4131,377.19545593981985,355.58410884722946,414.0737015596163,30.0,VERY_STEEP
R4132,371.7891379626744,340.1416157283934,385.76760186076194,1.77,FLAT
R4133,416.1834585113998,405.2348040991682,441.4064961665241,1.4,FLAT
R4134,413.3711599765529,400.1795950311929,454.14632583507984,30.0,VERY_STEEP
R4135,409.3461382704724,382.62735652701133,447.622578874432,30.0,VERY_STEEP
R4136,351.6243443209454,303.90783586527516,363.2299198475618,30.0,VERY_STEEP
R4137,422.8778054450647,384.0173342513278,454.7415759849545,7.59,MODERATE
R4138,382.3530412485492,368.82797846852685,395.8841689672856,30.0,VERY_STEEP
R4139,416.50559890066313,372.65287838942817,466.33985606778964,30.0,VERY_STEEP
R4140,405.65784285021533,366.3658120258881,451.54970639154715,30.0,VERY_STEEP
R4141,384.2730925427907,349.8352315146846,395.1163189599322,7.5,MODERATE
R4142,363.45762671041075,320.64590828604366,407.803609866516,30.0,VERY_STEEP
R4143,359.4418897660481,333.27749585632984,406.21907378838443,2.09,GENTLE
R4144,433.15183331122233,414.2917912770682,457.29376221376054,1.92,FLAT
R4145,441.8397542081558,411.3588186438054,480.61982041006644,30.0,VERY_STEEP
R4146,414.97880467642995,383.02513445269096,442.6629545247411,30.0,VERY_STEEP
R4147,360.34341148604835,328.81035660565186,396.5527108691021,30.0,VERY_STEEP
R4148,390.20272168882406,357.59977002961983,413.8154178607517,30.0,VERY_STEEP
R4149,422.8939200105157,374.9457232809485,445.7962894758465,3.62,GENTLE
R4150,427.9820884010068,381.89226347715754,454.95944395531,30.0,VERY_STEEP
R4151,361.8218622291089,316.79318076675133,377.64457257520894,3.59,GENTLE
R4152,350.00307188453826,307.9463994481932,393.24863046195355,2.02,GENTLE
R4153,421.2137045880605,373.4765802974491,445.161620402526,30.0,VERY_STEEP
R4154,385.65961759862057,371.71983193144445,411.6655997548544,0.94,FLAT
R4155,375.44813316182604,354.84320270399644,421.21031766991183,30.0,VERY_STEEP
R4156,351.28974697895256,321.4875091527692,381.15469954147943,30.0,VERY_STEEP
R4157,404.02994067615,360.16856095121375,435.8000970501845,30.0,VERY_STEEP
R4158,435.11507354259817,404.90844508168885,483.3749985336821,5.12,MODERATE
R4159,445.7631646272588,405.84177505359526,491.23221995305835,30.0,VERY_STEEP
R4160,406.57449506132895,391.0160988513723,423.35316341686655,0.95,FLAT
R4161,401.4461327739894,381.349580254927,430.3747339707136,30.0,VERY_STEEP
R4162,358.50563854892414,319.23459474741725,407.357487646066,30.0,VERY_STEEP
R4163,404.88728015426,388.297919798751,429.7819320834041,4.88,GENTLE
R4164,387.99790789653946,363.9436705103424,412.8608322371875,0.89,FLAT
R4165,410.7135280883577,390.11887777581484,428.51473735992386,2.16,GENTLE
R4166,388.87263478765465,364.8781670187555,403.44555935241965,30.0,VERY_STEEP
R4167,374.0299123450367,335.6969503819179,413.642103975276,4.37,GENTLE
R4168,359.49652752283765,334.7826402771256,400.2977462708983,30.0,VERY_STEEP
R4169,381.49184445888955,349.2813115545719,430.25236299900956,11.21,STEEP
R4170,359.6644834287752,345.66720834659884,400.60121186498975,7.37,MODERATE
R4171,367.6896950823984,325.4889873530133,387.4237948437423,30.0,VERY_STEEP
R4172,448.7336158579546,423.9380708320296,460.3382789894952,3.15,GENTLE
R4173,394.41035569066185,358.46898932932817,443.8278510654483,30.0,VERY_STEEP
R4174,403.18717665050167,364.17159258402836,426.8052044722459,30.0,VERY_STEEP
R4175,437.36185287372155,418.9754159892535,459.8407145710184,3.54,GENTLE
R4176,449.5568900490688,404.1698906509348,495.79509843904407,16.87,VERY_STEEP
R4177,408.27144493446815,373.62247487019005,441.6754408762676,12.56,STEEP
R4178,431.24738210441717,404.09837643435793,449.84222905838254,6.77,MODERATE
R4179,382.6941024336675,365.40069509053876,428.2579521423171,9.42,MODERATE
R4180,380.5743957447291,332.8823582286808,430.3088299469188,1.32,FLAT
R4181,390.27037209945604,350.06764393419104,403.73751454548926,0.36,FLAT
R4182,417.25072626736494,398.929743758035,461.74079139946446,0.42,FLAT
R4183,418.21916892550985,394.71073793654085,443.8397968328856,5.33,MODERATE
R4184,381.5239434649451,339.1369731414222,412.4868413252133,7.96,MODERATE
R4185,363.32099241366285,325.4938858850493,409.9136314442621,30.0,VERY_STEEP
R4186,413.23962564655085,372.60825393792186,462.17479347755557,30.0,VERY_STEEP
R4187,362.83258621887643,335.18454213035915,383.3191426352284,1.24,FLAT
R4188,407.849250822933,369.1902003172463,426.36328166132955,10.07,STEEP
R4189,419.3422128056309,393.88246389107434,432.56287514929136,30.0,VERY_STEEP
R4190,420.06114963944515,401.6106329619173,452.5330637459307,8.6,MODERATE
R4191,425.3472110659597,390.0401296723053,435.89138688398646,13.13,STEEP
R4192,437.2859421565665,388.24538513261473,463.7618740609639,22.04,VERY_STEEP
R4193,399.99589919647883,377.57186034066564,412.93125986255916,6.0,MODERATE
R4194,423.02491895295714,394.58613526445555,449.2339502701305,30.0,VERY_STEEP
R4195,411.91727353658365,374.9572186937895,423.514561107208,22.63,VERY_STEEP
R4196,368.66399397976824,337.0037426948687,412.072684404119,30.0,VERY_STEEP
R4197,352.5689644869408,308.83185265857884,370.95852424448344,30.0,VERY_STEEP
R4198,378.45413856769335,337.9844303089127,401.58648698200983,30.0,VERY_STEEP
R4199,394.3033706337619,381.97148247926765,439.1052904980176,30.0,VERY_STEEP
R4200,411.7105944428656,361.77374508591464,451.5612368961538,30.0,VERY_STEEP
R4201,434.99593305032056,394.89983490154185,453.7574675160029,1.68,FLAT
R4202,369.62457167061655,325.068439018852,382.5005484169164,30.0,VERY_STEEP
R4203,362.5549789898477,326.50707050603387,401.1819300640613,20.51,VERY_STEEP
R4204,446.3479947474327,402.0965896255622,471.9760967749571,30.0,VERY_STEEP
R4205,360.8044559376407,346.3091369404923,401.44765590236955,14.68,STEEP
R4206,397.8491070107189,373.93959358834627,425.6608979057273,1.43,FLAT
R4207,408.5563728793302,363.4995351351505,432.39646939822126,8.14,MODERATE
R4208,404.13744209074383,386.07123364006816,432.1856584192397,3.98,GENTLE
R4209,358.6032157032943,345.4735317600934,398.5455751301214,14.4,STEEP
R4210,355.7026914003619,314.1779338025532,401.7915028619769,30.0,VERY_STEEP
R4211,360.5483427461036,317.1288965203717,372.5390306096466,30.0,VERY_STEEP
R4212,408.55876838726124,392.0526796596652,439.52323003633944,16.6,VERY_STEEP
R4213,404.4344887634321,360.2606494521235,415.7479059267872,12.0,STEEP
R4214,373.37407920367446,335.90336737978765,402.1104610046488,11.61,STEEP
R4215,413.7774141845592,382.9741068558958,459.1887273484352,1.97,FLAT
R4216,432.0067502055649,388.7967424943095,456.4703608623773,1.49,FLAT
R4217,354.1578959846594,327.38792601190073,401.45591282788513,30.0,VERY_STEEP
R4218,399.81299435480423,382.05323610586834,435.0373332208286,30.0,VERY_STEEP
R4219,418.93104121026903,397.5369341458445,466.29725496198927,1.59,FLAT
R4220,375.2311927069687,345.02463197523616,415.5178577234695,30.0,VERY_STEEP
R4221,380.77709052931493,349.5238588223879,394.9144971952654,30.0,VERY_STEEP
R4222,411.3637902989384,369.14055724128906,430.6098450014455,8.92,MODERATE
R4223,439.79352934437367,398.13942039828027,465.56034752771393,17.75,VERY_STEEP
R4224,430.9924420302899,397.7377797421069,447.7967173107729,30.0,VERY_STEEP
R4225,408.31302190995837,367.08160257533933,438.1094861010248,27.36,VERY_STEEP
R4226,423.0221717757249,405.3512334439781,451.87689800378456,13.31,STEEP
R4227,386.4822470207799,374.4796659370481,434.7326149418751,8.63,MODERATE
R4228,414.0965528098758,369.1511999044878,441.4456681257149,16.54,VERY_STEEP
R4229,396.6181591127557,383.5959793622449,438.0432312842756,6.31,MODERATE
R4230,368.9936136457561,349.1260764559962,416.6700354398153,20.93,VERY_STEEP
R4231,420.17382738772574,382.36106940275033,465.25338062668516,14.64,STEEP
R4232,405.6464637348822,379.2685462297899,423.9931687153459,11.41,STEEP
R4233,385.86215819535914,340.8095993987388,415.7033539655009,30.0,VERY_STEEP
R4234,441.1339190078631,419.2147272213723,465.04351029970013,30.0,VERY_STEEP
R4235,352.09341178267334,341.618557915899,378.087759588162,27.65,VERY_STEEP
R4236,381.5773151249496,359.55108950251986,406.00958817477965,30.0,VERY_STEEP
R4237,355.68813977776466,322.5651378103714,398.7425081847648,30.0,VERY_STEEP
R4238,426.6527316221627,401.61519660603096,454.7382938270606,25.78,VERY_STEEP
R4239,420.21074541137926,388.81583518102906,451.15851870116677,30.0,VERY_STEEP
R4240,383.1352218736317,338.07129712023095,432.43311615551465,8.09,MODERATE
R4241,417.5662902207073,371.0668880514925,429.96546110836795,30.0,VERY_STEEP
R4242,389.593722619595,368.9547600334305,419.1120282112249,30.0,VERY_STEEP
R4243,425.62537914224345,397.1397602114474,466.5878474200881,6.77,MODERATE
R4244,395.4183662736706,363.45260566401254,411.4648446011997,30.0,VERY_STEEP
R4245,391.22797278316654,343.26347450763666,425.68923656775746,30.0,VERY_STEEP
R4246,443.4729915488301,393.52829878225475,463.0515827302088,4.12,GENTLE
R4247,375.08790998907,355.6716200354089,419.7840745180527,30.0,VERY_STEEP
R4248,362.04473399965656,322.9655391458239,385.12872061565974,7.8,MODERATE
R4249,408.4543113259458,383.333068836618,431.6168240019822,2.52,GENTLE
R4250,446.9321812284179,436.60785335296936,480.85993636913366,3.38,GENTLE
R4251,387.7839213727187,377.4138204752826,405.12643769751503,21.25,VERY_STEEP
R4252,356.2036763628781,327.7810360603879,377.59922191900057,5.77,MODERATE
R4253,383.93052673095673,354.39713021078336,410.5958007357332,4.18,GENTLE
R4254,400.59316543195587,389.69037756901815,424.7386799575603,6.56,MODERATE
R4255,366.1923006632214,328.71520399224926,397.18738938344467,30.0,VERY_STEEP
R4256,415.8102218056492,394.05008626185105,449.79582756840784,30.0,VERY_STEEP
R4257,449.77493890102005,417.37921483958206,482.44163705102665,30.0,VERY_STEEP
R4258,395.17394759814437,373.1371846715276,431.3406800778217,20.68,VERY_STEEP
R4259,385.4728556730213,368.787483078249,407.7828363373341,29.37,VERY_STEEP
R4260,390.07041668344664,363.7834671394916,405.12746576964776,1.37,FLAT
R4261,361.5146178395201,342.22368324790006,401.9469194967632,13.52,STEEP
R4262,438.3273601426224,406.9353210658557,482.3585754478497,22.68,VERY_STEEP
R4263,391.4825655521352,373.52942434067603,411.7628148410325,9.79,MODERATE
R4264,388.7274411424841,358.391202076699,415.0111193888049,30.0,VERY_STEEP
R4265,415.9690272930474,399.67388669829273,445.91179597158964,5.57,MODERATE
R4266,394.2033420931123,357.36435371368094,425.5364158032298,16.09,VERY_STEEP
R4267,414.8233468807846,374.66583950312764,451.20295372429064,6.19,MODERATE
R4268,356.14462901307877,341.7288596430814,367.80875834729164,7.47,MODERATE
R4269,431.3723343722227,402.66023789072915,470.2314176815834,1.03,FLAT
R4270,444.05039528794026,431.2155272617453,456.52923556711664,30.0,VERY_STEEP
R4271,414.8765386159386,380.9492407942585,443.6080813228533,5.48,MODERATE
R4272,445.4565928858811,424.88042096869526,488.56343830864887,5.02,MODERATE
R4273,365.1432314369963,334.03825316344796,393.19184396813216,11.67,STEEP
R4274,397.74161894803535,367.0431785726637,413.70520889876525,1.96,FLAT
R4275,410.1806733945447,363.2064995467927,459.5820271947831,4.05,GENTLE
R4276,408.17366474211866,376.21033583936975,453.74508322508916,30.0,VERY_STEEP
R4277,390.14617790890435,356.8262387201717,430.9987232379049,30.0,VERY_STEEP
R4278,383.80844093662614,357.7423159060509,410.26890505259456,30.0,VERY_STEEP
R4279,362.6824022550419,314.7192181277292,380.0362313306138,30.0,VERY_STEEP
R4280,389.17424505622785,348.0868086786435,436.8306923129679,30.0,VERY_STEEP
R4281,366.26608151054853,344.84986989843486,397.5601265712341,6.49,MODERATE
R4282,423.43656764922184,379.66818421817254,467.53078606472127,19.01,VERY_STEEP
R4283,370.883093549459,343.58723914205535,394.566893779836,30.0,VERY_STEEP
R4284,355.8565305284534,312.70984478710966,379.26806321163224,30.0,VERY_STEEP
R4285,405.2366137817234,362.32109104998335,454.658233008685,30.0,VERY_STEEP
R4286,409.52297327194015,391.968165801426,440.3962952117341,30.0,VERY_STEEP
R4287,437.19130612805054,399.1456608727075,452.8191230824804,30.0,VERY_STEEP
R4288,407.69816124176816,386.07244246950694,426.48514836155647,30.0,VERY_STEEP
R4289,384.5480853723446,362.64837857263785,413.8258565480534,30.0,VERY_STEEP
R4290,430.30118815263205,408.4472650774088,442.0000245721685,2.5,GENTLE
R4291,404.0278893187421,365.00515941634416,432.5292487338741,30.0,VERY_STEEP
R4292,357.9280284631192,338.7349867914177,384.68566214632426,30.0,VERY_STEEP
R4293,406.58505603132465,396.54882262148107,447.75850664410416,30.0,VERY_STEEP
R4294,440.8018545421662,402.19238040286086,464.9995331217359,30.0,VERY_STEEP
R4295,389.63126254982205,372.78387279641703,438.933213011406,30.0,VERY_STEEP
R4296,379.63258018998,365.4532843776666,396.8633769620161,30.0,VERY_STEEP
R4297,364.346945701802,344.8463008780396,397.9864131005274,10.44,STEEP
R4298,365.14455219353573,339.94853130062756,378.73252407386593,30.0,VERY_STEEP
R4299,393.27714843418187,364.24089533525387,432.63170779394113,30.0,VERY_STEEP
R4300,409.567982416153,397.78518078764773,459.3581299386318,12.04,STEEP
R4301,358.0615405169602,309.23860721186577,400.8270860270255,30.0,VERY_STEEP
R4302,443.95685890251656,405.31433676573425,476.1850005313286,30.0,VERY_STEEP
R4303,425.5133617445196,402.5855991315462,454.9030160405073,30.0,VERY_STEEP
R4304,408.66239182836625,385.91450153695035,452.0635902790401,8.03,MODERATE
R4305,432.84386709389906,404.9021651191607,480.28283048232805,30.0,VERY_STEEP
R4306,358.01867568121133,322.96888277069,407.58693671313506,30.0,VERY_STEEP
R4307,397.68388777331245,381.82896510975377,423.54545687589183,8.59,MODERATE
R4308,413.00931268616637,395.4521201355683,462.64601167794683,13.29,STEEP
R4309,432.8652906118289,388.4879072984869,449.1023406987822,30.0,VERY_STEEP
R4310,428.34695600492677,408.09675904936387,448.4889470422031,30.0,VERY_STEEP
R4311,377.70692497133996,352.49912505233283,391.2675699606958,3.46,GENTLE
R4312,444.0880169559204,399.2371429179157,464.95755761529966,5.86,MODERATE
R4313,362.434584143087,325.9086709670941,403.1520862078075,18.48,VERY_STEEP
R4314,437.51336186211523,413.8448866884477,481.6303361892532,16.36,VERY_STEEP
R4315,447.09402496046187,409.74604313147705,488.24973076456473,30.0,VERY_STEEP
R4316,367.71535232226256,356.928023707006,402.9579834489704,30.0,VERY_STEEP
R4317,422.20660642037853,382.78090001992393,452.76526692128436,17.29,VERY_STEEP
R4318,354.0285518777998,324.54791025715025,392.3767234463457,25.15,VERY_STEEP
R4319,390.5422825139155,348.01499662253707,416.1756244846044,9.8,MODERATE
R4320,401.6283299197674,353.44282383950866,445.28066397975545,25.7,VERY_STEEP
R4321,408.0645225909634,361.0329806111807,445.1521263500348,30.0,VERY_STEEP
R4322,443.59372482485594,397.2231230866423,481.5059127646323,30.0,VERY_STEEP
R4323,417.2250687294195,386.738270492064,448.66250845458234,15.46,VERY_STEEP
R4324,398.1277951219237,373.7221105563662,443.53695449037065,23.98,VERY_STEEP
R4325,430.96750362658895,402.36609063736205,451.04809297375107,7.94,MODERATE
R4326,445.05328209544086,407.45744196290644,470.2991882298829,30.0,VERY_STEEP
R4327,352.20661486822905,306.8467037933816,393.31231765533664,30.0,VERY_STEEP
R4328,448.2521272256039,429.9726751055991,477.9620830707774,30.0,VERY_STEEP
R4329,358.61321390636806,311.88548756789993,404.1817744433357,30.0,VERY_STEEP
R4330,431.43867792687615,388.8314686480806,455.29465071739025,30.0,VERY_STEEP
R4331,378.03347525514124,328.87923464801185,402.806682007927,30.0,VERY_STEEP
R4332,363.2179657753872,318.00789484411973,408.7673973508522,30.0,VERY_STEEP
R4333,393.9855639713835,372.7880707837072,422.56037677866516,30.0,VERY_STEEP
R4334,414.39565794476135,400.15742149099947,445.0406413128608,6.93,MODERATE
R4335,388.0951845023475,373.6055416226839,411.40573311577464,5.84,MODERATE
R4336,355.4565408282699,333.80760808513884,376.5233385154332,30.0,VERY_STEEP
R4337,409.94611396587163,375.3787650064901,446.1840623994073,30.0,VERY_STEEP
R4338,440.24032761106747,398.0675145671806,455.03395407271563,30.0,VERY_STEEP
R4339,388.32153659472516,342.3515243154626,433.49244224204153,30.0,VERY_STEEP
R4340,371.6332777630827,336.68314238831334,412.801403233687,30.0,VERY_STEEP
R4341,394.25773459328155,384.0324820833594,411.88766514151365,1.79,FLAT
R4342,354.8362711048781,337.38360004413676,392.59706893786074,30.0,VERY_STEEP
R4343,432.04875844802746,418.05971029389275,466.15407529945287,3.06,GENTLE
R4344,432.6340810950187,408.1011020722583,450.0154831244845,30.0,VERY_STEEP
R4345,408.80004634296284,378.746006597613,429.72818658497215,30.0,VERY_STEEP
R4346,385.31028889383896,373.57440175069655,411.6697490431923,30.0,VERY_STEEP
R4347,429.97833644457836,406.0392174127521,467.9480458543973,30.0,VERY_STEEP
R4348,405.4687024788367,388.3015154938238,441.01763883151693,30.0,VERY_STEEP
R4349,432.5932308550016,396.71042420464664,463.8826247620695,30.0,VERY_STEEP
R4350,413.14587925830205,384.57498448532846,453.8823009828634,30.0,VERY_STEEP
R4351,428.4405473212797,398.6278414439234,468.75805690552636,30.0,VERY_STEEP
R4352,409.856299321776,382.7486278004376,444.57066548426627,30.0,VERY_STEEP
R4353,391.41410682156663,343.173318402104,432.8937101569596,30.0,VERY_STEEP
R4354,445.79458599261375,427.2051809877512,469.1651209837821,30.0,VERY_STEEP
R4355,404.1113824878845,373.44481209412953,449.3613636207887,30.0,VERY_STEEP
R4356,410.50895185405386,371.06825711944043,445.1053552861315,7.4,MODERATE
R4357,372.04876394147493,339.7749874160924,414.94330449397216,5.58,MODERATE
R4358,412.56507894272767,365.4042435140556,444.416243134339,30.0,VERY_STEEP
R4359,407.1607649482944,382.04203072264306,425.8982947478416,30.0,VERY_STEEP
R4360,368.4838397947025,339.93680756377535,400.1802449418348,2.6,GENTLE
R4361,355.95870973531436,342.4178171267252,380.8031762863779,1.65,FLAT
R4362,410.4359319714771,376.0759675293999,448.3358934129609,30.0,VERY_STEEP
R4363,426.36922693503203,404.8407481971078,455.4009786044215,30.0,VERY_STEEP
R4364,402.34013709220085,385.9277755115781,445.78464928930833,20.83,VERY_STEEP
R4365,372.6772625319646,340.8960108157843,409.80016302484125,21.53,VERY_STEEP
R4366,416.6521976693035,385.3597871341071,454.0339749905565,22.84,VERY_STEEP
R4367,358.01057266096024,344.97570701199834,376.69678600060286,6.34,MODERATE
R4368,394.18337048019544,356.25475234041653,443.553361139847,10.86,STEEP
R4369,366.33667583984203,331.3857882138079,410.0036842107016,15.82,VERY_STEEP
R4370,368.44590510598834,350.8852137961285,410.0061004884161,7.18,MODERATE
R4371,370.22939491582036,341.4520004296586,393.43800392222147,30.0,VERY_STEEP
R4372,388.6707057043978,349.8577890452554,420.09597181828707,7.2,MODERATE
R4373,355.1150205620398,323.9375909403887,370.5991480850129,25.2,VERY_STEEP
R4374,389.7793440929098,363.959781045567,421.31838315941803,8.56,MODERATE
R4375,401.1707447114701,378.27720638823234,417.0063145708016,12.47,STEEP
R4376,398.32942849663254,363.9136738308704,430.4509422562166,30.0,VERY_STEEP
R4377,388.27841004030404,340.7140621078944,424.2272852465003,30.0,VERY_STEEP
R4378,433.9146608070753,397.04486718797597,459.52249949707135,5.67,MODERATE
R4379,364.5326692420504,351.5428330965978,394.47446437530215,3.64,GENTLE
R4380,400.5696743781374,372.14227543885204,445.59580988512084,9.81,MODERATE
R4381,356.20414169565544,310.5711764352303,370.5466674837678,5.5,MODERATE
R4382,357.115567887791,343.33707085574747,398.7848836077771,6.12,MODERATE
R4383,407.3865849677096,357.8315564822079,424.21676700755745,4.81,GENTLE
R4384,406.6018424887821,358.63906674296527,418.07016180096724,6.6,MODERATE
R4385,437.8033512844457,424.67237205525066,455.2263353942476,21.69,VERY_STEEP
R4386,405.78736756600733,358.45083474802516,446.3890951648269,30.0,VERY_STEEP
R4387,445.97910204048503,421.45379843010653,472.1841449739594,30.0,VERY_STEEP
R4388,354.869484839993,311.0811181569585,399.7703055138403,30.0,VERY_STEEP
R4389,359.80076847807413,333.0654349695433,390.7890701253648,0.85,FLAT
R4390,354.40658615703813,326.7723816489375,365.2966002340914,6.35,MODERATE
R4391,368.52768503335403,333.1579613942523,407.1962294174311,30.0,VERY_STEEP
R4392,404.1270110941678,363.1479143231285,418.5363274430171,30.0,VERY_STEEP
R4393,414.5572181427428,403.2056521048128,456.13240348121974,7.63,MODERATE
R4394,354.5585157948669,320.8322759737815,371.28261778707406,7.48,MODERATE
R4395,444.59708898455995,427.12776922066513,468.4149444167805,30.0,VERY_STEEP
R4396,434.2165376650381,410.37855695051,474.6673948500525,4.86,GENTLE
R4397,379.6612482157093,355.74250156950063,427.8305025147662,5.49,MODERATE
R4398,357.7187530226468,328.95633941380066,382.5761110485161,30.0,VERY_STEEP
R4399,366.98870732190574,343.6232508468588,410.16471612986317,20.29,VERY_STEEP
R4400,362.69444137549726,348.39999663747057,380.3261319945308,9.93,MODERATE
R4401,362.3283779298947,346.50322838887666,404.61556873799435,8.6,MODERATE
R4402,401.8561688665734,390.5186494441295,438.15593123682345,30.0,VERY_STEEP
R4403,374.58474424934,345.77478083618985,392.29448453783476,6.79,MODERATE
R4404,385.81397165291446,337.6360638587949,407.9141300669709,30.0,VERY_STEEP
R4405,448.95053333843225,434.3235243925076,464.2213688823137,30.0,VERY_STEEP
R4406,418.4314248925345,370.5808451724112,443.75010533510704,30.0,VERY_STEEP
R4407,444.8980667047001,405.56360611541635,463.0440123496312,30.0,VERY_STEEP
R4408,364.2556555033116,328.755703385945,400.0155736485305,30.0,VERY_STEEP
R4409,388.2139474832569,352.40283727031436,437.99415165207927,23.81,VERY_STEEP
R4410,405.4731803282354,362.40407439238413,415.95354685160595,15.45,VERY_STEEP
R4411,357.6758061888738,343.39901161368095,389.31259872036577,7.79,MODERATE
R4412,350.4187443627958,320.22857142017415,383.3654082647562,30.0,VERY_STEEP
R4413,417.04343337969175,379.1597878492614,463.61178496692423,30.0,VERY_STEEP
R4414,414.1819516801435,380.709133877201,444.42216507082105,30.0,VERY_STEEP
R4415,391.0788809999612,347.7677181590294,422.8269377857579,23.14,VERY_STEEP
R4416,398.96440760320326,386.0735392427492,427.8305196563388,15.64,VERY_STEEP
R4417,391.544300059209,353.91625847924234,412.3004722416682,30.0,VERY_STEEP
R4418,352.40050448448886,321.03939526910017,364.64166981444544,13.27,STEEP
R4419,383.53716062174624,358.3707260625485,409.8834679101397,20.6,VERY_STEEP
R4420,367.70822553972897,344.0972262503677,379.8118843893561,5.69,MODERATE
R4421,359.84241891013687,325.00911359916915,391.8621176887736,30.0,VERY_STEEP
R4422,445.672043388935,400.03222840316437,467.9637891186267,30.0,VERY_STEEP
R4423,409.9359725042166,380.08893546017197,441.2800685652337,30.0,VERY_STEEP
R4424,422.86562842366027,379.87670186058347,438.2375069994677,0.75,FLAT
R4425,381.53637432661174,355.45011905285304,428.8415729561861,30.0,VERY_STEEP
R4426,389.3147129494015,375.2189344376744,435.09556269139887,30.0,VERY_STEEP
R4427,373.69239938967235,361.2321699313268,391.2922597577637,27.99,VERY_STEEP
R4428,359.6965670965425,347.64319224359537,383.43433842830285,30.0,VERY_STEEP
R4429,367.9031637441584,342.6971580658516,402.44287461823757,9.51,MODERATE
R4430,429.7514045296486,406.2618944962149,443.5788528218848,30.0,VERY_STEEP
R4431,417.75458051837757,379.0370995734748,441.9372933630236,28.53,VERY_STEEP
R4432,404.6928875985477,364.9800275351531,424.73737907130794,30.0,VERY_STEEP
R4433,397.5089872866768,385.47482853332724,444.12965643534466,4.37,GENTLE
R4434,442.24342836561243,423.39849785005185,486.3438538171806,30.0,VERY_STEEP
R4435,357.27349477786686,336.3030207715109,390.4668044285414,4.01,GENTLE
R4436,378.0600813237916,346.1556019580793,408.8739347986546,30.0,VERY_STEEP
R4437,384.99378535707143,369.21317640079343,432.2228171388873,2.23,GENTLE
R4438,428.2425812212788,412.88493244527876,475.5396925404314,30.0,VERY_STEEP
R4439,449.25146201619714,401.4999064478788,498.0246670302636,30.0,VERY_STEEP
R4440,374.0670514757153,331.89893518380404,389.0822068400428,6.09,MODERATE
R4441,437.4307334137081,420.20453733006127,453.8530458442349,8.83,MODERATE
R4442,433.0622760431791,406.7995637269595,470.13174399037456,17.85,VERY_STEEP
R4443,372.46573976417665,348.24085979387405,404.12311882857045,30.0,VERY_STEEP
R4444,389.9332580199223,348.293095057306,400.6718942156517,30.0,VERY_STEEP
R4445,390.96728692925194,360.55877027012707,403.4462883688327,28.5,VERY_STEEP
R4446,447.82206685265584,432.70807737291716,493.34528214300803,30.0,VERY_STEEP
R4447,368.08919013788983,328.52950761164004,412.8440219594653,30.0,VERY_STEEP
R4448,429.9157971104782,404.04027798148144,454.20663399032003,30.0,VERY_STEEP
R4449,383.419271417311,362.90230151202513,429.0612960945324,10.49,STEEP
R4450,423.087034577616,398.0670896967872,456.8340375535321,9.19,MODERATE
R4451,392.0011004295663,362.09083788529045,434.2373263103224,30.0,VERY_STEEP
R4452,407.835976311654,384.11135565497364,434.93321915806257,3.66,GENTLE
R4453,433.2611773326131,413.58494642894277,447.79711042640946,30.0,VERY_STEEP
R4454,430.4165564983884,404.47647534622917,457.76563900422906,3.83,GENTLE
R4455,436.64231835397004,425.8754019239741,464.93431027384594,30.0,VERY_STEEP
R4456,355.9617325344659,315.06181869061334,387.99950028809,3.89,GENTLE
R4457,419.20505530397446,402.36725956127106,433.42836382015156,30.0,VERY_STEEP
R4458,363.9987376721763,352.2425531269508,413.65481219416074,3.3,GENTLE
R4459,391.5818568018411,355.43390908563794,411.3473296341174,30.0,VERY_STEEP
R4460,404.85884150546883,363.90139635252194,422.80093764695255,30.0,VERY_STEEP
R4461,390.2739484746831,347.7207832109694,421.34606522892057,5.58,MODERATE
R4462,401.96116758030075,372.22080027387676,433.4494947560963,30.0,VERY_STEEP
R4463,449.65263087986193,431.43790349226254,477.2454603931917,3.47,GENTLE
R4464,363.52173137128545,324.0326242812924,404.3974172242956,30.0,VERY_STEEP
R4465,417.5456045336426,379.5570814474691,448.21178056278666,30.0,VERY_STEEP
R4466,389.6000966385615,369.7492672744346,423.9879148443609,10.32,STEEP
R4467,363.3009798907329,317.1646696562212,402.2508353070443,16.28,VERY_STEEP
R4468,365.87367633743094,351.69881801411776,376.8746803999856,30.0,VERY_STEEP
R4469,444.9273106245617,395.61978104090866,477.7530779263635,12.67,STEEP
R4470,437.9601496711762,393.5502372320776,483.327928520311,30.0,VERY_STEEP
R4471,440.7041960415022,403.1882502223392,451.39974575851954,7.46,MODERATE
R4472,449.15327758273867,401.60328205154536,475.3605617347771,30.0,VERY_STEEP
R4473,370.8315390008518,331.9390922679035,417.88063700908504,3.68,GENTLE
R4474,385.5439337364062,367.92565385520436,409.6701098277077,30.0,VERY_STEEP
R4475,416.92190299248665,389.2356574679742,445.27105596049626,5.02,MODERATE
R4476,398.3802539860647,385.5201330127993,447.6419097078372,4.4,GENTLE
R4477,391.83895333783335,366.2526564463087,409.8119076958563,30.0,VERY_STEEP
R4478,385.7811249335593,346.11700414407096,398.3913324985595,30.0,VERY_STEEP
R4479,409.3780631943452,383.9203291571125,453.75496682879736,5.23,MODERATE
R4480,407.5593428640082,384.34757584528285,452.29795651250294,5.1,MODERATE
R4481,366.145783406424,332.33155450601157,395.02889679362454,9.89,MODERATE
R4482,397.17398375184393,352.2858025918881,427.7422707309354,30.0,VERY_STEEP
R4483,405.347177620985,393.4438499191405,448.77943240569846,5.89,MODERATE
R4484,407.02869387313905,381.60987648514964,446.57107379777085,30.0,VERY_STEEP
R4485,371.0107192912352,354.6810896186247,391.61667937991564,1.54,FLAT
R4486,424.22713922522865,386.41296919595385,434.9028734280894,30.0,VERY_STEEP
R4487,352.519909482107,338.2909270648616,381.7079159834488,1.53,FLAT
R4488,385.48318555431626,348.8908752111065,429.8396785981419,30.0,VERY_STEEP
R4489,428.02126485356337,406.57403002164705,473.8546519211699,9.25,MODERATE
R4490,406.3892921055402,388.43261955605124,454.6383399885864,30.0,VERY_STEEP
R4491,376.116243251086,328.6621409380866,421.29877275559727,30.0,VERY_STEEP
R4492,419.49531193430477,408.7543288644665,452.6970541462287,30.0,VERY_STEEP
R4493,406.7390944156073,379.2280035400246,434.52331838505137,25.5,VERY_STEEP
R4494,429.6243609456387,418.759281247167,470.6183548070027,30.0,VERY_STEEP
R4495,423.5025186189823,394.15879669480915,463.09538399360616,30.0,VERY_STEEP
R4496,411.01079220362345,380.9688970918467,442.53652940688164,5.64,MODERATE
R4497,398.8177675310814,375.95126867529154,412.3108624334202,3.33,GENTLE
R4498,363.3182125667523,348.0317414657514,410.36146643822906,30.0,VERY_STEEP
R4499,376.13330178853835,351.0778002791593,404.3574032886048,2.62,GENTLE
R4500,391.90994729170853,355.0194296944059,416.4432985683591,3.81,GENTLE
R4501,409.92992870063887,368.6340963548605,445.11262450738974,30.0,VERY_STEEP
R4502,401.3707855215305,370.1407614260048,438.32430396820956,30.0,VERY_STEEP
R4503,378.818452595953,345.22507681836277,397.24596927716505,30.0,VERY_STEEP
R4504,350.64643577897107,332.62178093398495,394.1239895713693,30.0,VERY_STEEP
R4505,399.6239221900814,378.1307088609754,421.2214059365765,30.0,VERY_STEEP
R4506,378.5625988562243,362.08677445412997,396.029955892797,30.0,VERY_STEEP
R4507,423.4608300710535,403.48901607086907,449.7168241852334,30.0,VERY_STEEP
R4508,352.39462652704833,333.39915531802706,391.6170297629469,30.0,VERY_STEEP
R4509,408.4827811305791,377.7048296749296,457.10110826817123,22.08,VERY_STEEP
R4510,444.14742375060655,411.63987351897737,486.51867432546385,5.3,MODERATE
R4511,367.4409267111499,319.6430298782897,415.0548618179576,30.0,VERY_STEEP
R4512,397.16494907505955,379.3421231909986,412.78918123812065,27.93,VERY_STEEP
R4513,359.1421991817138,323.47517077525396,371.98927113626087,28.32,VERY_STEEP
R4514,412.56819122613524,369.8778204666343,444.8763817024021,30.0,VERY_STEEP
R4515,405.0531680596226,372.6435095083005,426.66506738138395,30.0,VERY_STEEP
R4516,390.73655242128325,370.53640632124024,433.85875134005414,30.0,VERY_STEEP
R4517,402.1377021473741,381.6356929465741,439.0172170034672,11.39,STEEP
R4518,439.657465846901,428.087343724061,488.48659240633276,19.77,VERY_STEEP
R4519,369.6294302311067,347.4116611691674,389.8211244603589,26.57,VERY_STEEP
R4520,352.2564511705347,312.4723040103995,381.687815744744,30.0,VERY_STEEP
R4521,436.1664884699101,424.2657781816257,466.2161075669243,30.0,VERY_STEEP
R4522,407.71170823879066,388.9398969385974,427.2787800330857,30.0,VERY_STEEP
R4523,439.0658455461842,400.81654560491296,472.66958152570453,30.0,VERY_STEEP
R4524,409.6945223413173,368.38845982840223,437.42596178448684,30.0,VERY_STEEP
R4525,431.0161089959702,402.80337259349307,458.88497123556516,30.0,VERY_STEEP
R4526,392.9673363355148,355.04436279636883,417.47680225441417,30.0,VERY_STEEP
R4527,424.98599312882686,399.46790638263116,435.66316722584827,30.0,VERY_STEEP
R4528,441.3041466889856,424.9076168880205,472.1879561655772,30.0,VERY_STEEP
R4529,407.21229637222064,381.2863166313044,430.62220980023386,30.0,VERY_STEEP
R4530,368.07851505623796,334.87980224811224,378.13130981561113,30.0,VERY_STEEP
R4531,376.87976150301984,328.95763022890424,399.1975098094971,30.0,VERY_STEEP
R4532,369.86445768974056,357.11441960619345,391.00959101333086,30.0,VERY_STEEP
R4533,374.6857027595733,344.38993900577486,400.42362888851875,30.0,VERY_STEEP
R4534,380.64154493510364,357.4847538066747,395.9156245208395,30.0,VERY_STEEP
R4535,405.51337867531885,375.18091090425105,435.82073166072223,30.0,VERY_STEEP
R4536,408.79916294638326,397.840145051322,446.4967770471085,11.31,STEEP
R4537,392.6499747241861,370.12896053612286,427.857397486369,13.22,STEEP
R4538,411.5420779820835,368.7473520810033,453.69227588485114,30.0,VERY_STEEP
R4539,358.15749256113656,325.9998232069511,386.2378240806198,30.0,VERY_STEEP
R4540,358.77882370581597,330.75552399317127,389.5424929194051,30.0,VERY_STEEP
R4541,367.18294603576584,345.76194316715225,409.5990236701252,30.0,VERY_STEEP
R4542,401.8077498040345,379.88604889238024,428.91579663680403,30.0,VERY_STEEP
R4543,371.39946786983137,346.075410526208,409.46344186581524,30.0,VERY_STEEP
R4544,378.32844034925773,334.90561195067534,405.7125350979774,30.0,VERY_STEEP
R4545,390.0312836172994,341.3427553449686,416.74073139776186,30.0,VERY_STEEP
R4546,431.18661240103796,403.640397147023,471.5948373822044,30.0,VERY_STEEP
R4547,351.38621359128604,325.65210004137555,368.3796902099345,30.0,VERY_STEEP
R4548,414.93788202366227,371.07585099086776,438.4813209013252,30.0,VERY_STEEP
R4549,416.88765310406853,389.8114402786164,435.8545441739446,30.0,VERY_STEEP
R4550,429.86557803566365,397.7848511438376,454.2299757543675,30.0,VERY_STEEP
R4551,443.2752939060313,424.03762732208156,462.49028680067227,30.0,VERY_STEEP
R4552,352.01378489492896,312.27368346376596,385.19001013839517,30.0,VERY_STEEP
R4553,365.3783705513216,334.09883782049036,407.3052026560354,30.0,VERY_STEEP
R4554,438.6171294055993,396.2557473959856,480.0816518543154,30.0,VERY_STEEP
R4555,395.8518562187015,354.6225470175547,420.43189480065325,30.0,VERY_STEEP
R4556,406.45906389334635,387.8588731625452,456.0094801291168,30.0,VERY_STEEP
R4557,416.30272037231475,377.67729835000426,450.0568949605468,30.0,VERY_STEEP
R4558,417.90666044956373,375.90448413150887,443.8826725206955,30.0,VERY_STEEP
R4559,443.1740403316508,419.329750700355,486.5956115013078,30.0,VERY_STEEP
R4560,449.694941741167,432.790577225076,488.8899022468726,30.0,VERY_STEEP
R4561,422.01574609309404,411.9104598699105,461.9867595660582,30.0,VERY_STEEP
R4562,378.72212092051507,350.68597479678914,396.56769490986994,30.0,VERY_STEEP
R4563,437.97524022943435,413.8779309678807,466.70821252417653,30.0,VERY_STEEP
R4564,354.92209145407617,322.72569810105983,399.39521668706027,30.0,VERY_STEEP
R4565,373.1080852874496,355.5864415838982,403.26960559259993,30.0,VERY_STEEP
R4566,439.73857174637146,395.35194983971246,477.07668148321346,30.0,VERY_STEEP
R4567,375.6191514439355,355.3089428188111,409.1365007653061,30.0,VERY_STEEP
R4568,372.06510596217487,353.0079217586689,415.7593774709102,30.0,VERY_STEEP
R4569,363.81252931402474,334.5839670546505,385.1949629044889,18.74,VERY_STEEP
R4570,435.9111757646916,405.95713481492066,468.9301868801462,30.0,VERY_STEEP
R4571,400.00582591910864,381.40241676770495,414.93521263950083,2.63,GENTLE
R4572,417.4893203054155,396.61489123637887,455.0977513733942,7.71,MODERATE
R4573,373.90663840750295,357.11842884129317,413.18535194161143,0.72,FLAT
R4574,425.80404210112164,387.06563496819496,437.5175349486816,9.25,MODERATE
R4575,426.0005544962099,385.1969932460466,463.03219304132926,0.43,FLAT
R4576,381.25980249083,352.7666625924587,407.8474086574615,1.04,FLAT
R4577,391.0682633010283,352.50478239362764,406.0321383454156,3.42,GENTLE
R4578,370.9690277430201,331.53161206552227,397.7653296509588,7.93,MODERATE
R4579,447.6561023322904,432.12508122517806,465.4254195201137,30.0,VERY_STEEP
R4580,414.56025770584114,365.9131367124597,441.1826389907738,2.33,GENTLE
R4581,443.45438807155153,400.6131101876943,468.82794918989265,30.0,VERY_STEEP
R4582,380.3385543629133,362.1592159150804,419.87421984035564,30.0,VERY_STEEP
R4583,428.189091299689,410.74248986984617,469.15771362634337,30.0,VERY_STEEP
R4584,426.5858643884742,411.5594185652909,460.86701056385607,2.14,GENTLE
R4585,419.16556518665413,403.6304226849774,430.07303887395204,1.66,FLAT
R4586,446.56389752668,406.63742556553217,493.8047886895198,30.0,VERY_STEEP
R4587,389.35553361063154,360.5693633325666,426.80486481448946,18.92,VERY_STEEP
R4588,363.07173235897574,321.75436544938105,374.4395503558233,30.0,VERY_STEEP
R4589,417.1708859244061,377.32069015039787,459.9242018929708,28.59,VERY_STEEP
R4590,422.9309800477206,388.7464715075117,440.94162623644047,30.0,VERY_STEEP
R4591,407.50605734588146,370.0513930827343,440.6749049287257,30.0,VERY_STEEP
R4592,370.6817893133396,359.94756033817396,399.34716411134707,30.0,VERY_STEEP
R4593,400.44559416693556,377.97448829473467,427.2391454611386,30.0,VERY_STEEP
R4594,381.21897365691296,345.70608648653655,426.8075224618889,4.61,GENTLE
R4595,392.7466528166689,382.37285467721915,420.2411044791735,0.25,FLAT
R4596,414.5218575844664,403.20277983716267,427.5356222873924,14.34,STEEP
R4597,424.52147426908346,380.44595497026813,472.3870233576815,30.0,VERY_STEEP
R4598,373.2224690901343,335.86147462245145,420.0438783397194,14.56,STEEP
R4599,390.53253606469536,369.91774673988164,427.9098436479593,30.0,VERY_STEEP
R4600,376.91615709916294,339.3976434944146,405.63185822444393,30.0,VERY_STEEP
R4601,369.8631613861869,328.1648946206164,383.5775403039278,5.92,MODERATE
R4602,428.33872199958387,406.06695067517984,469.9686467426829,5.35,MODERATE
R4603,440.9252694436992,429.48377434373174,453.9443860206604,30.0,VERY_STEEP
R4604,387.02321856845765,339.7120535809483,399.7672579642635,30.0,VERY_STEEP
R4605,425.12789243737666,401.32069890555147,456.6232461349514,30.0,VERY_STEEP
R4606,439.6995289364411,425.4402584050528,456.1046585438267,30.0,VERY_STEEP
R4607,434.6124210530231,404.9381461972972,444.9216317466371,30.0,VERY_STEEP
R4608,368.2813388539226,327.54262702735724,395.20587609375406,5.77,MODERATE
R4609,445.6291881513361,426.76329556663376,461.11787741573875,30.0,VERY_STEEP
R4610,387.6676440429462,366.8880420376117,404.0882606541739,1.08,FLAT
R4611,383.92406611738363,364.2154666454403,397.000491666797,30.0,VERY_STEEP
R4612,356.24313272777806,306.57621061451096,374.44688287672244,8.68,MODERATE
R4613,398.6173654104883,380.72121606126655,437.23673260146387,30.0,VERY_STEEP
R4614,360.9013615640929,327.8805528854479,403.25845385280456,30.0,VERY_STEEP
R4615,374.8539820927426,327.84339642646404,402.95532785391464,30.0,VERY_STEEP
R4616,381.69426217672816,365.818399421617,411.95641481198487,30.0,VERY_STEEP
R4617,430.8826323491684,382.04846443446036,442.1888337329365,11.73,STEEP
R4618,437.54886503958966,389.6497756637647,450.32151549444234,9.1,MODERATE
R4619,380.246631746147,334.8637522638165,400.54934077212766,30.0,VERY_STEEP
R4620,435.8698121244574,417.2875512712573,467.62574895298326,30.0,VERY_STEEP
R4621,435.7230937369791,400.36089149653975,475.3051396863788,30.0,VERY_STEEP
R4622,426.46509503848733,386.02943612003776,460.66521749200865,17.58,VERY_STEEP
R4623,364.66951140151815,315.22839427366097,390.35462560098966,30.0,VERY_STEEP
R4624,419.0322846900729,401.8153318068181,433.76524761019846,7.3,MODERATE
R4625,444.5024064580569,403.86137047728505,485.7333358535445,30.0,VERY_STEEP
R4626,418.25404787671573,394.7020010796312,442.805489940678,30.0,VERY_STEEP
R4627,383.1616849107834,366.13662628806327,422.60384549009495,24.88,VERY_STEEP
R4628,400.05793174308315,373.20285409452896,430.57708541965684,30.0,VERY_STEEP
R4629,414.57250433510535,372.8190678491607,454.11898647757835,30.0,VERY_STEEP
R4630,401.05704087285034,372.46304872468824,447.3486233309532,11.83,STEEP
R4631,361.99529417309697,330.494370164975,408.83647481524906,30.0,VERY_STEEP
R4632,381.20640446520207,331.40002805719723,412.6106756652262,17.74,VERY_STEEP
R4633,430.23960305536326,404.2752310730662,460.6999376459888,30.0,VERY_STEEP
R4634,436.14180460955174,401.5257744211822,456.76894322966524,30.0,VERY_STEEP
R4635,363.73000327155705,339.1202352069422,411.1619965327287,19.98,VERY_STEEP
R4636,445.23867523987246,419.5272493867243,473.5554419278573,30.0,VERY_STEEP
R4637,382.88226178486093,345.0566316470446,397.98591135635604,9.7,MODERATE
R4638,416.231373873072,368.7158948292767,443.539570458134,30.0,VERY_STEEP
R4639,425.1825145956681,393.48815657597527,440.26464460518827,4.31,GENTLE
R4640,431.19462346378833,390.45862630583713,461.2958908340713,30.0,VERY_STEEP
R4641,444.57497022259304,431.00670786991446,477.0259908168415,3.19,GENTLE
R4642,381.2919548028823,362.8456333056052,404.8021852626257,4.17,GENTLE
R4643,435.8506454551555,405.7653798183742,448.71667002441484,3.37,GENTLE
R4644,363.1686903436207,352.3682213984697,410.9088317689503,30.0,VERY_STEEP
R4645,420.50409063535926,400.3898914848569,461.43821517469644,30.0,VERY_STEEP
R4646,424.1977729513986,393.50172135839995,467.7530161716034,22.38,VERY_STEEP
R4647,417.77232412013205,407.17387618988005,442.44705989158126,30.0,VERY_STEEP
R4648,375.2314736135153,354.6496221644736,415.6647148142933,9.21,MODERATE
R4649,437.30431470152035,406.7430819224856,466.71923050828815,30.0,VERY_STEEP
R4650,366.8858463370395,333.95987641778964,384.9291858732813,30.0,VERY_STEEP
R4651,355.3634791520831,308.33341142987086,370.3404142283716,7.57,MODERATE
R4652,421.74649906119123,385.9326741311669,445.5485338340735,20.12,VERY_STEEP
R4653,397.54757152327335,370.9581394220736,413.0496559822789,21.84,VERY_STEEP
R4654,434.9098019958676,387.6957549105449,484.8405610440303,30.0,VERY_STEEP
R4655,388.3397141058259,346.94439477031415,400.3072737151068,18.64,VERY_STEEP
R4656,366.8278588507713,348.8275020062614,394.47360282553433,30.0,VERY_STEEP
R4657,433.64421924698695,418.41052479303414,461.72796014260234,14.87,STEEP
R4658,404.8909631640072,367.8584977342979,426.9162403072742,30.0,VERY_STEEP
R4659,368.9195792390355,336.52425261595613,401.7736418673133,24.72,VERY_STEEP
R4660,422.0383998586446,380.45145530693435,438.0374808247064,30.0,VERY_STEEP
R4661,401.1113638489501,361.55916184580263,442.4678590724394,12.56,STEEP
R4662,410.431298224032,375.4228368697314,433.72920695393753,30.0,VERY_STEEP
R4663,396.0898338206582,346.6345469555025,429.74353741260387,30.0,VERY_STEEP
R4664,432.87089838180066,401.5273091773843,471.49646782447905,30.0,VERY_STEEP
R4665,432.956271568305,418.4320413082362,478.51795627591144,30.0,VERY_STEEP
R4666,420.93888218243865,377.8079395897991,464.37037964052666,30.0,VERY_STEEP
R4667,360.54013773964624,340.4660032458179,394.8724988637886,30.0,VERY_STEEP
R4668,433.8853861904069,392.79330026465016,459.4211134057624,30.0,VERY_STEEP
R4669,417.101298053291,368.8170142132889,447.22948485628956,30.0,VERY_STEEP
R4670,419.70241660042996,381.8305960418563,460.4518083355821,30.0,VERY_STEEP
R4671,386.29828404038716,352.4570776023951,431.4001057427661,22.42,VERY_STEEP
R4672,437.9279556157007,409.51250858869906,452.07923274276754,30.0,VERY_STEEP
R4673,422.53716002348574,397.9607653836696,447.9314105232079,30.0,VERY_STEEP
R4674,361.25904665291944,337.138856614046,402.30371058945946,7.7,MODERATE
R4675,390.77780344061625,355.32289521223265,418.0438739443747,7.66,MODERATE
R4676,438.6380361960142,398.58711151850434,461.9271467586655,4.72,GENTLE
R4677,354.7196701697379,317.57898739036136,381.1725780426687,4.72,GENTLE
R4678,446.14166196420496,428.2052579164625,480.25545183565896,30.0,VERY_STEEP
R4679,417.9162568319563,388.1567696262166,467.90846259730836,30.0,VERY_STEEP
R4680,413.13759776433767,371.47199487701516,442.85729492851897,30.0,VERY_STEEP
R4681,377.05592564879913,348.02776252123687,395.39570464696953,30.0,VERY_STEEP
R4682,374.8791788739177,343.4142476844979,391.39304188508146,30.0,VERY_STEEP
R4683,444.2058219488595,403.3603800220266,455.8998118479161,12.6,STEEP
R4684,379.82724542341225,343.37663317280857,412.1799348201451,29.55,VERY_STEEP
R4685,427.55052967189994,401.17673283660423,459.3334133314533,30.0,VERY_STEEP
R4686,389.3121798207079,343.49567137293917,407.5215368919203,14.69,STEEP
R4687,363.9254070784704,347.42272433193125,401.7385833365731,30.0,VERY_STEEP
R4688,351.0715297695359,301.2508718259229,390.71581143472315,18.95,VERY_STEEP
R4689,404.4257337015251,389.67163056247557,424.7896619168095,30.0,VERY_STEEP
R4690,447.57788185489323,436.97988301072365,471.3418724160827,7.13,MODERATE
R4691,386.91361938092047,341.31286333496985,436.5324862748107,30.0,VERY_STEEP
R4692,385.71923339930447,365.92109306466625,410.68981211333386,9.01,MODERATE
R4693,384.4091617849442,345.2211766870754,424.8412286551883,30.0,VERY_STEEP
R4694,402.0543837304858,359.6137687332031,430.1634007956834,14.85,STEEP
R4695,394.06648834242935,349.70703270114467,435.8002814568684,30.0,VERY_STEEP
R4696,437.99146267270146,388.3276932461348,478.7523922240074,30.0,VERY_STEEP
R4697,400.552079172349,378.79049077074905,437.26232018029043,30.0,VERY_STEEP
R4698,400.7757838188569,362.36605014176655,444.96691767068006,30.0,VERY_STEEP
R4699,363.83715947205565,349.2211651408225,411.405899267163,30.0,VERY_STEEP
R4700,448.2739540910386,422.00158243676464,481.47328690912195,30.0,VERY_STEEP
R4701,374.997289086883,331.0784213543794,394.4960453757928,30.0,VERY_STEEP
R4702,357.3364067459603,332.63008490359596,383.2815652117233,30.0,VERY_STEEP
R4703,416.3146248975209,382.6708096760963,456.64685343805263,30.0,VERY_STEEP
R4704,409.5366370156873,379.3856992667019,445.57197642064205,30.0,VERY_STEEP
R4705,391.51456539927455,355.6765041547927,408.6264989418845,30.0,VERY_STEEP
R4706,392.2192233880678,343.30344781256,404.26880503392476,30.0,VERY_STEEP
R4707,428.5063921046431,416.276971044587,465.8248558463257,27.92,VERY_STEEP
R4708,369.5712640099649,336.61280330989973,389.61442497113876,30.0,VERY_STEEP
R4709,432.025331894489,387.5041807244776,462.01214164365115,30.0,VERY_STEEP
R4710,414.87471138950184,385.6194029195647,454.7445822900056,30.0,VERY_STEEP
R4711,391.89697737795245,378.75588994028953,424.4036486042058,11.32,STEEP
R4712,395.80286165838686,363.381287561716,409.1349649828587,30.0,VERY_STEEP
R4713,375.6647207186096,352.3817650856568,393.0879301899518,9.1,MODERATE
R4714,425.21143326969747,409.01376185618005,443.98456063093425,30.0,VERY_STEEP
R4715,401.28747423052675,357.3260936991878,421.6020443763206,30.0,VERY_STEEP
R4716,382.0854542749844,351.2214737553395,414.70158995300454,3.68,GENTLE
R4717,409.605011576095,362.27395508093235,439.7636427691108,4.42,GENTLE
R4718,449.5734452051323,407.33278502100956,467.69984673970066,30.0,VERY_STEEP
R4719,393.5262279656554,355.8073562147087,406.2284217038829,30.0,VERY_STEEP
R4720,442.06914007786196,431.8681199432495,458.92642825685067,25.34,VERY_STEEP
R4721,384.5016839924566,357.38874572692663,433.87693649720075,30.0,VERY_STEEP
R4722,355.4732706924986,337.5738194264173,384.2151486841575,5.1,MODERATE
R4723,370.4242106368429,323.99229419488813,415.11803082492736,9.82,MODERATE
R4724,391.8695143327684,374.886154945714,435.8196129995221,16.69,VERY_STEEP
R4725,371.9634928594569,350.5210907930855,402.42427515797186,30.0,VERY_STEEP
R4726,350.02270382182553,319.3492331124456,388.2902121602473,24.93,VERY_STEEP
R4727,441.50015377475273,420.96560901482957,459.21023419126124,30.0,VERY_STEEP
R4728,434.3879411230929,415.99335403192805,471.92380932016925,15.1,VERY_STEEP
R4729,424.2292231486947,390.2652501445846,445.1246063192263,22.17,VERY_STEEP
R4730,366.78145956460287,353.2242786544019,410.06394343476893,30.0,VERY_STEEP
R4731,362.0363576209986,349.70964727216165,375.38532294535503,30.0,VERY_STEEP
R4732,356.7604749472383,331.87066313979545,397.6860218626494,30.0,VERY_STEEP
R4733,422.4029188772921,383.57634069697764,436.4003951400369,30.0,VERY_STEEP
R4734,442.8807960687885,410.6885257378306,488.1283655445609,30.0,VERY_STEEP
R4735,393.0535820913037,366.13852335263255,415.22176281670386,4.43,GENTLE
R4736,361.9140671996048,329.2840046306215,398.0898017928278,10.49,STEEP
R4737,401.23928207321063,376.6212226870797,430.7393732180218,22.11,VERY_STEEP
R4738,384.88319074586303,337.4373373285785,409.5353165563566,6.85,MODERATE
R4739,387.48249243499976,375.2862967985688,423.3001657623396,9.71,MODERATE
R4740,412.13306241557075,375.1974032543773,460.0339816376203,16.05,VERY_STEEP
R4741,421.8718113262202,376.2205047331102,433.5226012212051,30.0,VERY_STEEP
R4742,361.06035988731605,318.9049715379059,407.8144741226402,21.78,VERY_STEEP
R4743,353.55902308064765,336.1973816877898,387.9222892814882,18.28,VERY_STEEP
R4744,449.4330302685715,427.59597630935997,491.72560229933356,30.0,VERY_STEEP
R4745,373.2728348915552,334.59091734327103,398.6278330289263,8.07,MODERATE
R4746,355.3830524908459,342.01223012361527,384.25677148435045,30.0,VERY_STEEP
R4747,368.987532909592,326.5130649162886,413.7415629816386,30.0,VERY_STEEP
R4748,353.89578463484645,315.1395068506548,380.48970342723936,30.0,VERY_STEEP
R4749,389.1810894617172,349.9968234923035,420.5674721316806,30.0,VERY_STEEP
R4750,430.2401784451324,416.2305236344288,441.0479753685057,26.5,VERY_STEEP
R4751,384.12444497577206,345.4140231831228,400.4683652092938,30.0,VERY_STEEP
R4752,394.41834068783663,357.22561567903784,430.0858010068286,30.0,VERY_STEEP
R4753,417.5586773567439,374.32177772386984,456.237753399299,30.0,VERY_STEEP
R4754,400.889407006988,389.2255687567292,434.19344447836795,30.0,VERY_STEEP
R4755,436.14456860213244,425.22014186342074,451.87697005315687,4.61,GENTLE
R4756,436.60356750457566,411.68328350943324,464.4197846476891,4.4,GENTLE
R4757,350.99106954911537,335.03953819514925,375.194860203643,30.0,VERY_STEEP
R4758,427.8046306483199,395.46925154551104,457.6310844097234,8.54,MODERATE
R4759,396.0733600241674,349.37940396389746,440.8865214063312,30.0,VERY_STEEP
R4760,448.8840541303663,423.2248649170057,489.91851167671234,23.5,VERY_STEEP
R4761,398.3232075875435,354.5251924966393,411.68278764310986,30.0,VERY_STEEP
R4762,448.68959453882974,438.67995955811506,494.3019624498123,9.61,MODERATE
R4763,425.4569361205737,408.7163503822063,454.32762216656664,30.0,VERY_STEEP
R4764,374.86048846133065,363.6435468751672,414.6149742567706,30.0,VERY_STEEP
R4765,403.8394979286958,380.71361070809303,419.44106717926985,30.0,VERY_STEEP
R4766,449.2135639478583,402.8859801199982,486.0423449761402,30.0,VERY_STEEP
R4767,435.75306077519235,421.87497583123286,455.2061014795707,30.0,VERY_STEEP
R4768,359.73668937912214,325.48029830937014,387.2719252647594,5.13,MODERATE
R4769,420.63719968099963,392.5773621162219,431.3117144842838,8.01,MODERATE
R4770,384.5579585870813,337.0192300924488,400.62238410430035,30.0,VERY_STEEP
R4771,350.6982261880348,335.7974604865511,364.38144591297964,2.31,GENTLE
R4772,390.3480969027,371.86698288261084,409.9378638202303,13.35,STEEP
R4773,373.47544217249714,362.29376342803744,387.47616577347003,2.9,GENTLE
R4774,431.88692705204716,404.5295170667922,469.5633281168296,21.53,VERY_STEEP
R4775,383.73306088457656,362.6197449019904,394.8946569729453,24.0,VERY_STEEP
R4776,432.7523693953817,387.9561320397689,467.46198942038166,30.0,VERY_STEEP
R4777,350.05979388347953,315.86216135556936,365.6881071165025,30.0,VERY_STEEP
R4778,380.7819150026119,346.2182854835838,428.58837328972777,8.58,MODERATE
R4779,374.1165214307762,342.84009355552405,421.4402843551703,5.15,MODERATE
R4780,373.3567361068611,359.68272261769306,392.3768602076996,7.71,MODERATE
R4781,356.81866197654625,329.01791462753204,391.39551390546745,24.18,VERY_STEEP
R4782,368.71242704105015,318.7322194527095,379.8326398199485,30.0,VERY_STEEP
R4783,405.55495698856197,362.1457853547214,452.8264987106089,30.0,VERY_STEEP
R4784,379.13610728377444,333.3977451170898,410.0555996114428,3.65,GENTLE
R4785,391.7394782329148,348.81042386305484,403.46840428962594,30.0,VERY_STEEP
R4786,387.6866880347188,373.5650202974795,411.3866877550443,22.56,VERY_STEEP
R4787,437.59049249998947,418.4925623373975,450.6644709744388,30.0,VERY_STEEP
R4788,440.5298999010515,430.40503384679516,466.24767747598594,8.4,MODERATE
R4789,399.295697165586,377.1552921704615,436.0927508520389,8.62,MODERATE
R4790,383.01559503156045,368.6712989377007,411.811191353218,30.0,VERY_STEEP
R4791,360.68007040023633,331.768336588173,386.0289573890145,2.38,GENTLE
R4792,445.3402879382095,408.2551883952534,460.10656975982806,4.4,GENTLE
R4793,356.0226944900297,311.04248268850665,375.820256317776,7.64,MODERATE
R4794,379.76502775682803,339.7963411531921,393.77075926636206,2.05,GENTLE
R4795,379.8066201170004,332.2631962858602,422.10656938326684,30.0,VERY_STEEP
R4796,382.0401286140215,369.88419699826994,397.4497217334104,1.07,FLAT
R4797,366.42868432724094,355.94149091057926,400.2436189891967,30.0,VERY_STEEP
R4798,428.3161430923697,391.8626185389212,452.0257596359236,7.98,MODERATE
R4799,362.2497861965989,340.6756897877091,381.28892158280627,5.42,MODERATE
R4800,413.4906659153163,393.3506252710854,449.0694034950005,3.49,GENTLE
R4801,362.3846026705817,339.14911916282995,390.66469504565936,4.28,GENTLE
R4802,357.0535637592957,336.2617214436011,383.0593824506781,9.66,MODERATE
R4803,440.9429503685877,410.4854941165242,474.6570305642765,2.39,GENTLE
R4804,369.01287663187054,341.40693874290525,398.66358177147055,30.0,VERY_STEEP
R4805,432.1250154559704,401.62787340090415,454.26438379803284,2.55,GENTLE
R4806,404.46308711071356,367.55454265069613,436.82553862132363,9.36,MODERATE
R4807,357.785651960877,332.30043160203104,394.56559502290474,30.0,VERY_STEEP
R4808,445.54481914380676,425.4925116581205,456.61254548728095,2.52,GENTLE
R4809,374.69611669918925,358.04809522683945,403.33098585549624,30.0,VERY_STEEP
R4810,435.96453453526067,411.98556975395564,448.27186591860243,7.11,MODERATE
R4811,366.8810005784564,327.2087415686095,384.3372171411808,5.23,MODERATE
R4812,435.3942882141853,395.1260918097265,467.8146375773042,24.92,VERY_STEEP
R4813,351.3228812905294,314.64666582316096,395.9704379011526,30.0,VERY_STEEP
R4814,401.1780456569481,381.8169186446731,446.4902728244875,30.0,VERY_STEEP
R4815,426.9442579421557,393.4208081079678,439.74201834770093,30.0,VERY_STEEP
R4816,443.47955174927836,410.6519652862044,470.24375520074665,0.36,FLAT
R4817,440.9202136206487,411.5495656962597,474.2404729408308,0.47,FLAT
R4818,431.9624869547645,399.9633274994099,447.8452831367782,0.98,FLAT
R4819,438.8191349661304,409.1475096611837,479.43642363592124,2.51,GENTLE
R4820,369.92196858370767,337.30371394074336,409.6913789211972,30.0,VERY_STEEP
R4821,378.41842957117285,339.7981913863277,424.55207011944464,14.79,STEEP
R4822,378.89685249210584,364.5117247159682,389.2362929754436,9.21,MODERATE
R4823,387.7053931001699,347.72036301420894,406.37276285973,30.0,VERY_STEEP
R4824,389.33206703851886,373.8966210334151,432.4195356083317,30.0,VERY_STEEP
R4825,404.45553246546757,391.79041252905256,441.27873449854496,30.0,VERY_STEEP
R4826,365.9879763366441,316.9447888877854,411.76357048458374,1.55,FLAT
R4827,419.12466637859893,370.8449956237813,431.4118525598096,30.0,VERY_STEEP
R4828,366.7566539304506,354.3391921328281,400.63521255910837,3.62,GENTLE
R4829,381.03084821045474,353.30071055145623,413.7927112062017,10.33,STEEP
R4830,400.3345130606154,382.8847155286244,411.7614897150367,29.97,VERY_STEEP
R4831,429.64405615234773,400.230260266971,460.18493922884704,30.0,VERY_STEEP
R4832,423.94692332387274,380.7398336038892,458.3277357762697,30.0,VERY_STEEP
R4833,414.5534356410522,366.5289646513366,432.2051626091365,30.0,VERY_STEEP
R4834,365.57732605801704,330.20721991995555,386.5105093830035,30.0,VERY_STEEP
R4835,404.70453456155775,380.5483078730851,440.31842841346725,30.0,VERY_STEEP
R4836,358.7446501799885,324.6116275542046,387.47668808398686,30.0,VERY_STEEP
R4837,387.7363176796651,365.25626543532707,432.05686398239817,30.0,VERY_STEEP
R4838,391.35165302899594,344.95870739571353,415.0469236693635,8.48,MODERATE
R4839,353.98114394457536,309.1651254203419,374.6475302801034,2.04,GENTLE
R4840,377.3988099469972,345.0695399358107,426.79344756079087,30.0,VERY_STEEP
R4841,445.56494672664894,422.57299011143454,492.01037753185227,30.0,VERY_STEEP
R4842,445.36326078296895,423.62767375964984,456.52297058292817,13.68,STEEP
R4843,385.2327054252539,373.8959856370515,426.0618500375166,7.63,MODERATE
R4844,354.31001089483243,311.67717685382064,368.72340184784053,11.85,STEEP
R4845,367.9094939328181,339.8941654112578,379.008901725993,1.34,FLAT
R4846,389.221779343354,366.2164622073434,410.169599982008,3.36,GENTLE
R4847,444.777969796923,415.93355559701286,465.5518049593672,30.0,VERY_STEEP
R4848,364.1199063537185,321.3703867355324,406.8926568475971,24.74,VERY_STEEP
R4849,426.3515843668212,411.3670160585204,464.7782742045346,30.0,VERY_STEEP
R4850,360.8682539374692,316.56201440779614,410.1326310307498,30.0,VERY_STEEP
R4851,448.12575773912766,402.2254043347935,486.5862737516004,30.0,VERY_STEEP
R4852,388.1616499109135,340.29333330955797,414.89187204115547,30.0,VERY_STEEP
R4853,427.5234538899056,401.62393419300054,465.48056032771433,30.0,VERY_STEEP
R4854,384.2591082811132,365.5734921196063,434.23747096856926,3.01,GENTLE
R4855,412.7668877158809,387.82125497721296,451.172563018382,30.0,VERY_STEEP
R4856,369.20160847400365,345.8851246247475,409.66886271321636,6.72,MODERATE
R4857,364.60210192969623,347.5559454295818,412.13670253730663,15.39,VERY_STEEP
R4858,443.8064139568131,409.5157471527536,458.35246440928046,30.0,VERY_STEEP
R4859,441.7647277904433,412.69976137009814,479.9560995283524,30.0,VERY_STEEP
R4860,438.74689402128826,394.1188543283281,482.77913233998623,30.0,VERY_STEEP
R4861,412.5433450166594,401.258961797377,460.7184890254951,30.0,VERY_STEEP
R4862,430.8268211216278,395.07210401942274,449.2655927100958,30.0,VERY_STEEP
R4863,356.9036936911375,316.38573855067506,387.06085400010727,30.0,VERY_STEEP
R4864,383.4789041890679,343.09944142153563,420.70109809484717,30.0,VERY_STEEP
R4865,381.37031247571565,335.92735379189463,401.26902165576917,1.42,FLAT
R4866,413.56453219526134,374.40318248208155,447.5834467252723,7.79,MODERATE
R4867,385.59577734706403,338.4833748811562,405.898928646984,2.89,GENTLE
R4868,364.8506781643681,341.5444141715324,388.188958985634,7.46,MODERATE
R4869,409.6467075413544,379.5183308712927,437.30745540178896,30.0,VERY_STEEP
R4870,431.43839206690814,420.8752055355925,462.6059960167708,7.72,MODERATE
R4871,388.21234944599735,377.9340459538657,416.18698431100336,30.0,VERY_STEEP
R4872,363.2268715098482,343.6218066917874,392.95469230136536,2.73,GENTLE
R4873,369.6688197312823,355.63653184571893,391.612369982814,30.0,VERY_STEEP
R4874,373.7483305169384,353.33987579950826,390.1069342778436,4.75,GENTLE
R4875,379.9897592994536,362.90802751831774,391.8837583925272,17.48,VERY_STEEP
R4876,414.2795070506309,403.13870605708496,432.11865595029764,30.0,VERY_STEEP
R4877,410.0945484537719,363.72238259752993,443.37229411400324,30.0,VERY_STEEP
R4878,419.60798615670393,409.2790609011483,461.0526040688292,15.4,VERY_STEEP
R4879,386.2501984531513,346.8069126796679,403.0201023508671,30.0,VERY_STEEP
R4880,432.39976518799784,416.3138497112172,446.7419794989038,1.26,FLAT
R4881,370.40876611557604,323.91958123559203,410.38038053754605,30.0,VERY_STEEP
R4882,396.9040747518154,351.19223716822,419.110407973307,4.48,GENTLE
R4883,430.093872154143,393.9378262993727,478.1538497232371,30.0,VERY_STEEP
R4884,368.0158647732619,331.12649878123773,406.5885835976768,30.0,VERY_STEEP
R4885,360.9863113740783,350.7727456952908,384.0565532637995,30.0,VERY_STEEP
R4886,438.36839676879896,388.97353412425485,459.95010668054715,30.0,VERY_STEEP
R4887,384.2929662759196,339.179662132887,415.24090172677194,21.76,VERY_STEEP
R4888,418.3870124909032,372.5827634616995,431.5527992220316,30.0,VERY_STEEP
R4889,352.53486042639383,316.1650789443589,367.2419209322058,30.0,VERY_STEEP
R4890,419.00468884094494,395.21321169476346,436.03900409359267,18.13,VERY_STEEP
R4891,381.61013115469706,335.8641851910778,422.59907488687946,30.0,VERY_STEEP
R4892,355.5740853587442,333.9134082326965,386.1283797295091,30.0,VERY_STEEP
R4893,410.9812761548117,378.4728144211236,421.4039610657894,30.0,VERY_STEEP
R4894,374.08038160731735,360.0911427135621,411.0210427062017,30.0,VERY_STEEP
R4895,388.68072420518797,341.80249899987797,415.62833135160787,30.0,VERY_STEEP
R4896,358.05808122865136,342.4272629178028,388.49217582720325,5.33,MODERATE
R4897,364.7163251094945,345.72045288027823,383.28097484601193,9.36,MODERATE
R4898,379.79772354958436,347.4723572244558,411.8690126853485,22.9,VERY_STEEP
R4899,358.97595005601573,318.41223004749645,408.1420796460753,30.0,VERY_STEEP
R4900,441.08262646863153,406.3085742311796,454.020414108862,2.31,GENTLE
R4901,350.60470431839786,331.31934780639165,371.9614003049751,30.0,VERY_STEEP
R4902,398.38602188643114,388.34830018533154,418.10592560086434,30.0,VERY_STEEP
R4903,362.32474581325516,322.0387226009576,382.26671824330236,30.0,VERY_STEEP
R4904,380.76790894779487,331.3596159113511,405.91616325040997,3.7,GENTLE
R4905,442.6059559818265,400.2094311695829,485.33034737159323,30.0,VERY_STEEP
R4906,366.1694553273987,337.76119060113405,412.6838029259742,0.99,FLAT
R4907,446.58323197183324,400.432541515869,464.67183547019215,0.43,FLAT
R4908,370.5794376989422,344.1855307742082,402.2974352168667,2.34,GENTLE
R4909,424.15661084668295,393.15924747694424,459.63256973330215,5.0,MODERATE
R4910,404.6677264897312,375.58253579390384,435.540825464285,30.0,VERY_STEEP
R4911,438.44787275967593,410.5429178530549,465.81092852755273,10.2,STEEP
R4912,405.3993255503131,364.3916947785569,423.0783457846826,30.0,VERY_STEEP
R4913,403.4559219156309,372.3851656248512,432.98469628360044,0.68,FLAT
R4914,369.54580003684,346.87711515583135,395.5943931452931,0.48,FLAT
R4915,366.62293620516584,346.2966094988267,408.44547070525664,30.0,VERY_STEEP
R4916,441.64891511155145,430.1390224328541,482.1930894780713,5.64,MODERATE
R4917,382.7838198850034,349.4560134096816,398.14376713323026,9.12,MODERATE
R4918,387.2082254962896,368.0097688802482,400.7489875988123,1.82,FLAT
R4919,425.9823658428388,410.0570089621835,472.30852357193896,9.3,MODERATE
R4920,383.8823482422807,347.7291496891736,415.3026838008606,14.17,STEEP
R4921,445.2062446639003,407.95787435103836,489.5182821552039,3.22,GENTLE
R4922,423.79277689988004,383.7065812095734,436.1188217225361,14.6,STEEP
R4923,409.742924257342,379.5998484037983,440.8035489182072,30.0,VERY_STEEP
R4924,438.08951605447527,392.3273318463198,469.6665766375247,19.96,VERY_STEEP
R4925,354.9605908349483,307.5068806990192,399.3886721366343,30.0,VERY_STEEP
R4926,375.70626921892085,333.4114316272213,389.61066914810914,4.39,GENTLE
R4927,396.503633422091,361.07989414176353,416.1214559691274,10.7,STEEP
R4928,372.6978539471521,350.5490158035046,398.95938650263264,30.0,VERY_STEEP
R4929,424.3905187302152,375.0727218654064,469.0241777470129,30.0,VERY_STEEP
R4930,441.9208031053725,420.955356417695,489.47613570819516,30.0,VERY_STEEP
R4931,392.37701199309237,374.2707351134751,442.0859967768375,30.0,VERY_STEEP
R4932,384.2132600111895,356.5270954597262,432.58099946953035,30.0,VERY_STEEP
R4933,446.1550732137566,433.8814503852611,456.3927434475308,1.82,FLAT
R4934,394.4852432827541,345.34546469588247,406.393576940909,8.9,MODERATE
R4935,398.90484004492833,365.36749778827135,414.8091128112319,30.0,VERY_STEEP
R4936,385.16498723419056,352.88690356762356,409.1194711050015,30.0,VERY_STEEP
R4937,440.9548473012138,404.72299610522504,484.15156854069215,30.0,VERY_STEEP
R4938,406.8955483281851,377.01460241709685,452.6017961416043,30.0,VERY_STEEP
R4939,426.2174587181645,414.9349180343828,443.6908349699478,30.0,VERY_STEEP
R4940,431.1806718350886,396.68822028147275,465.967237899877,0.57,FLAT
R4941,384.1849041917258,345.5379491134686,430.8793835943369,30.0,VERY_STEEP
R4942,393.369433132038,366.6994707070759,421.9187025692909,30.0,VERY_STEEP
R4943,434.84717744062647,394.55535455777874,448.9889203187378,30.0,VERY_STEEP
R4944,386.32553516758105,367.24548319404425,414.6380811709661,5.56,MODERATE
R4945,429.3935133451851,410.54244970253774,454.4253094367074,6.62,MODERATE
R4946,444.0992322574437,427.64255274994076,477.205552100084,5.92,MODERATE
R4947,412.3210373068007,387.4412469152342,439.8673846830848,7.71,MODERATE
R4948,424.1627287451889,380.28224732962553,434.85656581933756,1.3,FLAT
R4949,430.5097312041135,387.3932487181509,480.26964054066036,2.33,GENTLE
R4950,434.50396488966425,409.1909965711241,466.2455743988871,1.23,FLAT
R4951,389.50533378567957,355.94058434647013,418.45056400506394,4.98,GENTLE
R4952,355.1263459175998,316.2936932586032,403.31104077776195,2.8,GENTLE
R4953,390.18762712367396,370.53935613855305,406.42204182715705,3.99,GENTLE
R4954,417.37562297840896,400.64997954261906,434.94512708021887,30.0,VERY_STEEP
R4955,395.03503857807925,346.1511988495868,437.3556285405906,30.0,VERY_STEEP
R4956,424.89631508603986,390.1940225576551,445.3295582870402,5.21,MODERATE
R4957,385.6982429468664,336.4416140735199,427.66732719852746,30.0,VERY_STEEP
R4958,413.47441411040296,389.9641746251138,434.33575342674305,19.82,VERY_STEEP
R4959,368.6419804853975,330.5207124864322,379.9694856943975,0.21,FLAT
R4960,424.9369436644957,406.03279820284615,455.6175326199643,30.0,VERY_STEEP
R4961,404.5695968813026,384.12159003034606,422.43705424637704,30.0,VERY_STEEP
R4962,370.40643885466005,339.9303540038751,410.7202905719589,30.0,VERY_STEEP
R4963,379.1911173497807,356.40639232945784,414.8391026790666,30.0,VERY_STEEP
R4964,424.86087085818326,408.15600830455986,471.80497757729995,30.0,VERY_STEEP
R4965,398.26012356615206,377.744895486579,439.5796578567815,30.0,VERY_STEEP
R4966,371.6031440393072,360.1732082606726,388.8341822329363,30.0,VERY_STEEP
R4967,446.72711903702975,408.5501741779303,488.7334485036216,30.0,VERY_STEEP
R4968,421.5125019816888,391.8278356982543,457.1819837742497,21.59,VERY_STEEP
R4969,445.71348325397963,431.9437605977986,482.4715489244046,3.48,GENTLE
R4970,392.7105045360343,375.84274481089466,436.00101997484023,2.18,GENTLE
R4971,397.51003406917204,383.40865254466627,430.46299683672964,30.0,VERY_STEEP
R4972,439.79552161850194,405.2918092874669,468.43566219262243,30.0,VERY_STEEP
R4973,402.50493402453844,388.7365194800387,437.9705754388876,30.0,VERY_STEEP
R4974,420.7278911905667,380.55659786915805,442.6461883489011,30.0,VERY_STEEP
R4975,375.217287749553,364.39685097673737,392.521172993037,4.85,GENTLE
R4976,394.67264687026403,374.69761535042835,429.3361603931139,4.99,GENTLE
R4977,362.3449865810355,316.71831954535924,381.6989213444546,19.24,VERY_STEEP
R4978,370.59800358769616,331.85675086280634,383.7946079615604,3.14,GENTLE
R4979,350.0943415267631,337.1756082097356,360.11650891017325,30.0,VERY_STEEP
R4980,353.926505164866,311.0814609854588,388.2592812208687,30.0,VERY_STEEP
R4981,447.72838231769293,418.00697745608477,472.2143336569024,30.0,VERY_STEEP
R4982,374.23536951367623,330.3640484269231,414.32780834061447,30.0,VERY_STEEP
R4983,416.3310709504002,382.30147997238447,441.3381268829243,30.0,VERY_STEEP
R4984,433.9099698799612,396.63664859864684,463.3501078094902,30.0,VERY_STEEP
R4985,405.0660459236564,355.3259835078281,431.3494448362718,30.0,VERY_STEEP
R4986,365.3144500083956,346.0210281714349,401.3374416527695,30.0,VERY_STEEP
R4987,422.8116437336166,387.85382074316107,447.05721021421533,1.11,FLAT
R4988,410.0251410099583,381.6122854076624,458.5758470076507,20.99,VERY_STEEP
R4989,423.1250589347375,411.5469808178299,470.5709383986787,16.08,VERY_STEEP
R4990,426.97466228570875,416.39583662559414,470.895778392,4.34,GENTLE
R4991,447.5410367684745,432.77189365576015,494.35304759138444,4.87,GENTLE
R4992,407.356328002671,371.3926583811291,435.3219155410466,18.08,VERY_STEEP
R4993,384.1641112690602,351.4775877525245,415.6213271406399,2.53,GENTLE
R4994,414.84645569002373,382.7092732434746,454.53015939235354,0.96,FLAT
R4995,356.8440709242626,345.5698004231322,394.68990792180426,9.65,MODERATE
R4996,439.7397318321586,410.96761197775834,485.36687565637743,0.76,FLAT
R4997,361.93810113381966,314.9531884201185,400.5913422240875,14.41,STEEP
R4998,382.78428378858183,356.880609016156,432.69967211772024,30.0,VERY_STEEP
R4999,431.5745380626121,396.57763927107385,455.5147700558757,9.85,MODERATE
R5000,409.7312378330712,368.53849080814547,453.0511475226479,30.0,VERY_STEEP
R5001,389.3635520277442,348.00654086206873,427.2689449410508,0.74,FLAT
R5002,397.34356593750215,366.5723626416913,434.9990237461029,2.14,GENTLE
R5003,435.45473932021804,391.1366615041246,458.488163114018,5.1,MODERATE
R5004,384.0004386059892,358.3453148714393,425.4245103029101,30.0,VERY_STEEP
R5005,436.9649684812171,391.41723988982517,482.9800093751211,0.55,FLAT
R5006,358.81344309766916,339.2043564418474,377.55538155849166,1.17,FLAT
R5007,427.67984372086306,406.4711874412402,462.6997172055312,30.0,VERY_STEEP
R5008,434.75476330547366,422.62993833751364,460.4401564695847,0.4,FLAT
R5009,368.18176528373385,326.35849182204254,417.7636900555289,30.0,VERY_STEEP
R5010,393.03465323722,366.3524437879118,422.1879658704873,30.0,VERY_STEEP
R5011,366.5499774663656,347.38531290990966,385.6827844182433,0.34,FLAT
R5012,420.6604128994218,401.3888017947586,445.93471790829506,1.37,FLAT
R5013,403.53477680616567,357.4787791569963,439.6883123988307,30.0,VERY_STEEP
R5014,413.5323346708321,370.17567065239064,426.57590952481513,6.26,MODERATE
R5015,369.64869669562114,337.5074612813338,403.79277350447063,0.56,FLAT
R5016,371.17458620524195,336.5301541886131,418.42357657239785,30.0,VERY_STEEP
R5017,354.1497325509906,325.176709728979,398.16424405730464,30.0,VERY_STEEP
R5018,382.206753519573,356.5400918044206,394.91369498589233,1.68,FLAT
R5019,405.9744661333675,359.35539088463423,455.71006128293027,12.34,STEEP
R5020,435.7934913997329,420.7689832589208,473.74256834788804,4.19,GENTLE
R5021,416.6927447458681,389.95487315721897,433.18397771842905,30.0,VERY_STEEP
R5022,393.5396323399751,369.7571560204601,404.03627590675205,0.53,FLAT
R5023,445.31201143941377,415.38598262936785,462.16331689109984,30.0,VERY_STEEP
R5024,421.9245200575832,393.61924507577623,465.45155688501274,30.0,VERY_STEEP
R5025,443.016520286255,412.26093902021177,453.88209328406157,0.72,FLAT
R5026,402.75879732721654,387.1620382381368,422.08468947194,0.25,FLAT
R5027,375.890427479314,345.3647674187829,416.182651292709,30.0,VERY_STEEP
R5028,355.2826686364722,335.58591608098374,388.7270900723976,0.25,FLAT
R5029,422.60848514838506,405.2352311888574,463.9179135627927,0.28,FLAT
R5030,362.1302998005534,349.53693104910576,401.97631995362497,0.49,FLAT
R5031,380.2775128271967,339.7714104769511,392.30156831206887,0.38,FLAT
R5032,403.24709078838976,376.14941395412734,448.9475475521558,0.53,FLAT
R5033,406.4416587779748,371.37591144550447,425.52293214926556,30.0,VERY_STEEP
R5034,410.0583196987136,370.9545859665239,442.1940173079042,7.16,MODERATE
R5035,366.6255330349701,329.452866422428,402.39705929608124,30.0,VERY_STEEP
R5036,387.9737404821649,359.1537117185776,404.71886891756867,1.1,FLAT
R5037,411.71942271169667,386.20348155362746,460.76867297973564,10.49,STEEP
R5038,446.9818864633785,421.94349007775196,476.50812470687083,30.0,VERY_STEEP
R5039,422.76311376996887,387.1611618927666,435.0688215938646,2.32,GENTLE
R5040,442.26037570939576,412.4686015117208,489.75085750050937,30.0,VERY_STEEP
R5041,426.2212058314177,382.2559159118773,459.6719195591484,30.0,VERY_STEEP
R5042,409.17169688924,364.1836175161715,447.13942480849505,30.0,VERY_STEEP
R5043,369.20233691363444,352.3799217933737,400.2093685110034,1.26,FLAT
R5044,416.6685651892513,401.21921912742226,460.05808338033,30.0,VERY_STEEP
R5045,412.3379565959907,377.12191955455074,423.66329508371916,0.61,FLAT
R5046,410.24691704572666,388.1978871232355,430.9820516568126,30.0,VERY_STEEP
R5047,398.9785867988241,388.23575804822013,427.7645210549318,0.45,FLAT
R5048,402.86566039892756,357.3199536244094,415.92980505147597,1.74,FLAT
R5049,383.4442527118104,364.3682220220581,421.68051948487675,30.0,VERY_STEEP
R5050,401.9312692642303,354.76004319679794,427.67780582645594,5.91,MODERATE
R5051,369.75559056784783,331.0582125327177,390.6623101785736,30.0,VERY_STEEP
R5052,430.51743973603766,390.0113001395783,440.65259360837416,1.52,FLAT
R5053,368.5776954698708,350.5192356381444,407.3709079398689,14.26,STEEP
R5054,358.49662898894667,339.12885196427413,401.8490013438611,30.0,VERY_STEEP
R5055,393.62460263571575,362.7738924827531,419.4262240629757,3.2,GENTLE
R5056,415.8307439506062,398.9467498446117,448.3994630319408,30.0,VERY_STEEP
R5057,393.77168249335415,371.55441478603285,412.8791475305381,2.38,GENTLE
R5058,377.6754131951309,354.8169140772187,412.56331904633623,30.0,VERY_STEEP
R5059,405.8171183890441,389.43192105893354,416.3026167216521,3.78,GENTLE
R5060,384.70023354122,366.49292020541355,414.2459894251703,1.49,FLAT
R5061,443.2867690126633,401.74469533233304,479.05498828629095,0.53,FLAT
R5062,442.2645139603572,425.5766797784664,488.99218488954654,0.45,FLAT
R5063,400.2371819972095,389.09888632345263,425.4906146821009,30.0,VERY_STEEP
R5064,382.78839940182587,347.6142016966683,423.3960075210671,1.86,FLAT
R5065,423.7132413956639,374.6739166199659,457.6207225934039,0.35,FLAT
R5066,353.6712943483067,330.4227417633818,400.7517788653099,0.3,FLAT
R5067,397.47690060436514,382.73067247651505,423.4120076307424,1.06,FLAT
R5068,383.63233942703334,350.8168464123321,406.39615302195284,0.64,FLAT
R5069,442.05358851025545,395.7994200664296,487.5392684580212,30.0,VERY_STEEP
R5070,351.20030272726825,309.8378315341291,363.1700787835998,9.63,MODERATE
R5071,405.28148757183493,370.38085283532627,420.736903289182,30.0,VERY_STEEP
R5072,424.0663581066626,401.46409824235866,437.3625354900244,0.28,FLAT
R5073,398.5017987524041,366.8265918213553,442.22619701546023,0.39,FLAT
R5074,358.54030301627216,344.89050936410194,368.96459995108495,0.3,FLAT
R5075,447.24613900279024,410.08832203156345,491.71242522267215,2.99,GENTLE
R5076,401.8010431376098,362.79720238170376,429.85175495246045,2.09,GENTLE
R5077,411.41862443190115,362.8173595155044,421.57963558605996,3.2,GENTLE
R5078,373.6609782707507,353.2450839209479,399.7267853592324,0.68,FLAT
R5079,398.34980851068036,387.61155174895947,415.8218421524818,30.0,VERY_STEEP
R5080,392.9149491958322,361.09061061874615,427.8909686947187,5.16,MODERATE
R5081,357.48958420019835,319.2179640243258,394.6639357970642,0.73,FLAT
R5082,360.6160353547467,318.9997363194272,390.1171381709467,0.68,FLAT
R5083,433.74725196187745,415.997694640885,445.36803297946426,30.0,VERY_STEEP
R5084,373.98199522065903,353.5118804591781,410.2271473953471,1.08,FLAT
R5085,369.49582714986303,338.99219013917116,413.1773784940839,30.0,VERY_STEEP
R5086,400.49114512501393,377.26711272621384,439.30411621806996,0.97,FLAT
R5087,426.8747131362513,382.45425367275345,470.073029894464,4.06,GENTLE
R5088,356.1946518578988,327.24424570835,374.2150327999343,0.46,FLAT
R5089,407.6807919638256,365.69764619974546,453.2363095500849,30.0,VERY_STEEP
R5090,361.92104428405736,328.6962538647632,384.80878230997587,30.0,VERY_STEEP
R5091,353.64610508256186,312.7224994178774,364.1822976526415,1.48,FLAT
R5092,355.27439521622176,331.9674757550088,399.0100610693846,30.0,VERY_STEEP
R5093,433.41641082084413,390.1597459436317,481.0892615794332,30.0,VERY_STEEP
R5094,361.79724836280616,340.8143557407653,398.0195762595001,2.63,GENTLE
R5095,354.5151364412292,322.67118412109755,373.77260165976617,1.01,FLAT
R5096,393.7899887142912,375.22970418733627,413.8597672855924,14.31,STEEP
R5097,434.3993471942025,405.3782863291548,463.0630621316273,11.86,STEEP
R5098,376.2408376489302,353.51382926858207,422.154080832987,1.14,FLAT
R5099,392.17126175259165,371.50312452710307,408.155167998494,0.31,FLAT
R5100,353.99225325637514,305.3128525352536,397.03120003971463,3.22,GENTLE
R5101,394.9078514134876,378.50488719401835,416.5599637616936,30.0,VERY_STEEP
R5102,407.7613080637134,366.2682745654176,450.1047548408773,21.92,VERY_STEEP
R5103,407.0907053752145,357.7241069958859,453.9015532792761,3.03,GENTLE
R5104,383.2426692174365,372.4466098678334,410.34242409720935,30.0,VERY_STEEP
R5105,381.5533180663135,343.5922215046297,406.15534423053475,0.99,FLAT
R5106,360.6623618936598,340.5458896714083,402.75121465251186,9.59,MODERATE
R5107,386.67983206462685,375.06031909149465,417.8591473598026,0.27,FLAT
R5108,359.94946688729647,333.83388372903124,397.32742882582437,1.62,FLAT
R5109,426.65959447120514,379.25088206437016,461.5727639496523,1.88,FLAT
R5110,446.6274297748186,436.1568260001387,462.74298360061044,7.94,MODERATE
R5111,447.0074456666707,413.49201798947945,490.7990600782532,16.22,VERY_STEEP
R5112,436.5071099375394,406.4512507937264,454.33811439406486,30.0,VERY_STEEP
R5113,410.0792149339619,365.14384835912,457.37050069679316,3.48,GENTLE
R5114,420.08656972438797,406.7265011435629,440.1094213812739,8.29,MODERATE
R5115,378.5205802680414,341.25953907257536,417.87581919899105,2.89,GENTLE
R5116,413.07704201726204,375.87265407993095,434.46325775700575,30.0,VERY_STEEP
R5117,395.56495494398774,358.8017542694964,418.2763712874623,30.0,VERY_STEEP
R5118,398.20173397769327,350.5083541802918,420.6018080889855,8.56,MODERATE
R5119,425.7776560375158,382.85415487724055,465.6933461985591,30.0,VERY_STEEP
R5120,378.1918355597252,366.51292650998494,410.4644402785009,14.23,STEEP
R5121,381.803961169452,352.96064714127147,427.1220594033519,30.0,VERY_STEEP
R5122,442.4641791128637,416.54605686481034,464.7590878810255,30.0,VERY_STEEP
R5123,355.6224294850972,333.21654064146514,393.302130367367,30.0,VERY_STEEP
R5124,398.563429841334,370.50996083517015,438.68137382785847,30.0,VERY_STEEP
R5125,441.2800800407862,415.9123126437471,457.3393645619845,30.0,VERY_STEEP
R5126,411.0363007818157,383.7429447866691,437.05987507460816,30.0,VERY_STEEP
R5127,404.6407074212132,355.47023279686755,433.95340719522966,30.0,VERY_STEEP
R5128,374.9744179229355,361.4290989329523,399.2019135187105,30.0,VERY_STEEP
R5129,384.3275489064448,337.4383141128956,407.2120527452103,30.0,VERY_STEEP
R5130,435.2048415804693,405.9953730416282,472.66163734037497,30.0,VERY_STEEP
R5131,405.92181317684583,370.9721233568642,424.55646908322535,28.23,VERY_STEEP
R5132,401.474219375678,358.2669007109702,439.84984918572314,30.0,VERY_STEEP
R5133,359.9579713540029,335.5394501880327,407.3597392096321,4.42,GENTLE
R5134,351.6028156455123,324.38593932199365,384.21071649262234,30.0,VERY_STEEP
R5135,446.3685188687049,419.9877796575563,480.82588833828385,30.0,VERY_STEEP
R5136,387.69861672868416,362.7093758272538,400.4559248136477,30.0,VERY_STEEP
R5137,410.3213062099504,363.30013334407465,454.9003823546635,10.85,STEEP
R5138,357.9715073187285,314.81431167100806,379.38941880672314,30.0,VERY_STEEP
R5139,418.31142857230464,403.9514289777856,452.9134751934472,30.0,VERY_STEEP
R5140,443.2566708705961,428.93173677151225,492.4211576603882,30.0,VERY_STEEP
R5141,407.56652529974195,380.45174470562233,441.38662932265424,30.0,VERY_STEEP
R5142,362.61153223754104,348.66523716822866,401.59991173611616,25.1,VERY_STEEP
R5143,408.1721527473477,373.4084289365029,435.9849374762978,30.0,VERY_STEEP
R5144,426.63472131046524,410.8870570199959,439.04935505106755,10.12,STEEP
R5145,390.6416536574019,359.74672309872983,432.54562763699346,30.0,VERY_STEEP
R5146,437.98377479414677,427.69497691399806,449.3837284447062,30.0,VERY_STEEP
