node_id,latitude,longitude
N001000,25.526653,91.434101
N001001,25.524861,91.529205
N001002,25.924276,91.471636
N001003,26.092716,91.536683
N001004,24.891647,91.877953
N001005,24.888923,91.879983
N001006,24.900931,91.84995
N001007,24.905503,91.852794
N001008,24.894801,91.878642
N001009,24.894918,91.868705
N001010,24.950422,91.866281
N001011,24.907633,91.870764
N001012,24.89951,91.874824
N001013,24.891866,91.873112
N001014,24.895233,91.89063
N001015,24.886196,91.881886
N001016,24.880172,91.878256
N001017,24.882959,91.879828
N001018,24.911038,91.832255
N001019,24.919103,91.831731
N001020,24.878513,91.875361
N001021,24.881342,91.875361
N001022,24.872316,91.904842
N001023,24.880104,91.876328
N001024,24.858142,91.927712
N001025,24.863694,91.929539
N001026,24.91621,91.949545
N001027,24.913239,91.936858
N001028,24.990205,92.042969
N001029,25.001522,92.048023
N001030,24.971601,92.031904
N001031,24.983095,92.037793
N001032,26.180987,91.67192
N001033,26.169828,91.672585
N001034,26.090693,91.61205
N001035,26.109196,91.664402
N001036,26.104383,91.707335
N001037,26.100676,91.719581
N001038,26.141472,91.675774
N001039,26.117401,91.703207
N001040,26.151599,91.654311
N001041,26.155304,91.676331
N001042,26.132481,91.811962
N001043,26.13379,91.833448
N001044,26.161052,91.935262
N001045,26.157521,91.83992
N001046,26.2043,91.858341
N001047,26.187367,91.844401
N001048,26.178486,91.829351
N001049,26.14949,91.811697
N001050,26.182376,91.837256
N001051,26.1822,91.836915
N001052,26.187023,91.842867
N001053,26.18448,91.666807
N001054,26.200425,91.639254
N001055,26.20099,91.645337
N001056,26.198973,91.640203
N001057,26.183248,91.671256
N001058,26.184898,91.667378
N001059,26.183267,91.671956
N001060,26.181087,91.680036
N001061,26.189774,91.67115
N001062,26.184828,91.667429
N001063,26.199038,91.558379
N001064,26.220619,91.624082
N001065,26.187049,91.710851
N001066,26.192078,91.717268
N001067,26.185241,91.701651
N001068,26.157614,91.673761
N001069,26.157577,91.671597
N001070,26.158754,91.688844
N001071,26.15772,91.673653
N001072,26.158815,91.688518
N001073,26.159072,91.693766
N001074,26.158765,91.688944
N001075,26.114401,91.725717
N001076,26.11203,91.738488
N001077,26.115709,91.719197
N001078,26.115659,91.719563
N001079,26.118725,91.818945
N001080,26.118068,91.816118
N001081,26.111824,91.741977
N001082,26.111705,91.748979
N001083,26.119201,91.822596
N001084,26.119274,91.822254
N001085,26.123741,91.817929
N001086,26.118389,91.816801
N001087,26.085907,91.789361
N001088,26.100187,91.799227
N001089,26.101852,91.797554
N001090,26.101975,91.797399
N001091,26.099294,91.802211
N001092,26.10216,91.79709
N001093,26.102424,91.804101
N001094,26.110584,91.799528
N001095,26.100331,91.809509
N001096,26.111316,91.797674
N001097,26.123505,91.799298
N001098,26.122816,91.805157
N001099,26.123525,91.798703
N001100,26.123314,91.800396
N001101,26.123339,91.798806
N001102,26.147691,91.787644
N001103,26.151826,91.78298
N001104,26.162663,91.771104
N001105,26.163023,91.770746
N001106,26.123241,91.748466
N001107,26.158804,91.741269
N001108,26.166255,92.353376
N001109,26.165153,92.353818
N001110,26.129477,91.810661
N001111,26.119683,91.822527
N001112,26.151857,91.783034
N001113,26.147701,91.787746
N001114,26.11977,91.822254
N001115,26.129422,91.810604
N001116,25.40379,91.773184
N001117,25.260915,91.734591
N001118,25.452753,91.82059
N001119,25.422616,91.791849
N001120,25.610849,91.87387
N001121,25.587647,91.873333
N001122,25.578098,91.87649
N001123,25.576,91.882652
N001124,24.799418,92.792016
N001125,24.805601,92.794501
N001126,24.80573,92.79453
N001127,24.806026,92.794685
N001128,24.806137,92.794853
N001129,24.805692,92.794621
N001130,24.811919,92.797104
N001131,24.762052,92.829643
N001132,24.80367,92.801785
N001133,24.864338,92.36851
N001134,24.839715,92.366599
N001135,24.857488,92.490482
N001136,24.849089,92.421157
N001137,24.829342,92.634356
N001138,24.853947,92.620034
N001139,25.438139,91.851343
N001140,25.310315,91.898036
N001141,25.205193,92.040536
N001142,25.220882,92.088326
N001143,25.248963,92.095378
N001144,25.279947,92.103224
N001145,25.287304,92.108338
N001146,25.316691,92.128929
N001147,25.169499,92.393689
N001148,25.11195,92.36291
N001149,25.061764,92.384741
N001150,25.049712,92.405819
N001151,25.251956,91.949749
N001152,25.214788,91.964927
N001153,25.037547,92.08393
N001154,25.092104,92.117893
N001155,24.874495,92.583891
N001156,24.873054,92.582368
N001157,24.877623,92.583219
N001158,25.462143,91.827137
N001159,25.465358,91.824792
N001160,25.440219,92.195434
N001161,25.443514,92.19642
N001162,25.57198,91.871136
N001163,25.5718,91.876597
N001164,25.34693,92.144024
N001165,25.388313,92.153896
N001166,25.391129,92.159421
N001167,25.423953,92.167128
N001168,25.435252,92.185769
N001169,24.831323,92.801997
N001170,24.831562,92.802981
N001171,26.038848,91.353486
N001172,26.048344,91.388485
N001173,26.099975,91.612136
N001174,26.133787,91.624043
N001175,26.140706,91.639161
N001176,26.1522,91.655215
N001177,26.167261,91.6872
N001178,26.163759,91.707025
N001179,26.161412,91.694697
N001180,26.171451,91.686267
N001181,26.180352,91.815396
N001182,26.179497,91.81787
N001183,26.18462,91.756823
N001184,26.184044,91.756663
N001185,26.184687,91.766191
N001186,26.182051,91.803176
N001187,26.178941,91.818022
N001188,26.179229,91.817943
N001189,26.180548,91.747645
N001190,26.180912,91.750856
N001191,26.15853,91.733621
N001192,26.159713,91.7384
N001193,26.149666,91.729034
N001194,26.148126,91.736004
N001195,26.115965,91.708567
N001196,26.18386,91.756599
N001197,26.18084,91.756333
N001198,26.180701,91.756358
N001199,26.175216,91.757459
N001200,26.178638,91.750593
N001201,26.163393,91.746098
N001202,26.18059,91.745766
N001203,26.181798,91.74574
N001204,26.186031,91.742185
N001205,26.183242,91.740601
N001206,26.189215,91.745937
N001207,26.185578,91.746537
N001208,26.183187,91.745363
N001209,26.18823,91.743331
N001210,26.185924,91.749083
N001211,26.188037,91.748349
N001212,26.191401,91.75695
N001213,26.190249,91.752717
N001214,26.159245,91.741319
N001215,26.167432,91.741966
N001216,26.16768,91.736663
N001217,24.964759,91.851296
N001218,24.95642,91.861718
N001219,24.891128,91.865452
N001220,24.894417,91.864182
N001221,24.903026,91.861178
N001222,24.907143,91.860808
N001223,24.897983,91.871327
N001224,24.895385,91.871431
N001225,26.123029,91.748472
N001226,26.111675,91.749535
N001227,26.111568,91.749597
N001228,26.141073,91.762125
N001229,26.126402,91.744104
N001230,26.111397,91.788188
N001231,26.116977,91.786605
N001232,26.122922,91.78701
N001233,26.123167,91.786984
N001234,26.1416,91.757104
N001235,26.14505,91.786534
N001236,26.147693,91.740815
N001237,26.141886,91.78658
N001238,25.62752,91.887024
N001239,25.638743,91.894018
N001240,25.650937,91.89352
N001241,25.653015,91.898214
N001242,25.658617,91.899945
N001243,25.671516,91.905378
N001244,25.671649,91.903945
N001245,25.721011,91.891346
N001246,25.736588,91.884696
N001247,25.75268,91.887492
N001248,26.137935,92.012408
N001249,26.200663,92.021695
N001250,26.187045,92.266312
N001251,26.178509,92.300369
N001252,26.197404,92.312404
N001253,26.203302,92.35264
N001254,26.183979,92.349376
N001255,26.16558,92.30889
N001256,26.15471,92.323052
N001257,26.16023,92.337269
N001258,26.167338,92.35303
N001259,26.167953,92.335452
N001260,26.170774,92.348868
N001261,26.179571,92.348718
N001262,26.207895,92.342645
N001263,26.106318,91.58908
N001264,26.103636,91.591665
N001265,24.896154,91.861376
N001266,24.899007,91.862345
N001267,24.892008,91.87048
N001268,24.892605,91.876318
N001269,24.899331,91.868831
N001270,24.831176,92.801863
N001271,24.829679,92.792547
N001272,24.873573,92.580548
N001273,24.858016,92.492966
N001274,24.857296,92.606092
N001275,24.858043,92.604901
N001276,26.185106,91.757011
N001277,26.187454,91.741468
N001278,26.173369,91.730769
N001279,25.824245,92.089143
N001280,25.858658,92.106728
N001281,24.964769,91.878182
N001282,24.969009,91.859594
N001283,25.535351,91.824722
N001284,25.548916,91.841712
N001285,25.256448,91.578431
N001286,25.275632,91.576885
N001287,26.174991,91.757411
N001288,26.176401,91.755349
N001289,26.17496,91.73635
N001290,26.173231,91.731074
N001291,26.175061,91.75754
N001292,26.17329,91.759508
N001293,26.176928,91.741
N001294,26.18232,91.745611
N001295,26.171771,91.686125
N001296,26.168738,91.682395
N001297,26.164277,91.715845
N001298,26.159065,91.694022
N001299,26.116611,91.769471
N001300,26.120318,91.787177
N001301,26.120465,91.788995
N001302,26.114066,91.806
N001303,26.128092,91.805792
N001304,25.558772,91.907942
N001305,25.565907,91.899654
N001306,26.160193,91.781556
N001307,26.177236,91.775889
N001308,26.183456,91.782132
N001309,26.172801,91.785042
N001310,26.129001,91.786397
N001311,26.133925,91.773782
N001312,26.148261,91.785888
N001313,26.159191,91.766248
N001314,26.163174,91.767598
N001315,26.163243,91.76763
N001316,26.18361,91.803453
N001317,26.192306,91.799569
N001318,26.145094,91.696992
N001319,26.119536,91.696686
N001320,26.150274,91.687262
N001321,26.156718,91.696943
N001322,26.153844,91.704176
N001323,26.157742,91.703499
N001324,26.159278,91.701367
N001325,26.150242,91.696094
N001326,26.153679,91.703618
N001327,26.158974,91.696896
N001328,26.150513,91.695919
N001329,26.136493,91.674155
N001330,26.147026,91.688261
N001331,26.154157,91.70377
N001332,26.150435,91.696116
N001333,26.185228,91.756674
N001334,26.187182,91.75665
N001335,26.187042,91.754729
N001336,26.188385,91.750233
N001337,26.189607,91.750017
N001338,26.120425,91.788679
N001339,26.148632,91.786802
N001340,26.14997,91.78901
N001341,26.150053,91.789195
N001342,26.120431,91.788799
N001343,26.15951,91.752166
N001344,26.167757,91.752343
N001345,26.151794,91.792526
N001346,26.141612,91.741887
N001347,25.571152,91.897244
N001348,25.566409,91.900231
N001349,25.569828,91.893495
N001350,25.559193,91.910704
N001351,25.570402,91.887137
N001352,25.566808,91.890401
N001353,25.571096,91.919843
N001354,25.580088,91.9198
N001355,25.570172,91.887193
N001356,25.569845,91.893498
N001357,25.560635,91.875904
N001358,25.566267,91.878901
N001359,25.571417,91.897218
N001360,25.572851,91.897182
N001361,25.592165,91.873047
N001362,25.593888,91.889683
N001363,26.13856,91.606939
N001364,26.103237,91.593432
N001365,26.17648,91.568439
N001366,26.198975,91.558467
N001367,26.124395,91.682929
N001368,26.120791,91.542223
N001369,26.100506,91.598221
N001370,26.116337,91.614349
N001371,26.18434,91.746859
N001372,26.182677,91.747167
N001373,25.582894,91.886355
N001374,25.588188,91.881784
N001375,25.586668,91.877041
N001376,25.587199,91.880886
N001377,25.595199,91.883657
N001378,25.56811,91.904582
N001379,25.566434,91.902052
N001380,25.540813,91.894218
N001381,25.568555,91.880471
N001382,25.566694,91.879122
N001383,25.571565,91.871332
N001384,25.571677,91.870798
N001385,25.575977,91.875481
N001386,25.572361,91.871294
N001387,25.559596,91.863347
N001388,25.557058,91.870479
N001389,25.563422,91.86948
N001390,24.886418,92.20789
N001391,24.897117,92.177621
N001392,24.874821,92.243477
N001393,24.881504,92.223413
N001394,25.571561,91.868282
N001395,25.571501,91.868935
N001396,25.579599,91.896228
N001397,25.579481,91.896298
N001398,25.57938,91.896363
N001399,24.878841,91.877373
N001400,24.895092,91.897347
N001401,24.895092,91.893061
N001402,25.183854,92.032028
N001403,25.184556,92.025972
N001404,24.899346,91.86847
N001405,24.899041,91.862463
N001406,24.956483,91.86187
N001407,24.957011,91.869517
N001408,24.919656,91.958416
N001409,26.189366,92.953596
N001410,26.212208,93.033801
N001411,26.004658,92.760124
N001412,26.00099,92.841463
N001413,26.10513,92.875007
N001414,26.101264,92.976916
N001415,26.185146,91.754508
N001416,26.190308,91.749716
N001417,26.192311,91.756405
N001418,26.189731,91.751577
N001419,26.185613,91.752003
N001420,24.918032,92.962999
N001421,24.917761,92.963197
N001422,24.895557,92.766789
N001423,24.884168,92.767632
N001424,26.183544,91.745872
N001425,26.182356,91.745737
N001426,26.18931,91.750096
N001427,26.1895,91.750279
N001428,26.17895,91.734686
N001429,26.187696,91.741813
N001430,26.162139,91.713107
N001431,26.180338,91.738889
N001432,26.176088,91.740038
N001433,26.168661,91.747124
N001434,26.169291,91.754545
N001435,26.176979,91.734978
N001436,26.181889,91.740551
N001437,25.97022,91.54929
N001438,26.034807,91.584152
N001439,26.137246,91.628085
N001440,25.451809,92.191208
N001441,25.580281,91.91983
N001442,25.590089,91.923599
N001443,25.155062,92.10534
N001444,25.158974,92.100089
N001445,25.091577,92.110938
N001446,25.091418,92.086015
N001447,25.088856,91.97951
N001448,25.095373,91.977449
N001449,25.139044,92.119921
N001450,25.150264,92.112709
N001451,25.126241,92.116259
N001452,25.138317,92.120375
N001453,25.002265,92.04825
N001454,25.177244,92.055851
N001455,25.177017,92.055422
N001456,25.088944,91.982879
N001457,25.088937,91.981397
N001458,25.125191,92.116373
N001459,25.094449,92.117838
N001460,24.989498,92.04224
N001461,25.150431,92.112115
N001462,25.164507,92.096064
N001463,25.164872,92.095849
N001464,25.152283,92.108524
N001465,25.152687,92.108387
N001466,25.159482,92.099507
N001467,25.116876,92.119276
N001468,25.010427,92.057063
N001469,25.065469,92.109679
N001470,25.054462,92.170025
N001471,25.181299,92.034986
N001472,25.156742,92.017548
N001473,25.592982,91.396671
N001474,25.630629,91.323829
N001475,24.902398,92.70752
N001476,24.899634,92.711579
N001477,24.829185,92.792586
N001478,24.832062,92.781073
N001479,24.936612,92.638865
N001480,24.916303,92.66511
N001481,24.829241,92.792347
N001482,24.829626,92.783972
N001483,24.820212,92.798279
N001484,24.816467,92.794641
N001485,24.841509,92.385447
N001486,24.838828,92.379732
N001487,24.836078,92.36619
N001488,24.776612,92.373771
N001489,24.843447,92.395273
N001490,24.864371,92.368758
N001491,24.839699,92.835648
N001492,24.815032,92.861346
N001493,24.815726,92.395074
N001494,24.834802,92.375752
N001495,24.865855,92.358124
N001496,24.844181,92.343736
N001497,24.825241,92.343671
N001498,24.864139,92.371853
N001499,24.87078,92.364782
N001500,24.869947,92.365918
N001501,24.870477,92.366575
N001502,24.864445,92.368462
N001503,24.869366,92.355161
N001504,24.871299,92.361291
N001505,24.869296,92.36501
N001506,24.866336,92.363462
N001507,24.867849,92.367007
N001508,24.844914,92.355021
N001509,24.865753,92.358697
N001510,24.829909,92.807222
N001511,24.822835,92.655422
N001512,24.815847,92.648722
N001513,24.829892,92.614542
N001514,24.825626,92.59819
N001515,24.829138,92.792735
N001516,24.828004,92.799894
N001517,24.808669,92.795858
N001518,24.816166,92.790202
N001519,24.910263,92.710293
N001520,24.916981,92.727479
N001521,24.924034,92.842701
N001522,24.905134,92.833892
N001523,24.803017,92.802136
N001524,24.804441,92.794054
N001525,24.819543,92.797166
N001526,24.819665,92.795428
N001527,24.821414,92.543067
N001528,24.848031,92.559042
N001529,24.826683,92.795302
N001530,24.83149,92.795486
N001531,24.816386,92.789066
N001532,24.81799,92.780239
N001533,24.824028,92.790075
N001534,24.822738,92.794432
N001535,24.809947,92.648134
N001536,24.79905,92.6402
N001537,25.848684,92.885048
N001538,25.848473,92.883365
N001539,24.824146,92.800605
N001540,26.117342,91.798312
N001541,26.115124,91.791193
N001542,26.200821,92.373645
N001543,26.188723,92.373931
N001544,26.117243,91.703074
N001545,26.124299,91.682807
N001546,26.111255,91.765587
N001547,26.111395,91.758235
N001548,26.111672,91.79301
N001549,26.114422,91.807092
N001550,26.115524,91.719552
N001551,26.115588,91.719182
N001552,26.111444,91.791732
N001553,26.111433,91.791264
N001554,26.111536,91.791267
N001555,26.111559,91.791735
N001556,26.155581,91.676001
N001557,26.115743,91.714762
N001558,26.117062,91.703687
N001559,26.129282,91.675217
N001560,26.124539,91.68309
N001561,26.111724,91.791289
N001562,26.11173,91.791609
N001563,26.112166,91.738488
N001564,26.112032,91.742418
N001565,26.115249,91.718994
N001566,26.115842,91.719588
N001567,26.113756,91.730085
N001568,26.155608,91.676238
N001569,26.04146,91.867517
N001570,26.042518,91.867607
N001571,26.045763,91.868469
N001572,26.012322,91.822561
N001573,26.073456,91.429486
N001574,26.073286,91.430946
N001575,26.076536,91.462724
N001576,26.080822,91.469677
N001577,26.104027,91.513298
N001578,26.048645,91.389638
N001579,26.06832,91.421452
N001580,26.065804,91.529386
N001581,26.034873,91.583254
N001582,26.070945,91.562127
N001583,26.069864,91.559806
N001584,26.149439,92.538168
N001585,26.14519,92.533145
N001586,26.209155,92.528957
N001587,26.186242,92.608381
N001588,26.19852,92.550502
N001589,26.187836,92.550285
N001590,26.186598,92.55061
N001591,26.186045,92.550769
N001592,26.150066,92.538485
N001593,26.156038,92.542082
N001594,26.15551,92.541752
N001595,26.144551,92.532819
N001596,26.040751,92.57245
N001597,26.188932,92.555917
N001598,26.019145,91.314242
N001599,25.958845,91.274932
N001600,26.055593,91.403757
N001601,25.997341,91.379589
N001602,26.06764,91.458959
N001603,26.052431,91.454809
N001604,26.047361,91.384454
N001605,25.984087,91.37681
N001606,24.912964,91.812591
N001607,24.905988,91.864965
N001608,24.928401,91.44746
N001609,24.882952,91.423097
N001610,24.81149,92.156374
N001611,24.770737,92.157413
N001612,24.978878,92.283992
N001613,24.982319,92.293023
N001614,24.859936,92.017334
N001615,24.854242,92.000992
N001616,24.857473,92.013732
N001617,24.854079,92.018298
N001618,24.992772,92.356694
N001619,24.992899,92.357103
N001620,24.853974,92.018586
N001621,24.897504,92.175461
N001622,24.983861,92.298824
N001623,24.984041,92.299547
N001624,24.867566,92.384917
N001625,24.867484,92.385423
N001626,24.897725,92.173871
N001627,24.922285,92.448425
N001628,24.922032,92.448772
N001629,24.801807,92.037433
N001630,24.91152,92.157325
N001631,24.918149,92.163833
N001632,24.98569,92.305682
N001633,24.85686,91.991036
N001634,24.877295,92.369769
N001635,24.876352,92.437782
N001636,24.872182,92.431224
N001637,24.884777,92.07214
N001638,24.851684,91.935084
N001639,24.801226,91.994125
N001640,24.821479,91.926484
N001641,24.956567,92.414603
N001642,24.924293,91.46883
N001643,24.960832,91.398111
N001644,24.947277,91.399437
N001645,24.94598,91.398922
N001646,24.938303,91.429805
N001647,24.910301,91.465988
N001648,24.909865,91.466224
N001649,25.032772,91.38663
N001650,25.031924,91.386673
N001651,24.962217,91.397624
N001652,25.037334,91.375309
N001653,25.037156,91.37516
N001654,24.925273,91.470823
N001655,25.03902,91.32346
N001656,25.038945,91.323066
N001657,24.938042,91.430553
N001658,25.042228,91.380947
N001659,25.039832,91.387554
N001660,25.025475,91.360809
N001661,25.033396,91.351127
N001662,25.041197,91.295421
N001663,25.045366,91.388935
N001664,24.923383,91.462539
N001665,24.902955,91.469942
N001666,25.071405,91.399221
N001667,25.107198,93.002629
N001668,25.107585,92.994208
N001669,24.921645,92.780586
N001670,24.924903,92.841876
N001671,24.840107,92.83344
N001672,24.840987,92.833427
N001673,26.115967,92.875567
N001674,26.136172,92.893794
N001675,25.772851,93.162756
N001676,25.948994,92.955253
N001677,26.114418,92.875757
N001678,26.090157,92.880331
N001679,26.114323,92.875632
N001680,26.114968,92.875193
N001681,26.115039,92.875338
N001682,26.115517,92.874753
N001683,25.466543,92.233783
N001684,25.465891,92.272144
N001685,24.816491,92.59903
N001686,24.816936,92.59899
N001687,24.756742,92.593388
N001688,24.8747,92.589454
N001689,24.911162,92.591152
N001690,24.910752,92.591296
N001691,24.90202,92.590602
N001692,24.880442,92.585454
N001693,24.856354,92.607677
N001694,24.971259,92.560085
N001695,24.937685,92.592203
N001696,24.972773,92.556053
N001697,24.972624,92.556503
N001698,26.127359,92.844736
N001699,26.137611,92.817676
N001700,26.115629,92.874945
N001701,24.874543,92.589085
N001702,24.874104,92.582675
N001703,24.838405,92.83048
N001704,24.839139,92.833636
N001705,24.873328,92.254562
N001706,25.176345,91.300297
N001707,25.14856,91.323637
N001708,25.163689,91.336473
N001709,25.127468,91.32059
N001710,25.120426,91.33291
N001711,25.105659,91.367887
N001712,25.100338,91.367191
N001713,25.093139,91.367481
N001714,24.789704,91.355018
N001715,24.804871,91.328759
N001716,26.16761,91.731519
N001717,26.167823,91.742027
N001718,26.167863,91.765351
N001719,26.168359,91.754015
N001720,26.16797,91.682601
N001721,26.158483,91.685366
N001722,26.168744,91.746097
N001723,26.178097,91.740581
N001724,26.177395,91.741473
N001725,26.173111,91.730687
N001726,26.18315,91.750011
N001727,26.167774,91.671954
N001728,26.125004,91.779217
N001729,26.13164,91.779461
N001730,26.180327,91.745782
N001731,26.182739,91.748021
N001732,26.190636,91.778736
N001733,26.195859,91.790246
N001734,26.173577,91.772163
N001735,26.18014,91.774152
N001736,26.180047,91.775538
N001737,26.184616,91.774722
N001738,26.185334,91.775487
N001739,25.706359,91.977355
N001740,25.710033,91.980284
N001741,25.68686,91.916342
N001742,25.714347,91.989636
N001743,25.660006,91.900675
N001744,25.663688,91.901903
N001745,25.710684,91.994502
N001746,25.710207,91.995197
N001747,25.67389,91.90094
N001748,25.664821,91.899231
N001749,25.667563,91.900939
N001750,25.668083,91.901248
N001751,25.667174,91.900475
N001752,25.647429,91.853184
N001753,25.676653,91.895949
N001754,25.57892,91.895948
N001755,25.5733,91.892758
N001756,25.57372,91.888203
N001757,25.579249,91.888271
N001758,25.580225,91.888044
N001759,25.571948,91.887158
N001760,25.571808,91.88687
N001761,25.572712,91.886892
N001762,25.578748,91.893307
N001763,25.573505,91.885152
N001764,25.575295,91.88375
N001765,25.572547,91.886841
N001766,25.570068,91.884489
N001767,25.568183,91.882119
N001768,25.575964,91.882657
N001769,24.848157,91.896563
N001770,24.835282,91.898176
N001771,24.835528,91.897852
N001772,24.848079,91.89728
N001773,24.858052,91.927671
N001774,24.84769,91.896892
N001775,24.848519,91.896055
N001776,24.877706,91.875337
N001777,24.847979,91.896582
N001778,24.848012,91.896797
N001779,24.848033,91.896541
N001780,24.803649,91.913782
N001781,25.5799,91.897718
N001782,25.572328,91.886991
N001783,25.574348,91.889687
N001784,25.566863,91.883066
N001785,25.582446,91.886402
N001786,25.582702,91.886372
N001787,25.57729,91.905446
N001788,25.568001,91.87667
N001789,25.569577,91.878034
N001790,25.577332,91.87969
N001791,25.570726,91.87795
N001792,25.577819,91.905519
N001793,25.570023,91.912843
N001794,25.565777,91.885677
N001795,25.566815,91.882768
N001796,25.581365,91.887584
N001797,25.581585,91.888211
N001798,25.574146,91.910405
N001799,25.569981,91.913993
N001800,25.570371,91.919032
N001801,25.571413,91.914256
N001802,25.57052,91.914527
N001803,24.796213,91.789608
N001804,24.812227,91.792413
N001805,24.812558,91.792552
N001806,24.860155,91.844725
N001807,24.867607,91.857703
N001808,24.877142,91.87354
N001809,24.86081,91.846737
N001810,24.861063,91.847356
N001811,24.877201,91.873836
N001812,24.867213,91.856561
N001813,24.877669,91.875744
N001814,24.878615,91.877167
N001815,24.909876,91.769619
N001816,24.910027,91.745839
N001817,24.920813,91.708047
N001818,24.928254,91.68849
N001819,24.912899,91.812678
N001820,24.912632,91.812066
N001821,24.929103,91.687469
N001822,24.909595,91.735675
N001823,24.910058,91.733474
N001824,24.920653,91.708342
N001825,24.909878,91.769899
N001826,24.944483,91.601871
N001827,24.927466,91.546934
N001828,24.912526,91.811538
N001829,24.891216,91.869972
N001830,24.890475,91.867983
N001831,24.881582,91.875343
N001832,24.882314,91.870006
N001833,24.884262,91.868372
N001834,24.863798,91.84555
N001835,24.878046,91.833253
N001836,24.910878,91.823948
N001837,24.911379,91.8241
N001838,24.867274,91.930446
N001839,24.878151,91.833058
N001840,24.908647,91.823125
N001841,24.863521,91.845566
N001842,24.867845,91.857218
N001843,24.882243,91.86403
N001844,24.895127,91.887722
N001845,24.861018,91.846139
N001846,24.884802,91.880911
N001847,24.867619,91.857225
N001848,24.867683,91.857001
N001849,24.867459,91.857079
N001850,24.867462,91.85701
N001851,24.867635,91.856939
N001852,24.912505,91.824472
N001853,24.964493,92.024225
N001854,24.919787,91.9587
N001855,24.936797,91.984026
N001856,24.913238,91.936555
N001857,24.983267,92.0379
N001858,24.936819,91.984092
N001859,24.964348,92.023997
N001860,24.964487,92.024216
N001861,24.938937,91.990452
N001862,24.938989,91.990598
N001863,24.963197,92.018885
N001864,24.963213,92.019065
N001865,24.896157,91.900178
N001866,24.963214,92.019073
N001867,25.563554,91.87169
N001868,25.563938,91.869647
N001869,25.576117,91.882726
N001870,25.57614,91.882846
N001871,25.577731,91.883662
N001872,25.576129,91.884035
N001873,25.575846,91.882825
N001874,25.526635,91.896725
N001875,25.550944,92.050169
N001876,25.452042,92.190955
N001877,25.496547,92.171168
N001878,25.121395,91.332136
N001879,25.121015,91.313353
N001880,25.137816,91.322204
N001881,25.113866,91.312438
N001882,25.095117,91.326145
N001883,25.102702,91.305723
N001884,25.104368,91.300125
N001885,25.075938,91.411717
N001886,25.132687,91.408103
N001887,25.108079,91.422694
N001888,26.031028,91.337643
N001889,26.030883,91.337356
N001890,25.977583,91.234244
N001891,26.019708,91.315337
N001892,26.178514,92.217935
N001893,26.239098,92.30608
N001894,24.74816,91.26527
N001895,24.813866,91.30229
N001896,25.252472,91.949396
N001897,25.347152,92.144217
N001898,25.391426,92.159894
N001899,25.435521,92.186553
N001900,26.137731,92.817647
N001901,26.127444,92.844803
N001902,26.19031,92.379896
N001903,26.129481,91.795384
N001904,26.167559,92.352885
N001905,26.190411,92.37984
N001906,24.971856,91.388506
N001907,24.972126,91.387489
N001908,24.943507,91.366242
N001909,24.943159,91.366076
N001910,24.92992,91.352846
N001911,24.934114,91.332248
N001912,24.962006,91.374985
N001913,24.971969,91.392841
N001914,24.830685,92.783859
N001915,24.831125,92.75251
N001916,24.830936,92.691334
N001917,24.833431,92.728857
N001918,24.833344,92.727892
N001919,24.925613,92.751221
N001920,24.926767,92.752313
N001921,24.946101,92.67168
N001922,24.954439,92.614787
N001923,24.924832,92.747953
N001924,24.942809,92.71278
N001925,24.93046,92.756089
N001926,24.823446,92.772151
N001927,24.835618,92.802356
N001928,24.840755,92.810605
N001929,24.795054,92.773484
N001930,24.801221,92.792732
N001931,24.816436,92.780664
N001932,24.831829,92.800016
N001933,24.818654,92.77938
N001934,24.827633,92.791374
N001935,24.832347,92.795844
N001936,24.838599,92.806175
N001937,24.810771,92.772068
N001938,24.815825,92.761393
N001939,24.815927,92.790014
N001940,24.813096,92.781943
N001941,24.81627,92.780713
N001942,24.809096,92.766489
N001943,24.80249,92.77947
N001944,24.816123,92.761387
N001945,24.8077,92.762561
N001946,24.790705,92.734971
N001947,24.915348,92.948024
N001948,24.915209,92.947884
N001949,24.910475,92.928917
N001950,24.910482,92.928655
N001951,24.897663,92.910288
N001952,24.897505,92.910035
N001953,24.910474,92.929057
N001954,24.91507,92.947772
N001955,24.897766,92.910442
N001956,24.910484,92.928475
N001957,24.896767,92.906482
N001958,24.896677,92.905477
N001959,24.917692,92.963227
N001960,24.914381,92.977362
N001961,24.896837,92.90753
N001962,24.897409,92.909781
N001963,24.921415,92.781688
N001964,24.911696,92.773934
N001965,24.884027,92.767687
N001966,24.884003,92.822236
N001967,24.884228,92.822194
N001968,24.865402,92.821046
N001969,24.865676,92.821011
N001970,24.875462,92.81923
N001971,24.814607,92.649251
N001972,24.812018,92.646022
N001973,24.85447,92.620055
N001974,24.856494,92.615
N001975,24.856224,92.608181
N001976,24.856078,92.608927
N001977,24.822433,92.803283
N001978,24.82389,92.801967
N001979,24.853387,92.961697
N001980,24.873986,92.926643
N001981,24.873962,92.92643
N001982,24.87374,92.922505
N001983,24.873608,92.922322
N001984,24.875489,92.90457
N001985,24.829127,93.022928
N001986,24.830492,92.983979
N001987,24.818707,92.969015
N001988,24.818507,92.968898
N001989,24.819407,92.939323
N001990,24.812392,92.874707
N001991,24.820315,92.945694
N001992,24.823771,92.947171
N001993,24.834414,92.958189
N001994,24.834559,92.958312
N001995,24.832763,92.951023
N001996,24.843016,92.958472
N001997,24.852923,92.960816
N001998,25.483331,92.474846
N001999,25.465124,92.296122
N002000,25.530156,92.63484
N002001,25.442559,92.732561
N002002,25.503987,92.650993
N002003,24.881535,92.882041
N002004,24.891994,92.856509
N002005,24.879201,92.879791
N002006,24.862817,92.853838
N002007,26.222108,92.034485
N002008,26.197596,92.066778
N002009,26.216311,92.171758
N002010,26.179572,92.2178
N002011,25.552345,92.051773
N002012,25.581773,92.057822
N002013,25.59151,92.061025
N002014,25.591704,92.060748
N002015,25.591621,92.060904
N002016,25.612561,92.047513
N002017,25.591668,92.060926
N002018,25.579592,91.906603
N002019,25.592559,92.035672
N002020,25.579433,91.906701
N002021,25.569902,91.878333
N002022,25.570434,91.91898
N002023,25.581171,91.888259
N002024,25.491066,91.854719
N002025,25.536285,91.888742
N002026,25.509183,91.886858
N002027,25.525294,91.886648
N002028,25.483205,91.768251
N002029,25.428432,91.730717
N002030,25.498279,91.818573
N002031,25.522559,91.816593
N002032,25.465689,91.824347
N002033,25.495118,91.817222
N002034,25.490616,91.793472
N002035,25.482007,91.771752
N002036,25.484891,91.771394
N002037,25.481845,91.76729
N002038,25.48215,91.762972
N002039,25.587335,91.873316
N002040,25.625933,91.906557
N002041,25.605356,91.894871
N002042,25.565861,91.870621
N002043,25.563423,91.86964
N002044,25.579395,91.88329
N002045,25.577829,91.883728
N002046,25.590404,91.877674
N002047,25.590492,91.877723
N002048,25.590197,91.877555
N002049,25.58679,91.877062
N002050,25.566571,91.879013
N002051,25.461735,91.827586
N002052,25.421775,91.791462
N002053,25.525951,91.902522
N002054,25.551973,91.920979
N002055,24.90513,91.880684
N002056,25.024256,91.822561
N002057,25.04205,91.803512
N002058,24.899095,91.862317
N002059,24.899717,91.854589
N002060,24.990019,91.851523
N002061,24.991342,91.84972
N002062,24.904879,91.880536
N002063,24.899437,91.87915
N002064,24.899417,91.862427
N002065,24.902134,91.862851
N002066,24.905075,91.869879
N002067,25.047881,91.563705
N002068,25.104507,91.624852
N002069,25.046994,91.56369
N002070,25.045269,91.563384
N002071,25.567142,91.882711
N002072,25.568245,91.882711
N002073,25.56862,91.883788
N002074,25.569469,91.884191
N002075,25.202159,91.934527
N002076,25.182508,91.933745
N002077,25.270203,91.732337
N002078,25.271179,91.726065
N002079,25.232997,91.683587
N002080,25.230242,91.694964
N002081,25.72415,92.393739
N002082,25.725064,92.438507
N002083,25.873402,92.599386
N002084,25.923736,92.689733
N002085,25.933,92.701619
N002086,26.003888,92.755793
N002087,26.005965,92.758576
N002088,26.007041,92.757301
N002089,26.067344,92.722728
N002090,25.948991,92.955382
N002091,25.772835,93.162858
N002092,26.061817,92.900942
N002093,26.068116,92.89755
N002094,26.068422,92.89756
N002095,26.061659,92.90117
N002096,26.090075,92.880235
N002097,26.068132,92.897706
N002098,26.06188,92.901046
N002099,25.108465,92.361316
N002100,25.10788,92.362318
N002101,25.080646,92.354161
N002102,24.865023,92.363243
N002103,24.863081,92.358914
N002104,24.866994,92.360311
N002105,24.86628,92.357783
N002106,24.866482,92.35144
N002107,24.862464,92.350406
N002108,24.99129,92.461413
N002109,25.009343,92.435776
N002110,25.153154,91.547433
N002111,25.138018,91.484749
N002112,25.17753,91.42156
N002113,25.162849,91.449094
N002114,25.710167,91.980352
N002115,25.720548,91.976674
N002116,24.899843,91.851073
N002117,24.888288,91.861016
N002118,24.898833,91.861194
N002119,24.898426,91.862047
N002120,26.184792,91.775781
N002121,26.180989,91.775521
N002122,24.895321,91.862712
N002123,24.850237,92.836244
N002124,24.924838,92.841744
N002125,24.921446,92.780506
N002126,24.850133,92.836295
N002127,24.841,92.833732
N002128,24.878336,92.859154
N002129,24.893908,92.856126
N002130,24.893895,92.856254
N002131,24.878313,92.859282
N002132,24.84011,92.833726
N002133,24.839108,92.833513
N002134,24.850433,92.836582
N002135,24.851353,92.838233
N002136,24.852467,92.840231
N002137,24.894149,92.85626
N002138,24.877962,92.859208
N002139,24.850337,92.836649
N002140,24.87798,92.859085
N002141,24.852373,92.8403
N002142,24.851256,92.838297
N002143,24.894148,92.856132
N002144,25.80484,92.939815
N002145,25.848966,92.887378
N002146,26.052914,92.431173
N002147,26.052855,92.431469
N002148,25.970688,92.591816
N002149,25.970049,92.593281
N002150,25.803808,92.939381
N002151,25.883059,92.746373
N002152,25.882854,92.746646
N002153,25.867881,92.790133
N002154,25.933003,92.701498
N002155,26.016442,92.482042
N002156,26.13393,92.42227
N002157,25.738886,92.875391
N002158,25.511543,92.732913
N002159,25.405231,92.842024
N002160,25.412736,92.792143
N002161,25.4146,92.785778
N002162,25.418919,92.989881
N002163,25.423602,92.881411
N002164,25.410395,92.857963
N002165,25.285144,93.012675
N002166,25.419071,92.996879
N002167,25.417851,92.99616
N002168,26.190219,91.670914
N002169,26.191361,91.669656
N002170,26.2348,91.688611
N002171,26.234791,91.688704
N002172,26.183385,91.671513
N002173,26.118992,92.277948
N002174,26.118904,92.278181
N002175,26.164708,92.353754
N002176,26.111082,92.171379
N002177,26.120142,92.278829
N002178,26.120244,92.27857
N002179,26.110978,92.171572
N002180,26.119154,91.985195
N002181,26.119533,91.978456
N002182,26.119651,91.978681
N002183,26.119372,91.985239
N002184,26.11981,91.824327
N002185,26.119691,91.82533
N002186,26.118975,91.986772
N002187,26.119188,91.986802
N002188,26.120841,91.977479
N002189,26.120943,91.977707
N002190,26.099718,91.87545
N002191,26.113103,91.835758
N002192,26.119721,91.824351
N002193,26.118795,91.819305
N002194,26.099469,91.876744
N002195,26.099551,91.876085
N002196,26.121415,91.937773
N002197,26.118872,91.819281
N002198,26.114811,92.073436
N002199,26.121253,92.003909
N002200,26.121382,92.003798
N002201,26.114921,92.073438
N002202,25.560799,91.641448
N002203,25.568679,91.634439
N002204,25.744633,91.88789
N002205,25.743258,91.890009
N002206,25.751311,91.887115
N002207,25.753821,91.876594
N002208,25.592025,92.05601
N002209,25.592576,92.055736
N002210,26.043227,91.867701
N002211,26.055394,91.870186
N002212,24.812371,92.797321
N002213,24.814227,92.798429
N002214,24.811875,92.797246
N002215,24.80476,92.81501
N002216,24.822438,92.796083
N002217,24.829135,92.792659
N002218,24.825239,92.793645
N002219,24.822643,92.799155
N002220,24.818092,92.798846
N002221,24.831441,92.800716
N002222,24.825495,92.802094
N002223,24.831115,92.801993
N002224,24.805689,92.794477
N002225,24.833373,92.774127
N002226,24.835693,92.802437
N002227,24.84023,92.804223
N002228,24.843846,92.811883
N002229,24.821324,92.802911
N002230,26.001019,92.887849
N002231,25.988575,92.88215
N002232,25.999221,92.853007
N002233,26.001294,92.849734
N002234,25.960588,92.895031
N002235,25.979738,92.850193
N002236,26.00137,92.84972
N002237,26.001731,92.847685
N002238,26.009153,92.924693
N002239,26.003134,92.885788
N002240,25.946061,92.836794
N002241,25.988801,92.990692
N002242,26.004063,92.878523
N002243,26.027851,92.817777
N002244,26.027926,92.817869
N002245,26.027807,92.817496
N002246,25.998055,92.815869
N002247,26.002278,92.78774
N002248,26.03325,92.822767
N002249,26.16452,91.716007
N002250,26.170589,91.724165
N002251,25.185793,92.026293
N002252,26.113186,91.83579
N002253,26.099821,91.878377
N002254,24.797064,91.542209
N002255,24.816507,91.538714
N002256,24.884878,91.880948
N002257,24.88581,91.880977
N002258,24.893658,91.878408
N002259,24.893571,91.876525
N002260,24.891788,91.877919
N002261,24.899335,91.868763
N002262,25.41732,91.684425
N002263,25.417344,91.684246
N002264,25.412022,91.66978
N002265,25.372171,91.634776
N002266,25.23907,91.564645
N002267,25.230944,91.570295
N002268,25.507668,91.476583
N002269,25.484621,91.475925
N002270,25.368096,91.467435
N002271,25.384479,91.496978
N002272,25.401417,91.458643
N002273,25.413076,91.459692
N002274,25.151914,91.455928
N002275,25.169761,91.423125
N002276,25.42057,91.371396
N002277,25.421997,91.372726
N002278,25.217103,91.389105
N002279,25.219323,91.367017
N002280,25.398812,91.554844
N002281,25.406493,91.534617
N002282,25.517491,91.266463
N002283,25.504767,91.33291
N002284,25.366028,91.466038
N002285,25.412527,91.354695
N002286,25.158993,91.491181
N002287,25.162575,91.527149
N002288,25.176687,91.56526
N002289,25.181049,91.568769
N002290,25.390594,91.604822
N002291,25.408517,91.605554
N002292,25.192635,91.390381
N002293,25.18451,91.40316
N002294,25.163187,91.52807
N002295,25.163858,91.556478
N002296,25.476544,91.315416
N002297,25.47709,91.315841
N002298,25.439452,91.471607
N002299,25.439149,91.471546
N002300,25.398489,91.47248
N002301,25.398255,91.472495
N002302,25.405993,91.432694
N002303,25.4059,91.432862
N002304,25.1501,91.470726
N002305,25.150334,91.470616
N002306,25.398766,91.555366
N002307,25.507759,91.476512
N002308,25.413246,91.459882
N002309,25.181027,91.569203
N002310,25.484124,91.475764
N002311,25.406676,91.534408
N002312,25.192832,91.389805
N002313,25.519669,91.266882
N002314,25.649329,91.322931
N002315,25.159443,91.558477
N002316,25.171146,91.55971
N002317,25.217133,91.388839
N002318,25.19059,91.385677
N002319,25.223806,91.354559
N002320,25.216612,91.343207
N002321,25.406766,91.459282
N002322,25.425229,91.500559
N002323,25.180283,91.418896
N002324,25.180336,91.419119
N002325,25.158227,91.477877
N002326,25.15835,91.478114
N002327,25.283886,91.573681
N002328,25.507929,91.281757
N002329,25.489204,91.302074
N002330,25.362184,91.613117
N002331,25.36609,91.464399
N002332,25.366426,91.457881
N002333,25.20639,91.30183
N002334,25.205834,91.296547
N002335,25.223644,91.356106
N002336,25.283648,91.573633
N002337,25.283709,91.573494
N002338,25.175135,91.564155
N002339,25.175629,91.564541
N002340,25.32943,91.387588
N002341,25.516712,91.472836
N002342,25.279735,91.421045
N002343,25.17761,91.421561
N002344,25.382912,91.400924
N002345,25.172214,91.424979
N002346,25.252971,91.276338
N002347,25.275234,91.348234
N002348,25.234748,91.404891
N002349,25.21628,91.287556
N002350,25.527948,91.431742
N002351,25.540993,91.423744
N002352,25.54141,91.422976
N002353,25.592209,91.401049
N002354,25.563833,91.378752
N002355,25.663802,91.439145
N002356,25.527091,91.432314
N002357,25.177533,91.638348
N002358,25.16565,91.687156
N002359,25.188992,92.005312
N002360,25.186469,91.996728
N002361,25.18589,91.639906
N002362,25.183069,91.641857
N002363,25.182101,91.957947
N002364,25.182255,91.957652
N002365,25.18638,91.99651
N002366,25.182847,91.641844
N002367,25.214226,91.933918
N002368,25.214105,91.933639
N002369,25.167813,91.688126
N002370,25.16789,91.688381
N002371,25.163401,91.70621
N002372,25.150777,91.738923
N002373,25.18833,91.764287
N002374,25.187827,91.765995
N002375,25.179386,91.990255
N002376,25.228,91.814987
N002377,25.268446,91.860935
N002378,25.244805,91.943234
N002379,25.499963,91.708517
N002380,25.499894,91.708352
N002381,25.499825,91.708226
N002382,25.453219,91.605941
N002383,25.452931,91.605961
N002384,25.408516,91.604978
N002385,25.249404,91.467207
N002386,25.249635,91.466975
N002387,25.448179,91.603931
N002388,25.494597,91.702248
N002389,25.501329,91.641575
N002390,25.260709,91.516089
N002391,25.452638,91.619768
N002392,25.503481,91.664446
N002393,25.455202,91.6125
N002394,25.579105,91.888432
N002395,26.131835,91.80868
N002396,26.143067,91.811891
N002397,26.178374,91.829255
N002398,26.13165,91.808039
N002399,26.132407,91.811947
N002400,26.132462,91.811685
N002401,26.131651,91.80824
N002402,26.131448,91.808191
N002403,26.131748,91.808369
N002404,24.992892,92.455621
N002405,24.991502,92.441986
N002406,24.919104,91.831748
N002407,24.944686,91.801772
N002408,24.913349,91.82333
N002409,24.888328,91.87086
N002410,24.891782,91.873101
N002411,24.905026,91.879454
N002412,24.906639,91.880135
N002413,24.813789,91.755648
N002414,24.832108,91.731383
N002415,24.813016,91.769907
N002416,24.813301,91.755736
N002417,26.156833,91.841116
N002418,26.132558,91.806774
N002419,26.129637,91.810453
N002420,26.129571,91.810413
N002421,26.132502,91.806718
N002422,26.133541,91.805433
N002423,26.140324,91.796795
N002424,24.860123,92.565957
N002425,24.872808,92.582714
N002426,25.199655,91.635765
N002427,25.209829,91.649274
N002428,25.135231,91.749444
N002429,25.156512,91.746412
N002430,25.135549,91.750708
N002431,25.136794,91.754878
N002432,25.137186,91.756273
N002433,25.15425,91.686411
N002434,26.15835,91.670868
N002435,26.152438,91.655626
N002436,26.15846,91.670922
N002437,26.152212,91.655362
N002438,26.139633,91.637109
N002439,26.133731,91.62415
N002440,26.09885,91.603661
N002441,26.099178,91.602773
N002442,26.098123,91.593548
N002443,26.098714,91.595467
N002444,26.098062,91.593288
N002445,26.098847,91.595735
N002446,26.103113,91.593499
N002447,26.10027,91.599278
N002448,26.083656,91.570728
N002449,26.112329,92.864457
N002450,26.119033,92.862813
N002451,26.098744,92.872797
N002452,26.110288,92.866616
N002453,26.115155,92.873958
N002454,26.131292,93.028584
N002455,26.145629,92.973304
N002456,26.104964,92.868509
N002457,25.586664,91.769153
N002458,25.607128,91.747767
N002459,26.173589,91.471777
N002460,26.170369,91.537505
N002461,26.170241,91.537791
N002462,26.189733,91.484634
N002463,26.20808,91.494393
N002464,26.098749,91.595706
N002465,25.501524,91.706928
N002466,25.47564,91.733604
N002467,25.484308,91.770326
N002468,25.484986,91.766485
N002469,25.58867,91.874184
N002470,25.572033,91.87671
N002471,25.571832,91.876867
N002472,25.56835,91.881193
N002473,25.569993,91.878273
N002474,25.571953,91.887326
N002475,25.567154,91.883125
N002476,25.220527,91.69381
N002477,25.44059,91.825733
N002478,25.440528,91.825952
N002479,25.440042,91.815246
N002480,25.464568,91.885126
N002481,25.447011,91.840125
N002482,25.446584,91.839914
N002483,25.207273,91.903121
N002484,25.217716,91.923522
N002485,24.96962,92.670822
N002486,24.954849,92.654623
N002487,25.927499,92.693623
N002488,25.930401,92.700414
N002489,25.933056,92.701679
N002490,25.932186,92.724557
N002491,26.067283,92.959311
N002492,26.065294,92.89896
N002493,26.101663,92.958038
N002494,26.081599,92.976662
N002495,26.066006,92.982799
N002496,26.067006,92.977443
N002497,26.185444,91.753055
N002498,26.185167,91.756616
N002499,26.185196,91.75696
N002500,26.125071,92.197453
N002501,26.120912,92.201002
N002502,26.141757,92.182669
N002503,26.125063,92.192197
N002504,26.166641,92.174352
N002505,25.519487,91.267365
N002506,25.528591,91.397232
N002507,25.052505,92.186118
N002508,25.04392,92.198055
N002509,25.040238,92.20227
N002510,25.035481,92.221319
N002511,24.857388,92.273379
N002512,24.856578,92.273501
N002513,24.864297,92.28819
N002514,24.80321,92.23397
N002515,24.803686,92.242575
N002516,24.807599,92.245928
N002517,24.810325,92.246854
N002518,24.810774,92.246998
N002519,24.827325,92.251357
N002520,24.814712,92.035478
N002521,24.810652,92.056172
N002522,24.810379,92.05731
N002523,24.808226,92.072738
N002524,24.80966,92.07463
N002525,24.806455,92.091131
N002526,25.054645,91.389334
N002527,25.054703,91.387476
N002528,25.054127,91.38328
N002529,25.054268,91.376816
N002530,25.05867,91.645426
N002531,25.038174,91.657702
N002532,25.04744,91.374035
N002533,25.036408,91.359264
N002534,24.871997,91.347394
N002535,24.857048,91.355599
N002536,24.880657,91.424628
N002537,24.882664,91.415554
N002538,24.880279,91.342835
N002539,24.922995,91.349188
N002540,24.929966,91.352876
N002541,24.929899,91.354501
N002542,24.929069,91.355473
N002543,24.870192,92.357187
N002544,24.87946,92.329736
N002545,24.902512,92.297489
N002546,24.905686,92.260844
N002547,24.969389,92.390472
N002548,24.969197,92.390443
N002549,24.977421,92.392823
N002550,24.886909,92.366791
N002551,24.966041,92.389826
N002552,24.966467,92.389839
N002553,24.991136,92.46225
N002554,24.989138,92.490913
N002555,25.022975,92.431229
N002556,25.031709,92.430495
N002557,25.019336,92.432773
N002558,24.855207,91.513906
N002559,24.867801,91.500323
N002560,24.87856,91.489073
N002561,24.879412,91.487072
N002562,24.890643,91.475456
N002563,24.920399,92.273424
N002564,25.02975,91.574839
N002565,25.016506,91.610168
N002566,26.124734,91.779177
N002567,26.129278,91.763913
N002568,25.07731,91.413548
N002569,25.077566,91.413712
N002570,25.07491,91.433658
N002571,25.065852,91.463374
N002572,24.848973,92.161997
N002573,24.853976,92.157279
N002574,24.82118,92.159494
N002575,24.822079,92.148987
N002576,24.856368,92.159197
N002577,25.897922,91.881441
N002578,25.908945,91.880964
N002579,25.898495,91.881811
N002580,25.897801,91.885419
N002581,25.896451,91.883424
N002582,25.895002,91.885938
N002583,25.908494,91.877663
N002584,25.910822,91.882807
N002585,24.870153,92.189291
N002586,24.853633,92.172634
N002587,24.885593,92.207906
N002588,24.883412,92.208016
N002589,24.880493,92.208261
N002590,24.710317,92.194927
N002591,26.114067,91.789281
N002592,26.115945,91.787058
N002593,26.115072,91.791068
N002594,26.114595,91.78916
N002595,26.144343,91.771477
N002596,26.155149,91.770875
N002597,26.167957,91.736663
N002598,26.177954,91.733997
N002599,26.167626,91.742012
N002600,26.169631,91.742689
N002601,26.171787,91.748288
N002602,26.168498,91.746441
N002603,26.168677,91.746546
N002604,26.168018,91.752354
N002605,26.168144,91.75238
N002606,26.121262,91.770365
N002607,26.123865,91.761069
N002608,26.119633,91.76098
N002609,26.126632,91.759763
N002610,25.526076,91.431581
N002611,26.159342,92.682259
N002612,26.175058,92.682346
N002613,26.172073,92.67297
N002614,26.175084,92.682662
N002615,26.171897,92.672741
N002616,26.175367,92.688322
N002617,26.174502,92.696865
N002618,26.175155,92.683469
N002619,26.192634,92.747353
N002620,26.302617,92.815775
N002621,26.17306,92.714697
N002622,26.173496,92.715205
N002623,26.161121,92.661409
N002624,26.138398,92.758708
N002625,26.141582,92.760845
N002626,26.138018,92.758451
N002627,26.141775,92.76097
N002628,26.153616,92.768472
N002629,26.134349,92.756279
N002630,26.134019,92.756064
N002631,26.12957,92.752844
N002632,26.12929,92.752622
N002633,26.103785,92.746684
N002634,26.110622,92.865946
N002635,26.088562,92.865719
N002636,26.10194,92.869262
N002637,26.088302,92.865802
N002638,26.070234,92.855177
N002639,26.069983,92.855071
N002640,26.059236,92.846998
N002641,26.059251,92.846726
N002642,26.043061,92.798049
N002643,26.082526,92.803828
N002644,26.084938,92.796211
N002645,26.082482,92.804053
N002646,26.084988,92.795997
N002647,26.091614,92.778892
N002648,26.091681,92.778738
N002649,26.097316,92.767112
N002650,26.09742,92.766895
N002651,26.104634,92.741869
N002652,26.082128,92.805594
N002653,26.121873,92.724562
N002654,26.104726,92.740335
N002655,25.505433,91.715183
N002656,25.508979,91.719079
N002657,25.528176,91.721989
N002658,25.497353,91.712598
N002659,25.558783,91.777607
N002660,25.535063,91.764563
N002661,25.535041,91.764485
N002662,25.522582,91.754854
N002663,25.519014,91.747596
N002664,25.519306,91.747439
N002665,25.509006,91.719248
N002666,25.571119,91.771355
N002667,25.558946,91.777499
N002668,25.481733,91.763385
N002669,25.482273,91.763503
N002670,25.186034,91.574775
N002671,25.205321,91.575416
N002672,25.416988,91.707403
N002673,25.417201,91.707849
N002674,25.242868,91.894893
N002675,25.28829,91.904959
N002676,25.298665,91.908541
N002677,25.535187,91.824496
N002678,25.486018,91.84749
N002679,25.48361,91.84514
N002680,25.47746,91.835032
N002681,25.593391,91.804245
N002682,25.601844,91.803843
N002683,25.601918,91.803992
N002684,25.594456,91.789893
N002685,25.581555,91.781679
N002686,25.585299,91.769702
N002687,25.563473,91.738356
N002688,25.585425,91.769882
N002689,25.566632,91.741912
N002690,25.565243,91.741698
N002691,25.59186,91.802869
N002692,25.551428,92.054721
N002693,25.551763,92.070555
N002694,25.555021,92.059975
N002695,25.552666,92.056649
N002696,25.551287,92.051449
N002697,25.550823,92.053207
N002698,25.551271,92.05133
N002699,25.558769,91.912973
N002700,25.552209,91.920928
N002701,24.837455,92.082018
N002702,24.835343,92.095611
N002703,24.834248,92.10837
N002704,24.83436,92.110145
N002705,24.834143,92.110358
N002706,24.833915,92.110489
N002707,24.830831,92.110195
N002708,24.826046,92.112906
N002709,24.8223,92.121205
N002710,24.818458,92.129497
N002711,24.818179,92.130087
N002712,24.817118,92.134083
N002713,24.818699,92.139112
N002714,24.821515,92.142167
N002715,24.824804,92.144989
N002716,24.823916,92.146639
N002717,24.823525,92.146907
N002718,24.849581,92.071774
N002719,24.848533,92.050908
N002720,24.852056,92.020221
N002721,24.805798,92.095176
N002722,24.80658,92.112694
N002723,24.817374,92.132887
N002724,25.334825,91.59348
N002725,25.32018,91.598193
N002726,25.306029,91.582243
N002727,25.296594,91.579059
N002728,25.300873,91.578191
N002729,25.304612,91.58244
N002730,24.835036,92.086997
N002731,24.82266,92.08469
N002732,24.808039,92.080501
N002733,26.17264,91.745154
N002734,26.175043,91.747108
N002735,26.147821,91.697932
N002736,26.132469,91.845383
N002737,26.129184,91.80637
N002738,26.129153,91.806438
N002739,26.129662,91.806841
N002740,26.129604,91.806892
N002741,26.129947,91.807131
N002742,26.129896,91.807184
N002743,26.130725,91.807911
N002744,26.130663,91.80796
N002745,26.099334,91.802551
N002746,26.138336,91.603557
N002747,26.138887,91.603532
N002748,26.140042,91.592758
N002749,26.165187,91.651129
N002750,26.139843,91.637285
N002751,26.168894,91.669956
N002752,26.185132,91.758197
N002753,26.190996,91.757074
N002754,26.192353,91.756548
N002755,26.204053,91.794326
N002756,26.107108,91.771735
N002757,26.103782,91.750824
N002758,26.111383,91.772579
N002759,26.111357,91.749696
N002760,26.182896,91.803251
N002761,26.190245,91.777663
N002762,26.113603,91.788113
N002763,26.157026,91.77047
N002764,26.155611,91.769137
N002765,26.187899,91.671231
N002766,26.190201,91.670738
N002767,26.167576,91.672277
N002768,26.183088,91.671384
N002769,26.157521,91.670994
N002770,26.169142,91.672446
N002771,26.156492,91.674989
N002772,26.155494,91.676236
N002773,26.156411,91.674895
N002774,26.159192,91.67238
N002775,26.159262,91.6725
N002776,26.136572,91.578255
N002777,26.134831,91.560495
N002778,26.158856,91.688947
N002779,26.159144,91.693772
N002780,26.186818,91.743867
N002781,26.181851,91.745834
N002782,26.180604,91.745885
N002783,24.890405,91.862658
N002784,26.197166,91.799062
N002785,26.197852,91.791539
N002786,24.987978,92.03975
N002787,24.99867,91.989512
N002788,25.072008,91.419776
N002789,26.104359,91.707005
N002790,26.104365,91.70725
N002791,26.104482,91.706929
N002792,26.104636,91.707076
N002793,26.115419,91.718948
N002794,26.115913,91.719218
N002795,26.159755,91.738649
N002796,26.148065,91.736257
N002797,26.11266,91.708497
N002798,26.112316,91.708463
N002799,26.069432,91.580463
N002800,26.037254,91.581516
N002801,26.074201,91.580573
N002802,26.073966,91.580581
N002803,26.077467,91.572713
N002804,26.077216,91.572488
N002805,26.190175,91.749835
N002806,24.870011,92.3583
N002807,24.86922,92.361106
N002808,24.811044,92.843238
N002809,24.889941,91.8518
N002810,24.89865,91.842118
N002811,24.885359,91.859305
N002812,24.889183,91.859688
N002813,24.882079,91.864014
N002814,24.833741,92.861511
N002815,24.87949,92.885537
N002816,24.836506,92.941064
N002817,24.858805,92.93324
N002818,24.986672,92.864964
N002819,24.986865,92.867378
N002820,24.975506,92.865395
N002821,24.895176,92.890776
N002822,24.969243,92.879605
N002823,24.815965,92.816673
N002824,24.887222,92.630565
N002825,24.900743,91.850051
N002826,25.997513,92.857855
N002827,25.999638,92.859429
N002828,25.992801,92.840433
N002829,25.989074,92.841325
N002830,25.997488,92.852451
N002831,25.98036,92.820789
N002832,26.005366,92.851298
N002833,26.000866,92.8436
N002834,25.996283,92.85204
N002835,26.004785,92.861115
N002836,25.999479,92.859995
N002837,26.002967,92.853747
N002838,26.002325,92.854772
N002839,26.001974,92.853132
N002840,25.999999,92.851782
N002841,25.997631,92.85027
N002842,26.006233,92.867499
N002843,25.993944,92.862578
N002844,25.994059,92.870342
N002845,25.99912,92.848168
N002846,25.97293,92.845881
N002847,24.852567,92.170499
N002848,24.849321,92.163543
N002849,24.843703,92.16041
N002850,26.087137,91.582742
N002851,26.079355,91.607891
N002852,26.081449,91.609173
N002853,26.090406,91.612633
N002854,24.895112,91.887908
N002855,24.868468,91.876278
N002856,24.877429,91.878677
N002857,24.886744,91.874659
N002858,24.88593,91.876371
N002859,24.89519,91.876477
N002860,24.881838,91.868902
N002861,24.877773,91.875332
N002862,24.886089,91.881684
N002863,25.115399,92.084774
N002864,25.111776,92.155323
N002865,25.10593,92.175245
N002866,25.100805,92.134877
N002867,26.097056,91.565004
N002868,26.096964,91.565025
N002869,26.082943,91.565289
N002870,26.086553,91.566118
N002871,26.086482,91.566239
N002872,26.083028,91.565508
N002873,26.082803,91.565345
N002874,26.082245,91.560255
N002875,26.096153,91.802839
N002876,26.119547,91.427809
N002877,26.114414,91.515129
N002878,24.817334,92.940439
N002879,24.792126,92.988185
N002880,24.818136,92.940263
N002881,24.878987,91.904053
N002882,24.878981,91.903647
N002883,24.878338,91.904513
N002884,24.878992,91.904292
N002885,24.877994,91.904519
N002886,24.90743,92.070087
N002887,24.870595,91.96727
N002888,26.100013,91.598945
N002889,26.080253,91.599748
N002890,26.086404,91.566367
N002891,26.084529,91.576804
N002892,26.069727,91.547291
N002893,26.090397,91.557889
N002894,26.104014,91.513263
N002895,26.10969,91.511421
N002896,26.048187,91.387841
N002897,26.088968,91.345174
N002898,26.151937,91.78286
N002899,26.152582,91.782133
N002900,26.163069,91.770809
N002901,26.151967,91.782915
N002902,26.159081,91.774996
N002903,26.159899,91.77408
N002904,26.163149,91.77062
N002905,26.166707,91.766651
N002906,26.166748,91.76672
N002907,26.163213,91.770651
N002908,26.172745,91.760148
N002909,26.170273,91.762835
N002910,26.173088,91.756973
N002911,26.17647,91.755408
N002912,26.173398,91.759403
N002913,26.166865,91.766589
N002914,26.173206,91.759493
N002915,26.164838,91.768743
N002916,26.163407,91.767772
N002917,26.158033,91.758368
N002918,26.163634,91.746557
N002919,26.164703,91.768777
N002920,26.163364,91.767844
N002921,26.165393,91.768373
N002922,26.180674,91.775519
N002923,26.178908,91.775615
N002924,26.178311,91.804307
N002925,26.173514,91.779661
N002926,26.177249,91.775945
N002927,26.160196,91.781614
N002928,26.178913,91.775529
N002929,26.180681,91.775426
N002930,26.184821,91.775687
N002931,26.184593,91.774844
N002932,26.180995,91.775418
N002933,26.166927,91.779421
N002934,26.163102,91.780547
N002935,26.151846,91.811636
N002936,24.974325,91.857831
N002937,24.97457,91.857721
N002938,24.969098,91.877688
N002939,24.969321,91.878288
N002940,24.995349,91.933691
N002941,24.986734,91.930367
N002942,24.980041,91.913992
N002943,24.980037,91.913855
N002944,24.980041,91.914171
N002945,24.984399,91.919901
N002946,24.984339,91.919755
N002947,24.985284,91.92205
N002948,24.984882,91.921071
N002949,24.970661,91.880821
N002950,24.976158,91.890546
N002951,24.96499,91.839268
N002952,24.965067,91.839904
N002953,24.966743,91.834207
N002954,24.955387,91.815029
N002955,24.955927,91.815367
N002956,24.948591,91.801687
N002957,24.979127,91.90921
N002958,24.979434,91.909668
N002959,24.948008,91.800646
N002960,24.949864,91.799816
N002961,24.969923,91.789266
N002962,24.987272,91.802931
N002963,24.919651,91.712919
N002964,24.912685,91.711722
N002965,26.18992,91.751556
N002966,24.895265,92.890778
N002967,24.897182,92.898036
N002968,25.256185,91.734086
N002969,25.255866,91.734098
N002970,25.240289,91.565204
N002971,25.240407,91.565144
N002972,25.219383,91.579778
N002973,25.228225,91.573068
N002974,25.224397,91.529138
N002975,25.229618,91.524796
N002976,25.223971,91.52913
N002977,25.222801,91.528179
N002978,25.233846,91.559229
N002979,24.810724,91.790118
N002980,24.810739,91.78965
N002981,24.810687,91.792124
N002982,24.813056,91.770254
N002983,24.809681,91.752634
N002984,24.801749,91.750187
N002985,24.806345,91.760882
N002986,25.21342,91.898984
N002987,25.213269,91.898693
N002988,25.211013,91.896209
N002989,25.208068,91.891506
N002990,25.212638,91.899916
N002991,25.245099,91.766634
N002992,25.251354,91.754485
N002993,25.194062,91.928093
N002994,25.191718,91.907879
N002995,25.192186,91.941642
N002996,25.194151,91.928397
N002997,25.202177,91.934465
N002998,25.177911,91.980841
N002999,25.177935,91.98066
N003000,25.17717,91.976657
N003001,25.191579,92.004016
N003002,25.191595,92.004141
N003003,25.190564,92.005071
N003004,25.190408,92.004959
N003005,25.18988,92.007226
N003006,25.189179,92.005372
N003007,25.189353,92.00661
N003008,25.189887,92.007297
N003009,25.190187,92.018711
N003010,25.189769,92.019461
N003011,25.200873,91.921028
N003012,25.200285,91.918571
N003013,25.200903,91.921103
N003014,25.201576,91.92461
N003015,25.201629,91.924716
N003016,25.204573,91.925915
N003017,25.204597,91.926156
N003018,25.208716,91.932997
N003019,25.177887,91.964998
N003020,25.177911,91.964798
N003021,25.177633,91.965564
N003022,25.177477,91.965727
N003023,25.177095,91.976383
N003024,25.23116,92.1479
N003025,25.28538,92.105377
N003026,25.233739,92.147167
N003027,25.204262,92.206114
N003028,25.262773,92.199908
N003029,25.263704,92.202313
N003030,25.234522,92.14806
N003031,25.264453,92.21669
N003032,25.235556,92.223514
N003033,25.235611,92.223624
N003034,25.229911,92.222225
N003035,25.234555,92.224939
N003036,25.169575,91.74298
N003037,25.169942,91.743138
N003038,25.183969,91.753855
N003039,25.185013,91.701403
N003040,25.169171,91.743186
N003041,25.168123,91.688859
N003042,25.184894,91.700742
N003043,25.084615,91.754886
N003044,25.085219,91.754889
N003045,25.092133,91.754937
N003046,25.118932,91.751928
N003047,25.319818,91.597851
N003048,25.31635,91.593103
N003049,26.131278,91.80852
N003050,26.114095,91.806083
N003051,26.119858,91.805885
N003052,26.119848,91.805821
N003053,26.11919,91.805838
N003054,26.119196,91.805906
N003055,26.118616,91.805857
N003056,26.11862,91.80593
N003057,26.123378,91.798862
N003058,26.114273,91.798012
N003059,26.121194,91.8168
N003060,26.121329,91.820958
N003061,26.122801,91.80444
N003062,26.109651,91.797488
N003063,26.091754,91.787966
N003064,26.115754,91.811909
N003065,26.118292,91.816489
N003066,26.114326,91.807119
N003067,26.111567,91.793016
N003068,26.112446,91.797833
N003069,26.112045,91.797812
N003070,26.112032,91.797731
N003071,26.112438,91.797767
N003072,26.11832,91.816821
N003073,26.11798,91.816151
N003074,26.136672,91.673803
N003075,26.155835,91.675574
N003076,26.122548,91.685614
N003077,26.131676,91.673798
N003078,26.115977,91.718862
N003079,26.120031,91.717427
N003080,26.115964,91.710183
N003081,26.116018,91.714942
N003082,26.135367,91.792151
N003083,26.13924,91.789834
N003084,26.140499,91.78745
N003085,26.139506,91.789836
N003086,26.139217,91.790092
N003087,26.137666,91.79095
N003088,26.141417,91.79542
N003089,26.139872,91.791379
N003090,26.145603,91.790292
N003091,26.145516,91.790478
N003092,26.145482,91.790442
N003093,26.147621,91.787729
N003094,26.138563,91.799136
N003095,26.13361,91.805517
N003096,26.112685,91.799753
N003097,26.118453,91.816777
N003098,26.1112,91.777382
N003099,26.111424,91.78921
N003100,26.110894,91.777479
N003101,26.111068,91.765602
N003102,26.118717,91.818018
N003103,26.119557,91.822229
N003104,26.179089,91.75146
N003105,26.176554,91.755278
N003106,26.1452,91.786821
N003107,26.142485,91.78675
N003108,26.14502,91.786571
N003109,26.141971,91.786587
N003110,26.142002,91.786604
N003111,26.144995,91.786624
N003112,26.14196,91.786939
N003113,26.141752,91.786736
N003114,26.126099,91.786752
N003115,26.131451,91.808295
N003116,26.132899,91.815449
N003117,26.144703,91.815957
N003118,26.129452,91.806633
N003119,26.131302,91.808164
N003120,26.128701,91.805934
N003121,26.123503,91.799321
N003122,26.123456,91.799316
N003123,26.117334,91.798362
N003124,26.112941,91.797829
N003125,26.11466,91.80891
N003126,26.141905,91.786945
N003127,26.139417,91.789779
N003128,26.129169,91.795651
N003129,26.136036,91.791781
N003130,26.136607,91.791465
N003131,26.137672,91.790875
N003132,26.139194,91.790033
N003133,26.160029,91.781678
N003134,26.15354,91.783956
N003135,25.032995,92.438657
N003136,25.034501,92.460372
N003137,24.921861,92.779718
N003138,24.921654,92.779611
N003139,24.929642,92.764915
N003140,24.94645,92.756061
N003141,24.946433,92.756182
N003142,24.929758,92.76492
N003143,25.148354,91.538607
N003144,25.148134,91.538856
N003145,25.163048,91.551519
N003146,25.149372,91.539017
N003147,25.164098,91.556581
N003148,25.164445,91.557693
N003149,25.163165,91.551471
N003150,25.165233,91.551678
N003151,25.187828,91.898975
N003152,25.205322,91.894366
N003153,25.187709,91.899162
N003154,25.191725,91.907636
N003155,25.201202,91.916666
N003156,25.200688,91.917927
N003157,25.182549,91.933374
N003158,25.18202,91.93332
N003159,25.181848,91.933613
N003160,25.18072,91.941087
N003161,25.180709,91.941152
N003162,25.206765,91.907846
N003163,25.206758,91.9077
N003164,25.201429,91.915673
N003165,25.316375,91.592968
N003166,25.313155,91.58902
N003167,26.122715,91.973219
N003168,26.147474,91.972609
N003169,26.109389,91.966786
N003170,26.061166,91.87138
N003171,26.197371,92.403465
N003172,26.19745,92.403444
N003173,26.19766,92.403396
N003174,26.20314,92.399037
N003175,26.179843,92.40621
N003176,26.14355,92.409515
N003177,25.920413,92.993973
N003178,25.894561,92.983158
N003179,25.9127,92.972563
N003180,25.91826,92.958764
N003181,25.551201,92.05149
N003182,26.174892,91.757409
N003183,26.176498,91.755199
N003184,26.029055,92.852213
N003185,26.024243,92.852968
N003186,26.028639,92.851271
N003187,26.024759,92.849896
N003188,25.929214,92.746691
N003189,25.929757,92.738012
N003190,25.938181,92.744811
N003191,25.931136,92.734383
N003192,25.909122,92.72765
N003193,25.958105,92.741843
N003194,25.93817,92.746684
N003195,25.965088,91.857594
N003196,25.972696,91.900498
N003197,26.122723,91.749514
N003198,24.905524,91.85306
N003199,24.905652,91.852782
N003200,24.828359,91.998286
N003201,24.821081,92.028311
N003202,24.814376,92.035479
N003203,26.164829,91.768643
N003204,26.16516,91.768283
N003205,26.178353,91.804252
N003206,26.179033,91.818441
N003207,26.178391,91.829161
N003208,26.178508,91.829084
N003209,26.200784,91.730009
N003210,26.117563,91.012555
N003211,26.098288,91.341092
N003212,25.949876,92.994212
N003213,25.946611,93.005726
N003214,25.94523,92.954978
N003215,25.972239,92.975171
N003216,25.967967,93.024666
N003217,25.947539,92.981114
N003218,25.852726,92.91362
N003219,25.831182,92.998817
N003220,25.956627,92.952884
N003221,25.964271,92.909151
N003222,25.956969,92.95294
N003223,25.980768,92.954246
N003224,26.00152,93.006703
N003225,26.028019,92.956974
N003226,25.957109,92.952783
N003227,26.049458,92.907728
N003228,25.957033,92.952666
N003229,26.04942,92.907581
N003230,25.953517,92.954931
N003231,26.00428,93.021681
N003232,25.958194,92.756239
N003233,25.950238,92.763054
N003234,25.950135,92.763469
N003235,25.944384,92.760536
N003236,25.952291,92.760606
N003237,25.938235,92.758768
N003238,25.938178,92.785497
N003239,25.913465,92.80117
N003240,26.056684,91.280427
N003241,26.020313,91.310911
N003242,26.063529,91.319819
N003243,26.055691,91.305195
N003244,26.049908,91.351091
N003245,26.067206,91.321774
N003246,26.040014,91.356365
N003247,26.08237,91.335542
N003248,26.040092,91.356604
N003249,26.00458,91.374154
N003250,25.968957,91.422857
N003251,25.999556,91.441451
N003252,26.004455,91.490535
N003253,26.00686,91.473076
N003254,26.035742,91.510438
N003255,25.979699,91.508979
N003256,25.996998,91.535036
N003257,26.037649,91.511754
N003258,25.97656,91.509789
N003259,25.986165,91.479446
N003260,25.990154,91.529915
N003261,25.962067,91.484924
N003262,26.042785,91.486515
N003263,26.036433,91.510891
N003264,26.096828,91.497957
N003265,26.040662,91.485676
N003266,26.054701,91.494752
N003267,26.042296,91.491668
N003268,26.054682,91.488556
N003269,26.050621,91.510883
N003270,26.055041,91.523066
N003271,26.032292,91.577788
N003272,24.845072,92.390143
N003273,24.844895,92.389602
N003274,24.843981,92.393701
N003275,25.82921,92.920162
N003276,25.809127,92.931542
N003277,25.782988,93.002033
N003278,25.82002,92.992551
N003279,25.770556,92.935499
N003280,25.76216,92.955365
N003281,25.795813,92.936128
N003282,25.768982,93.053432
N003283,25.944759,92.606145
N003284,25.753769,92.504236
N003285,25.802461,92.528634
N003286,25.945078,92.606166
N003287,25.944984,92.606437
N003288,25.984683,92.624955
N003289,25.987577,92.633786
N003290,26.02416,92.679991
N003291,25.984489,92.625353
N003292,25.984808,92.625359
N003293,25.970063,92.594667
N003294,25.989684,92.55816
N003295,25.979437,92.58211
N003296,25.975555,92.547001
N003297,25.989406,92.558074
N003298,25.927004,92.887771
N003299,25.993058,92.905924
N003300,26.196013,92.310869
N003301,26.218536,92.283566
N003302,26.162321,92.997741
N003303,26.194212,92.958194
N003304,26.161955,92.997983
N003305,25.745871,91.911237
N003306,25.748036,91.946407
N003307,25.763371,91.98075
N003308,25.783686,92.012365
N003309,25.787005,92.032608
N003310,25.798259,92.067609
N003311,26.06674,92.164826
N003312,26.074406,92.16527
N003313,26.074728,92.165139
N003314,26.10604,92.163872
N003315,25.902288,92.128203
N003316,25.949737,92.138675
N003317,25.961389,92.14708
N003318,25.97783,92.152958
N003319,25.987337,92.146573
N003320,25.992127,92.134646
N003321,26.055853,92.158996
N003322,26.009575,92.135305
N003323,26.031026,92.146557
N003324,25.937413,92.298883
N003325,25.942884,92.299667
N003326,25.946492,92.303241
N003327,25.948168,92.32958
N003328,25.936579,92.298092
N003329,25.946377,92.300126
N003330,25.946505,92.30049
N003331,26.034398,92.273612
N003332,25.929079,92.296754
N003333,25.935073,92.295726
N003334,25.936857,92.298081
N003335,25.937011,92.294689
N003336,25.934934,92.296991
N003337,25.832043,92.213799
N003338,26.099526,91.876251
N003339,26.042734,91.867826
N003340,26.068113,91.374727
N003341,26.058704,91.374548
N003342,26.067659,91.361296
N003343,26.068181,91.374585
N003344,26.068575,91.343052
N003345,26.047442,91.384789
N003346,26.090903,91.380694
N003347,26.073063,91.37187
N003348,26.068284,91.45912
N003349,26.074478,91.45929
N003350,26.049474,91.392873
N003351,26.067683,91.420621
N003352,26.093802,91.426401
N003353,26.09282,91.426231
N003354,26.106263,91.422012
N003355,26.098869,91.425264
N003356,26.076109,91.422217
N003357,26.077161,91.417955
N003358,26.089908,91.426486
N003359,26.073268,91.427931
N003360,26.054783,91.494511
N003361,26.061451,91.494098
N003362,26.063583,91.488122
N003363,26.059862,91.492183
N003364,26.077161,91.487459
N003365,26.08757,91.48232
N003366,26.039731,91.48486
N003367,25.981771,91.476803
N003368,25.966138,92.357113
N003369,26.025244,92.377392
N003370,25.950211,92.340317
N003371,25.950317,92.340463
N003372,25.706812,92.014991
N003373,25.68481,92.038852
N003374,25.729558,92.141174
N003375,25.707754,92.010881
N003376,26.187885,91.499919
N003377,26.208233,91.529612
N003378,25.770426,92.142102
N003379,25.697966,92.153155
N003380,25.69785,92.153237
N003381,25.672204,92.158174
N003382,26.123187,91.787076
N003383,26.122906,91.787098
N003384,26.111398,91.788329
N003385,26.185861,91.750423
N003386,26.183618,91.745918
N003387,26.183068,91.745388
N003388,26.181278,92.406338
N003389,26.173055,92.216449
N003390,26.175483,92.216879
N003391,26.168857,92.348569
N003392,26.165985,92.348446
N003393,26.167122,92.352505
N003394,26.166218,92.353241
N003395,26.193153,92.385989
N003396,26.203509,92.423574
N003397,26.193229,92.38592
N003398,26.203571,92.423468
N003399,25.671386,92.157243
N003400,25.645005,92.168114
N003401,25.878315,92.345931
N003402,25.903396,92.348412
N003403,25.744192,92.176925
N003404,25.741645,92.155105
N003405,25.519453,92.154437
N003406,25.612961,92.241943
N003407,25.64208,92.231542
N003408,25.90412,92.349943
N003409,25.894278,92.414151
N003410,25.90833,92.34406
N003411,25.724064,92.393618
N003412,24.810819,92.452995
N003413,24.803828,92.479661
N003414,24.84821,92.417107
N003415,24.821839,92.419202
N003416,24.849552,92.493326
N003417,24.815047,92.48132
N003418,25.905512,92.345545
N003419,25.903479,92.348149
N003420,25.905566,92.345326
N003421,25.905421,92.345274
N003422,25.89418,92.423675
N003423,25.8985,92.43809
N003424,25.971096,92.590874
N003425,26.001174,92.598845
N003426,25.95926,92.894665
N003427,25.924382,92.951773
N003428,25.928253,92.922632
N003429,25.910814,92.942872
N003430,25.930901,92.909161
N003431,25.947337,92.914177
N003432,25.918111,92.948247
N003433,25.91717,92.952546
N003434,26.020428,92.98814
N003435,26.055371,93.037108
N003436,26.028707,92.961543
N003437,26.050219,92.966754
N003438,26.028856,92.9161
N003439,26.025989,92.991832
N003440,25.90878,92.821115
N003441,25.913476,92.832718
N003442,25.857983,92.847522
N003443,25.912545,92.828778
N003444,26.124001,92.1923
N003445,26.118105,92.191486
N003446,26.116152,92.089661
N003447,26.114678,92.076134
N003448,26.114791,92.076167
N003449,26.116287,92.089709
N003450,26.118078,91.958681
N003451,26.120706,91.909151
N003452,26.120603,91.914378
N003453,26.120489,91.914381
N003454,26.120577,91.909264
N003455,26.122068,91.973131
N003456,26.117944,91.961788
N003457,26.118055,91.961784
N003458,26.122394,91.97321
N003459,25.898536,92.43937
N003460,25.922122,92.478084
N003461,25.363377,92.361415
N003462,25.326164,92.496782
N003463,25.948352,92.768812
N003464,25.944125,92.768864
N003465,25.944802,92.784405
N003466,25.950981,92.775209
N003467,25.958183,92.777427
N003468,25.997883,91.379428
N003469,26.00478,91.374262
N003470,25.975373,92.797131
N003471,25.995848,92.797228
N003472,25.999565,92.798836
N003473,25.977748,92.801152
N003474,25.998044,92.808826
N003475,25.87276,92.83726
N003476,25.745975,92.814506
N003477,26.040617,92.405781
N003478,26.0276,92.383109
N003479,24.882662,91.869348
N003480,26.00199,92.783564
N003481,25.977723,92.785179
N003482,25.872832,92.837009
N003483,25.899148,92.806808
N003484,25.867125,92.805115
N003485,24.838587,92.376998
N003486,24.838736,92.37648
N003487,24.8394,92.367562
N003488,24.848741,92.420109
N003489,24.843946,92.406375
N003490,24.839114,92.366353
N003491,24.838708,92.367251
N003492,24.824603,92.286825
N003493,24.848775,92.285952
N003494,24.841434,92.262856
N003495,24.829283,92.281436
N003496,24.810953,92.286116
N003497,24.783485,92.303987
N003498,24.771512,92.325719
N003499,24.844847,92.355197
N003500,24.832428,92.355405
N003501,24.844449,92.343513
N003502,24.855403,92.344355
N003503,24.851431,92.311981
N003504,24.851126,92.312005
N003505,24.858634,92.316098
N003506,24.856256,92.344903
N003507,25.960205,92.778371
N003508,25.963542,92.778234
N003509,25.971196,92.782759
N003510,25.846753,92.894758
N003511,25.864525,92.91223
N003512,25.848536,92.889428
N003513,25.844528,92.899554
N003514,25.854841,92.88779
N003515,25.859222,92.888709
N003516,26.089804,91.559895
N003517,26.0897,91.560243
N003518,26.103609,91.514497
N003519,26.139406,91.636696
N003520,26.139509,91.636643
N003521,26.139732,91.637039
N003522,26.137216,91.629766
N003523,24.899084,91.871134
N003524,24.898043,91.871259
N003525,24.897941,91.871254
N003526,24.905085,91.869943
N003527,25.066501,91.869677
N003528,25.075663,91.879601
N003529,24.992785,91.850315
N003530,24.99315,91.850459
N003531,24.992728,91.848026
N003532,24.858061,91.927736
N003533,24.858129,91.927659
N003534,24.956397,91.882347
N003535,24.956441,91.8825
N003536,24.950738,91.866586
N003537,24.898994,91.862389
N003538,24.905325,91.879741
N003539,24.905072,91.879918
N003540,24.905974,91.865297
N003541,24.909991,91.745438
N003542,24.890417,91.859999
N003543,24.966377,91.872894
N003544,25.980528,92.760213
N003545,26.021776,92.781783
N003546,26.094792,92.745681
N003547,25.915873,92.956187
N003548,25.880544,92.963954
N003549,26.098789,92.837799
N003550,26.065273,92.713779
N003551,26.098743,92.738042
N003552,26.02137,92.660958
N003553,26.077762,92.685192
N003554,26.075073,92.678403
N003555,26.098707,92.637601
N003556,26.067132,92.618292
N003557,26.189914,91.670894
N003558,26.190025,91.671042
N003559,24.895609,92.855846
N003560,24.905904,91.865296
N003561,24.905912,91.864969
N003562,24.907079,91.870537
N003563,25.109727,92.935634
N003564,25.103788,92.889538
N003565,24.841204,92.602924
N003566,24.84766,92.607719
N003567,24.856386,92.613834
N003568,24.829137,92.597823
N003569,24.837618,92.600474
N003570,24.867197,92.560727
N003571,24.861273,92.564522
N003572,24.916294,92.561611
N003573,24.881281,92.55544
N003574,24.879277,92.58371
N003575,24.882743,92.518883
N003576,24.871377,92.698704
N003577,24.902449,92.702995
N003578,24.848941,92.666969
N003579,24.862776,92.667559
N003580,24.890724,92.671648
N003581,26.111853,91.750993
N003582,26.111499,91.765531
N003583,26.111501,91.758566
N003584,26.111397,91.765535
N003585,26.113496,91.748877
N003586,26.111702,91.74198
N003587,26.178547,91.829336
N003588,25.461734,92.97626
N003589,25.461845,92.976995
N003590,25.476174,92.966555
N003591,25.546968,92.973359
N003592,25.623181,92.919314
N003593,25.757266,92.915024
N003594,26.16474,92.640479
N003595,26.159675,92.655736
N003596,26.19131,92.660904
N003597,26.096626,92.636115
N003598,26.09632,92.635868
N003599,26.068013,92.619126
N003600,26.087607,92.636456
N003601,26.038837,92.600345
N003602,26.121556,92.647027
N003603,26.121207,92.646498
N003604,26.117674,92.644988
N003605,26.15944,92.66106
N003606,26.136588,92.650006
N003607,26.135815,92.649411
N003608,26.153599,92.653475
N003609,26.152132,92.653547
N003610,26.086439,92.994198
N003611,26.103744,92.999941
N003612,26.003342,92.854004
N003613,26.014594,92.865697
N003614,25.932878,92.701453
N003615,24.889016,92.886718
N003616,26.207161,91.543243
N003617,25.25275,92.019964
N003618,25.228929,92.009339
N003619,25.207576,91.892196
N003620,25.310467,91.898207
N003621,25.283485,91.93849
N003622,25.576759,91.884427
N003623,25.579632,91.886883
N003624,26.157663,91.671724
N003625,26.172949,91.730324
N003626,26.164455,91.716094
N003627,26.173057,91.730614
N003628,26.173149,91.730739
N003629,26.176201,91.732354
N003630,26.171435,91.736293
N003631,25.829434,93.007391
N003632,25.921194,92.950387
N003633,25.900642,92.920467
N003634,25.61538,92.051463
N003635,25.614547,92.055642
N003636,25.614555,92.055694
N003637,25.621903,92.090213
N003638,25.615219,92.070717
N003639,25.615935,92.080121
N003640,25.621162,92.089694
N003641,25.621407,92.112034
N003642,24.742137,92.639261
N003643,24.824969,92.664388
N003644,24.810162,92.64805
N003645,24.812466,92.648549
N003646,24.805626,92.61785
N003647,24.800784,92.632729
N003648,24.838677,92.722117
N003649,24.743046,92.667623
N003650,24.853159,92.722015
N003651,24.859199,92.721978
N003652,24.852848,92.721882
N003653,24.850018,92.721159
N003654,24.849746,92.720504
N003655,24.840806,92.716901
N003656,25.640467,92.546468
N003657,25.697984,92.787491
N003658,25.744694,92.814866
N003659,25.9735,92.592165
N003660,25.104946,92.971931
N003661,25.110957,92.951532
N003662,25.105049,92.972051
N003663,25.111366,92.951386
N003664,25.111436,92.946954
N003665,25.103608,92.889428
N003666,25.109483,92.880023
N003667,25.110368,92.867749
N003668,25.115064,92.856638
N003669,25.114629,92.856402
N003670,25.111438,92.847208
N003671,25.102296,92.84083
N003672,25.11154,92.847326
N003673,25.114629,92.856008
N003674,25.108192,92.852804
N003675,25.116019,92.856954
N003676,25.11674,92.859
N003677,25.211508,92.817907
N003678,25.236966,92.805634
N003679,25.181384,92.816826
N003680,24.988557,92.568111
N003681,24.987373,92.529197
N003682,24.988684,92.56862
N003683,24.967805,92.575473
N003684,25.04886,92.405954
N003685,25.037429,92.436851
N003686,25.049508,92.406136
N003687,25.034061,92.461014
N003688,25.024208,92.465266
N003689,24.978548,92.519024
N003690,24.975013,92.540627
N003691,24.978732,92.518408
N003692,24.943163,92.711131
N003693,24.962629,92.693119
N003694,24.938573,92.795851
N003695,24.951571,92.802
N003696,24.938081,92.795704
N003697,24.937478,92.795625
N003698,24.928165,92.785467
N003699,24.867087,92.611208
N003700,24.883393,92.627605
N003701,24.887188,92.630741
N003702,24.848278,92.660164
N003703,24.91595,92.665341
N003704,24.902144,92.683768
N003705,24.945913,92.672166
N003706,24.973151,92.692223
N003707,24.973274,92.692232
N003708,24.973002,92.680557
N003709,24.969819,92.671115
N003710,24.973145,92.680323
N003711,24.869695,93.01377
N003712,24.933362,92.998032
N003713,25.974549,92.533078
N003714,25.962125,92.549982
N003715,25.960032,92.584523
N003716,25.960068,92.584772
N003717,25.969494,92.595439
N003718,25.93684,92.508104
N003719,25.913491,92.49859
N003720,25.93128,92.510513
N003721,25.913694,92.498532
N003722,25.903434,92.34829
N003723,25.986093,92.51022
N003724,25.986666,92.510315
N003725,25.985018,92.509636
N003726,25.946874,92.510642
N003727,25.9469,92.510786
N003728,26.020498,92.549273
N003729,26.170123,92.492974
N003730,26.131667,92.434587
N003731,26.170441,92.49299
N003732,26.142793,92.512194
N003733,26.142538,92.512339
N003734,26.109598,92.547004
N003735,26.051983,92.28022
N003736,26.034523,92.273886
N003737,26.052617,92.280331
N003738,26.099051,92.305621
N003739,26.144676,92.386083
N003740,26.136378,92.355005
N003741,25.72537,92.163309
N003742,25.805765,92.117973
N003743,25.805212,92.118836
N003744,25.804932,92.11563
N003745,25.803323,92.119559
N003746,25.3565,92.558881
N003747,25.316001,92.685454
N003748,25.357299,92.558763
N003749,25.36367,92.537409
N003750,25.322488,92.317221
N003751,25.317397,92.285081
N003752,25.3227,92.317706
N003753,25.316718,92.269288
N003754,25.30702,92.14588
N003755,25.323376,92.132717
N003756,25.346882,92.344586
N003757,25.355583,92.368935
N003758,25.346632,92.344216
N003759,25.337054,92.325298
N003760,25.317,92.269878
N003761,25.369678,92.326466
N003762,25.368823,92.33059
N003763,25.368881,92.330748
N003764,25.382376,92.325561
N003765,25.261351,92.498083
N003766,25.195721,92.485276
N003767,25.530428,92.713655
N003768,25.515446,92.648213
N003769,25.530089,92.713977
N003770,25.520281,92.733086
N003771,25.382911,92.451534
N003772,25.391771,92.457821
N003773,25.382795,92.451147
N003774,25.369139,92.43565
N003775,25.415912,92.460583
N003776,25.398133,92.458786
N003777,25.385139,92.325015
N003778,25.405489,92.543285
N003779,25.405253,92.54267
N003780,25.435979,92.578493
N003781,25.163811,92.253487
N003782,25.16391,92.253349
N003783,25.151301,92.213032
N003784,25.233009,92.250194
N003785,25.268658,92.313781
N003786,25.280286,92.315234
N003787,25.282905,92.316844
N003788,25.328026,92.319542
N003789,25.220967,92.353107
N003790,25.210156,92.373011
N003791,25.216774,92.35837
N003792,25.207077,92.354577
N003793,25.173092,92.335689
N003794,25.211217,92.060489
N003795,25.210113,92.0771
N003796,25.253742,92.01502
N003797,25.253689,92.015275
N003798,25.253163,92.013344
N003799,25.254443,92.018003
N003800,25.254441,92.018166
N003801,25.252818,92.01984
N003802,25.256612,92.04114
N003803,25.267276,92.026159
N003804,25.289785,92.086815
N003805,25.289822,92.086963
N003806,25.285378,92.105199
N003807,25.221501,92.148369
N003808,25.221387,92.14827
N003809,25.187651,92.154415
N003810,25.519337,92.294931
N003811,25.516559,92.254724
N003812,25.520078,92.249708
N003813,25.517958,92.246763
N003814,25.515864,92.245183
N003815,25.518505,92.244395
N003816,25.506941,92.242276
N003817,25.521293,92.249478
N003818,25.506781,92.242193
N003819,25.468137,92.240779
N003820,25.510083,92.221194
N003821,25.522532,92.246862
N003822,25.509708,92.221078
N003823,25.498702,92.209864
N003824,25.498636,92.209735
N003825,25.490843,92.180896
N003826,25.496835,92.18934
N003827,25.502399,92.172876
N003828,25.513387,92.19395
N003829,25.51377,92.194176
N003830,25.512008,92.193189
N003831,25.511407,92.192743
N003832,25.499284,92.175095
N003833,25.53174,92.206111
N003834,25.564878,92.209153
N003835,25.555045,92.211921
N003836,25.565282,92.209164
N003837,25.569986,92.208509
N003838,25.51987,92.434475
N003839,25.501039,92.399609
N003840,25.588467,92.732889
N003841,25.588511,92.733394
N003842,25.585985,92.721707
N003843,25.612111,92.778538
N003844,25.640429,92.546205
N003845,25.562749,92.373027
N003846,25.521085,92.445944
N003847,25.537955,92.463829
N003848,25.511296,92.459371
N003849,25.523791,92.442022
N003850,25.523492,92.442429
N003851,25.523497,92.441998
N003852,25.530783,92.445032
N003853,25.524193,92.436532
N003854,25.524363,92.435555
N003855,25.553244,92.517088
N003856,25.521673,92.428486
N003857,25.521532,92.445051
N003858,25.524264,92.436586
N003859,25.525042,92.436977
N003860,25.527475,92.303932
N003861,25.46852,92.288157
N003862,25.561984,92.328495
N003863,25.531783,92.308502
N003864,25.562507,92.328388
N003865,25.564096,92.365574
N003866,25.507716,92.558127
N003867,25.505018,92.560123
N003868,25.507723,92.557862
N003869,25.499375,91.899954
N003870,25.496725,91.88027
N003871,25.499515,91.900307
N003872,25.500908,91.903269
N003873,25.501407,91.903786
N003874,25.524521,91.890213
N003875,25.477421,91.916462
N003876,25.472843,91.915123
N003877,25.469257,91.96878
N003878,25.467143,91.925038
N003879,25.461283,91.979867
N003880,25.463623,92.008937
N003881,25.479699,92.082589
N003882,25.436784,92.057449
N003883,25.43463,92.045773
N003884,25.436825,92.057527
N003885,25.406875,92.053688
N003886,25.426325,92.013722
N003887,25.426397,92.013857
N003888,25.432139,92.038332
N003889,25.367498,92.073184
N003890,25.373652,92.068646
N003891,25.37857,92.077236
N003892,25.387942,92.05189
N003893,25.36744,92.073344
N003894,25.35998,92.085471
N003895,25.363229,92.078508
N003896,25.35306,92.054479
N003897,25.37624,92.069758
N003898,25.496736,91.965141
N003899,25.493354,91.925108
N003900,25.496736,91.967457
N003901,25.49677,91.967379
N003902,25.507813,92.025183
N003903,25.511096,92.04114
N003904,25.508942,91.886803
N003905,25.473215,91.816738
N003906,25.867857,92.790343
N003907,25.850406,92.75226
N003908,25.861334,92.765933
N003909,25.850302,92.752188
N003910,25.839066,92.722619
N003911,25.868976,92.816693
N003912,25.888908,92.829907
N003913,25.928677,92.76411
N003914,25.929531,92.766516
N003915,25.928624,92.763877
N003916,25.928581,92.758373
N003917,25.928759,92.758094
N003918,25.642158,92.193001
N003919,25.641744,92.193623
N003920,24.863282,92.74717
N003921,24.858313,92.744849
N003922,24.858223,92.728831
N003923,24.859191,92.722823
N003924,24.858116,92.729094
N003925,24.837702,92.7066
N003926,24.836342,92.707627
N003927,24.838194,92.706208
N003928,24.860725,92.697771
N003929,24.812347,92.874298
N003930,24.8129,92.861702
N003931,24.836851,92.941031
N003932,24.840972,92.939516
N003933,24.871909,92.912701
N003934,24.849566,92.884495
N003935,24.849389,92.884347
N003936,24.848189,92.874059
N003937,24.866606,92.901698
N003938,24.874767,92.901563
N003939,24.880061,92.883788
N003940,24.879638,92.884796
N003941,24.88061,92.881381
N003942,24.875166,92.902874
N003943,24.778865,92.882231
N003944,24.80547,92.856906
N003945,25.802736,92.528451
N003946,25.818226,92.543906
N003947,25.843842,92.570826
N003948,25.84402,92.570968
N003949,25.840367,92.566579
N003950,25.818431,92.54371
N003951,25.840273,92.56646
N003952,25.844441,92.571913
N003953,25.853677,92.589026
N003954,25.853642,92.589193
N003955,25.900697,92.920829
N003956,25.986745,92.881111
N003957,25.980485,92.877219
N003958,26.067712,93.001456
N003959,25.946802,92.993468
N003960,25.925266,92.993581
N003961,25.924822,92.99562
N003962,25.920305,92.979952
N003963,25.91112,93.052043
N003964,25.979058,92.929432
N003965,25.984293,92.920562
N003966,25.953428,92.95474
N003967,25.95341,92.954697
N003968,25.916471,92.954951
N003969,25.909785,92.942446
N003970,25.929564,92.954736
N003971,25.937163,92.955947
N003972,25.918652,92.960574
N003973,25.880418,92.964045
N003974,25.87918,92.964278
N003975,25.871465,92.985615
N003976,25.872589,92.987804
N003977,25.877542,92.982431
N003978,25.874959,92.985588
N003979,25.875042,92.985358
N003980,26.198606,92.738481
N003981,26.208024,92.694443
N003982,25.980281,92.820522
N003983,25.97534,92.79579
N003984,25.595075,91.897681
N003985,25.598879,91.900986
N003986,25.61054,91.908593
N003987,25.844789,92.901019
N003988,25.839353,92.90034
N003989,26.001237,92.84366
N003990,26.001349,92.853907
N003991,25.995967,92.859906
N003992,24.876618,92.369354
N003993,24.88416,92.361489
N003994,24.877335,92.369389
N003995,24.869256,92.361193
N003996,24.870865,92.358494
N003997,26.125267,92.238555
N003998,26.125157,92.238589
N003999,26.146878,92.254754
N004000,26.146819,92.211178
N004001,26.145164,92.267088
N004002,26.133446,92.252604
N004003,24.925113,91.513546
N004004,24.925176,91.522462
N004005,24.925166,91.521632
N004006,25.258181,91.708116
N004007,25.258104,91.708006
N004008,25.255944,91.705343
N004009,25.262447,91.711604
N004010,25.262578,91.711738
N004011,25.269995,91.719171
N004012,25.269902,91.719014
N004013,25.271065,91.722387
N004014,25.271214,91.725888
N004015,25.229785,91.69482
N004016,25.223106,91.705625
N004017,25.223864,91.715892
N004018,25.223834,91.716178
N004019,25.213496,91.719189
N004020,25.209601,91.731172
N004021,25.23615,91.731599
N004022,25.209778,91.731317
N004023,25.255793,91.705234
N004024,25.489173,91.302151
N004025,25.03787,91.668455
N004026,25.036446,91.664429
N004027,25.018895,91.659768
N004028,25.006304,91.660877
N004029,24.964178,91.672695
N004030,24.943939,91.680649
N004031,24.965143,91.672195
N004032,25.005655,91.660583
N004033,24.980744,91.669614
N004034,25.000972,91.621283
N004035,25.018354,91.643565
N004036,24.860753,91.846606
N004037,24.979316,91.603269
N004038,24.971257,91.580731
N004039,24.959992,91.562262
N004040,24.892694,91.876367
N004041,26.077699,92.685032
N004042,26.065087,92.655516
N004043,26.020125,92.68789
N004044,26.013583,92.687101
N004045,26.020427,92.687816
N004046,26.013197,92.693064
N004047,26.019052,92.69748
N004048,26.020009,92.687918
N004049,25.135568,91.575361
N004050,25.137449,91.575744
N004051,25.130376,91.585191
N004052,25.121152,91.593294
N004053,25.132616,91.5584
N004054,25.135446,91.576421
N004055,25.065707,92.072243
N004056,25.083529,92.056968
N004057,25.086239,92.042574
N004058,25.086276,92.04221
N004059,25.088411,92.024137
N004060,25.125762,91.541665
N004061,25.132593,91.558227
N004062,25.054013,92.037277
N004063,25.072602,92.036562
N004064,25.144362,91.581178
N004065,25.169806,91.599342
N004066,25.162219,91.563478
N004067,25.141807,91.575086
N004068,25.029127,92.006851
N004069,25.012694,91.996424
N004070,25.012408,91.995299
N004071,25.012199,91.994512
N004072,25.092464,91.501306
N004073,25.122189,91.538838
N004074,24.999927,91.950812
N004075,24.997463,91.937436
N004076,25.101258,91.550189
N004077,25.125189,91.542225
N004078,25.102981,91.968085
N004079,25.102938,91.967899
N004080,25.098842,91.960652
N004081,25.09882,91.960251
N004082,25.097883,91.954002
N004083,25.097864,91.953692
N004084,25.09538,91.943243
N004085,25.095314,91.942985
N004086,25.09636,91.92938
N004087,25.097126,91.929213
N004088,25.098995,91.922108
N004089,25.099016,91.921892
N004090,25.120726,91.593893
N004091,25.118887,91.606685
N004092,25.091586,91.500653
N004093,25.088197,91.500124
N004094,25.130417,91.585112
N004095,26.099745,91.612099
N004096,26.099695,91.612193
N004097,26.099548,91.612291
N004098,26.159311,91.700601
N004099,26.159236,91.700611
N004100,26.187317,91.757748
N004101,26.112383,91.79737
N004102,26.111692,91.789615
N004103,26.128769,91.762128
N004104,26.126916,91.759716
N004105,25.144299,91.580752
N004106,25.144308,91.580813
N004107,25.137609,91.575819
N004108,25.137706,91.575891
N004109,25.125616,91.540988
N004110,25.096219,91.549612
N004111,25.077826,91.629657
N004112,25.077657,91.62987
N004113,25.133052,91.688181
N004114,25.133048,91.688948
N004115,25.130973,91.676917
N004116,25.113999,91.606347
N004117,25.096511,91.613165
N004118,25.096346,91.613312
N004119,25.09074,91.993615
N004120,25.090639,91.993005
N004121,25.090401,91.991446
N004122,25.090353,91.991124
N004123,25.091522,92.111303
N004124,25.037197,92.083325
N004125,25.029495,92.072121
N004126,25.084535,92.054323
N004127,25.084347,92.053064
N004128,25.084353,92.052869
N004129,25.08562,92.057961
N004130,25.093656,91.984553
N004131,25.093686,91.983799
N004132,25.093714,91.983296
N004133,25.089008,91.978487
N004134,25.101716,91.987782
N004135,25.083563,92.056838
N004136,25.084981,92.056807
N004137,25.072991,92.036578
N004138,25.086164,92.035121
N004139,25.087038,92.001447
N004140,25.087126,92.001279
N004141,25.037142,92.070647
N004142,25.037433,92.070474
N004143,25.032967,92.076195
N004144,25.028995,92.071811
N004145,25.052999,92.071249
N004146,25.052595,92.071208
N004147,25.042663,92.069727
N004148,25.045838,92.070408
N004149,25.001125,91.959637
N004150,25.001121,91.959431
N004151,25.002743,91.964402
N004152,25.000014,91.986749
N004153,25.002664,91.964819
N004154,25.08574,92.014452
N004155,25.08568,92.014295
N004156,26.136532,91.673963
N004157,25.088434,92.023783
N004158,25.091533,92.085871
N004159,25.090532,92.067289
N004160,25.012354,91.993977
N004161,25.01323,91.992986
N004162,25.090387,92.066849
N004163,24.999946,91.951054
N004164,25.000034,91.953395
N004165,25.000032,91.986981
N004166,24.986707,91.92993
N004167,24.830671,91.360615
N004168,24.829566,91.360159
N004169,24.789553,91.349043
N004170,25.042826,92.069744
N004171,25.068476,92.009789
N004172,25.068238,92.009807
N004173,25.084933,92.011129
N004174,25.051257,92.008379
N004175,25.051529,92.008772
N004176,25.051611,92.010014
N004177,25.049688,91.996087
N004178,25.051261,92.010107
N004179,25.051106,92.010167
N004180,25.135416,91.576592
N004181,25.141727,91.575087
N004182,25.690975,92.076129
N004183,25.476488,92.352275
N004184,25.482404,92.350977
N004185,25.477075,92.352311
N004186,25.473331,92.35384
N004187,25.479973,92.355569
N004188,25.469716,92.358445
N004189,25.469415,92.359048
N004190,25.470033,92.36625
N004191,25.46927,92.369429
N004192,25.455274,92.389911
N004193,25.469372,92.40912
N004194,25.447983,92.411518
N004195,25.447566,92.411604
N004196,25.452028,92.50278
N004197,25.450851,92.513729
N004198,25.49511,92.172836
N004199,25.495019,92.17146
N004200,25.490917,92.183871
N004201,25.491988,92.183165
N004202,25.490825,92.180711
N004203,25.481239,92.200873
N004204,25.480738,92.203124
N004205,25.47791,92.221687
N004206,25.477639,92.222376
N004207,25.467134,92.233054
N004208,25.466597,92.234043
N004209,25.470261,92.289104
N004210,25.467001,92.290617
N004211,25.512677,92.651264
N004212,26.158816,91.765939
N004213,26.184891,91.756735
N004214,26.18491,91.756907
N004215,26.187191,91.756744
N004216,26.185009,91.756315
N004217,26.163298,91.767717
N004218,26.163204,91.767733
N004219,26.159298,91.766212
N004220,26.159248,91.766244
N004221,26.159271,91.765967
N004222,26.162573,91.767316
N004223,26.176301,91.747487
N004224,26.178508,91.748967
N004225,26.188055,91.748457
N004226,26.178963,91.751524
N004227,26.173345,91.759339
N004228,26.189904,91.751515
N004229,25.061885,92.384393
N004230,25.072051,92.378813
N004231,25.071962,92.379492
N004232,25.305631,92.382192
N004233,25.197143,92.372325
N004234,25.583007,91.889618
N004235,25.584291,91.894146
N004236,25.016959,92.492156
N004237,25.008296,92.502104
N004238,25.017001,92.491782
N004239,25.007967,92.502072
N004240,25.021288,92.474139
N004241,25.021387,92.473801
N004242,24.991484,92.44177
N004243,24.99091,92.435626
N004244,25.017878,92.4403
N004245,25.017681,92.440148
N004246,25.017935,92.440818
N004247,24.990882,92.435374
N004248,24.990424,92.425963
N004249,25.000557,92.260411
N004250,24.999489,92.257681
N004251,24.881143,91.81078
N004252,24.881052,91.810162
N004253,24.885336,91.86542
N004254,24.886665,91.839006
N004255,24.967318,92.264281
N004256,24.978601,92.28345
N004257,24.974133,92.274861
N004258,24.974018,92.274633
N004259,24.96501,92.261333
N004260,24.95864,92.253284
N004261,24.959137,92.253908
N004262,24.95574,92.249315
N004263,24.94874,92.239226
N004264,24.948979,92.239565
N004265,24.945871,92.234979
N004266,24.945784,92.234869
N004267,24.929413,92.20775
N004268,24.923273,92.180411
N004269,24.923624,92.182049
N004270,24.922929,92.178281
N004271,25.035421,92.221717
N004272,25.034811,92.225324
N004273,25.034722,92.225709
N004274,25.027226,92.245999
N004275,25.02683,92.246208
N004276,25.021288,92.248855
N004277,25.020846,92.249094
N004278,25.009478,92.255655
N004279,24.910521,91.731708
N004280,24.863928,91.730607
N004281,24.813837,91.755634
N004282,25.091504,91.755109
N004283,25.070678,91.7831
N004284,25.076495,91.764306
N004285,25.066895,91.786123
N004286,25.068081,91.785345
N004287,25.07498,91.740413
N004288,25.074349,91.739815
N004289,25.083598,91.755103
N004290,25.066295,91.730551
N004291,25.063627,91.712017
N004292,25.15551,91.691079
N004293,25.156836,91.694406
N004294,25.155561,91.690788
N004295,25.158018,91.697282
N004296,25.155248,91.689265
N004297,25.163868,91.706085
N004298,25.150613,91.739371
N004299,25.169249,91.743218
N004300,25.183975,91.754193
N004301,25.185457,91.760803
N004302,25.172851,91.759761
N004303,25.208771,91.986555
N004304,25.210649,91.98098
N004305,25.212374,91.973866
N004306,25.179242,91.990244
N004307,25.177516,91.987218
N004308,25.177648,91.987039
N004309,25.111617,91.899062
N004310,25.095095,91.898027
N004311,25.121701,91.897853
N004312,25.120674,91.898545
N004313,25.13394,91.897003
N004314,25.134375,91.896684
N004315,25.243227,91.563721
N004316,25.243312,91.563559
N004317,26.109077,91.846427
N004318,26.103674,91.846196
N004319,25.382543,91.400432
N004320,25.205273,91.336957
N004321,25.205653,91.337016
N004322,25.30876,91.372463
N004323,25.312286,91.375202
N004324,25.315409,91.380494
N004325,25.15951,91.331369
N004326,25.173929,91.310278
N004327,25.05262,92.173096
N004328,25.052861,92.17245
N004329,25.488527,92.171713
N004330,25.097622,92.117465
N004331,25.227112,91.733415
N004332,25.227075,91.733258
N004333,25.215744,91.74144
N004334,25.195036,91.786656
N004335,25.194987,91.786509
N004336,25.18159,91.813128
N004337,25.271711,91.859354
N004338,25.308404,91.903532
N004339,26.131444,92.005874
N004340,26.13745,92.011971
N004341,26.125781,92.004616
N004342,26.182464,91.837187
N004343,26.187091,91.842923
N004344,26.182298,91.836879
N004345,26.178591,91.829291
N004346,26.171613,91.686167
N004347,26.17158,91.686296
N004348,26.171663,91.686267
N004349,26.171554,91.686204
N004350,26.171562,91.68628
N004351,26.182612,91.797997
N004352,26.182561,91.797981
N004353,26.183496,91.784446
N004354,26.183442,91.784455
N004355,26.181963,91.803168
N004356,26.184627,91.766206
N004357,26.185054,91.757921
N004358,26.185014,91.757001
N004359,26.184639,91.766058
N004360,26.185068,91.761925
N004361,26.180347,91.815101
N004362,26.10032,91.598994
N004363,26.116337,91.614455
N004364,26.034787,91.584414
N004365,26.069642,91.580513
N004366,26.070587,91.580736
N004367,26.070838,91.580789
N004368,26.08308,91.577764
N004369,26.082907,91.565388
N004370,26.082844,91.565249
N004371,26.082808,91.565229
N004372,26.069785,91.559041
N004373,26.06967,91.55872
N004374,26.081739,91.576206
N004375,26.07483,91.570191
N004376,26.069814,91.55913
N004377,26.063994,91.544493
N004378,26.069524,91.547281
N004379,26.069073,91.547014
N004380,26.065026,91.54572
N004381,26.076694,91.487457
N004382,26.05152,91.487038
N004383,26.077005,91.487934
N004384,26.076884,91.487945
N004385,26.07627,91.422536
N004386,26.074326,91.428088
N004387,26.068646,91.421877
N004388,26.089761,91.344854
N004389,26.019782,91.315489
N004390,26.05533,91.304573
N004391,26.049308,91.290937
N004392,26.020286,91.311139
N004393,26.020094,91.311286
N004394,26.019833,91.311265
N004395,26.017832,91.311676
N004396,25.983859,91.376525
N004397,25.965674,91.380285
N004398,26.11564,91.714931
N004399,25.145369,92.01269
N004400,25.154095,92.016404
N004401,25.090371,92.1171
N004402,25.550144,91.300167
N004403,25.54834,91.2945
N004404,25.543952,91.322541
N004405,25.549897,91.300613
N004406,26.173916,91.500301
N004407,26.187605,91.499009
N004408,25.049223,91.374819
N004409,25.566378,91.894096
N004410,25.565973,91.899543
N004411,25.56606,91.899091
N004412,25.566118,91.899326
N004413,25.566048,91.899323
N004414,25.566183,91.899716
N004415,25.56607,91.899618
N004416,25.566139,91.899495
N004417,25.566009,91.899614
N004418,25.566977,91.882931
N004419,25.567137,91.883105
N004420,25.56818,91.882004
N004421,25.567849,91.881859
N004422,25.567122,91.88309
N004423,25.56793,91.883652
N004424,25.568315,91.883121
N004425,25.571066,91.913135
N004426,25.569743,91.913376
N004427,25.569861,91.913001
N004428,25.569666,91.913113
N004429,25.572303,91.903178
N004430,25.57133,91.897263
N004431,25.571246,91.897125
N004432,25.571284,91.897249
N004433,25.571405,91.896898
N004434,25.571397,91.897119
N004435,25.571282,91.897084
N004436,25.571239,91.897181
N004437,25.569845,91.893603
N004438,25.579003,91.892976
N004439,24.895462,91.862551
N004440,24.827859,92.247512
N004441,24.82805,92.246729
N004442,24.830711,92.244308
N004443,24.83169,92.244244
N004444,24.829577,92.244919
N004445,24.829512,92.245973
N004446,24.810606,92.846189
N004447,24.813817,92.849773
N004448,24.830662,92.750874
N004449,26.15328,91.78398
N004450,26.149815,91.785258
N004451,26.140216,91.791867
N004452,26.142028,91.794488
N004453,26.142514,91.794015
N004454,26.141841,91.795016
N004455,26.13999,91.791509
N004456,26.145547,91.790488
N004457,26.144369,91.791865
N004458,26.139489,91.790139
N004459,26.141069,91.79588
N004460,26.140806,91.796193
N004461,26.141772,91.786853
N004462,26.082469,91.559246
N004463,26.082953,91.560073
N004464,26.081861,91.563542
N004465,26.08085,91.56848
N004466,26.074656,91.57002
N004467,26.074759,91.570122
N004468,26.074724,91.570087
N004469,26.081676,91.56352
N004470,26.076032,91.566717
N004471,26.081402,91.565212
N004472,26.07713,91.56421
N004473,26.079866,91.564854
N004474,26.079082,91.569432
N004475,26.08225,91.560165
N004476,26.079577,91.559549
N004477,26.079371,91.56758
N004478,26.077605,91.56805
N004479,26.080984,91.567814
N004480,26.079498,91.567552
N004481,25.581848,91.888425
N004482,26.082771,91.565317
N004483,25.560531,91.875941
N004484,25.560167,91.875853
N004485,25.499341,91.904619
N004486,25.485657,91.918286
N004487,25.035052,92.434959
N004488,24.943501,91.680781
N004489,24.935188,91.682844
N004490,25.08997,92.117087
N004491,25.089124,92.117503
N004492,26.177156,92.218512
N004493,26.119999,92.197609
N004494,26.165861,92.215031
N004495,26.104727,91.707151
N004496,26.104375,91.706813
N004497,24.856471,92.614452
N004498,24.855647,92.614145
N004499,24.851117,92.610347
N004500,24.852391,92.611377
N004501,24.973122,92.518274
N004502,24.978473,92.520644
N004503,24.867804,92.561554
N004504,24.867673,92.561617
N004505,24.87016,92.557879
N004506,24.867684,92.561045
N004507,25.096212,91.977019
N004508,25.1031,91.971041
N004509,25.144566,91.887774
N004510,26.160306,91.671727
N004511,26.164854,91.671074
N004512,26.164757,91.671164
N004513,26.161442,91.671292
N004514,26.167928,91.672432
N004515,26.167593,91.67243
N004516,26.16499,91.671314
N004517,26.181471,91.671701
N004518,26.165076,91.671215
N004519,26.158196,91.671194
N004520,26.158036,91.671187
N004521,24.8661,92.35805
N004522,24.866355,92.357957
N004523,24.861035,92.369339
N004524,24.859766,92.37313
N004525,25.306074,91.582319
N004526,25.257405,91.568113
N004527,25.257453,91.568862
N004528,25.257455,91.568975
N004529,25.582457,91.898955
N004530,25.582513,91.624342
N004531,26.211381,92.311863
N004532,26.197445,92.312641
N004533,26.009553,91.865423
N004534,25.86379,91.880178
N004535,25.863681,91.880113
N004536,26.010945,91.865727
N004537,26.015674,91.868973
N004538,26.01872,91.867017
N004539,26.033821,91.86729
N004540,26.041233,91.867708
N004541,25.546933,92.079804
N004542,25.530151,92.124034
N004543,25.678001,91.905322
N004544,25.674174,91.900771
N004545,25.674202,91.90076
N004546,25.674046,91.900836
N004547,25.720396,91.890677
N004548,25.753998,91.886414
N004549,25.675087,91.898961
N004550,25.754016,91.886302
N004551,25.753894,91.886296
N004552,25.338895,92.366769
N004553,25.111469,92.362339
N004554,24.98956,92.425779
N004555,25.004261,92.43558
N004556,24.989378,92.425775
N004557,26.066599,92.694563
N004558,26.064924,92.713554
N004559,26.099383,92.740483
N004560,26.095123,92.745048
N004561,26.104197,92.745137
N004562,26.095052,92.745165
N004563,25.573424,91.909958
N004564,25.353978,91.602818
N004565,25.337506,91.596688
N004566,25.361964,91.610243
N004567,25.361929,91.610161
N004568,25.257434,91.570765
N004569,25.25731,91.572571
N004570,25.257277,91.57267
N004571,25.257203,91.572971
N004572,25.257165,91.573095
N004573,25.256919,91.57432
N004574,25.256883,91.574483
N004575,25.257427,91.570356
N004576,25.257442,91.570659
N004577,25.257436,91.57046
N004578,25.257417,91.568237
N004579,26.196878,91.799434
N004580,26.14209,91.794848
N004581,26.141453,91.795648
N004582,26.142592,91.794061
N004583,26.138809,91.798811
N004584,26.142184,91.794294
N004585,26.14332,91.792975
N004586,25.511931,92.742366
N004587,25.49243,92.723618
N004588,25.491982,92.698998
N004589,25.489604,92.722851
N004590,25.674019,91.900849
N004591,25.67412,91.900796
N004592,26.185686,91.752059
N004593,26.111081,92.171679
N004594,26.106826,92.127547
N004595,26.108226,92.166
N004596,26.11096,92.171455
N004597,26.106697,92.127565
N004598,25.985068,92.116503
N004599,25.985027,92.116255
N004600,25.984949,92.116698
N004601,25.993894,92.127017
N004602,25.993116,92.095429
N004603,25.965581,92.09386
N004604,25.499844,91.781982
N004605,25.490858,91.772661
N004606,25.493319,91.770323
N004607,25.484466,91.749518
N004608,25.492806,91.770551
N004609,25.492953,91.770478
N004610,25.49084,91.772568
N004611,25.492461,91.770807
N004612,25.501118,91.784872
N004613,25.500014,91.782468
N004614,25.48629,91.73966
N004615,25.499364,91.731226
N004616,25.48319,91.746265
N004617,25.486068,91.739869
N004618,25.484276,91.748932
N004619,25.50979,91.719285
N004620,25.507824,91.707245
N004621,25.509709,91.719336
N004622,25.499205,91.72932
N004623,25.49915,91.729712
N004624,25.556052,91.640464
N004625,25.555802,91.643025
N004626,25.556044,91.640332
N004627,25.547013,91.615013
N004628,25.547031,91.615162
N004629,25.545978,91.61235
N004630,25.545934,91.612296
N004631,25.541331,91.605189
N004632,25.541311,91.605016
N004633,25.519036,91.564411
N004634,25.527071,91.586985
N004635,25.519057,91.564237
N004636,25.526249,91.53859
N004637,25.52636,91.538502
N004638,25.532925,91.595437
N004639,25.52709,91.587108
N004640,25.539067,91.676135
N004641,25.539009,91.676248
N004642,25.539678,91.670961
N004643,25.53962,91.670857
N004644,25.501456,91.706826
N004645,25.51076,91.700706
N004646,25.510921,91.700761
N004647,25.516914,91.701922
N004648,25.516993,91.701803
N004649,25.527155,91.689487
N004650,25.527224,91.689566
N004651,25.52273,91.816751
N004652,25.490197,91.820805
N004653,25.490465,91.820971
N004654,25.462341,91.827997
N004655,25.438181,91.851066
N004656,25.283246,91.938722
N004657,25.264157,91.949624
N004658,25.263875,91.949378
N004659,25.596862,92.040524
N004660,25.602636,92.049845
N004661,25.592506,92.035771
N004662,25.524987,91.891372
N004663,25.547026,92.07969
N004664,25.575891,91.882699
N004665,25.502087,91.903579
N004666,26.178987,91.75158
N004667,26.113808,91.806004
N004668,26.111241,91.789352
N004669,26.111238,91.789029
N004670,26.15965,91.781757
N004671,26.159669,91.781826
N004672,26.153517,91.783842
N004673,26.159987,91.781633
N004674,26.167837,91.962366
N004675,26.18863,91.990753
N004676,24.907252,91.860853
N004677,24.886017,91.868206
N004678,24.884259,91.873943
N004679,24.892597,91.876132
N004680,24.893424,91.876495
N004681,24.881577,91.875481
N004682,24.881343,91.875456
N004683,24.885348,91.859394
N004684,24.88918,91.859794
N004685,24.890376,91.859922
N004686,24.999287,92.255482
N004687,24.947825,91.800733
N004688,24.881413,91.875276
N004689,24.881766,91.872884
N004690,24.881533,91.875285
N004691,24.872367,91.90485
N004692,24.881172,91.875679
N004693,24.858107,91.927645
N004694,24.858142,91.927684
N004695,24.858051,91.92772
N004696,24.858111,91.927747
N004697,25.587183,91.88106
N004698,25.587197,91.88116
N004699,25.655476,92.132765
N004700,25.67011,92.146562
N004701,25.670179,92.146532
N004702,25.67637,92.157026
N004703,25.714159,91.989599
N004704,25.645476,92.128353
N004705,25.645777,92.128782
N004706,25.644395,92.126707
N004707,25.644377,92.126683
N004708,25.467131,91.924899
N004709,25.432209,92.038356
N004710,25.560186,91.75819
N004711,25.483468,91.74642
N004712,25.581935,92.057985
N004713,25.496745,91.965206
N004714,25.596818,92.040174
N004715,25.621369,92.112293
N004716,25.634843,92.121984
N004717,25.612163,92.047646
N004718,25.502473,91.626558
N004719,25.502688,91.626399
N004720,25.525481,91.699877
N004721,25.546657,91.713776
N004722,25.569051,91.736685
N004723,25.571954,91.728249
N004724,25.52259,91.695678
N004725,25.525351,91.699703
N004726,25.49332,91.925068
N004727,25.522562,91.75483
N004728,25.462351,91.827201
N004729,25.452774,91.82075
N004730,25.562944,91.755978
N004731,25.564938,91.741616
N004732,25.56283,91.756027
N004733,25.560266,91.758102
N004734,25.440226,91.815327
N004735,25.440051,91.815545
N004736,25.49462,91.702306
N004737,25.563747,91.73927
N004738,25.552569,91.734752
N004739,25.552472,91.734703
N004740,25.411835,91.78125
N004741,25.411757,91.781131
N004742,25.407103,91.777611
N004743,25.407032,91.777493
N004744,25.405769,91.775055
N004745,25.405657,91.774684
N004746,25.406045,91.774014
N004747,25.405977,91.773886
N004748,25.404345,91.773536
N004749,25.504464,91.615059
N004750,25.504436,91.615179
N004751,25.605563,92.127124
N004752,25.565768,92.184558
N004753,25.480835,91.547653
N004754,25.46445,91.885174
N004755,25.465893,91.888688
N004756,25.465869,91.888817
N004757,25.539144,91.727932
N004758,25.539017,91.727716
N004759,25.507852,91.706912
N004760,25.51449,91.701654
N004761,25.546728,91.713745
N004762,25.554293,91.715956
N004763,25.561821,91.728537
N004764,25.406769,92.053617
N004765,25.455155,91.612592
N004766,25.452745,91.619694
N004767,25.527966,91.591892
N004768,25.528001,91.591961
N004769,25.532658,91.595542
N004770,25.448254,91.604021
N004771,25.271609,91.859348
N004772,25.434098,92.044397
N004773,25.434062,92.044377
N004774,25.433542,92.043259
N004775,25.433559,92.043082
N004776,25.434561,92.045709
N004777,25.427603,91.728044
N004778,25.427498,91.727937
N004779,25.428377,91.730676
N004780,25.479781,92.082623
N004781,25.476721,92.096838
N004782,25.605324,91.894837
N004783,25.596225,91.885739
N004784,25.355461,91.603985
N004785,25.355356,91.60393
N004786,25.354103,91.602859
N004787,25.585454,91.770018
N004788,25.586548,91.769227
N004789,25.412024,91.669903
N004790,25.647349,91.853097
N004791,25.480829,91.547561
N004792,25.499154,91.527383
N004793,25.520964,91.536528
N004794,25.52077,91.535828
N004795,25.521056,91.536851
N004796,25.517168,91.53105
N004797,25.517122,91.530949
N004798,25.50285,91.527521
N004799,25.499232,91.527297
N004800,25.502849,91.527637
N004801,25.61297,91.818459
N004802,25.603825,91.851051
N004803,25.371905,91.634484
N004804,25.547219,91.648286
N004805,25.554731,91.634353
N004806,25.600905,91.869003
N004807,25.603618,91.851632
N004808,25.352633,92.055431
N004809,25.337917,92.090892
N004810,25.335208,91.593909
N004811,25.334938,91.593541
N004812,25.335183,91.59385
N004813,25.572149,91.728117
N004814,25.591334,91.750291
N004815,25.566998,91.740104
N004816,25.569093,91.736752
N004817,25.567007,91.74018
N004818,25.495326,91.818201
N004819,25.495151,91.817489
N004820,25.244875,91.943244
N004821,25.25182,91.949871
N004822,25.373695,92.0686
N004823,25.378504,92.077182
N004824,25.498159,91.818579
N004825,25.21479,91.964833
N004826,25.223108,91.718476
N004827,25.223017,91.718632
N004828,25.208253,91.589808
N004829,25.212109,91.597424
N004830,25.209651,91.584673
N004831,25.209696,91.584817
N004832,25.209646,91.583299
N004833,25.209597,91.582966
N004834,25.216385,91.58834
N004835,25.216417,91.588191
N004836,25.213888,91.592478
N004837,25.213848,91.59268
N004838,25.212115,91.597382
N004839,25.217633,91.587608
N004840,25.217713,91.587545
N004841,25.218203,91.586079
N004842,25.218228,91.585948
N004843,25.217955,91.924346
N004844,25.207661,91.933947
N004845,25.217738,91.923593
N004846,25.217945,91.92427
N004847,25.213586,91.719114
N004848,25.598686,91.794793
N004849,25.208333,91.58977
N004850,25.208455,91.58729
N004851,25.208669,91.587247
N004852,25.353802,92.08972
N004853,25.349849,92.096704
N004854,25.359691,92.08541
N004855,25.356789,92.088977
N004856,25.356735,92.089081
N004857,25.353835,92.089612
N004858,25.363186,92.078432
N004859,25.337793,92.09109
N004860,25.330674,92.0947
N004861,25.144514,91.596272
N004862,25.165409,91.595949
N004863,25.260693,91.515965
N004864,25.2478,91.482282
N004865,25.247136,91.471417
N004866,25.247164,91.471507
N004867,25.24779,91.482153
N004868,25.499226,91.730683
N004869,25.631175,91.891195
N004870,25.626367,91.889323
N004871,25.62609,91.889316
N004872,25.17483,91.586704
N004873,25.174728,91.5865
N004874,25.182512,91.573685
N004875,25.175765,91.593871
N004876,25.175857,91.593731
N004877,25.176267,91.598704
N004878,25.17633,91.598589
N004879,25.167778,91.607174
N004880,25.177342,91.613568
N004881,25.159569,91.618155
N004882,25.159517,91.618061
N004883,25.15192,91.626916
N004884,25.159366,91.62056
N004885,25.156067,91.608617
N004886,25.156072,91.608459
N004887,25.155767,91.604428
N004888,25.205213,91.57561
N004889,25.208137,91.57905
N004890,25.156703,91.604567
N004891,25.156846,91.604602
N004892,25.148946,91.601284
N004893,25.208129,91.579257
N004894,25.171191,91.559754
N004895,25.591407,91.750286
N004896,25.604608,91.757262
N004897,25.233921,91.729845
N004898,25.233974,91.729904
N004899,25.182211,91.406986
N004900,25.182216,91.407067
N004901,25.222955,91.52823
N004902,25.228283,91.573171
N004903,25.219364,91.579871
N004904,25.155688,91.473661
N004905,25.155652,91.473576
N004906,25.159853,91.48739
N004907,25.159821,91.487466
N004908,25.159017,91.491087
N004909,25.155289,91.689372
N004910,25.626185,91.897765
N004911,25.625386,91.904469
N004912,25.62617,91.906551
N004913,25.625503,91.904767
N004914,25.626111,91.897647
N004915,25.21652,91.343204
N004916,25.207292,91.903172
N004917,25.236097,91.731542
N004918,25.160482,91.453853
N004919,25.156566,91.465038
N004920,25.160595,91.453484
N004921,25.185199,91.57616
N004922,25.186091,91.57489
N004923,25.18628,91.575437
N004924,25.186214,91.575538
N004925,25.185273,91.576174
N004926,25.256464,91.578327
N004927,25.149307,91.538992
N004928,25.148065,91.538496
N004929,25.151889,91.456219
N004930,25.156559,91.465116
N004931,25.15592,91.46918
N004932,25.162807,91.44918
N004933,25.162528,91.450639
N004934,25.16247,91.450705
N004935,25.155922,91.469307
N004936,25.178275,91.608239
N004937,25.177463,91.61337
N004938,25.577358,91.905451
N004939,25.260645,91.734383
N004940,25.58878,91.899286
N004941,25.587008,91.897033
N004942,25.1766,91.565206
N004943,25.228741,92.009532
N004944,25.233611,92.029193
N004945,25.1724,91.57548
N004946,25.176832,91.578605
N004947,25.167109,91.57046
N004948,25.169981,91.573895
N004949,25.17223,91.575394
N004950,25.166795,91.569943
N004951,25.166869,91.570063
N004952,25.184471,91.403287
N004953,25.146771,91.614414
N004954,25.219375,91.366942
N004955,25.141122,91.600761
N004956,25.140774,91.601181
N004957,25.139774,91.602457
N004958,25.139648,91.602605
N004959,25.579012,91.729625
N004960,25.584791,91.727657
N004961,25.584976,91.727596
N004962,25.598155,91.729648
N004963,25.142169,91.714015
N004964,25.133562,91.731285
N004965,25.133526,91.73149
N004966,25.142136,91.713491
N004967,25.597984,91.730067
N004968,25.634908,92.122023
N004969,25.27111,91.722507
N004970,25.190482,91.385999
N004971,25.16773,91.607086
N004972,25.138078,91.484567
N004973,25.147267,91.470285
N004974,25.573788,91.908137
N004975,25.572292,91.903274
N004976,25.573417,91.909293
N004977,25.573445,91.909255
N004978,25.573253,91.909742
N004979,25.573367,91.909878
N004980,25.573132,91.908004
N004981,25.223164,91.705557
N004982,25.563408,91.869579
N004983,25.159564,91.560091
N004984,24.971396,92.559633
N004985,25.024207,92.465403
N004986,24.937573,92.592254
N004987,24.922612,92.591745
N004988,24.90227,92.590658
N004989,24.90464,92.590932
N004990,24.841,92.602759
N004991,24.847938,92.607932
N004992,25.147399,91.470284
N004993,25.092383,92.820557
N004994,25.092246,92.820203
N004995,25.094735,92.82483
N004996,25.092452,92.820512
N004997,25.092323,92.820176
N004998,25.08273,92.812823
N004999,25.100604,92.839075
N005000,25.104223,92.867907
N005001,25.083918,92.816589
N005002,25.05806,92.802519
N005003,25.058313,92.802697
N005004,25.060073,92.805545
N005005,25.073603,92.812947
N005006,25.015658,92.764963
N005007,25.015499,92.764851
N005008,25.018226,92.769862
N005009,25.02241,92.770883
N005010,24.928002,92.771473
N005011,24.928143,92.771328
N005012,24.928118,92.771532
N005013,24.92823,92.771409
N005014,24.929805,92.765143
N005015,24.929685,92.765146
N005016,24.958912,92.757608
N005017,24.958501,92.757587
N005018,24.966791,92.75993
N005019,24.962207,92.757699
N005020,24.958979,92.757466
N005021,24.966806,92.759811
N005022,24.958485,92.757448
N005023,24.967793,92.760491
N005024,24.967953,92.760532
N005025,24.968741,92.763677
N005026,24.973049,92.766146
N005027,24.972755,92.766122
N005028,24.924643,92.842171
N005029,24.924578,92.84205
N005030,24.892031,92.856152
N005031,24.89215,92.856144
N005032,24.873815,92.581479
N005033,24.87373,92.581235
N005034,24.873706,92.581989
N005035,24.856462,92.614367
N005036,24.85638,92.61445
N005037,24.830762,92.691878
N005038,24.837726,92.710524
N005039,24.82931,92.792591
N005040,24.82934,92.792626
N005041,24.829332,92.792772
N005042,24.837832,92.710738
N005043,24.829827,92.807199
N005044,24.831015,92.802509
N005045,24.831151,92.802059
N005046,24.831222,92.801852
N005047,26.185891,91.750513
N005048,25.569785,91.893522
N005049,24.967756,92.574941
N005050,24.956225,92.603428
N005051,24.956255,92.603952
N005052,24.964051,92.504581
N005053,24.925547,92.577729
N005054,24.921467,92.563186
N005055,24.91958,92.562587
N005056,24.91954,92.562577
N005057,24.919066,92.562508
N005058,24.919014,92.562503
N005059,24.916788,92.561775
N005060,24.969962,92.452203
N005061,24.963665,92.504318
N005062,25.01925,92.432875
N005063,25.018613,92.434125
N005064,24.95386,92.615685
N005065,24.952276,92.617926
N005066,24.952169,92.618085
N005067,24.945555,92.627564
N005068,24.945433,92.627691
N005069,24.953999,92.491454
N005070,24.953512,92.491676
N005071,24.958021,92.500156
N005072,24.954258,92.491266
N005073,24.934163,92.496807
N005074,24.921358,92.563229
N005075,24.989089,92.491125
N005076,24.982872,92.507722
N005077,24.857917,92.64584
N005078,25.009649,92.435757
N005079,25.01554,92.440464
N005080,24.951827,92.801797
N005081,24.955127,92.802198
N005082,24.954919,92.801923
N005083,24.899646,92.713912
N005084,24.87414,92.728849
N005085,24.968603,92.568913
N005086,24.948737,92.551655
N005087,24.94873,92.551532
N005088,24.910506,92.500934
N005089,24.891558,92.50841
N005090,24.90219,92.684071
N005091,24.862619,92.667598
N005092,24.911264,92.500721
N005093,24.911116,92.500744
N005094,24.904357,92.590896
N005095,24.848194,92.66025
N005096,24.936713,92.638815
N005097,24.932468,92.508226
N005098,24.931847,92.50976
N005099,24.931753,92.509959
N005100,24.933608,92.513976
N005101,24.933573,92.514302
N005102,24.933421,92.516578
N005103,24.933449,92.516754
N005104,24.933649,92.521697
N005105,24.933746,92.521715
N005106,24.937196,92.523485
N005107,24.937249,92.523556
N005108,24.932553,92.497347
N005109,24.932415,92.507981
N005110,24.982002,92.509936
N005111,24.98197,92.51001
N005112,24.982851,92.507772
N005113,24.979114,92.51729
N005114,24.871259,92.510985
N005115,24.877287,92.516711
N005116,24.938602,92.533934
N005117,24.938264,92.541843
N005118,24.938664,92.533736
N005119,24.938297,92.541903
N005120,24.94199,92.545587
N005121,24.883477,92.62773
N005122,24.885535,92.630803
N005123,24.891469,92.508503
N005124,24.882305,92.511572
N005125,24.924132,92.842784
N005126,24.942066,92.545619
N005127,24.92846,92.589027
N005128,24.928442,92.589152
N005129,24.928247,92.590815
N005130,24.83179,92.781113
N005131,24.831811,92.781008
N005132,24.890865,92.671641
N005133,24.900596,92.678265
N005134,24.900758,92.678291
N005135,24.903754,92.678767
N005136,24.946577,92.673174
N005137,24.959308,92.687373
N005138,24.959415,92.687488
N005139,24.962172,92.690295
N005140,24.962374,92.690293
N005141,24.963575,92.692422
N005142,25.017734,92.439261
N005143,25.01563,92.440612
N005144,24.921534,92.781194
N005145,24.927961,92.785414
N005146,24.805668,92.857067
N005147,24.812593,92.857907
N005148,24.973929,92.547875
N005149,24.97392,92.548138
N005150,24.975,92.540708
N005151,24.897167,92.898169
N005152,24.89718,92.898355
N005153,24.897237,92.899019
N005154,24.896515,92.90477
N005155,24.916219,92.456331
N005156,24.915847,92.456824
N005157,24.918867,92.452883
N005158,24.888632,92.483225
N005159,24.888368,92.483379
N005160,24.905589,92.471074
N005161,24.905832,92.470714
N005162,24.918969,92.452742
N005163,24.888671,92.886427
N005164,24.888871,92.886579
N005165,24.883743,92.883409
N005166,24.888575,92.886321
N005167,24.858379,92.821888
N005168,24.858238,92.821882
N005169,24.858665,92.821862
N005170,24.857589,92.821947
N005171,24.858872,92.933142
N005172,24.975267,92.865369
N005173,24.899555,92.768273
N005174,24.899529,92.768224
N005175,24.971228,92.765758
N005176,24.970536,92.76537
N005177,24.971376,92.765864
N005178,24.970188,92.765219
N005179,24.970008,92.765137
N005180,24.975044,92.763766
N005181,24.973421,92.766165
N005182,24.977338,92.76201
N005183,24.977152,92.762375
N005184,24.967671,92.573396
N005185,24.967736,92.574761
N005186,24.853366,92.961648
N005187,24.808866,92.914536
N005188,24.786617,92.90005
N005189,24.915456,92.948132
N005190,24.918061,92.962979
N005191,24.962765,92.693031
N005192,24.888975,92.990264
N005193,24.876554,92.987801
N005194,24.876408,92.98784
N005195,24.860506,92.986193
N005196,24.87452,92.934621
N005197,24.830638,92.983549
N005198,24.821691,92.971618
N005199,24.875202,92.903041
N005200,24.830601,92.98259
N005201,24.859676,92.98647
N005202,24.860404,92.986222
N005203,24.859734,92.986448
N005204,24.827423,92.792544
N005205,24.830091,92.614709
N005206,25.029902,91.662727
N005207,25.032652,91.65734
N005208,24.840736,92.716925
N005209,24.840489,92.720026
N005210,25.082939,92.811419
N005211,25.082042,92.810903
N005212,24.811977,92.797252
N005213,24.811992,92.797141
N005214,24.811972,92.797119
N005215,24.811857,92.79716
N005216,24.805588,92.79457
N005217,24.799417,92.792085
N005218,24.862892,92.853896
N005219,24.820237,91.926453
N005220,24.808152,91.913862
N005221,24.821647,91.926485
N005222,24.828679,91.900063
N005223,24.9064,91.880136
N005224,24.906564,91.880346
N005225,24.856237,92.273569
N005226,24.849617,92.285389
N005227,25.031629,91.357869
N005228,25.030179,91.359834
N005229,25.133169,91.749324
N005230,25.108815,91.738012
N005231,24.892154,91.870231
N005232,24.891653,91.870289
N005233,24.97687,91.36103
N005234,24.972373,91.385415
N005235,25.019461,91.659913
N005236,25.126332,91.747906
N005237,25.096788,91.742274
N005238,25.087064,91.743835
N005239,25.108757,91.738012
N005240,25.125962,91.747608
N005241,25.12581,91.750339
N005242,24.866443,91.408653
N005243,24.890289,91.417098
N005244,25.072454,91.369175
N005245,25.07387,91.368592
N005246,24.816929,91.538516
N005247,24.835157,91.524112
N005248,24.835617,91.523717
N005249,24.843231,91.517499
N005250,24.844899,91.518191
N005251,24.849792,91.516171
N005252,24.843593,91.517583
N005253,24.849932,91.51611
N005254,24.851176,91.515593
N005255,24.854764,91.5141
N005256,24.873556,91.493365
N005257,24.873717,91.493246
N005258,24.870467,91.495792
N005259,24.890991,91.475416
N005260,24.897772,91.474477
N005261,24.89839,91.474384
N005262,24.901122,91.470929
N005263,24.902675,91.470084
N005264,24.869953,91.496191
N005265,24.868307,91.499928
N005266,25.883053,91.61531
N005267,25.137918,91.604795
N005268,25.134064,91.610399
N005269,25.12224,91.610677
N005270,25.118188,91.606433
N005271,25.122596,91.610591
N005272,24.949789,91.468993
N005273,24.949793,91.468868
N005274,25.135485,91.576881
N005275,25.138017,91.604664
N005276,25.178305,91.608323
N005277,25.009147,92.256253
N005278,25.001717,92.256172
N005279,24.925261,91.514676
N005280,25.041879,91.356809
N005281,25.040301,91.363635
N005282,25.186532,91.763078
N005283,25.170084,91.573982
N005284,25.142611,91.580548
N005285,25.142527,91.580565
N005286,25.140804,91.575041
N005287,25.144427,91.596372
N005288,25.114065,91.606307
N005289,24.95862,91.882488
N005290,24.958827,91.882372
N005291,25.096399,91.550068
N005292,25.096481,91.550309
N005293,24.912556,91.711775
N005294,24.906309,91.711043
N005295,24.803384,91.913702
N005296,24.77928,91.911645
N005297,25.078216,91.367806
N005298,25.078687,91.367803
N005299,25.083303,91.367782
N005300,25.083488,91.367704
N005301,24.934707,91.682816
N005302,24.930129,91.682799
N005303,24.992969,92.457137
N005304,24.83362,92.796145
N005305,24.835673,92.793328
N005306,24.926772,91.476009
N005307,24.92687,91.476009
N005308,24.927223,91.476073
N005309,24.930058,91.477144
N005310,24.930336,91.477456
N005311,24.935859,91.478853
N005312,24.980396,91.669725
N005313,24.939753,91.646526
N005314,24.939845,91.646107
N005315,24.974855,91.510769
N005316,24.959207,91.521532
N005317,24.992199,91.730348
N005318,24.991477,91.736528
N005319,25.018274,91.628554
N005320,25.02155,91.639846
N005321,25.018262,91.628242
N005322,24.849027,91.726091
N005323,24.863591,91.730991
N005324,25.042939,91.348972
N005325,25.040751,91.671798
N005326,25.049031,91.692636
N005327,25.050491,91.692812
N005328,25.060255,91.700579
N005329,24.871063,91.935455
N005330,24.878465,91.940291
N005331,24.885235,91.942223
N005332,24.88438,91.943999
N005333,24.884051,91.951681
N005334,24.884136,91.944792
N005335,24.941888,91.615061
N005336,24.941897,91.614056
N005337,24.944313,91.602762
N005338,25.008969,91.857657
N005339,25.041198,91.859616
N005340,25.041592,91.859775
N005341,25.029725,91.574441
N005342,24.882706,91.415431
N005343,24.883081,91.413626
N005344,24.959656,91.561982
N005345,24.959223,91.561691
N005346,24.958894,91.561507
N005347,24.948502,91.556807
N005348,24.927541,91.546551
N005349,25.056811,91.550774
N005350,25.051003,91.552056
N005351,25.059006,91.645157
N005352,25.069953,91.637432
N005353,25.01624,91.610615
N005354,25.070053,91.637333
N005355,25.070164,91.637221
N005356,25.07024,91.637146
N005357,25.070413,91.636968
N005358,25.070717,91.63665
N005359,25.173929,91.310171
N005360,25.178685,91.289402
N005361,24.99315,91.515813
N005362,24.985825,91.518001
N005363,25.016968,91.504644
N005364,25.005823,91.48443
N005365,25.033301,91.351358
N005366,24.980651,91.516036
N005367,24.980423,91.515865
N005368,24.983239,91.517856
N005369,24.996421,91.513161
N005370,24.996258,91.513228
N005371,24.999864,91.511342
N005372,24.993276,91.515698
N005373,24.983582,91.518077
N005374,24.975176,91.511125
N005375,25.073265,91.42435
N005376,25.073576,91.424558
N005377,25.071883,91.420763
N005378,25.071874,91.420507
N005379,25.005923,91.713713
N005380,24.992022,91.730266
N005381,24.987913,91.803644
N005382,25.006289,91.83744
N005383,25.001107,92.253023
N005384,25.107839,91.42263
N005385,25.089915,91.367519
N005386,25.090346,91.367528
N005387,25.092545,91.367556
N005388,25.100527,91.367213
N005389,24.958222,91.369796
N005390,25.086606,91.744495
N005391,25.087189,91.750089
N005392,24.844629,91.518303
N005393,24.843803,91.51865
N005394,24.842993,91.518989
N005395,24.842257,91.519297
N005396,25.049605,91.996034
N005397,25.045719,91.995006
N005398,24.81346,91.755713
N005399,25.101141,91.550223
N005400,24.923303,91.349194
N005401,25.113326,91.312409
N005402,25.097947,91.301323
N005403,24.929342,92.207383
N005404,24.922262,92.175381
N005405,24.922342,92.175734
N005406,25.048271,91.558794
N005407,25.144361,91.581143
N005408,25.091341,91.895104
N005409,25.091586,91.895272
N005410,25.086639,91.894049
N005411,25.075945,91.879808
N005412,25.086358,91.893752
N005413,25.066142,91.869296
N005414,25.096516,91.906955
N005415,25.096198,91.905252
N005416,24.844763,91.518246
N005417,24.880753,92.208117
N005418,24.880423,92.207998
N005419,25.038133,91.85898
N005420,25.037566,91.858977
N005421,25.074894,91.4335
N005422,25.06569,91.463686
N005423,25.064443,91.466256
N005424,25.064327,91.466463
N005425,25.064803,91.470717
N005426,25.06494,91.470825
N005427,25.066035,91.507034
N005428,25.065712,91.507521
N005429,25.064939,91.5085
N005430,25.064773,91.508676
N005431,25.064388,91.509091
N005432,25.06427,91.509209
N005433,25.050046,91.54983
N005434,25.125801,91.542189
N005435,24.918427,92.164214
N005436,24.881535,92.223082
N005437,24.872915,92.255584
N005438,24.857712,92.273397
N005439,24.8745,92.24406
N005440,24.871982,92.248557
N005441,24.875247,92.253858
N005442,24.87476,92.254002
N005443,24.902443,91.947593
N005444,24.893062,91.953236
N005445,24.902148,91.950007
N005446,24.905915,91.94918
N005447,24.985529,92.305073
N005448,24.885021,91.942425
N005449,24.884894,91.942006
N005450,24.883792,91.967467
N005451,24.872496,91.967275
N005452,24.869929,91.967162
N005453,24.8838,91.967303
N005454,24.883976,91.967429
N005455,24.88385,91.964897
N005456,24.884007,91.954726
N005457,24.884097,91.95473
N005458,24.883945,91.964898
N005459,24.884087,91.944252
N005460,24.884301,91.944274
N005461,24.884219,91.944787
N005462,24.884306,91.94391
N005463,24.885557,91.942388
N005464,24.8851,91.942528
N005465,24.884201,91.943881
N005466,24.885142,91.94217
N005467,24.878429,91.940381
N005468,24.869048,91.934574
N005469,24.884107,91.953697
N005470,24.879177,91.94087
N005471,24.879221,91.94078
N005472,24.8841,91.943918
N005473,24.884018,91.944087
N005474,24.883845,91.965739
N005475,24.883936,91.965755
N005476,24.883956,91.967312
N005477,24.881467,91.321332
N005478,25.050049,91.797225
N005479,25.050406,91.79695
N005480,25.047769,91.798891
N005481,25.052431,91.79492
N005482,25.054829,91.793155
N005483,25.052225,91.795193
N005484,25.055428,91.792779
N005485,25.062291,91.787601
N005486,25.047073,91.799423
N005487,25.154635,92.10572
N005488,25.997329,92.131983
N005489,24.867648,91.85715
N005490,25.116954,92.11925
N005491,25.11176,91.898846
N005492,25.429516,92.191316
N005493,25.440136,92.193629
N005494,25.442771,92.196765
N005495,25.450172,92.197504
N005496,24.81279,92.860713
N005497,25.096086,91.977074
N005498,25.088919,91.980852
N005499,25.080916,91.758905
N005500,25.08052,91.759466
N005501,25.076695,91.763675
N005502,24.89949,92.017523
N005503,24.921291,92.012711
N005504,24.997333,91.84397
N005505,25.017763,91.829903
N005506,25.0182,91.829592
N005507,26.146434,91.789374
N005508,26.14565,91.790362
N005509,24.888213,91.861196
N005510,24.807982,91.769116
N005511,24.812678,91.775381
N005512,24.807908,91.768919
N005513,26.13877,91.798864
N005514,24.877311,91.875339
N005515,24.877412,91.874797
N005516,24.849341,91.726141
N005517,24.91274,91.812052
N005518,24.912501,91.811413
N005519,24.891012,91.865713
N005520,24.891086,91.865576
N005521,24.899118,91.862443
N005522,24.899136,91.862402
N005523,24.893903,91.878427
N005524,24.893799,91.878294
N005525,24.888876,91.879892
N005526,24.885826,91.88106
N005527,25.096759,91.908361
N005528,25.085043,91.913257
N005529,24.969795,91.789385
N005530,24.95233,91.799392
N005531,24.809904,91.752621
N005532,24.806466,91.761365
N005533,24.860562,91.846154
N005534,24.860616,91.84632
N005535,24.980031,91.911431
N005536,24.969826,91.878893
N005537,24.978978,91.900999
N005538,24.979316,91.905152
N005539,24.899334,91.868731
N005540,24.982582,92.393935
N005541,24.964944,92.261247
N005542,24.954699,92.247903
N005543,24.956236,92.414815
N005544,24.954493,92.417332
N005545,24.948688,92.427016
N005546,24.948579,92.427196
N005547,24.954273,92.4177
N005548,24.872002,92.43083
N005549,24.867434,92.415172
N005550,24.867413,92.414905
N005551,24.866916,92.411304
N005552,24.867623,92.397403
N005553,24.867478,92.397024
N005554,24.86849,92.400783
N005555,24.868457,92.401108
N005556,24.868211,92.404043
N005557,24.866787,92.410841
N005558,24.868179,92.404377
N005559,24.879124,92.458395
N005560,24.877308,92.439803
N005561,24.879079,92.458788
N005562,24.87906,92.458962
N005563,24.984834,91.920991
N005564,24.96474,91.878381
N005565,24.960068,91.881677
N005566,24.959892,91.881776
N005567,24.969416,91.859527
N005568,24.806445,92.09139
N005569,25.000084,91.952965
N005570,24.808103,91.913695
N005571,24.807909,91.912793
N005572,25.009085,91.857934
N005573,25.023123,91.859459
N005574,24.849426,92.072129
N005575,24.838431,92.081056
N005576,24.847237,92.073373
N005577,24.847338,92.073339
N005578,24.899358,92.017442
N005579,24.88877,92.017697
N005580,24.921644,92.012405
N005581,24.9217,92.011909
N005582,25.024746,91.859549
N005583,25.025415,91.859605
N005584,24.828364,91.998118
N005585,24.847608,91.95188
N005586,24.843057,92.160259
N005587,24.836782,92.161116
N005588,25.029228,92.006953
N005589,24.911602,92.249663
N005590,24.920226,92.273239
N005591,24.911478,92.249046
N005592,24.89438,92.195002
N005593,24.870487,91.967121
N005594,24.870324,91.930829
N005595,26.141534,91.795548
N005596,25.103146,91.970984
N005597,25.145585,92.012496
N005598,24.991853,91.730157
N005599,24.991036,91.730728
N005600,24.990038,91.73108
N005601,24.986601,91.760688
N005602,25.024067,91.82273
N005603,25.042434,91.803206
N005604,24.99762,91.843745
N005605,24.96475,91.851112
N005606,24.964582,91.843284
N005607,24.964618,91.843158
N005608,24.886668,91.838601
N005609,25.058637,91.790664
N005610,25.061805,91.787998
N005611,25.058175,91.791056
N005612,25.070304,91.78361
N005613,25.066411,91.730781
N005614,25.068457,91.735491
N005615,25.068488,91.735756
N005616,25.063508,91.711754
N005617,25.06155,91.705142
N005618,25.061513,91.704944
N005619,25.06114,91.702869
N005620,25.06089,91.701817
N005621,25.060947,91.702044
N005622,25.061041,91.702636
N005623,24.849287,92.163381
N005624,24.853456,92.172206
N005625,24.870628,92.189643
N005626,24.875438,92.19351
N005627,24.875779,92.193779
N005628,24.901127,92.14434
N005629,24.900998,92.14393
N005630,24.902397,92.1482
N005631,24.911294,92.157113
N005632,24.906893,92.153194
N005633,24.906576,92.152917
N005634,24.902435,92.147815
N005635,24.902581,92.148082
N005636,24.885716,92.083055
N005637,24.884768,92.072455
N005638,24.885719,92.083237
N005639,24.885779,92.085015
N005640,24.885784,92.08509
N005641,24.907683,92.070543
N005642,24.906353,92.095884
N005643,24.90633,92.096009
N005644,24.915536,92.11525
N005645,24.820092,92.598692
N005646,24.820213,92.598681
N005647,24.829034,92.597829
N005648,26.159113,91.765998
N005649,26.186418,91.742892
N005650,24.805736,92.617531
N005651,24.808812,92.600027
N005652,24.848186,92.559073
N005653,24.853531,92.561539
N005654,24.821875,92.42596
N005655,24.821886,92.426604
N005656,24.813951,92.509035
N005657,24.810418,92.522793
N005658,24.814227,92.504156
N005659,24.810946,92.452709
N005660,24.814084,92.508695
N005661,24.861268,92.564585
N005662,26.125646,92.004494
N005663,26.119898,92.001392
N005664,26.220531,91.624163
N005665,26.11123,91.788371
N005666,26.113774,91.835177
N005667,26.114158,91.834796
N005668,26.113539,91.835237
N005669,26.112742,91.836557
N005670,26.11373,91.83546
N005671,26.113556,91.835504
N005672,26.114268,91.834803
N005673,26.112801,91.83661
N005674,26.104165,91.514033
N005675,26.137337,91.629694
N005676,26.137355,91.629233
N005677,26.137264,91.62916
N005678,26.136236,91.626073
N005679,26.134173,91.6243
N005680,26.134103,91.624409
N005681,26.100185,91.879052
N005682,26.121305,91.937759
N005683,26.106861,92.127322
N005684,26.118939,92.099818
N005685,26.106739,92.127314
N005686,26.118831,92.09984
N005687,26.114829,92.073735
N005688,26.115522,92.085157
N005689,26.11562,92.085112
N005690,26.114944,92.073769
N005691,26.122508,91.973214
N005692,26.122173,91.973159
N005693,26.173861,91.728724
N005694,26.17854,91.73396
N005695,26.166894,91.769093
N005696,26.180129,91.77424
N005697,26.165211,91.768225
N005698,26.166409,91.768903
N005699,26.165465,91.768482
N005700,26.17356,91.779687
N005701,26.168977,91.829414
N005702,26.170157,91.828688
N005703,26.168692,91.829608
N005704,26.150195,91.696015
N005705,26.193762,91.496601
N005706,26.104438,91.514387
N005707,26.104611,91.514917
N005708,26.104096,91.513981
N005709,26.10475,91.515266
N005710,26.104116,91.513896
N005711,26.157607,91.671555
N005712,26.083286,91.578019
N005713,26.153328,91.783963
N005714,26.111301,91.791624
N005715,26.183372,91.671365
N005716,26.197807,91.799591
N005717,26.202175,91.79871
N005718,26.115497,91.72027
N005719,26.134041,92.422211
N005720,26.158801,92.353539
N005721,26.186139,92.608518
N005722,26.17248,92.707095
N005723,26.1725,92.706727
N005724,26.174365,92.697374
N005725,26.175354,92.68796
N005726,26.192554,92.747269
N005727,26.158855,91.688855
N005728,26.118031,92.645119
N005729,26.19164,92.660947
N005730,26.196535,92.660137
N005731,26.196836,92.660043
N005732,26.205139,92.658895
N005733,26.151861,91.969003
N005734,26.161112,91.935379
N005735,26.132068,91.551877
N005736,26.1293,91.546376
N005737,26.136056,91.56017
N005738,26.168337,92.745622
N005739,26.168185,92.745839
N005740,26.230674,92.741855
N005741,26.190961,92.73691
N005742,26.190997,92.736789
N005743,26.23072,92.74173
N005744,26.168144,92.745708
N005745,26.168298,92.745501
N005746,26.137789,92.817272
N005747,26.138723,92.809904
N005748,26.137686,92.81724
N005749,26.138607,92.809904
N005750,26.138829,92.809531
N005751,26.139942,92.805561
N005752,26.138731,92.809488
N005753,26.139829,92.80555
N005754,26.140021,92.805285
N005755,26.146506,92.776204
N005756,26.13993,92.805221
N005757,26.146429,92.776121
N005758,26.146693,92.775976
N005759,26.155196,92.7667
N005760,26.15512,92.766593
N005761,26.146616,92.775893
N005762,26.158675,91.953764
N005763,26.160459,91.954355
N005764,26.160551,91.954376
N005765,26.166238,91.960455
N005766,26.166332,91.960516
N005767,26.167788,91.962214
N005768,26.151783,91.969053
N005769,26.200748,91.971656
N005770,26.189553,91.484465
N005771,26.187795,91.499687
N005772,26.195623,92.096996
N005773,26.211728,92.100812
N005774,26.194028,92.082838
N005775,26.19401,92.082897
N005776,26.121294,91.937883
N005777,26.121405,91.937896
N005778,26.194765,91.495994
N005779,26.194004,91.496453
N005780,26.19551,92.096796
N005781,26.114885,91.518096
N005782,26.109899,91.511463
N005783,26.110672,91.511646
N005784,26.116552,91.966848
N005785,26.109152,91.966761
N005786,26.101442,91.40895
N005787,26.099089,91.355908
N005788,26.121309,92.003655
N005789,26.121176,92.003754
N005790,26.157248,92.764594
N005791,26.152823,92.769873
N005792,26.152778,92.769746
N005793,26.157335,92.764322
N005794,26.176739,92.738997
N005795,26.176909,92.738889
N005796,26.17668,92.738863
N005797,26.176852,92.738769
N005798,26.114259,92.079125
N005799,26.114163,92.079079
N005800,26.151911,92.653488
N005801,26.185334,91.701932
N005802,26.091052,91.38071
N005803,26.062451,91.380992
N005804,26.098726,91.425321
N005805,26.134467,91.557159
N005806,26.111392,91.419872
N005807,26.106411,91.421949
N005808,26.090905,91.426044
N005809,26.090524,91.426135
N005810,26.090456,91.426162
N005811,26.089975,91.426446
N005812,26.09082,91.426061
N005813,26.120729,91.54184
N005814,26.17172,91.748303
N005815,26.168774,91.746694
N005816,26.168791,91.746578
N005817,25.272837,91.732713
N005818,26.111333,91.758124
N005819,26.111472,91.74966
N005820,26.119145,91.69655
N005821,26.115949,91.718972
N005822,26.115735,91.717593
N005823,26.115592,91.71883
N005824,26.147136,91.740756
N005825,26.049917,91.563304
N005826,26.019831,91.565797
N005827,26.109193,91.664493
N005828,26.166819,91.766526
N005829,25.569871,91.893578
N005830,26.111588,91.748961
N005831,26.111439,91.754329
N005832,26.111569,91.749962
N005833,26.111687,91.749943
N005834,25.571921,91.908077
N005835,26.185825,91.750515
N005836,26.111868,91.749435
N005837,26.162821,91.767433
N005838,25.287314,92.107842
N005839,26.081453,91.611723
N005840,26.080979,91.611704
N005841,26.074001,91.470949
N005842,26.077321,91.463948
N005843,26.075985,91.464219
N005844,25.120144,91.751316
N005845,24.844479,92.309719
N005846,24.842968,92.263776
N005847,24.833416,92.25387
N005848,26.111667,91.788311
N005849,25.168011,91.744012
N005850,24.906217,91.881671
N005851,24.947946,91.800676
N005852,26.111262,91.79068
N005853,24.816562,92.967494
N005854,26.112904,91.734401
N005855,26.159887,91.704808
N005856,26.159435,91.700586
N005857,25.572024,91.876665
N005858,25.579474,91.873361
N005859,25.528983,91.81246
N005860,25.519506,91.810774
N005861,25.706291,91.974752
N005862,24.838901,92.79186
N005863,25.098834,92.836431
N005864,25.099198,92.836852
N005865,26.126478,92.253701
N005866,26.0031,92.853788
N005867,26.15907,91.693847
N005868,26.121199,91.74862
N005869,26.121058,91.750272
N005870,26.121043,91.750363
N005871,26.131527,91.807871
N005872,26.131604,91.80799
N005873,26.120567,91.778965
N005874,26.122722,91.749424
N005875,26.122928,91.74848
N005876,26.124768,91.779183
N005877,26.131781,91.808561
N005878,26.168687,91.746539
N005879,26.168803,91.746626
N005880,26.168685,91.746709
N005881,26.168741,91.746534
N005882,26.168739,91.746715
N005883,26.168338,91.746398
N005884,26.16828,91.746532
N005885,26.163695,91.746567
N005886,26.168637,91.746638
N005887,26.168521,91.746604
N005888,26.163729,91.746503
N005889,26.163706,91.74656
N005890,26.163615,91.7465
N005891,26.163674,91.746446
N005892,26.171634,91.748204
N005893,26.164556,91.746568
N005894,26.164479,91.746517
N005895,26.149498,91.785467
N005896,26.145282,91.786713
N005897,26.14525,91.786559
N005898,26.149649,91.785298
N005899,26.149679,91.785511
N005900,26.149794,91.785374
N005901,26.117229,91.70379
N005902,26.11589,91.714759
N005903,26.115896,91.71503
N005904,26.115741,91.71505
N005905,26.115676,91.717629
N005906,26.111865,91.749371
N005907,26.112793,91.734987
N005908,26.11286,91.73468
N005909,26.115628,91.720283
N005910,26.114418,91.726268
N005911,26.139798,91.791165
N005912,26.139411,91.79018
N005913,26.143979,91.792327
N005914,26.165093,92.353632
N005915,24.902675,92.148192
N005916,26.177357,91.741511
N005917,26.11384,91.806104
N005918,26.113227,91.835717
N005919,26.113144,91.835678
N005920,26.119654,91.825129
N005921,26.045749,91.868562
N005922,26.147649,91.787808
N005923,26.147142,91.788481
N005924,24.881455,91.87555
N005925,26.111595,91.79238
N005926,26.111758,91.792653
N005927,26.111356,91.792606
N005928,26.111493,91.792379
N005929,26.111286,91.791278
N005930,26.06416,92.594141
N005931,26.062402,92.602644
N005932,26.159143,91.693853
N005933,26.15914,91.694016
N005934,26.16435,91.715777
N005935,26.159124,91.696188
N005936,26.15919,91.696131
N005937,26.159105,91.696202
N005938,26.159154,91.696419
N005939,26.161509,91.694663
N005940,26.159161,91.696061
N005941,26.150447,92.250714
N005942,26.151453,92.246768
N005943,26.147459,92.245969
N005944,26.151789,92.252281
N005945,26.145588,92.202937
N005946,26.150051,92.203421
N005947,26.152304,92.204231
N005948,26.159594,92.205826
N005949,26.155221,92.201861
N005950,26.155054,92.202825
N005951,26.141965,92.198192
N005952,26.150626,92.199608
N005953,26.149378,92.198464
N005954,26.142902,92.268841
N005955,26.187821,91.742303
N005956,26.11135,91.777307
N005957,26.111393,91.767248
N005958,26.111201,91.776304
N005959,26.111059,91.777476
N005960,26.111052,91.776278
N005961,26.111233,91.767271
N005962,26.129474,91.795483
N005963,26.173096,91.72761
N005964,26.22062,91.699464
N005965,26.170808,91.724188
N005966,26.178154,91.734061
N005967,26.173164,91.730596
N005968,26.173045,91.730296
N005969,26.166033,91.779567
N005970,26.177472,91.775815
N005971,26.17739,91.775904
N005972,26.166054,91.779706
N005973,26.177991,91.775724
N005974,26.174817,91.776724
N005975,26.173656,91.779559
N005976,26.173632,91.779527
N005977,26.174624,91.776772
N005978,26.165879,91.779761
N005979,26.165889,91.77961
N005980,26.197232,91.790912
N005981,26.184956,91.756631
N005982,26.185,91.756379
N005983,26.174802,91.77662
N005984,26.17457,91.776686
N005985,26.190222,91.749614
N005986,26.188296,91.743304
N005987,26.129246,91.759421
N005988,26.098777,91.595576
N005989,26.129924,91.849803
N005990,26.124752,92.192258
N005991,26.154801,92.201863
N005992,26.155382,92.201213
N005993,25.932831,92.701613
N005994,26.001387,92.849516
N005995,25.986803,92.881146
N005996,25.994047,92.870393
N005997,26.006221,92.867432
N005998,26.014636,92.865745
N005999,26.044044,92.884959
N006000,26.020745,92.872247
N006001,26.021181,92.872512
N006002,26.068412,92.897364
N006003,26.061575,92.901079
N006004,26.064416,92.899452
N006005,26.060633,92.901732
N006006,26.060445,92.901836
N006007,26.060373,92.901716
N006008,26.060592,92.901595
N006009,26.073403,92.894436
N006010,26.07318,92.894618
N006011,26.073097,92.894514
N006012,26.073324,92.894323
N006013,26.121568,92.857194
N006014,26.121527,92.857408
N006015,26.12733,92.844994
N006016,26.121408,92.85743
N006017,26.121455,92.857152
N006018,26.127249,92.844927
N006019,26.115905,92.874746
N006020,26.115792,92.874554
N006021,26.155018,92.766606
N006022,26.155202,92.766852
N006023,26.154956,92.76677
N006024,26.155071,92.76685
N006025,26.089852,92.880454
N006026,26.08995,92.88055
N006027,26.086397,92.884032
N006028,26.086333,92.883933
N006029,26.086164,92.884104
N006030,26.08141,92.887872
N006031,26.086203,92.88424
N006032,26.08146,92.887983
N006033,26.067283,92.959413
N006034,26.071088,92.976956
N006035,26.155221,92.970509
N006036,26.155474,92.970254
N006037,26.165637,92.962257
N006038,26.049542,92.907515
N006039,26.049603,92.907645
N006040,26.103597,93.00623
N006041,26.071154,92.976949
N006042,26.079628,92.976496
N006043,26.05032,92.966765
N006044,26.066197,92.975667
N006045,26.043976,92.884922
N006046,26.061468,92.988056
N006047,26.061428,92.988113
N006048,26.081595,92.979244
N006049,26.081587,92.979307
N006050,26.079683,92.976492
N006051,26.081381,92.888048
N006052,26.081325,92.887938
N006053,26.08633,92.994198
N006054,26.053524,93.00158
N006055,25.100561,92.838988
N006056,25.100538,92.838309
N006057,25.100396,92.838043
N006058,26.118205,91.699955
N006059,26.118647,91.818034
N006060,26.133235,91.80582
N006061,26.133284,91.805907
N006062,26.149854,91.785304
N006063,26.149768,91.785169
N006064,26.183437,91.774925
N006065,26.18345,91.774729
N006066,25.109717,92.935967
N006067,25.368252,92.805045
N006068,25.178104,92.818872
N006069,25.327139,92.81767
N006070,25.365038,92.813144
N006071,25.528727,92.635742
N006072,25.52945,92.635292
N006073,24.951681,93.010069
N006074,24.946602,92.996438
N006075,25.918153,92.957586
N006076,25.916517,92.955087
N006077,25.915971,92.956026
N006078,25.916892,92.953564
N006079,25.916591,92.954756
N006080,25.916431,92.95527
N006081,25.916816,92.953848
N006082,25.930703,92.953532
N006083,25.380849,91.271686
N006084,24.968686,92.861104
N006085,24.968584,92.861043
N006086,24.969429,92.861598
N006087,24.974552,92.874089
N006088,24.974665,92.890773
N006089,24.974615,92.890606
N006090,24.974205,92.887951
N006091,24.97411,92.887806
N006092,24.974468,92.889871
N006093,24.974352,92.888901
N006094,24.96657,92.881796
N006095,25.107475,92.994145
N006096,25.104328,92.868048
N006097,25.114713,92.856263
N006098,25.11456,92.856243
N006099,25.116702,92.859133
N006100,25.120579,92.860013
N006101,24.974317,92.865154
N006102,25.081372,92.810615
N006103,25.081613,92.810693
N006104,25.080732,92.810476
N006105,24.858983,92.821894
N006106,24.862792,92.82142
N006107,25.060255,92.804365
N006108,24.838137,92.72285
N006109,24.836328,92.724505
N006110,24.8399,92.720705
N006111,24.839507,92.72118
N006112,24.840452,92.716307
N006113,24.836103,92.724716
N006114,24.838938,92.792126
N006115,24.838682,92.792064
N006116,25.05817,92.802828
N006117,25.05799,92.802683
N006118,25.059847,92.805437
N006119,25.049838,92.801742
N006120,25.049435,92.801594
N006121,25.046943,92.792812
N006122,25.046859,92.792442
N006123,25.039695,92.781793
N006124,25.039755,92.781775
N006125,25.047007,92.790773
N006126,25.04698,92.792421
N006127,25.047058,92.792752
N006128,25.047009,92.791945
N006129,25.049002,92.794717
N006130,25.049503,92.801479
N006131,25.049864,92.801613
N006132,25.049624,92.795138
N006133,25.056692,92.80134
N006134,25.037752,92.780178
N006135,24.982629,92.756843
N006136,24.982483,92.75678
N006137,24.984682,92.756085
N006138,24.982531,92.756686
N006139,24.982669,92.756742
N006140,24.984539,92.756125
N006141,24.977028,92.76227
N006142,24.977162,92.761981
N006143,24.973058,92.765992
N006144,24.972802,92.765982
N006145,24.971428,92.76576
N006146,24.97126,92.765624
N006147,24.970221,92.765111
N006148,24.970045,92.765032
N006149,24.968894,92.763831
N006150,24.968787,92.763886
N006151,24.96885,92.763636
N006152,24.967969,92.760415
N006153,24.967826,92.760387
N006154,24.995316,92.741341
N006155,24.995991,92.741298
N006156,24.994951,92.741314
N006157,24.996006,92.741421
N006158,24.995339,92.741474
N006159,24.994861,92.741404
N006160,24.996609,92.741593
N006161,24.99207,92.742754
N006162,24.996538,92.741381
N006163,24.991977,92.742663
N006164,24.991766,92.742992
N006165,24.990955,92.747144
N006166,24.991851,92.743102
N006167,24.991009,92.747334
N006168,25.001225,92.747431
N006169,25.001234,92.747306
N006170,25.005047,92.746885
N006171,25.001339,92.747295
N006172,25.00133,92.747443
N006173,25.005008,92.746786
N006174,25.005121,92.746839
N006175,24.990914,92.747552
N006176,24.990665,92.747864
N006177,24.990574,92.74777
N006178,24.990828,92.747453
N006179,24.98496,92.755266
N006180,24.985143,92.754916
N006181,24.984801,92.755655
N006182,24.985061,92.755323
N006183,24.984898,92.755692
N006184,24.98519,92.755066
N006185,24.987514,92.752081
N006186,24.98771,92.751885
N006187,24.98897,92.750813
N006188,24.987779,92.751977
N006189,24.98758,92.752181
N006190,24.989073,92.75086
N006191,24.989176,92.750416
N006192,24.990328,92.748414
N006193,24.98927,92.750462
N006194,24.990492,92.748096
N006195,24.991047,92.74719
N006196,25.031904,92.777048
N006197,25.034892,92.778642
N006198,25.037628,92.780112
N006199,25.035561,92.779237
N006200,25.028623,92.772075
N006201,25.027707,92.770805
N006202,25.023514,92.771339
N006203,25.023279,92.771229
N006204,25.022614,92.771041
N006205,25.023337,92.771111
N006206,25.023595,92.771229
N006207,25.030261,92.775437
N006208,25.017941,92.769547
N006209,25.083007,92.812039
N006210,25.082021,92.816762
N006211,25.01068,92.754393
N006212,25.010556,92.754088
N006213,25.007847,92.748365
N006214,25.014621,92.762395
N006215,25.014651,92.762168
N006216,25.015387,92.764783
N006217,25.005833,92.746823
N006218,25.005384,92.746784
N006219,25.006512,92.746872
N006220,25.007707,92.748144
N006221,25.007248,92.747365
N006222,25.00781,92.748052
N006223,25.008175,92.748916
N006224,25.010664,92.754023
N006225,25.010803,92.754335
N006226,25.01475,92.762158
N006227,25.014712,92.7624
N006228,25.015552,92.764734
N006229,25.015718,92.764849
N006230,25.005829,92.746666
N006231,25.006527,92.746735
N006232,25.007355,92.747277
N006233,24.926693,92.590881
N006234,24.926791,92.590873
N006235,24.80875,92.761683
N006236,24.807685,92.762324
N006237,24.807597,92.762379
N006238,24.80645,92.763134
N006239,24.817558,92.758165
N006240,24.809408,92.761321
N006241,24.794874,92.771312
N006242,24.831857,92.35522
N006243,24.831402,92.355063
N006244,26.19161,92.248186
N006245,26.187412,92.266358
N006246,26.196621,92.311112
N006247,24.834341,92.619377
N006248,24.828262,92.634338
N006249,24.824434,92.644463
N006250,24.974039,92.458871
N006251,24.934002,92.496893
N006252,24.88324,92.495906
N006253,24.902899,92.704562
N006254,24.915311,92.731896
N006255,24.848431,92.807873
N006256,24.848481,92.81516
N006257,24.832325,92.795683
N006258,24.895211,92.856153
N006259,26.183086,91.671526
N006260,25.666651,91.634424
N006261,25.725514,91.669596
N006262,25.733296,91.675485
N006263,25.819101,91.652066
N006264,25.873887,91.472233
N006265,25.915909,91.469868
N006266,25.866969,91.495632
N006267,25.873877,91.472708
N006268,25.920829,91.471354
N006269,25.921857,91.471463
N006270,25.921277,91.471409
N006271,25.921749,91.471455
N006272,25.93356,91.30857
N006273,25.924234,91.261877
N006274,24.835117,92.375477
N006275,24.843599,92.36694
N006276,24.799786,92.481829
N006277,24.843866,92.406042
N006278,24.843589,92.405138
N006279,24.843406,92.404347
N006280,24.843247,92.403337
N006281,24.843533,92.404309
N006282,24.843719,92.405095
N006283,24.843145,92.402969
N006284,24.795868,92.412931
N006285,24.857945,92.492765
N006286,24.859193,92.3165
N006287,24.861991,92.318002
N006288,24.864401,92.368607
N006289,24.86431,92.368606
N006290,24.864165,92.368577
N006291,24.86431,92.368533
N006292,24.815496,92.395074
N006293,24.801252,92.41125
N006294,24.85039,92.493647
N006295,24.873297,92.582279
N006296,24.87386,92.582396
N006297,24.873605,92.582107
N006298,24.900458,92.254852
N006299,24.880127,92.250121
N006300,24.87637,92.25287
N006301,24.810988,92.286023
N006302,24.829193,92.281675
N006303,24.842734,92.263618
N006304,24.845195,92.306466
N006305,24.845227,92.306689
N006306,24.849359,92.28558
N006307,24.817768,92.758072
N006308,24.83034,92.752185
N006309,24.830743,92.751908
N006310,24.830995,92.751922
N006311,24.830929,92.751882
N006312,26.165348,91.768413
N006313,26.165352,91.768062
N006314,24.809106,92.761495
N006315,24.793295,92.216661
N006316,25.082926,92.81156
N006317,26.164493,91.74663
N006318,25.221958,93.005235
N006319,25.203238,92.9649
N006320,25.280186,92.892591
N006321,25.583167,91.899216
N006322,25.583529,91.89962
N006323,25.614618,91.911248
N006324,25.914308,92.876717
N006325,25.913106,92.876586
N006326,25.930163,92.878831
N006327,25.930276,92.869729
N006328,25.927486,92.882746
N006329,25.922685,92.882332
N006330,25.930347,92.905648
N006331,25.931304,92.901099
N006332,25.968901,92.581925
N006333,25.977912,92.577321
N006334,24.848204,91.896692
N006335,24.848179,91.89676
N006336,26.197562,92.403418
N006337,24.977141,92.530975
N006338,24.866815,92.36746
N006339,25.757543,92.914947
N006340,25.757615,92.915074
N006341,25.737077,92.876042
N006342,25.737606,92.875787
N006343,25.738115,92.875738
N006344,24.832545,92.795835
N006345,24.83255,92.795661
N006346,26.151348,92.245842
N006347,25.618132,92.243878
N006348,25.614521,92.247687
N006349,25.610305,92.23845
N006350,25.614096,92.233588
N006351,26.025579,92.875489
N006352,26.000623,92.96266
N006353,25.992637,92.927218
N006354,25.981725,92.953987
N006355,25.989866,92.93884
N006356,25.97925,92.936606
N006357,26.040406,92.883774
N006358,26.026107,92.903599
N006359,24.919111,91.831793
N006360,24.911001,91.83231
N006361,25.565876,91.85699
N006362,25.55971,91.852352
N006363,25.8034,92.119522
N006364,25.878657,92.043291
N006365,26.18035,91.745949
N006366,26.119604,91.822267
N006367,24.864412,92.368562
N006368,24.864338,92.368629
N006369,26.13434,91.673131
N006370,26.097156,91.34169
N006371,26.103067,91.593457
N006372,26.10313,91.593299
N006373,26.103189,91.593138
N006374,26.103192,91.59331
N006375,26.10651,92.991474
N006376,26.107484,92.9883
N006377,26.101442,92.977169
N006378,26.115557,92.874617
N006379,26.115708,92.874534
N006380,26.11567,92.874961
N006381,26.115887,92.87484
N006382,26.115561,92.874887
N006383,25.590651,91.588313
N006384,25.587437,91.622445
N006385,26.17982,92.737141
N006386,26.179781,92.737051
N006387,25.918674,92.946318
N006388,25.916794,92.943732
N006389,25.703261,91.867609
N006390,25.694485,91.880397
N006391,25.745682,91.843651
N006392,25.702836,91.875694
N006393,25.756498,91.87446
N006394,25.731538,91.878004
N006395,25.750751,91.808644
N006396,25.666415,91.6345
N006397,25.662049,91.636689
N006398,25.661592,91.636484
N006399,25.875383,92.066588
N006400,25.875395,92.06678
N006401,25.885612,92.070151
N006402,25.88987,91.916847
N006403,25.96131,92.016045
N006404,25.961281,92.016181
N006405,25.955263,92.030192
N006406,25.955216,92.030232
N006407,25.9655,92.093639
N006408,25.961061,91.99523
N006409,26.006473,92.066209
N006410,26.00669,92.066212
N006411,26.005561,92.093615
N006412,26.003916,92.091167
N006413,25.998974,92.087699
N006414,25.998879,92.087802
N006415,25.962993,92.031153
N006416,25.965591,92.093934
N006417,25.97753,92.084456
N006418,25.961253,91.994113
N006419,25.955088,91.992419
N006420,25.963377,91.992425
N006421,25.972603,91.987744
N006422,25.31569,92.68597
N006423,25.306952,92.692696
N006424,25.315855,92.685556
N006425,25.332184,92.663053
N006426,25.360581,92.696178
N006427,25.945682,91.760913
N006428,25.989924,91.85935
N006429,25.945248,91.760285
N006430,25.858999,91.654014
N006431,25.706243,91.508134
N006432,25.705682,91.575122
N006433,25.882831,91.615318
N006434,25.524858,91.529344
N006435,25.523529,91.527194
N006436,25.548608,91.509503
N006437,25.548909,91.50947
N006438,25.551495,91.504945
N006439,25.551498,91.504815
N006440,25.561812,91.491542
N006441,25.561863,91.49142
N006442,25.562967,91.490367
N006443,25.563019,91.490241
N006444,25.583025,91.49086
N006445,25.583132,91.490929
N006446,25.611481,91.506064
N006447,25.620567,91.482921
N006448,25.605042,91.455741
N006449,25.587615,91.5007
N006450,25.589624,91.476612
N006451,25.587762,91.622182
N006452,25.587612,91.622013
N006453,25.643744,91.325563
N006454,25.649574,91.332188
N006455,25.649727,91.332464
N006456,25.649218,91.329131
N006457,25.651894,91.304802
N006458,25.181219,91.93265
N006459,25.17966,91.935712
N006460,25.181081,91.932411
N006461,25.182753,91.915972
N006462,25.182719,91.915655
N006463,25.181054,91.899245
N006464,25.392581,91.485948
N006465,25.390988,91.485504
N006466,25.387754,91.488151
N006467,25.36892,91.474653
N006468,25.678964,91.429749
N006469,25.703534,91.574988
N006470,25.771325,91.571619
N006471,25.528634,91.397637
N006472,25.790132,92.236937
N006473,25.878179,92.34586
N006474,25.933774,91.901828
N006475,25.261513,92.498095
N006476,25.365312,92.316053
N006477,25.365674,92.320125
N006478,25.365177,92.314553
N006479,25.361609,92.245859
N006480,25.416879,92.287326
N006481,25.339973,92.202619
N006482,25.416648,92.3024
N006483,25.437287,92.358069
N006484,25.391662,92.321162
N006485,25.414071,92.318689
N006486,25.369382,92.33393
N006487,25.391415,92.333074
N006488,25.391959,92.330201
N006489,25.393157,92.315153
N006490,26.220732,91.699087
N006491,26.175404,91.730508
N006492,25.732807,91.675335
N006493,25.725963,91.669635
N006494,25.749675,91.665341
N006495,25.757692,91.740394
N006496,25.563614,91.378666
N006497,25.53519,91.372108
N006498,25.537568,91.36544
N006499,25.498136,91.353515
N006500,25.386554,92.465379
N006501,25.401405,92.4611
N006502,25.387128,92.456866
N006503,25.388487,92.537895
N006504,25.284964,91.903934
N006505,25.284272,91.903149
N006506,25.28493,91.904113
N006507,25.266339,91.910862
N006508,25.266228,91.911208
N006509,25.231905,91.901506
N006510,25.231997,91.901241
N006511,25.219994,91.908294
N006512,25.883538,92.069899
N006513,25.810817,91.953164
N006514,25.849902,91.966905
N006515,25.793802,91.930605
N006516,25.790464,91.992903
N006517,25.746662,91.886729
N006518,25.749918,91.887685
N006519,25.749949,91.887181
N006520,25.750758,91.887155
N006521,25.747777,91.888951
N006522,25.752989,91.88732
N006523,25.767941,91.903169
N006524,25.768115,91.903229
N006525,25.797264,91.938619
N006526,25.723709,91.986433
N006527,25.719341,91.987128
N006528,25.721903,91.983749
N006529,25.79205,92.046758
N006530,25.738492,91.886057
N006531,25.745812,91.906064
N006532,25.705266,91.89914
N006533,25.724171,91.929601
N006534,24.821168,92.159555
N006535,24.833199,92.16143
N006536,25.575588,91.890912
N006537,26.111576,91.749595
N006538,26.111685,91.749546
N006539,26.111472,91.749603
N006540,26.111554,91.749551
N006541,26.111658,91.749489
N006542,24.950521,91.866199
N006543,24.956966,91.870002
N006544,24.957151,91.869825
N006545,24.884023,91.953706
N006546,25.519449,91.810859
N006547,25.517775,91.812798
N006548,24.889846,91.867906
