edge_id,from_node_id,to_node_id,road_id,distance_m,status
1,N001000,N001001,R0001,11745.529552363823,OPEN
2,N001001,N001000,R0001,11745.529552363823,OPEN
3,N001002,N001003,R0002,21443.37757588129,OPEN
4,N001003,N001002,R0002,21443.37757588129,OPEN
5,N001004,N001005,R0003,369.2836552538173,OPEN
6,N001005,N001004,R0003,369.2836552538173,OPEN
7,N001006,N001007,R0004,602.614467879646,OPEN
8,N001007,N001006,R0004,602.614467879646,OPEN
9,N001008,N001009,R0005,1025.8098026008004,OPEN
10,N001009,N001008,R0005,1025.8098026008004,OPEN
11,N001010,N001011,R0006,5380.303787839176,OPEN
12,N001011,N001010,R0006,5380.303787839176,OPEN
13,N001012,N001013,R0007,890.648562769715,OPEN
14,N001013,N001012,R0007,890.648562769715,OPEN
15,N001014,N001015,R0008,1676.856855689871,OPEN
16,N001015,N001014,R0008,1676.856855689871,OPEN
17,N001016,N001017,R0009,347.110983189886,OPEN
18,N001017,N001016,R0009,347.110983189886,OPEN
19,N001018,N001019,R0010,894.9112717956943,OPEN
20,N001019,N001018,R0010,894.9112717956943,OPEN
21,N001020,N001021,R0011,313.8035512595848,OPEN
22,N001021,N001020,R0011,313.8035512595848,OPEN
23,N001022,N001023,R0012,3107.5497149441603,OPEN
24,N001023,N001022,R0012,3107.5497149441603,OPEN
25,N001024,N001025,R0013,642.6200025616396,OPEN
26,N001025,N001024,R0013,642.6200025616396,OPEN
27,N001026,N001027,R0014,1323.220217514839,OPEN
28,N001027,N001026,R0014,1323.220217514839,OPEN
29,N001028,N001029,R0015,1435.3387499734213,OPEN
30,N001029,N001028,R0015,1435.3387499734213,OPEN
31,N001030,N001031,R0016,1438.5288837166609,OPEN
32,N001031,N001030,R0016,1438.5288837166609,OPEN
33,N001032,N001033,R0017,1237.8732320309455,OPEN
34,N001033,N001032,R0017,1237.8732320309455,OPEN
35,N001034,N001035,R0018,7277.557920266433,OPEN
36,N001035,N001034,R0018,7277.557920266433,OPEN
37,N001036,N001037,R0019,1654.3530268258792,OPEN
38,N001037,N001036,R0019,1654.3530268258792,OPEN
39,N001036,N001037,R0020,1654.3530268258792,OPEN
40,N001037,N001036,R0020,1654.3530268258792,OPEN
41,N001038,N001039,R0021,4555.964820018309,OPEN
42,N001039,N001038,R0021,4555.964820018309,OPEN
43,N001040,N001041,R0022,5040.396437560084,OPEN
44,N001041,N001040,R0022,5040.396437560084,OPEN
45,N001042,N001043,R0023,2196.7304019864523,OPEN
46,N001043,N001042,R0023,2196.7304019864523,OPEN
47,N001044,N001045,R0024,10086.309983902494,OPEN
48,N001045,N001044,R0024,10086.309983902494,OPEN
49,N001046,N001047,R0025,2532.8600694698735,OPEN
50,N001047,N001046,R0025,2532.8600694698735,OPEN
51,N001048,N001049,R0026,4248.992908789049,OPEN
52,N001049,N001048,R0026,4248.992908789049,OPEN
53,N001050,N001051,R0027,39.2430220588513,OPEN
54,N001051,N001050,R0027,39.2430220588513,OPEN
55,N001052,N001050,R0028,785.8202254422374,OPEN
56,N001050,N001052,R0028,785.8202254422374,OPEN
57,N001053,N001054,R0029,3782.4837967792287,OPEN
58,N001054,N001053,R0029,3782.4837967792287,OPEN
59,N001055,N001056,R0030,603.1830441661117,OPEN
60,N001056,N001055,R0030,603.1830441661117,OPEN
61,N001057,N001058,R0031,467.9617709423933,OPEN
62,N001058,N001057,R0031,467.9617709423933,OPEN
63,N001059,N001057,R0032,70.0511396798921,OPEN
64,N001057,N001059,R0032,70.0511396798921,OPEN
65,N001060,N001059,R0033,897.6420458165068,OPEN
66,N001059,N001060,R0033,897.6420458165068,OPEN
67,N001061,N001062,R0034,805.0725944806042,OPEN
68,N001062,N001061,R0034,805.0725944806042,OPEN
69,N001063,N001064,R0035,7281.523597943245,OPEN
70,N001064,N001063,R0035,7281.523597943245,OPEN
71,N001065,N001066,R0036,909.1603294224132,OPEN
72,N001066,N001065,R0036,909.1603294224132,OPEN
73,N001060,N001067,R0037,2332.095070751475,OPEN
74,N001067,N001060,R0037,2332.095070751475,OPEN
75,N001068,N001069,R0038,217.5071952704205,OPEN
76,N001069,N001068,R0038,217.5071952704205,OPEN
77,N001070,N001068,R0039,1513.2664047786927,OPEN
78,N001068,N001070,R0039,1513.2664047786927,OPEN
79,N001071,N001072,R0040,1491.0720445464158,OPEN
80,N001072,N001071,R0040,1491.0720445464158,OPEN
81,N001073,N001074,R0041,483.5887077597539,OPEN
82,N001074,N001073,R0041,483.5887077597539,OPEN
83,N001075,N001076,R0042,1304.3751411868275,OPEN
84,N001076,N001075,R0042,1304.3751411868275,OPEN
85,N001077,N001078,R0043,37.0281035344015,OPEN
86,N001078,N001077,R0043,37.0281035344015,OPEN
87,N001079,N001080,R0044,292.7108355729901,OPEN
88,N001080,N001079,R0044,292.7108355729901,OPEN
89,N001081,N001082,R0045,700.4074162837127,OPEN
90,N001082,N001081,R0045,700.4074162837127,OPEN
91,N001083,N001083,R0046,177.102563009667,OPEN
92,N001083,N001083,R0046,177.102563009667,OPEN
93,N001084,N001079,R0047,336.7768902296985,OPEN
94,N001079,N001084,R0047,336.7768902296985,OPEN
95,N001085,N001086,R0048,623.3907228976873,OPEN
96,N001086,N001085,R0048,623.3907228976873,OPEN
97,N001087,N001088,R0049,1998.551476530371,OPEN
98,N001088,N001087,R0049,1998.551476530371,OPEN
99,N001089,N001090,R0050,20.6220301331843,OPEN
100,N001090,N001089,R0050,20.6220301331843,OPEN
101,N001091,N001088,R0051,329.82309003205,OPEN
102,N001088,N001091,R0051,329.82309003205,OPEN
103,N001090,N001092,R0052,37.0794099424086,OPEN
104,N001092,N001090,R0052,37.0794099424086,OPEN
105,N001093,N001094,R0053,1040.5263937280629,OPEN
106,N001094,N001093,R0053,1040.5263937280629,OPEN
107,N001095,N001096,R0054,2113.1482235243197,OPEN
108,N001096,N001095,R0054,2113.1482235243197,OPEN
109,N001097,N001098,R0055,590.867520362238,OPEN
110,N001098,N001097,R0055,590.867520362238,OPEN
111,N001099,N001097,R0056,60.2818298122953,OPEN
112,N001097,N001099,R0056,60.2818298122953,OPEN
113,N001100,N001101,R0057,163.9878639353502,OPEN
114,N001101,N001100,R0057,163.9878639353502,OPEN
115,N001102,N001103,R0058,653.7186758737814,OPEN
116,N001103,N001102,R0058,653.7186758737814,OPEN
117,N001104,N001105,R0059,53.530663884236304,OPEN
118,N001105,N001104,R0059,53.530663884236304,OPEN
119,N001106,N001107,R0060,4971.6162652546855,OPEN
120,N001107,N001106,R0060,4971.6162652546855,OPEN
121,N001108,N001109,R0061,129.779498492562,OPEN
122,N001109,N001108,R0061,129.779498492562,OPEN
123,N001110,N001111,R0062,1612.8363833501962,OPEN
124,N001111,N001110,R0062,1612.8363833501962,OPEN
125,N001112,N001113,R0063,658.8163863671173,OPEN
126,N001113,N001112,R0063,658.8163863671173,OPEN
127,N001114,N001115,R0064,1586.1245392206797,OPEN
128,N001115,N001114,R0064,1586.1245392206797,OPEN
129,N001116,N001117,R0065,21625.126610501506,OPEN
130,N001117,N001116,R0065,21625.126610501506,OPEN
131,N001116,N001117,R0066,21625.126610501506,OPEN
132,N001117,N001116,R0066,21625.126610501506,OPEN
133,N001118,N001119,R0067,5386.424612873942,OPEN
134,N001119,N001118,R0067,5386.424612873942,OPEN
135,N001120,N001121,R0068,3067.393263826337,OPEN
136,N001121,N001120,R0068,3067.393263826337,OPEN
137,N001122,N001123,R0069,798.1064613625898,OPEN
138,N001123,N001122,R0069,798.1064613625898,OPEN
139,N001124,N001125,R0070,734.0264937039188,OPEN
140,N001125,N001124,R0070,734.0264937039188,OPEN
141,N001126,N001127,R0071,36.462012832593004,OPEN
142,N001127,N001126,R0071,36.462012832593004,OPEN
143,N001128,N001129,R0072,54.5599880111379,OPEN
144,N001129,N001128,R0072,54.5599880111379,OPEN
145,N001127,N001130,R0073,697.042291569491,OPEN
146,N001130,N001127,R0073,697.042291569491,OPEN
147,N001131,N001132,R0074,5504.861489847965,OPEN
148,N001132,N001131,R0074,5504.861489847965,OPEN
149,N001133,N001134,R0075,2771.436470234943,OPEN
150,N001134,N001133,R0075,2771.436470234943,OPEN
151,N001135,N001136,R0076,7631.1252056183985,OPEN
152,N001136,N001135,R0076,7631.1252056183985,OPEN
153,N001137,N001138,R0077,3353.2272686368447,OPEN
154,N001138,N001137,R0077,3353.2272686368447,OPEN
155,N001139,N001140,R0078,20996.768148261082,OPEN
156,N001140,N001139,R0078,20996.768148261082,OPEN
157,N001141,N001142,R0079,8131.224388043124,OPEN
158,N001142,N001141,R0079,8131.224388043124,OPEN
159,N001142,N001143,R0080,4869.357394354077,OPEN
160,N001143,N001142,R0080,4869.357394354077,OPEN
161,N001143,N001144,R0081,5133.403177273686,OPEN
162,N001144,N001143,R0081,5133.403177273686,OPEN
163,N001145,N001146,R0082,5072.858023114329,OPEN
164,N001146,N001145,R0082,5072.858023114329,OPEN
165,N001147,N001148,R0083,12647.878645650344,OPEN
166,N001148,N001147,R0083,12647.878645650344,OPEN
167,N001147,N001148,R0084,12647.878645650344,OPEN
168,N001148,N001147,R0084,12647.878645650344,OPEN
169,N001149,N001150,R0085,4790.209454566069,OPEN
170,N001150,N001149,R0085,4790.209454566069,OPEN
171,N001151,N001152,R0086,7082.294640871451,OPEN
172,N001152,N001151,R0086,7082.294640871451,OPEN
173,N001153,N001154,R0087,7180.662540325447,OPEN
174,N001154,N001153,R0087,7180.662540325447,OPEN
175,N001155,N001156,R0088,300.97624696934884,OPEN
176,N001156,N001155,R0088,300.97624696934884,OPEN
177,N001157,N001155,R0089,353.0041724396703,OPEN
178,N001155,N001157,R0089,353.0041724396703,OPEN
179,N001158,N001159,R0090,736.9607795882523,OPEN
180,N001159,N001158,R0090,736.9607795882523,OPEN
181,N001160,N001161,R0091,415.8458445639333,OPEN
182,N001161,N001160,R0091,415.8458445639333,OPEN
183,N001162,N001163,R0092,642.7118809002208,OPEN
184,N001163,N001162,R0092,642.7118809002208,OPEN
185,N001146,N001164,R0093,4022.8366805788555,OPEN
186,N001164,N001146,R0093,4022.8366805788555,OPEN
187,N001165,N001166,R0094,1035.4574205763033,OPEN
188,N001166,N001165,R0094,1035.4574205763033,OPEN
189,N001167,N001168,R0095,3979.1732156823655,OPEN
190,N001168,N001167,R0095,3979.1732156823655,OPEN
191,N001169,N001170,R0096,109.746568694196,OPEN
192,N001170,N001169,R0096,109.746568694196,OPEN
193,N001171,N001172,R0097,3660.6331351944264,OPEN
194,N001172,N001171,R0097,3660.6331351944264,OPEN
195,N001173,N001174,R0098,4013.2551025898333,OPEN
196,N001174,N001173,R0098,4013.2551025898333,OPEN
197,N001175,N001176,R0099,2112.299570620699,OPEN
198,N001176,N001175,R0099,2112.299570620699,OPEN
199,N001177,N001178,R0100,3047.3496007974645,OPEN
200,N001178,N001177,R0100,3047.3496007974645,OPEN
201,N001179,N001180,R0101,1567.3484386247665,OPEN
202,N001180,N001179,R0101,1567.3484386247665,OPEN
203,N001181,N001182,R0102,304.5279837245658,OPEN
204,N001182,N001181,R0102,304.5279837245658,OPEN
205,N001183,N001184,R0103,65.86643709233279,OPEN
206,N001184,N001183,R0103,65.86643709233279,OPEN
207,N001185,N001186,R0104,3759.2604325002717,OPEN
208,N001186,N001185,R0104,3759.2604325002717,OPEN
209,N001187,N001188,R0105,32.839119403857396,OPEN
210,N001188,N001187,R0105,32.839119403857396,OPEN
211,N001189,N001190,R0106,323.4181684577932,OPEN
212,N001190,N001189,R0106,323.4181684577932,OPEN
213,N001191,N001192,R0107,525.948718834396,OPEN
214,N001192,N001191,R0107,525.948718834396,OPEN
215,N001193,N001194,R0108,719.7441318671155,OPEN
216,N001194,N001193,R0108,719.7441318671155,OPEN
217,N001195,N001191,R0109,6025.380178068704,OPEN
218,N001191,N001195,R0109,6025.380178068704,OPEN
219,N001195,N001191,R0110,6025.380178068704,OPEN
220,N001191,N001195,R0110,6025.380178068704,OPEN
221,N001196,N001197,R0111,360.042258834726,OPEN
222,N001197,N001196,R0111,360.042258834726,OPEN
223,N001198,N001199,R0112,617.4543103916017,OPEN
224,N001199,N001198,R0112,617.4543103916017,OPEN
225,N001200,N001189,R0113,439.7075919225452,OPEN
226,N001189,N001200,R0113,439.7075919225452,OPEN
227,N001107,N001201,R0114,713.675503464392,OPEN
228,N001201,N001107,R0114,713.675503464392,OPEN
229,N001202,N001203,R0115,133.9884232048402,OPEN
230,N001203,N001202,R0115,133.9884232048402,OPEN
231,N001204,N001205,R0116,379.65126726464285,OPEN
232,N001205,N001204,R0116,379.65126726464285,OPEN
233,N001206,N001207,R0117,407.7399165694105,OPEN
234,N001207,N001206,R0117,407.7399165694105,OPEN
235,N001208,N001209,R0118,594.5270653140291,OPEN
236,N001209,N001208,R0118,594.5270653140291,OPEN
237,N001210,N001211,R0119,245.2549781796854,OPEN
238,N001211,N001210,R0119,245.2549781796854,OPEN
239,N001212,N001213,R0120,441.86463211932306,OPEN
240,N001213,N001212,R0120,441.86463211932306,OPEN
241,N001214,N001215,R0121,967.4470009847438,OPEN
242,N001215,N001214,R0121,967.4470009847438,OPEN
243,N001191,N001216,R0122,1118.2083787479894,OPEN
244,N001216,N001191,R0122,1118.2083787479894,OPEN
245,N001217,N001218,R0123,1637.5468126102026,OPEN
246,N001218,N001217,R0123,1637.5468126102026,OPEN
247,N001219,N001220,R0124,434.0166851685201,OPEN
248,N001220,N001219,R0124,434.0166851685201,OPEN
249,N001221,N001222,R0125,511.1984762277364,OPEN
250,N001222,N001221,R0125,511.1984762277364,OPEN
251,N001223,N001224,R0126,302.5721756448617,OPEN
252,N001224,N001223,R0126,302.5721756448617,OPEN
253,N001225,N001106,R0127,23.4777336907185,OPEN
254,N001106,N001225,R0127,23.4777336907185,OPEN
255,N001226,N001227,R0128,13.391427797118801,OPEN
256,N001227,N001226,R0128,13.391427797118801,OPEN
257,N001228,N001229,R0129,3168.8485490490534,OPEN
258,N001229,N001228,R0129,3168.8485490490534,OPEN
259,N001230,N001231,R0130,647.3160045251046,OPEN
260,N001231,N001230,R0130,647.3160045251046,OPEN
261,N001231,N001232,R0131,670.6135963404706,OPEN
262,N001232,N001231,R0131,670.6135963404706,OPEN
263,N001232,N001233,R0132,27.246086551188398,OPEN
264,N001233,N001232,R0132,27.246086551188398,OPEN
265,N001234,N001235,R0133,3314.047812559431,OPEN
266,N001235,N001234,R0133,3314.047812559431,OPEN
267,N001236,N001234,R0134,2046.2800176420046,OPEN
268,N001234,N001236,R0134,2046.2800176420046,OPEN
269,N001233,N001237,R0135,2090.733647318662,OPEN
270,N001237,N001233,R0135,2090.733647318662,OPEN
271,N001120,N001238,R0136,2578.4348667442055,OPEN
272,N001238,N001120,R0136,2578.4348667442055,OPEN
273,N001238,N001239,R0137,1520.163487504566,OPEN
274,N001239,N001238,R0137,1520.163487504566,OPEN
275,N001239,N001240,R0138,1867.8647637470824,OPEN
276,N001240,N001239,R0138,1867.8647637470824,OPEN
277,N001240,N001241,R0139,2203.2554913865265,OPEN
278,N001241,N001240,R0139,2203.2554913865265,OPEN
279,N001241,N001242,R0140,704.726728292607,OPEN
280,N001242,N001241,R0140,704.726728292607,OPEN
281,N001243,N001244,R0141,158.9672624655015,OPEN
282,N001244,N001243,R0141,158.9672624655015,OPEN
283,N001245,N001246,R0142,1951.7626443916627,OPEN
284,N001246,N001245,R0142,1951.7626443916627,OPEN
285,N001246,N001247,R0143,1987.8632308094168,OPEN
286,N001247,N001246,R0143,1987.8632308094168,OPEN
287,N001248,N001249,R0144,8199.712491647533,OPEN
288,N001249,N001248,R0144,8199.712491647533,OPEN
289,N001250,N001251,R0145,3801.0649001984393,OPEN
290,N001251,N001250,R0145,3801.0649001984393,OPEN
291,N001251,N001252,R0146,2628.4804168874657,OPEN
292,N001252,N001251,R0146,2628.4804168874657,OPEN
293,N001253,N001254,R0147,2177.6270694782697,OPEN
294,N001254,N001253,R0147,2177.6270694782697,OPEN
295,N001255,N001256,R0148,2151.2052232123715,OPEN
296,N001256,N001255,R0148,2151.2052232123715,OPEN
297,N001257,N001258,R0149,2224.2161121594345,OPEN
298,N001258,N001257,R0149,2224.2161121594345,OPEN
299,N001256,N001257,R0150,1631.4560564967105,OPEN
300,N001257,N001256,R0150,1631.4560564967105,OPEN
301,N001251,N001255,R0151,1761.4181558879327,OPEN
302,N001255,N001251,R0151,1761.4181558879327,OPEN
303,N001259,N001257,R0152,924.3044667868392,OPEN
304,N001257,N001259,R0152,924.3044667868392,OPEN
305,N001260,N001259,R0153,2994.451849957222,OPEN
306,N001259,N001260,R0153,2994.451849957222,OPEN
307,N001261,N001260,R0154,977.438544049238,OPEN
308,N001260,N001261,R0154,977.438544049238,OPEN
309,N001252,N001262,R0155,3386.334931001801,OPEN
310,N001262,N001252,R0155,3386.334931001801,OPEN
311,N001263,N001264,R0156,551.0715384594135,OPEN
312,N001264,N001263,R0156,551.0715384594135,OPEN
313,N001265,N001266,R0157,332.0552870508523,OPEN
314,N001266,N001265,R0157,332.0552870508523,OPEN
315,N001267,N001268,R0158,610.5723974993662,OPEN
316,N001268,N001267,R0158,610.5723974993662,OPEN
317,N001269,N001009,R0159,498.0936354538763,OPEN
318,N001009,N001269,R0159,498.0936354538763,OPEN
319,N001270,N001271,R0160,1116.272122058674,OPEN
320,N001271,N001270,R0160,1116.272122058674,OPEN
321,N001272,N001273,R0161,10460.210525641935,OPEN
322,N001273,N001272,R0161,10460.210525641935,OPEN
323,N001272,N001273,R0162,10460.210525641935,OPEN
324,N001273,N001272,R0162,10460.210525641935,OPEN
325,N001274,N001275,R0163,146.0099214991263,OPEN
326,N001275,N001274,R0163,146.0099214991263,OPEN
327,N001276,N001185,R0164,921.1995460776272,OPEN
328,N001185,N001276,R0164,921.1995460776272,OPEN
329,N001277,N001278,R0165,1938.460147420622,OPEN
330,N001278,N001277,R0165,1938.460147420622,OPEN
331,N001279,N001280,R0166,5711.547987042128,OPEN
332,N001280,N001279,R0166,5711.547987042128,OPEN
333,N001279,N001280,R0167,5711.547987042128,OPEN
334,N001280,N001279,R0167,5711.547987042128,OPEN
335,N001281,N001282,R0168,2087.203644635407,OPEN
336,N001282,N001281,R0168,2087.203644635407,OPEN
337,N001283,N001284,R0169,2414.6170437724213,OPEN
338,N001284,N001283,R0169,2414.6170437724213,OPEN
339,N001285,N001286,R0170,6017.12500380621,OPEN
340,N001286,N001285,R0170,6017.12500380621,OPEN
341,N001287,N001288,R0171,258.5336892649262,OPEN
342,N001288,N001287,R0171,258.5336892649262,OPEN
343,N001289,N001290,R0172,561.218752537417,OPEN
344,N001290,N001289,R0172,561.218752537417,OPEN
345,N001291,N001292,R0173,280.1217575351777,OPEN
346,N001292,N001291,R0173,280.1217575351777,OPEN
347,N001293,N001289,R0174,520.3737902358829,OPEN
348,N001289,N001293,R0174,520.3737902358829,OPEN
349,N001203,N001294,R0175,59.2515665859509,OPEN
350,N001294,N001203,R0175,59.2515665859509,OPEN
351,N001295,N001296,R0176,736.4466978180959,OPEN
352,N001296,N001295,R0176,736.4466978180959,OPEN
353,N001297,N001298,R0177,2324.590493511591,OPEN
354,N001298,N001297,R0177,2324.590493511591,OPEN
355,N001297,N001298,R0178,2324.590493511591,OPEN
356,N001298,N001297,R0178,2324.590493511591,OPEN
357,N001299,N001300,R0179,2220.26792212679,OPEN
358,N001300,N001299,R0179,2220.26792212679,OPEN
359,N001101,N001301,R0180,1058.2302360198687,OPEN
360,N001301,N001101,R0180,1058.2302360198687,OPEN
361,N001302,N001303,R0181,1554.839350712451,OPEN
362,N001303,N001302,R0181,1554.839350712451,OPEN
363,N001304,N001305,R0182,1320.0352481828568,OPEN
364,N001305,N001304,R0182,1320.0352481828568,OPEN
365,N001306,N001307,R0183,1971.155804285202,OPEN
366,N001307,N001306,R0183,1971.155804285202,OPEN
367,N001308,N001309,R0184,1248.6768496885043,OPEN
368,N001309,N001308,R0184,1248.6768496885043,OPEN
369,N001310,N001311,R0185,1630.991316856975,OPEN
370,N001311,N001310,R0185,1630.991316856975,OPEN
371,N001312,N001313,R0186,2389.2607533917503,OPEN
372,N001313,N001312,R0186,2389.2607533917503,OPEN
373,N001314,N001315,R0187,8.3070884302996,OPEN
374,N001315,N001314,R0187,8.3070884302996,OPEN
375,N001316,N001317,R0188,1049.5405898552847,OPEN
376,N001317,N001316,R0188,1049.5405898552847,OPEN
377,N001318,N001319,R0189,3272.206512024853,OPEN
378,N001319,N001318,R0189,3272.206512024853,OPEN
379,N001320,N001321,R0190,1433.3163113683108,OPEN
380,N001321,N001320,R0190,1433.3163113683108,OPEN
381,N001322,N001322,R0191,201.7050308505175,OPEN
382,N001322,N001322,R0191,201.7050308505175,OPEN
383,N001323,N001324,R0192,346.114304787565,OPEN
384,N001324,N001323,R0192,346.114304787565,OPEN
385,N001325,N001326,R0193,870.020753117594,OPEN
386,N001326,N001325,R0193,870.020753117594,OPEN
387,N001327,N001328,R0194,946.9832662084729,OPEN
388,N001328,N001327,R0194,946.9832662084729,OPEN
389,N001329,N001330,R0195,1974.2381515093398,OPEN
390,N001330,N001329,R0195,1974.2381515093398,OPEN
391,N001320,N001330,R0196,388.3501461522505,OPEN
392,N001330,N001320,R0196,388.3501461522505,OPEN
393,N001331,N001323,R0197,401.9541036904944,OPEN
394,N001323,N001331,R0197,401.9541036904944,OPEN
395,N001332,N001332,R0198,114.75568870589261,OPEN
396,N001332,N001332,R0198,114.75568870589261,OPEN
397,N001333,N001334,R0199,231.35274599492612,OPEN
398,N001334,N001333,R0199,231.35274599492612,OPEN
399,N001334,N001335,R0200,192.5757495858115,OPEN
400,N001335,N001334,R0200,192.5757495858115,OPEN
401,N001336,N001337,R0201,137.2480075922026,OPEN
402,N001337,N001336,R0201,137.2480075922026,OPEN
403,N001338,N001300,R0202,150.822817930114,OPEN
404,N001300,N001338,R0202,150.822817930114,OPEN
405,N001339,N001340,R0203,266.2850094733172,OPEN
406,N001340,N001339,R0203,266.2850094733172,OPEN
407,N001340,N001341,R0204,20.602612258293103,OPEN
408,N001341,N001340,R0204,20.602612258293103,OPEN
409,N001301,N001342,R0205,19.9790105672791,OPEN
410,N001342,N001301,R0205,19.9790105672791,OPEN
411,N001343,N001344,R0206,983.6776206179936,OPEN
412,N001344,N001343,R0206,983.6776206179936,OPEN
413,N001341,N001345,R0207,385.6853091674318,OPEN
414,N001345,N001341,R0207,385.6853091674318,OPEN
415,N001234,N001346,R0208,1779.0019886759278,OPEN
416,N001346,N001234,R0208,1779.0019886759278,OPEN
417,N001347,N001348,R0209,646.6481988032481,OPEN
418,N001348,N001347,R0209,646.6481988032481,OPEN
419,N001349,N001349,R0210,34.6919315649142,OPEN
420,N001349,N001349,R0210,34.6919315649142,OPEN
421,N001304,N001350,R0211,391.9257643368927,OPEN
422,N001350,N001304,R0211,391.9257643368927,OPEN
423,N001351,N001352,R0212,588.4072913759649,OPEN
424,N001352,N001351,R0212,588.4072913759649,OPEN
425,N001353,N001354,R0213,1044.0865614992597,OPEN
426,N001354,N001353,R0213,1044.0865614992597,OPEN
427,N001355,N001356,R0214,970.801947385474,OPEN
428,N001356,N001355,R0214,970.801947385474,OPEN
429,N001357,N001358,R0215,1056.6886879425028,OPEN
430,N001358,N001357,R0215,1056.6886879425028,OPEN
431,N001359,N001360,R0216,161.7020295056751,OPEN
432,N001360,N001359,R0216,161.7020295056751,OPEN
433,N001361,N001362,R0217,2174.530225423532,OPEN
434,N001362,N001361,R0217,2174.530225423532,OPEN
435,N001363,N001364,R0218,4199.499817849297,OPEN
436,N001364,N001363,R0218,4199.499817849297,OPEN
437,N001365,N001366,R0219,2802.1616565672625,OPEN
438,N001366,N001365,R0219,2802.1616565672625,OPEN
439,N001367,N001319,R0220,1500.4539275398852,OPEN
440,N001319,N001367,R0220,1500.4539275398852,OPEN
441,N001368,N001363,R0221,6940.888813520555,OPEN
442,N001363,N001368,R0221,6940.888813520555,OPEN
443,N001369,N001370,R0222,2391.58948640009,OPEN
444,N001370,N001369,R0222,2391.58948640009,OPEN
445,N001371,N001372,R0223,186.7589527740246,OPEN
446,N001372,N001371,R0223,186.7589527740246,OPEN
447,N001373,N001374,R0224,1267.999969839203,OPEN
448,N001374,N001373,R0224,1267.999969839203,OPEN
449,N001375,N001376,R0225,510.99406616628806,OPEN
450,N001376,N001375,R0225,510.99406616628806,OPEN
451,N001374,N001377,R0226,813.3196909147313,OPEN
452,N001377,N001374,R0226,813.3196909147313,OPEN
453,N001378,N001379,R0227,478.1783209132372,OPEN
454,N001379,N001378,R0227,478.1783209132372,OPEN
455,N001380,N001284,R0228,8194.972721639122,OPEN
456,N001284,N001380,R0228,8194.972721639122,OPEN
457,N001381,N001382,R0229,246.8121783054742,OPEN
458,N001382,N001381,R0229,246.8121783054742,OPEN
459,N001383,N001384,R0230,55.179418535627704,OPEN
460,N001384,N001383,R0230,55.179418535627704,OPEN
461,N001385,N001386,R0231,628.7025417868007,OPEN
462,N001386,N001385,R0231,628.7025417868007,OPEN
463,N001387,N001388,R0232,2307.5671683266955,OPEN
464,N001388,N001387,R0232,2307.5671683266955,OPEN
465,N001387,N001389,R0233,909.6526299216875,OPEN
466,N001389,N001387,R0233,909.6526299216875,OPEN
467,N001390,N001391,R0234,3541.54729493829,OPEN
468,N001391,N001390,R0234,3541.54729493829,OPEN
469,N001392,N001393,R0235,2218.3967336446517,OPEN
470,N001393,N001392,R0235,2218.3967336446517,OPEN
471,N001394,N001395,R0236,72.1112485297593,OPEN
472,N001395,N001394,R0236,72.1112485297593,OPEN
473,N001395,N001162,R0237,243.04388534865902,OPEN
474,N001162,N001395,R0237,243.04388534865902,OPEN
475,N001396,N001397,R0238,14.9086970874053,OPEN
476,N001397,N001396,R0238,14.9086970874053,OPEN
477,N001397,N001398,R0239,12.8948105116152,OPEN
478,N001398,N001397,R0239,12.8948105116152,OPEN
479,N001399,N001016,R0240,172.7216717224516,OPEN
480,N001016,N001399,R0240,172.7216717224516,OPEN
481,N001400,N001401,R0241,476.9620063218032,OPEN
482,N001401,N001400,R0241,476.9620063218032,OPEN
483,N001402,N001403,R0242,884.9712972949449,OPEN
484,N001403,N001402,R0242,884.9712972949449,OPEN
485,N001404,N001405,R0243,608.5092732336099,OPEN
486,N001405,N001404,R0243,608.5092732336099,OPEN
487,N001406,N001407,R0244,799.382860064338,OPEN
488,N001407,N001406,R0244,799.382860064338,OPEN
489,N001026,N001408,R0245,982.63957804631,OPEN
490,N001408,N001026,R0245,982.63957804631,OPEN
491,N001409,N001410,R0246,10241.1505432329,OPEN
492,N001410,N001409,R0246,10241.1505432329,OPEN
493,N001411,N001412,R0247,8583.063825014166,OPEN
494,N001412,N001411,R0247,8583.063825014166,OPEN
495,N001413,N001414,R0248,10724.432676786937,OPEN
496,N001414,N001413,R0248,10724.432676786937,OPEN
497,N001213,N001415,R0249,631.884740878948,OPEN
498,N001415,N001213,R0249,631.884740878948,OPEN
499,N001416,N001417,R0250,704.438824847914,OPEN
500,N001417,N001416,R0250,704.438824847914,OPEN
501,N001418,N001419,R0251,462.9778407331227,OPEN
502,N001419,N001418,R0251,462.9778407331227,OPEN
503,N001420,N001421,R0252,36.094994081377,OPEN
504,N001421,N001420,R0252,36.094994081377,OPEN
505,N001422,N001423,R0253,1623.0979010833655,OPEN
506,N001423,N001422,R0253,1623.0979010833655,OPEN
507,N001424,N001425,R0254,149.1816593609224,OPEN
508,N001425,N001424,R0254,149.1816593609224,OPEN
509,N001426,N001427,R0255,27.941029703312,OPEN
510,N001427,N001426,R0255,27.941029703312,OPEN
511,N001428,N001429,R0256,1217.713068727186,OPEN
512,N001429,N001428,R0256,1217.713068727186,OPEN
513,N001178,N001430,R0257,2694.4606935296842,OPEN
514,N001430,N001178,R0257,2694.4606935296842,OPEN
515,N001178,N001430,R0258,2694.4606935296842,OPEN
516,N001430,N001178,R0258,2694.4606935296842,OPEN
517,N001431,N001432,R0259,533.434234129871,OPEN
518,N001432,N001431,R0259,533.434234129871,OPEN
519,N001433,N001434,R0260,814.6239402511715,OPEN
520,N001434,N001433,R0260,814.6239402511715,OPEN
521,N001431,N001435,R0261,566.9917291810144,OPEN
522,N001435,N001431,R0261,566.9917291810144,OPEN
523,N001436,N001208,R0262,532.4335102034975,OPEN
524,N001208,N001436,R0262,532.4335102034975,OPEN
525,N001437,N001438,R0263,12690.57826506733,OPEN
526,N001438,N001437,R0263,12690.57826506733,OPEN
527,N001439,N001363,R0264,2126.140501416135,OPEN
528,N001363,N001439,R0264,2126.140501416135,OPEN
529,N001380,N001350,R0265,4241.286751692161,OPEN
530,N001350,N001380,R0265,4241.286751692161,OPEN
531,N001161,N001440,R0266,1770.0336924996227,OPEN
532,N001440,N001161,R0266,1770.0336924996227,OPEN
533,N001441,N001442,R0267,1466.7700011809477,OPEN
534,N001442,N001441,R0267,1466.7700011809477,OPEN
535,N001443,N001444,R0268,688.9419571467507,OPEN
536,N001444,N001443,R0268,688.9419571467507,OPEN
537,N001445,N001446,R0269,3012.051462929773,OPEN
538,N001446,N001445,R0269,3012.051462929773,OPEN
539,N001447,N001448,R0270,877.3923336809869,OPEN
540,N001448,N001447,R0270,877.3923336809869,OPEN
541,N001449,N001450,R0271,1639.9967029462957,OPEN
542,N001450,N001449,R0271,1639.9967029462957,OPEN
543,N001449,N001450,R0272,1639.9967029462957,OPEN
544,N001450,N001449,R0272,1639.9967029462957,OPEN
545,N001451,N001452,R0273,1709.4393614791056,OPEN
546,N001452,N001451,R0273,1709.4393614791056,OPEN
547,N001029,N001453,R0274,85.3114861263259,OPEN
548,N001453,N001029,R0274,85.3114861263259,OPEN
549,N001454,N001455,R0275,49.9438255774177,OPEN
550,N001455,N001454,R0275,49.9438255774177,OPEN
551,N001452,N001449,R0276,92.67462307424219,OPEN
552,N001449,N001452,R0276,92.67462307424219,OPEN
553,N001456,N001457,R0277,149.44170510149928,OPEN
554,N001457,N001456,R0277,149.44170510149928,OPEN
555,N001458,N001451,R0278,116.831909221898,OPEN
556,N001451,N001458,R0278,116.831909221898,OPEN
557,N001154,N001459,R0279,259.7127326840526,OPEN
558,N001459,N001154,R0279,259.7127326840526,OPEN
559,N001460,N001028,R0280,107.374462966428,OPEN
560,N001028,N001460,R0280,107.374462966428,OPEN
561,N001450,N001461,R0281,62.651115103316805,OPEN
562,N001461,N001450,R0281,62.651115103316805,OPEN
563,N001462,N001463,R0282,45.842558791532994,OPEN
564,N001463,N001462,R0282,45.842558791532994,OPEN
565,N001464,N001465,R0283,46.8781914701514,OPEN
566,N001465,N001464,R0283,46.8781914701514,OPEN
567,N001444,N001466,R0284,81.3055127749826,OPEN
568,N001466,N001444,R0284,81.3055127749826,OPEN
569,N001459,N001467,R0285,2503.5888594354583,OPEN
570,N001467,N001459,R0285,2503.5888594354583,OPEN
571,N001455,N001402,R0286,2651.457140162985,OPEN
572,N001402,N001455,R0286,2651.457140162985,OPEN
573,N001466,N001462,R0287,657.6710098723419,OPEN
574,N001462,N001466,R0287,657.6710098723419,OPEN
575,N001453,N001468,R0288,1274.341210221933,OPEN
576,N001468,N001453,R0288,1274.341210221933,OPEN
577,N001463,N001454,R0289,4850.864963727809,OPEN
578,N001454,N001463,R0289,4850.864963727809,OPEN
579,N001461,N001464,R0290,422.2296519067952,OPEN
580,N001464,N001461,R0290,422.2296519067952,OPEN
581,N001469,N001470,R0291,6336.018610879252,OPEN
582,N001470,N001469,R0291,6336.018610879252,OPEN
583,N001469,N001470,R0292,6336.018610879252,OPEN
584,N001470,N001469,R0292,6336.018610879252,OPEN
585,N001471,N001472,R0293,4401.694662539561,OPEN
586,N001472,N001471,R0293,4401.694662539561,OPEN
587,N001473,N001474,R0294,11197.652081173946,OPEN
588,N001474,N001473,R0294,11197.652081173946,OPEN
589,N001475,N001476,R0295,511.6236251134734,OPEN
590,N001476,N001475,R0295,511.6236251134734,OPEN
591,N001477,N001477,R0296,78.6052051969697,OPEN
592,N001477,N001477,R0296,78.6052051969697,OPEN
593,N001476,N001478,R0297,11274.15553328532,OPEN
594,N001478,N001476,R0297,11274.15553328532,OPEN
595,N001479,N001480,R0298,3495.7879619197683,OPEN
596,N001480,N001479,R0298,3495.7879619197683,OPEN
597,N001481,N001482,R0299,886.4248722527022,OPEN
598,N001482,N001481,R0299,886.4248722527022,OPEN
599,N001483,N001484,R0300,576.561919274183,OPEN
600,N001484,N001483,R0300,576.561919274183,OPEN
601,N001485,N001486,R0301,701.8562759380344,OPEN
602,N001486,N001485,R0301,701.8562759380344,OPEN
603,N001487,N001488,R0302,6726.955981651523,OPEN
604,N001488,N001487,R0302,6726.955981651523,OPEN
605,N001489,N001490,R0303,3775.245516051681,OPEN
606,N001490,N001489,R0303,3775.245516051681,OPEN
607,N001491,N001492,R0304,4953.157064487635,OPEN
608,N001492,N001491,R0304,4953.157064487635,OPEN
609,N001493,N001494,R0305,2957.46657182773,OPEN
610,N001494,N001493,R0305,2957.46657182773,OPEN
611,N001133,N001495,R0306,1249.786275142311,OPEN
612,N001495,N001133,R0306,1249.786275142311,OPEN
613,N001496,N001497,R0307,2252.0891291417556,OPEN
614,N001497,N001496,R0307,2252.0891291417556,OPEN
615,N001498,N001499,R0308,1858.0867736794903,OPEN
616,N001499,N001498,R0308,1858.0867736794903,OPEN
617,N001500,N001501,R0309,88.8043463719571,OPEN
618,N001501,N001500,R0309,88.8043463719571,OPEN
619,N001502,N001503,R0310,2095.518399478616,OPEN
620,N001503,N001502,R0310,2095.518399478616,OPEN
621,N001504,N001505,R0311,460.710617394334,OPEN
622,N001505,N001504,R0311,460.710617394334,OPEN
623,N001506,N001507,R0312,399.86276585293416,OPEN
624,N001507,N001506,R0312,399.86276585293416,OPEN
625,N001508,N001509,R0313,2584.973529395813,OPEN
626,N001509,N001508,R0313,2584.973529395813,OPEN
627,N001170,N001510,R0314,465.99509397982433,OPEN
628,N001510,N001170,R0314,465.99509397982433,OPEN
629,N001511,N001512,R0315,1131.1010671707172,OPEN
630,N001512,N001511,R0315,1131.1010671707172,OPEN
631,N001513,N001514,R0316,1765.3467155960027,OPEN
632,N001514,N001513,R0316,1765.3467155960027,OPEN
633,N001515,N001516,R0317,914.0285486649404,OPEN
634,N001516,N001515,R0317,914.0285486649404,OPEN
635,N001517,N001518,R0318,1536.7530556477795,OPEN
636,N001518,N001517,R0318,1536.7530556477795,OPEN
637,N001519,N001520,R0319,2318.881210853201,OPEN
638,N001520,N001519,R0319,2318.881210853201,OPEN
639,N001521,N001522,R0320,2291.430983857477,OPEN
640,N001522,N001521,R0320,2291.430983857477,OPEN
641,N001523,N001524,R0321,833.3907844306497,OPEN
642,N001524,N001523,R0321,833.3907844306497,OPEN
643,N001525,N001526,R0322,176.20161191168708,OPEN
644,N001526,N001525,R0322,176.20161191168708,OPEN
645,N001527,N001528,R0323,3506.287131361906,OPEN
646,N001528,N001527,R0323,3506.287131361906,OPEN
647,N001529,N001530,R0324,533.3109023074308,OPEN
648,N001530,N001529,R0324,533.3109023074308,OPEN
649,N001531,N001532,R0325,909.7962587675046,OPEN
650,N001532,N001531,R0325,909.7962587675046,OPEN
651,N001533,N001534,R0326,507.2194251385588,OPEN
652,N001534,N001533,R0326,507.2194251385588,OPEN
653,N001535,N001536,R0327,1582.131321974532,OPEN
654,N001536,N001535,R0327,1582.131321974532,OPEN
655,N001537,N001538,R0328,170.3012196328254,OPEN
656,N001538,N001537,R0328,170.3012196328254,OPEN
657,N001516,N001539,R0329,433.881668543716,OPEN
658,N001539,N001516,R0329,433.881668543716,OPEN
659,N001540,N001541,R0330,819.2770457473276,OPEN
660,N001541,N001540,R0330,819.2770457473276,OPEN
661,N001542,N001543,R0331,1341.1261365536736,OPEN
662,N001543,N001542,R0331,1341.1261365536736,OPEN
663,N001544,N001545,R0332,2182.7377606656246,OPEN
664,N001545,N001544,R0332,2182.7377606656246,OPEN
665,N001546,N001547,R0333,735.3840682138364,OPEN
666,N001547,N001546,R0333,735.3840682138364,OPEN
667,N001548,N001549,R0334,1445.922559868187,OPEN
668,N001549,N001548,R0334,1445.922559868187,OPEN
669,N001550,N001551,R0335,37.7682556502486,OPEN
670,N001551,N001550,R0335,37.7682556502486,OPEN
671,N001552,N001553,R0336,46.7349824407102,OPEN
672,N001553,N001552,R0336,46.7349824407102,OPEN
673,N001554,N001555,R0337,46.8434605314947,OPEN
674,N001555,N001554,R0337,46.8434605314947,OPEN
675,N001545,N001556,R0338,4004.6227390919967,OPEN
676,N001556,N001545,R0338,4004.6227390919967,OPEN
677,N001557,N001558,R0339,1131.1150332850423,OPEN
678,N001558,N001557,R0339,1131.1150332850423,OPEN
679,N001557,N001558,R0340,1131.1150332850423,OPEN
680,N001558,N001557,R0340,1131.1150332850423,OPEN
681,N001559,N001560,R0341,953.48330690729,OPEN
682,N001560,N001559,R0341,953.48330690729,OPEN
683,N001561,N001562,R0342,31.957413346773503,OPEN
684,N001562,N001561,R0342,31.957413346773503,OPEN
685,N001563,N001564,R0343,393.296711999665,OPEN
686,N001564,N001563,R0343,393.296711999665,OPEN
687,N001565,N001037,R0344,1632.7426702066464,OPEN
688,N001037,N001565,R0344,1632.7426702066464,OPEN
689,N001566,N001567,R0345,1074.8654173202417,OPEN
690,N001567,N001566,R0345,1074.8654173202417,OPEN
691,N001568,N001329,R0346,2208.9228530595665,OPEN
692,N001329,N001568,R0346,2208.9228530595665,OPEN
693,N001569,N001570,R0347,117.5315636522523,OPEN
694,N001570,N001569,R0347,117.5315636522523,OPEN
695,N001571,N001572,R0348,6700.853144729703,OPEN
696,N001572,N001571,R0348,6700.853144729703,OPEN
697,N001573,N001574,R0349,147.25332147071148,OPEN
698,N001574,N001573,R0349,147.25332147071148,OPEN
699,N001574,N001575,R0350,3282.8108738782016,OPEN
700,N001575,N001574,R0350,3282.8108738782016,OPEN
701,N001576,N001577,R0351,5093.540229213198,OPEN
702,N001577,N001576,R0351,5093.540229213198,OPEN
703,N001172,N001578,R0352,120.05011945346381,OPEN
704,N001578,N001172,R0352,120.05011945346381,OPEN
705,N001575,N001576,R0353,842.240211550477,OPEN
706,N001576,N001575,R0353,842.240211550477,OPEN
707,N001578,N001579,R0354,3895.270382625116,OPEN
708,N001579,N001578,R0354,3895.270382625116,OPEN
709,N001580,N001581,R0355,6644.116375360504,OPEN
710,N001581,N001580,R0355,6644.116375360504,OPEN
711,N001582,N001583,R0356,307.2446357558623,OPEN
712,N001583,N001582,R0356,307.2446357558623,OPEN
713,N001584,N001585,R0357,695.1221907983056,OPEN
714,N001585,N001584,R0357,695.1221907983056,OPEN
715,N001586,N001587,R0358,10695.058433862489,OPEN
716,N001587,N001586,R0358,10695.058433862489,OPEN
717,N001586,N001587,R0359,10695.058433862489,OPEN
718,N001587,N001586,R0359,10695.058433862489,OPEN
719,N001588,N001589,R0360,1264.449851863494,OPEN
720,N001589,N001588,R0360,1264.449851863494,OPEN
721,N001590,N001591,R0361,63.314408844575105,OPEN
722,N001591,N001590,R0361,63.314408844575105,OPEN
723,N001589,N001590,R0362,140.8825872819057,OPEN
724,N001590,N001589,R0362,140.8825872819057,OPEN
725,N001592,N001584,R0363,76.19712026232061,OPEN
726,N001584,N001592,R0363,76.19712026232061,OPEN
727,N001593,N001594,R0364,67.1021503763274,OPEN
728,N001594,N001593,R0364,67.1021503763274,OPEN
729,N001585,N001595,R0365,77.92468855099379,OPEN
730,N001595,N001585,R0365,77.92468855099379,OPEN
731,N001595,N001596,R0366,18872.081119826504,OPEN
732,N001596,N001595,R0366,18872.081119826504,OPEN
733,N001595,N001596,R0367,18872.081119826504,OPEN
734,N001596,N001595,R0367,18872.081119826504,OPEN
735,N001597,N001593,R0368,4346.837416904562,OPEN
736,N001593,N001597,R0368,4346.837416904562,OPEN
737,N001594,N001592,R0369,686.8186156053687,OPEN
738,N001592,N001594,R0369,686.8186156053687,OPEN
739,N001598,N001599,R0370,15397.915689410194,OPEN
740,N001599,N001598,R0370,15397.915689410194,OPEN
741,N001600,N001601,R0371,15674.54588362493,OPEN
742,N001601,N001600,R0371,15674.54588362493,OPEN
743,N001602,N001603,R0372,1822.9641495940537,OPEN
744,N001603,N001602,R0372,1822.9641495940537,OPEN
745,N001604,N001605,R0373,7510.473521574199,OPEN
746,N001605,N001604,R0373,7510.473521574199,OPEN
747,N001606,N001607,R0374,5714.1864520567115,OPEN
748,N001607,N001606,R0374,5714.1864520567115,OPEN
749,N001608,N001609,R0375,7234.312066762787,OPEN
750,N001609,N001608,R0375,7234.312066762787,OPEN
751,N001610,N001611,R0376,6766.341339135029,OPEN
752,N001611,N001610,R0376,6766.341339135029,OPEN
753,N001612,N001613,R0377,993.787481704204,OPEN
754,N001613,N001612,R0377,993.787481704204,OPEN
755,N001614,N001615,R0378,1849.2767869387947,OPEN
756,N001615,N001614,R0378,1849.2767869387947,OPEN
757,N001616,N001617,R0379,645.9077506242168,OPEN
758,N001617,N001616,R0379,645.9077506242168,OPEN
759,N001618,N001619,R0380,43.6531133906524,OPEN
760,N001619,N001618,R0380,43.6531133906524,OPEN
761,N001617,N001620,R0381,31.297597669208997,OPEN
762,N001620,N001617,R0381,31.297597669208997,OPEN
763,N001391,N001621,R0382,222.5406769411199,OPEN
764,N001621,N001391,R0382,222.5406769411199,OPEN
765,N001622,N001623,R0383,75.6099664231721,OPEN
766,N001623,N001622,R0383,75.6099664231721,OPEN
767,N001624,N001625,R0384,51.9692127050044,OPEN
768,N001625,N001624,R0384,51.9692127050044,OPEN
769,N001621,N001626,R0385,162.4036515793593,OPEN
770,N001626,N001621,R0385,162.4036515793593,OPEN
771,N001627,N001628,R0386,44.8737068564107,OPEN
772,N001628,N001627,R0386,44.8737068564107,OPEN
773,N001620,N001629,R0387,6970.916420999242,OPEN
774,N001629,N001620,R0387,6970.916420999242,OPEN
775,N001630,N001631,R0388,988.662360030763,OPEN
776,N001631,N001630,R0388,988.662360030763,OPEN
777,N001632,N001618,R0389,5290.447123595896,OPEN
778,N001618,N001632,R0389,5290.447123595896,OPEN
779,N001615,N001633,R0390,1047.1340906849034,OPEN
780,N001633,N001615,R0390,1047.1340906849034,OPEN
781,N001613,N001622,R0391,610.0184656702733,OPEN
782,N001622,N001613,R0391,610.0184656702733,OPEN
783,N001634,N001624,R0392,2080.981515479204,OPEN
784,N001624,N001634,R0392,2080.981515479204,OPEN
785,N001635,N001636,R0393,814.4398430126337,OPEN
786,N001636,N001635,R0393,814.4398430126337,OPEN
787,N001637,N001614,R0394,6761.1170096707465,OPEN
788,N001614,N001637,R0394,6761.1170096707465,OPEN
789,N001633,N001638,R0395,6040.940599513533,OPEN
790,N001638,N001633,R0395,6040.940599513533,OPEN
791,N001639,N001640,R0396,7827.038141383084,OPEN
792,N001640,N001639,R0396,7827.038141383084,OPEN
793,N001619,N001641,R0397,8198.187125939154,OPEN
794,N001641,N001619,R0397,8198.187125939154,OPEN
795,N001642,N001608,R0398,2342.6481046087715,OPEN
796,N001608,N001642,R0398,2342.6481046087715,OPEN
797,N001643,N001644,R0399,1561.6717705565766,OPEN
798,N001644,N001643,R0399,1561.6717705565766,OPEN
799,N001645,N001646,R0400,3494.2798598596587,OPEN
800,N001646,N001645,R0400,3494.2798598596587,OPEN
801,N001647,N001648,R0401,53.8256740875921,OPEN
802,N001648,N001647,R0401,53.8256740875921,OPEN
803,N001649,N001650,R0402,93.9637082466631,OPEN
804,N001650,N001649,R0402,93.9637082466631,OPEN
805,N001651,N001643,R0403,161.1013353739904,OPEN
806,N001643,N001651,R0403,161.1013353739904,OPEN
807,N001652,N001653,R0404,24.8334155172819,OPEN
808,N001653,N001652,R0404,24.8334155172819,OPEN
809,N001654,N001642,R0405,228.7268592133406,OPEN
810,N001642,N001654,R0405,228.7268592133406,OPEN
811,N001655,N001656,R0406,40.625378350525004,OPEN
812,N001656,N001655,R0406,40.625378350525004,OPEN
813,N001646,N001657,R0407,80.8093966257034,OPEN
814,N001657,N001646,R0407,80.8093966257034,OPEN
815,N001644,N001645,R0408,152.8154674951484,OPEN
816,N001645,N001644,R0408,152.8154674951484,OPEN
817,N001650,N001651,R0409,8582.78743338532,OPEN
818,N001651,N001650,R0409,8582.78743338532,OPEN
819,N001658,N001659,R0410,749.6290098538509,OPEN
820,N001659,N001658,R0410,749.6290098538509,OPEN
821,N001653,N001660,R0411,1989.6033068364932,OPEN
822,N001660,N001653,R0411,1989.6033068364932,OPEN
823,N001661,N001655,R0412,2873.1276938344704,OPEN
824,N001655,N001661,R0412,2873.1276938344704,OPEN
825,N001656,N001662,R0413,2976.4241134401987,OPEN
826,N001662,N001656,R0413,2976.4241134401987,OPEN
827,N001663,N001652,R0414,1701.974128176279,OPEN
828,N001652,N001663,R0414,1701.974128176279,OPEN
829,N001664,N001647,R0415,1493.0176232894723,OPEN
830,N001647,N001664,R0415,1493.0176232894723,OPEN
831,N001648,N001665,R0416,852.6718262500608,OPEN
832,N001665,N001648,R0416,852.6718262500608,OPEN
833,N001666,N001649,R0417,4658.522705027622,OPEN
834,N001649,N001666,R0417,4658.522705027622,OPEN
835,N001657,N001608,R0418,2034.4720354171536,OPEN
836,N001608,N001657,R0418,2034.4720354171536,OPEN
837,N001667,N001668,R0419,2744.1502665912208,OPEN
838,N001668,N001667,R0419,2744.1502665912208,OPEN
839,N001669,N001670,R0420,7269.736659353719,OPEN
840,N001670,N001669,R0420,7269.736659353719,OPEN
841,N001671,N001672,R0421,97.4377396599822,OPEN
842,N001672,N001671,R0421,97.4377396599822,OPEN
843,N001673,N001674,R0422,3234.5920548660984,OPEN
844,N001674,N001673,R0422,3234.5920548660984,OPEN
845,N001675,N001676,R0423,36383.28925094737,OPEN
846,N001676,N001675,R0423,36383.28925094737,OPEN
847,N001677,N001678,R0424,3075.312379508889,OPEN
848,N001678,N001677,R0424,3075.312379508889,OPEN
849,N001679,N001680,R0425,83.8686488553656,OPEN
850,N001680,N001679,R0425,83.8686488553656,OPEN
851,N001681,N001677,R0426,80.4706191418804,OPEN
852,N001677,N001681,R0426,80.4706191418804,OPEN
853,N001680,N001682,R0427,75.6054320567755,OPEN
854,N001682,N001680,R0427,75.6054320567755,OPEN
855,N001683,N001684,R0428,4678.014958184737,OPEN
856,N001684,N001683,R0428,4678.014958184737,OPEN
857,N001685,N001686,R0429,49.3987302788523,OPEN
858,N001686,N001685,R0429,49.3987302788523,OPEN
859,N001687,N001685,R0430,6830.928615604852,OPEN
860,N001685,N001687,R0430,6830.928615604852,OPEN
861,N001275,N001688,R0431,2687.1567762099903,OPEN
862,N001688,N001275,R0431,2687.1567762099903,OPEN
863,N001689,N001690,R0432,47.642207445511396,OPEN
864,N001690,N001689,R0432,47.642207445511396,OPEN
865,N001691,N001692,R0433,2601.9609409102486,OPEN
866,N001692,N001691,R0433,2601.9609409102486,OPEN
867,N001693,N001274,R0434,191.41703842878042,OPEN
868,N001274,N001693,R0434,191.41703842878042,OPEN
869,N001694,N001695,R0435,5300.131505578275,OPEN
870,N001695,N001694,R0435,5300.131505578275,OPEN
871,N001694,N001695,R0436,5300.131505578275,OPEN
872,N001695,N001694,R0436,5300.131505578275,OPEN
873,N001696,N001697,R0437,48.267382316216896,OPEN
874,N001697,N001696,R0437,48.267382316216896,OPEN
875,N001698,N001699,R0438,2990.824586554899,OPEN
876,N001699,N001698,R0438,2990.824586554899,OPEN
877,N001700,N001681,R0439,76.32857402687141,OPEN
878,N001681,N001700,R0439,76.32857402687141,OPEN
879,N001688,N001701,R0440,41.110556906861596,OPEN
880,N001701,N001688,R0440,41.110556906861596,OPEN
881,N001701,N001702,R0441,696.9554619668666,OPEN
882,N001702,N001701,R0441,696.9554619668666,OPEN
883,N001510,N001703,R0442,2588.467742760214,OPEN
884,N001703,N001510,R0442,2588.467742760214,OPEN
885,N001704,N001491,R0443,212.5068503421699,OPEN
886,N001491,N001704,R0443,212.5068503421699,OPEN
887,N001503,N001705,R0444,11150.594076394891,OPEN
888,N001705,N001503,R0444,11150.594076394891,OPEN
889,N001706,N001707,R0445,4212.969013172387,OPEN
890,N001707,N001706,R0445,4212.969013172387,OPEN
891,N001708,N001709,R0446,4917.320319280959,OPEN
892,N001709,N001708,R0446,4917.320319280959,OPEN
893,N001708,N001709,R0447,4917.320319280959,OPEN
894,N001709,N001708,R0447,4917.320319280959,OPEN
895,N001710,N001711,R0448,3984.826956715856,OPEN
896,N001711,N001710,R0448,3984.826956715856,OPEN
897,N001712,N001713,R0449,803.7391564648033,OPEN
898,N001713,N001712,R0449,803.7391564648033,OPEN
899,N001714,N001715,R0450,3433.9842572380308,OPEN
900,N001715,N001714,R0450,3433.9842572380308,OPEN
901,N001716,N001717,R0451,1061.991903490985,OPEN
902,N001717,N001716,R0451,1061.991903490985,OPEN
903,N001718,N001719,R0452,1202.1306515772665,OPEN
904,N001719,N001718,R0452,1202.1306515772665,OPEN
905,N001720,N001721,R0453,1121.949147523876,OPEN
906,N001721,N001720,R0453,1121.949147523876,OPEN
907,N001432,N001722,R0454,1198.618123909648,OPEN
908,N001722,N001432,R0454,1198.618123909648,OPEN
909,N001723,N001724,R0455,118.6735368395952,OPEN
910,N001724,N001723,R0455,118.6735368395952,OPEN
911,N001716,N001725,R0456,615.816502963315,OPEN
912,N001725,N001716,R0456,615.816502963315,OPEN
913,N001726,N001210,R0457,321.60496680817306,OPEN
914,N001210,N001726,R0457,321.60496680817306,OPEN
915,N001296,N001727,R0458,1049.7288773295304,OPEN
916,N001727,N001296,R0458,1049.7288773295304,OPEN
917,N001728,N001729,R0459,736.2779457201034,OPEN
918,N001729,N001728,R0459,736.2779457201034,OPEN
919,N001730,N001293,R0460,617.3880167326008,OPEN
920,N001293,N001730,R0460,617.3880167326008,OPEN
921,N001372,N001731,R0461,85.58177354634259,OPEN
922,N001731,N001372,R0461,85.58177354634259,OPEN
923,N001732,N001733,R0462,1573.288179413253,OPEN
924,N001733,N001732,R0462,1573.288179413253,OPEN
925,N001734,N001735,R0463,756.3167902652153,OPEN
926,N001735,N001734,R0463,756.3167902652153,OPEN
927,N001735,N001736,R0464,139.3011484995081,OPEN
928,N001736,N001735,R0464,139.3011484995081,OPEN
929,N001737,N001738,R0465,132.0345355544687,OPEN
930,N001738,N001737,R0465,132.0345355544687,OPEN
931,N001739,N001740,R0466,551.9631453071194,OPEN
932,N001740,N001739,R0466,551.9631453071194,OPEN
933,N001741,N001742,R0467,9900.793766822997,OPEN
934,N001742,N001741,R0467,9900.793766822997,OPEN
935,N001743,N001744,R0468,485.1088802166381,OPEN
936,N001744,N001743,R0468,485.1088802166381,OPEN
937,N001745,N001746,R0469,87.5324666487533,OPEN
938,N001746,N001745,R0469,87.5324666487533,OPEN
939,N001244,N001747,R0470,421.1626117916209,OPEN
940,N001747,N001244,R0470,421.1626117916209,OPEN
941,N001744,N001748,R0471,437.25559463993267,OPEN
942,N001748,N001744,R0471,437.25559463993267,OPEN
943,N001749,N001750,R0472,65.4875800403057,OPEN
944,N001750,N001749,R0472,65.4875800403057,OPEN
945,N001750,N001243,R0473,810.7269075448746,OPEN
946,N001243,N001750,R0473,810.7269075448746,OPEN
947,N001751,N001749,R0474,66.7898351543593,OPEN
948,N001749,N001751,R0474,66.7898351543593,OPEN
949,N001748,N001751,R0475,400.3002263031736,OPEN
950,N001751,N001748,R0475,400.3002263031736,OPEN
951,N001242,N001743,R0476,172.2832099330102,OPEN
952,N001743,N001242,R0476,172.2832099330102,OPEN
953,N001752,N001753,R0477,9987.133169747718,OPEN
954,N001753,N001752,R0477,9987.133169747718,OPEN
955,N001754,N001755,R0478,994.9215260557812,OPEN
956,N001755,N001754,R0478,994.9215260557812,OPEN
957,N001756,N001757,R0479,1272.9317812831046,OPEN
958,N001757,N001756,R0479,1272.9317812831046,OPEN
959,N001758,N001757,R0480,120.116246484854,OPEN
960,N001757,N001758,R0480,120.116246484854,OPEN
961,N001759,N001760,R0481,32.909408379406095,OPEN
962,N001760,N001759,R0481,32.909408379406095,OPEN
963,N001761,N001762,R0482,1582.3155213604769,OPEN
964,N001762,N001761,R0482,1582.3155213604769,OPEN
965,N001763,N001764,R0483,312.6797622899718,OPEN
966,N001764,N001763,R0483,312.6797622899718,OPEN
967,N001765,N001766,R0484,461.9247420220554,OPEN
968,N001766,N001765,R0484,461.9247420220554,OPEN
969,N001767,N001768,R0485,944.1945221311299,OPEN
970,N001768,N001767,R0485,944.1945221311299,OPEN
971,N001769,N001769,R0486,88.643495060137,OPEN
972,N001769,N001769,R0486,88.643495060137,OPEN
973,N001770,N001771,R0487,42.5809708301287,OPEN
974,N001771,N001770,R0487,42.5809708301287,OPEN
975,N001772,N001773,R0488,3722.960842797181,OPEN
976,N001773,N001772,R0488,3722.960842797181,OPEN
977,N001771,N001774,R0489,1517.7735958377464,OPEN
978,N001774,N001771,R0489,1517.7735958377464,OPEN
979,N001775,N001776,R0490,4083.1836210951024,OPEN
980,N001776,N001775,R0490,4083.1836210951024,OPEN
981,N001774,N001777,R0491,44.8323090238813,OPEN
982,N001777,N001774,R0491,44.8323090238813,OPEN
983,N001772,N001778,R0492,49.383625991533,OPEN
984,N001778,N001772,R0492,49.383625991533,OPEN
985,N001779,N001775,R0493,72.89557654947309,OPEN
986,N001775,N001779,R0493,72.89557654947309,OPEN
987,N001780,N001770,R0494,3921.1060649487135,OPEN
988,N001770,N001780,R0494,3921.1060649487135,OPEN
989,N001781,N001360,R0495,892.9277535513082,OPEN
990,N001360,N001781,R0495,892.9277535513082,OPEN
991,N001782,N001759,R0496,45.3692972552699,OPEN
992,N001759,N001782,R0496,45.3692972552699,OPEN
993,N001759,N001783,R0497,688.8648923254894,OPEN
994,N001783,N001759,R0497,688.8648923254894,OPEN
995,N001352,N001784,R0498,823.1496655295468,OPEN
996,N001784,N001352,R0498,823.1496655295468,OPEN
997,N001785,N001786,R0499,28.5405937538688,OPEN
998,N001786,N001785,R0499,28.5405937538688,OPEN
999,N001373,N001362,R0500,1323.253030329894,OPEN
1000,N001362,N001373,R0500,1323.253030329894,OPEN
1001,N001762,N001787,R0501,1433.3109192812321,OPEN
1002,N001787,N001762,R0501,1433.3109192812321,OPEN
1003,N001788,N001789,R0502,222.382813424468,OPEN
1004,N001789,N001788,R0502,222.382813424468,OPEN
1005,N001790,N001791,R0503,825.957529734524,OPEN
1006,N001791,N001790,R0503,825.957529734524,OPEN
1007,N001348,N001379,R0504,197.0467531813383,OPEN
1008,N001379,N001348,R0504,197.0467531813383,OPEN
1009,N001792,N001793,R0505,1754.1175655774155,OPEN
1010,N001793,N001792,R0505,1754.1175655774155,OPEN
1011,N001794,N001795,R0506,811.5251396223092,OPEN
1012,N001795,N001794,R0506,811.5251396223092,OPEN
1013,N001784,N001795,R0507,31.7806307239583,OPEN
1014,N001795,N001784,R0507,31.7806307239583,OPEN
1015,N001796,N001797,R0508,67.7778327576585,OPEN
1016,N001797,N001796,R0508,67.7778327576585,OPEN
1017,N001441,N001798,R0509,1278.2029348211424,OPEN
1018,N001798,N001441,R0509,1278.2029348211424,OPEN
1019,N001799,N001800,R0510,603.8976036877923,OPEN
1020,N001800,N001799,R0510,603.8976036877923,OPEN
1021,N001801,N001802,R0511,102.5782762181625,OPEN
1022,N001802,N001801,R0511,102.5782762181625,OPEN
1023,N001803,N001804,R0512,1803.7928999880692,OPEN
1024,N001804,N001803,R0512,1803.7928999880692,OPEN
1025,N001804,N001805,R0513,39.2051921414086,OPEN
1026,N001805,N001804,R0513,39.2051921414086,OPEN
1027,N001805,N001806,R0514,7795.660357662925,OPEN
1028,N001806,N001805,R0514,7795.660357662925,OPEN
1029,N001807,N001808,R0515,2099.8301156721127,OPEN
1030,N001808,N001807,R0515,2099.8301156721127,OPEN
1031,N001809,N001810,R0516,68.5154731218569,OPEN
1032,N001810,N001809,R0516,68.5154731218569,OPEN
1033,N001808,N001811,R0517,30.6068248840589,OPEN
1034,N001811,N001808,R0517,30.6068248840589,OPEN
1035,N001810,N001812,R0518,1162.1060996589194,OPEN
1036,N001812,N001810,R0518,1162.1060996589194,OPEN
1037,N001813,N001814,R0519,178.99584554444482,OPEN
1038,N001814,N001813,R0519,178.99584554444482,OPEN
1039,N001815,N001816,R0520,2412.1921619203504,OPEN
1040,N001816,N001815,R0520,2412.1921619203504,OPEN
1041,N001817,N001818,R0521,2339.885328408081,OPEN
1042,N001818,N001817,R0521,2339.885328408081,OPEN
1043,N001819,N001820,R0522,68.5290587265629,OPEN
1044,N001820,N001819,R0522,68.5290587265629,OPEN
1045,N001818,N001821,R0523,139.5683013735227,OPEN
1046,N001821,N001818,R0523,139.5683013735227,OPEN
1047,N001822,N001823,R0524,228.18029941751618,OPEN
1048,N001823,N001822,R0524,228.18029941751618,OPEN
1049,N001824,N001817,R0525,34.609992552086595,OPEN
1050,N001817,N001824,R0525,34.609992552086595,OPEN
1051,N001825,N001815,R0526,28.261535927819,OPEN
1052,N001815,N001825,R0526,28.261535927819,OPEN
1053,N001823,N001824,R0527,2850.5577354953152,OPEN
1054,N001824,N001823,R0527,2850.5577354953152,OPEN
1055,N001823,N001824,R0528,2850.5577354953152,OPEN
1056,N001824,N001823,R0528,2850.5577354953152,OPEN
1057,N001826,N001827,R0529,6189.6515363772,OPEN
1058,N001827,N001826,R0529,6189.6515363772,OPEN
1059,N001828,N001825,R0530,4588.5055552396525,OPEN
1060,N001825,N001828,R0530,4588.5055552396525,OPEN
1061,N001829,N001830,R0531,218.9367505289942,OPEN
1062,N001830,N001829,R0531,218.9367505289942,OPEN
1063,N001831,N001831,R0532,90.4341133471774,OPEN
1064,N001831,N001831,R0532,90.4341133471774,OPEN
1065,N001832,N001833,R0533,286.1956458885668,OPEN
1066,N001833,N001832,R0533,286.1956458885668,OPEN
1067,N001834,N001835,R0534,2083.8934754769025,OPEN
1068,N001835,N001834,R0534,2083.8934754769025,OPEN
1069,N001836,N001837,R0535,57.4993082198919,OPEN
1070,N001837,N001836,R0535,57.4993082198919,OPEN
1071,N001025,N001838,R0536,406.89981775431426,OPEN
1072,N001838,N001025,R0536,406.89981775431426,OPEN
1073,N001835,N001839,R0537,22.8816709645901,OPEN
1074,N001839,N001835,R0537,22.8816709645901,OPEN
1075,N001840,N001836,R0538,260.7053164338315,OPEN
1076,N001836,N001840,R0538,260.7053164338315,OPEN
1077,N001841,N001834,R0539,30.652621137115798,OPEN
1078,N001834,N001841,R0539,30.652621137115798,OPEN
1079,N001842,N001843,R0540,1746.5839541766036,OPEN
1080,N001843,N001842,R0540,1746.5839541766036,OPEN
1081,N001838,N001026,R0541,5916.239721403852,OPEN
1082,N001026,N001838,R0541,5916.239721403852,OPEN
1083,N001008,N001844,R0542,929.9260842854811,OPEN
1084,N001844,N001008,R0542,929.9260842854811,OPEN
1085,N001845,N001841,R0543,283.2760953012526,OPEN
1086,N001841,N001845,R0543,283.2760953012526,OPEN
1087,N001017,N001846,R0544,231.583437577535,OPEN
1088,N001846,N001017,R0544,231.583437577535,OPEN
1089,N001842,N001847,R0545,30.6784548303285,OPEN
1090,N001847,N001842,R0545,30.6784548303285,OPEN
1091,N001848,N001842,R0546,28.4508262571287,OPEN
1092,N001842,N001848,R0546,28.4508262571287,OPEN
1093,N001839,N001840,R0547,3576.872102437465,OPEN
1094,N001840,N001839,R0547,3576.872102437465,OPEN
1095,N001807,N001849,R0548,65.65665616086409,OPEN
1096,N001849,N001807,R0548,65.65665616086409,OPEN
1097,N001850,N001812,R0549,53.2884185167975,OPEN
1098,N001812,N001850,R0549,53.2884185167975,OPEN
1099,N001812,N001851,R0550,60.6529176390958,OPEN
1100,N001851,N001812,R0550,60.6529176390958,OPEN
1101,N001847,N001807,R0551,48.5183432866843,OPEN
1102,N001807,N001847,R0551,48.5183432866843,OPEN
1103,N001837,N001852,R0552,130.9733939848336,OPEN
1104,N001852,N001837,R0552,130.9733939848336,OPEN
1105,N001853,N001030,R0553,1167.7379394178865,OPEN
1106,N001030,N001853,R0553,1167.7379394178865,OPEN
1107,N001854,N001855,R0554,3198.417319785351,OPEN
1108,N001855,N001854,R0554,3198.417319785351,OPEN
1109,N001027,N001856,R0555,30.6419967978603,OPEN
1110,N001856,N001027,R0555,30.6419967978603,OPEN
1111,N001031,N001857,R0556,21.934853107894398,OPEN
1112,N001857,N001031,R0556,21.934853107894398,OPEN
1113,N001855,N001858,R0557,7.0463614985528,OPEN
1114,N001858,N001855,R0557,7.0463614985528,OPEN
1115,N001859,N001860,R0558,26.9766994032824,OPEN
1116,N001860,N001859,R0558,26.9766994032824,OPEN
1117,N001861,N001862,R0559,15.738237020545501,OPEN
1118,N001862,N001861,R0559,15.738237020545501,OPEN
1119,N001863,N001864,R0560,18.2206077933246,OPEN
1120,N001864,N001863,R0560,18.2206077933246,OPEN
1121,N001408,N001854,R0561,32.1191154590228,OPEN
1122,N001854,N001408,R0561,32.1191154590228,OPEN
1123,N001858,N001861,R0562,683.788830019405,OPEN
1124,N001861,N001858,R0562,683.788830019405,OPEN
1125,N001862,N001863,R0563,4041.297205371759,OPEN
1126,N001863,N001862,R0563,4041.297205371759,OPEN
1127,N001856,N001865,R0564,4296.328126858649,OPEN
1128,N001865,N001856,R0564,4296.328126858649,OPEN
1129,N001866,N001859,R0565,520.6616751048128,OPEN
1130,N001859,N001866,R0565,520.6616751048128,OPEN
1131,N001857,N001460,R0566,868.5434189085015,OPEN
1132,N001460,N001857,R0566,868.5434189085015,OPEN
1133,N001867,N001868,R0567,270.0704899082877,OPEN
1134,N001868,N001867,R0567,270.0704899082877,OPEN
1135,N001869,N001870,R0568,916.7519116485961,OPEN
1136,N001870,N001869,R0568,916.7519116485961,OPEN
1137,N001871,N001872,R0569,182.8183088037567,OPEN
1138,N001872,N001871,R0569,182.8183088037567,OPEN
1139,N001873,N001873,R0570,103.2399995908407,OPEN
1140,N001873,N001873,R0570,103.2399995908407,OPEN
1141,N001874,N001875,R0571,23277.777018820645,OPEN
1142,N001875,N001874,R0571,23277.777018820645,OPEN
1143,N001440,N001876,R0572,36.1727139041551,OPEN
1144,N001876,N001440,R0572,36.1727139041551,OPEN
1145,N001876,N001877,R0573,6722.05094683648,OPEN
1146,N001877,N001876,R0573,6722.05094683648,OPEN
1147,N001878,N001879,R0574,1916.0047223669992,OPEN
1148,N001879,N001878,R0574,1916.0047223669992,OPEN
1149,N001880,N001881,R0575,3062.263737272288,OPEN
1150,N001881,N001880,R0575,3062.263737272288,OPEN
1151,N001710,N001882,R0576,3001.5100599321145,OPEN
1152,N001882,N001710,R0576,3001.5100599321145,OPEN
1153,N001883,N001884,R0577,602.0072481559472,OPEN
1154,N001884,N001883,R0577,602.0072481559472,OPEN
1155,N001666,N001885,R0578,1739.8332971511327,OPEN
1156,N001885,N001666,R0578,1739.8332971511327,OPEN
1157,N001886,N001887,R0579,4472.463474589304,OPEN
1158,N001887,N001886,R0579,4472.463474589304,OPEN
1159,N001888,N001171,R0580,1814.9761997018877,OPEN
1160,N001171,N001888,R0580,1814.9761997018877,OPEN
1161,N001889,N001888,R0581,32.9001877427703,OPEN
1162,N001888,N001889,R0581,32.9001877427703,OPEN
1163,N001890,N001891,R0582,9400.666674024365,OPEN
1164,N001891,N001890,R0582,9400.666674024365,OPEN
1165,N001892,N001893,R0583,11653.637437160625,OPEN
1166,N001893,N001892,R0583,11653.637437160625,OPEN
1167,N001894,N001895,R0584,9046.528487623713,OPEN
1168,N001895,N001894,R0584,9046.528487623713,OPEN
1169,N001896,N001151,R0585,67.3002577504147,OPEN
1170,N001151,N001896,R0585,67.3002577504147,OPEN
1171,N001164,N001897,R0586,31.313997564052897,OPEN
1172,N001897,N001164,R0586,31.313997564052897,OPEN
1173,N001166,N001898,R0587,57.8913267957303,OPEN
1174,N001898,N001166,R0587,57.8913267957303,OPEN
1175,N001168,N001899,R0588,84.3058932309403,OPEN
1176,N001899,N001168,R0588,84.3058932309403,OPEN
1177,N001899,N001160,R0589,2100.32324212737,OPEN
1178,N001160,N001899,R0589,2100.32324212737,OPEN
1179,N001898,N001167,R0590,4826.950033063262,OPEN
1180,N001167,N001898,R0590,4826.950033063262,OPEN
1181,N001897,N001165,R0591,5248.887177596658,OPEN
1182,N001165,N001897,R0591,5248.887177596658,OPEN
1183,N001897,N001165,R0592,5248.887177596658,OPEN
1184,N001165,N001897,R0592,5248.887177596658,OPEN
1185,N001900,N001901,R0593,3000.6427576947317,OPEN
1186,N001901,N001900,R0593,3000.6427576947317,OPEN
1187,N001258,N001108,R0594,124.9926692342091,OPEN
1188,N001108,N001258,R0594,124.9926692342091,OPEN
1189,N001902,N001258,R0595,4126.238994310764,OPEN
1190,N001258,N001902,R0595,4126.238994310764,OPEN
1191,N001310,N001903,R0596,901.5370462666408,OPEN
1192,N001903,N001310,R0596,901.5370462666408,OPEN
1193,N001904,N001905,R0597,4115.801118638761,OPEN
1194,N001905,N001904,R0597,4115.801118638761,OPEN
1195,N001906,N001907,R0598,106.90625243143751,OPEN
1196,N001907,N001906,R0598,106.90625243143751,OPEN
1197,N001908,N001909,R0599,42.0098145460166,OPEN
1198,N001909,N001908,R0599,42.0098145460166,OPEN
1199,N001910,N001911,R0600,2178.573603023058,OPEN
1200,N001911,N001910,R0600,2178.573603023058,OPEN
1201,N001907,N001912,R0601,1836.4438560832289,OPEN
1202,N001912,N001907,R0601,1836.4438560832289,OPEN
1203,N001913,N001906,R0602,445.7186592547802,OPEN
1204,N001906,N001913,R0602,445.7186592547802,OPEN
1205,N001914,N001915,R0603,3292.0301985394703,OPEN
1206,N001915,N001914,R0603,3292.0301985394703,OPEN
1207,N001482,N001914,R0604,117.8322369628316,OPEN
1208,N001914,N001482,R0604,117.8322369628316,OPEN
1209,N001916,N001511,R0605,3917.3063386387425,OPEN
1210,N001511,N001916,R0605,3917.3063386387425,OPEN
1211,N001917,N001918,R0606,97.9161688827225,OPEN
1212,N001918,N001917,R0606,97.9161688827225,OPEN
1213,N001919,N001920,R0607,168.7723474104734,OPEN
1214,N001920,N001919,R0607,168.7723474104734,OPEN
1215,N001921,N001922,R0608,7182.57375499607,OPEN
1216,N001922,N001921,R0608,7182.57375499607,OPEN
1217,N001923,N001924,R0609,4853.29460652581,OPEN
1218,N001924,N001923,R0609,4853.29460652581,OPEN
1219,N001920,N001925,R0610,560.9021460026252,OPEN
1220,N001925,N001920,R0610,560.9021460026252,OPEN
1221,N001923,N001919,R0611,374.1416750766644,OPEN
1222,N001919,N001923,R0611,374.1416750766644,OPEN
1223,N001532,N001926,R0612,1019.2507119779184,OPEN
1224,N001926,N001532,R0612,1019.2507119779184,OPEN
1225,N001927,N001928,R0613,1074.9339410334335,OPEN
1226,N001928,N001927,R0613,1074.9339410334335,OPEN
1227,N001929,N001930,R0614,2427.8326301669686,OPEN
1228,N001930,N001929,R0614,2427.8326301669686,OPEN
1229,N001532,N001931,R0615,177.76959307976819,OPEN
1230,N001931,N001532,R0615,177.76959307976819,OPEN
1231,N001932,N001927,R0616,503.39411597662297,OPEN
1232,N001927,N001932,R0616,503.39411597662297,OPEN
1233,N001933,N001934,R0617,2002.7376150513692,OPEN
1234,N001934,N001933,R0617,2002.7376150513692,OPEN
1235,N001935,N001936,R0618,3604.6005517182143,OPEN
1236,N001936,N001935,R0618,3604.6005517182143,OPEN
1237,N001937,N001938,R0619,1313.0252323142788,OPEN
1238,N001938,N001937,R0619,1313.0252323142788,OPEN
1239,N001518,N001531,R0620,117.4003946993939,OPEN
1240,N001531,N001518,R0620,117.4003946993939,OPEN
1241,N001939,N001940,R0621,876.2485332939025,OPEN
1242,N001940,N001939,R0621,876.2485332939025,OPEN
1243,N001941,N001940,R0622,372.9810897300651,OPEN
1244,N001940,N001941,R0622,372.9810897300651,OPEN
1245,N001942,N001943,R0623,1895.381942631464,OPEN
1246,N001943,N001942,R0623,1895.381942631464,OPEN
1247,N001938,N001944,R0624,33.1500119476095,OPEN
1248,N001944,N001938,R0624,33.1500119476095,OPEN
1249,N001931,N001941,R0625,19.0549867371037,OPEN
1250,N001941,N001931,R0625,19.0549867371037,OPEN
1251,N001945,N001946,R0626,4188.6199021322755,OPEN
1252,N001946,N001945,R0626,4188.6199021322755,OPEN
1253,N001944,N001926,R0627,1533.969718143511,OPEN
1254,N001926,N001944,R0627,1533.969718143511,OPEN
1255,N001947,N001948,R0628,20.8944452799873,OPEN
1256,N001948,N001947,R0628,20.8944452799873,OPEN
1257,N001949,N001950,R0629,26.4574817724878,OPEN
1258,N001950,N001949,R0629,26.4574817724878,OPEN
1259,N001951,N001952,R0630,30.979271968775,OPEN
1260,N001952,N001951,R0630,30.979271968775,OPEN
1261,N001953,N001954,R0631,2159.3912963383796,OPEN
1262,N001954,N001953,R0631,2159.3912963383796,OPEN
1263,N001955,N001956,R0632,2436.5743633338275,OPEN
1264,N001956,N001955,R0632,2436.5743633338275,OPEN
1265,N001957,N001958,R0633,101.93852675090501,OPEN
1266,N001958,N001957,R0633,101.93852675090501,OPEN
1267,N001959,N001960,R0634,1890.0694318602368,OPEN
1268,N001960,N001959,R0634,1890.0694318602368,OPEN
1269,N001961,N001962,R0635,237.4589119536832,OPEN
1270,N001962,N001961,R0635,237.4589119536832,OPEN
1271,N001963,N001964,R0636,1445.569892236308,OPEN
1272,N001964,N001963,R0636,1445.569892236308,OPEN
1273,N001423,N001965,R0637,16.5853019001109,OPEN
1274,N001965,N001423,R0637,16.5853019001109,OPEN
1275,N001966,N001967,R0638,25.2974596728818,OPEN
1276,N001967,N001966,R0638,25.2974596728818,OPEN
1277,N001968,N001969,R0639,30.536427888870602,OPEN
1278,N001969,N001968,R0639,30.536427888870602,OPEN
1279,N001967,N001522,R0640,2779.4385273199396,OPEN
1280,N001522,N001967,R0640,2779.4385273199396,OPEN
1281,N001969,N001970,R0641,1167.4009395938162,OPEN
1282,N001970,N001969,R0641,1167.4009395938162,OPEN
1283,N001971,N001972,R0642,541.875945831497,OPEN
1284,N001972,N001971,R0642,541.875945831497,OPEN
1285,N001973,N001974,R0643,687.1059290712515,OPEN
1286,N001974,N001973,R0643,687.1059290712515,OPEN
1287,N001512,N001971,R0644,147.3741964643739,OPEN
1288,N001971,N001512,R0644,147.3741964643739,OPEN
1289,N001975,N001693,R0645,52.925485500395,OPEN
1290,N001693,N001975,R0645,52.925485500395,OPEN
1291,N001976,N001975,R0646,77.0818591397094,OPEN
1292,N001975,N001976,R0646,77.0818591397094,OPEN
1293,N001138,N001973,R0647,57.9948232534882,OPEN
1294,N001973,N001138,R0647,57.9948232534882,OPEN
1295,N001977,N001978,R0648,216.1627993789306,OPEN
1296,N001978,N001977,R0648,216.1627993789306,OPEN
1297,N001979,N001980,R0649,5592.113047867284,OPEN
1298,N001980,N001979,R0649,5592.113047867284,OPEN
1299,N001980,N001981,R0650,21.6851274137131,OPEN
1300,N001981,N001980,R0650,21.6851274137131,OPEN
1301,N001982,N001983,R0651,23.5438460923367,OPEN
1302,N001983,N001982,R0651,23.5438460923367,OPEN
1303,N001983,N001984,R0652,2453.44862256848,OPEN
1304,N001984,N001983,R0652,2453.44862256848,OPEN
1305,N001981,N001982,R0653,414.5840503619744,OPEN
1306,N001982,N001981,R0653,414.5840503619744,OPEN
1307,N001985,N001986,R0654,4335.18495194714,OPEN
1308,N001986,N001985,R0654,4335.18495194714,OPEN
1309,N001987,N001988,R0655,25.0302765601274,OPEN
1310,N001988,N001987,R0655,25.0302765601274,OPEN
1311,N001989,N001990,R0656,7012.203458286336,OPEN
1312,N001990,N001989,R0656,7012.203458286336,OPEN
1313,N001991,N001992,R0657,441.1844744328111,OPEN
1314,N001992,N001991,R0657,441.1844744328111,OPEN
1315,N001993,N001994,R0658,20.2279748754231,OPEN
1316,N001994,N001993,R0658,20.2279748754231,OPEN
1317,N001995,N001993,R0659,871.5913386904994,OPEN
1318,N001993,N001995,R0659,871.5913386904994,OPEN
1319,N001994,N001996,R0660,985.2702559818516,OPEN
1320,N001996,N001994,R0660,985.2702559818516,OPEN
1321,N001995,N001992,R0661,1261.3040204119743,OPEN
1322,N001992,N001995,R0661,1261.3040204119743,OPEN
1323,N001996,N001997,R0662,1347.269250355709,OPEN
1324,N001997,N001996,R0662,1347.269250355709,OPEN
1325,N001998,N001999,R0663,23931.816160563634,OPEN
1326,N001999,N001998,R0663,23931.816160563634,OPEN
1327,N001998,N001999,R0664,23931.816160563634,OPEN
1328,N001999,N001998,R0664,23931.816160563634,OPEN
1329,N002000,N001998,R0665,22245.113849497215,OPEN
1330,N001998,N002000,R0665,22245.113849497215,OPEN
1331,N002000,N001998,R0666,22245.113849497215,OPEN
1332,N001998,N002000,R0666,22245.113849497215,OPEN
1333,N002000,N001998,R0667,22245.113849497215,OPEN
1334,N001998,N002000,R0667,22245.113849497215,OPEN
1335,N002001,N002002,R0668,16872.852974681857,OPEN
1336,N002002,N002001,R0668,16872.852974681857,OPEN
1337,N002003,N002004,R0669,2987.623387577681,OPEN
1338,N002004,N002003,R0669,2987.623387577681,OPEN
1339,N002005,N002006,R0670,3419.0860120069283,OPEN
1340,N002006,N002005,R0670,3419.0860120069283,OPEN
1341,N001358,N001357,R0671,821.5986881152055,OPEN
1342,N001357,N001358,R0671,821.5986881152055,OPEN
1343,N002007,N002008,R0672,4975.306905108575,OPEN
1344,N002008,N002007,R0672,4975.306905108575,OPEN
1345,N002009,N002010,R0673,6882.124879909561,OPEN
1346,N002010,N002009,R0673,6882.124879909561,OPEN
1347,N002011,N002012,R0674,5977.0932077179605,OPEN
1348,N002012,N002011,R0674,5977.0932077179605,OPEN
1349,N002013,N002014,R0675,35.1381926885338,OPEN
1350,N002014,N002013,R0675,35.1381926885338,OPEN
1351,N002014,N002015,R0676,367.1531186620342,OPEN
1352,N002015,N002014,R0676,367.1531186620342,OPEN
1353,N002016,N001746,R0677,18494.311955696234,OPEN
1354,N001746,N002016,R0677,18494.311955696234,OPEN
1355,N002015,N002017,R0678,5.632846456975799,OPEN
1356,N002017,N002015,R0678,5.632846456975799,OPEN
1357,N002018,N002019,R0679,19685.6847335952,OPEN
1358,N002019,N002018,R0679,19685.6847335952,OPEN
1359,N002020,N002018,R0680,20.160326485191,OPEN
1360,N002018,N002020,R0680,20.160326485191,OPEN
1361,N002021,N001789,R0681,47.324375673255005,OPEN
1362,N001789,N002021,R0681,47.324375673255005,OPEN
1363,N002022,N001353,R0682,129.6163375498644,OPEN
1364,N001353,N002022,R0682,129.6163375498644,OPEN
1365,N001800,N002022,R0683,8.6683252456461,OPEN
1366,N002022,N001800,R0683,8.6683252456461,OPEN
1367,N001797,N002023,R0684,47.1213640819487,OPEN
1368,N002023,N001797,R0684,47.1213640819487,OPEN
1369,N002024,N002025,R0685,9003.272120731162,OPEN
1370,N002025,N002024,R0685,9003.272120731162,OPEN
1371,N002024,N002025,R0686,9003.272120731162,OPEN
1372,N002025,N002024,R0686,9003.272120731162,OPEN
1373,N002026,N002027,R0687,2208.033785034718,OPEN
1374,N002027,N002026,R0687,2208.033785034718,OPEN
1375,N002028,N002029,R0688,8762.093906477514,OPEN
1376,N002029,N002028,R0688,8762.093906477514,OPEN
1377,N002030,N002031,R0689,3180.6231936781214,OPEN
1378,N002031,N002030,R0689,3180.6231936781214,OPEN
1379,N002030,N002031,R0690,3180.6231936781214,OPEN
1380,N002031,N002030,R0690,3180.6231936781214,OPEN
1381,N001159,N002032,R0691,57.849692485380395,OPEN
1382,N002032,N001159,R0691,57.849692485380395,OPEN
1383,N002033,N002034,R0692,3063.858331681252,OPEN
1384,N002034,N002033,R0692,3063.858331681252,OPEN
1385,N002035,N002036,R0693,339.46177374123283,OPEN
1386,N002036,N002035,R0693,339.46177374123283,OPEN
1387,N002037,N002038,R0694,544.0043088095817,OPEN
1388,N002038,N002037,R0694,544.0043088095817,OPEN
1389,N002039,N001162,R0695,1945.949187588623,OPEN
1390,N001162,N002039,R0695,1945.949187588623,OPEN
1391,N001121,N002039,R0696,34.6048828828415,OPEN
1392,N002039,N001121,R0696,34.6048828828415,OPEN
1393,N002040,N002041,R0697,4077.1787084422845,OPEN
1394,N002041,N002040,R0697,4077.1787084422845,OPEN
1395,N002042,N002043,R0698,663.1837188146209,OPEN
1396,N002043,N002042,R0698,663.1837188146209,OPEN
1397,N002044,N002045,R0699,270.808599337743,OPEN
1398,N002045,N002044,R0699,270.808599337743,OPEN
1399,N001284,N001394,R0700,5492.774589066492,OPEN
1400,N001394,N001284,R0700,5492.774589066492,OPEN
1401,N002046,N002047,R0701,10.8716461279579,OPEN
1402,N002047,N002046,R0701,10.8716461279579,OPEN
1403,N002048,N002046,R0702,25.8981054868853,OPEN
1404,N002046,N002048,R0702,25.8981054868853,OPEN
1405,N001122,N002049,R0703,1319.3440564832572,OPEN
1406,N002049,N001122,R0703,1319.3440564832572,OPEN
1407,N001382,N002050,R0704,17.4411880824263,OPEN
1408,N002050,N001382,R0704,17.4411880824263,OPEN
1409,N001158,N002051,R0705,83.2426414372195,OPEN
1410,N002051,N001158,R0705,83.2426414372195,OPEN
1411,N002052,N001119,R0706,100.9469114099244,OPEN
1412,N001119,N002052,R0706,100.9469114099244,OPEN
1413,N002053,N002054,R0707,4537.83666154555,OPEN
1414,N002054,N002053,R0707,4537.83666154555,OPEN
1415,N001012,N002055,R0708,964.315826794902,OPEN
1416,N002055,N001012,R0708,964.315826794902,OPEN
1417,N002056,N002057,R0709,2765.73884856453,OPEN
1418,N002057,N002056,R0709,2765.73884856453,OPEN
1419,N002058,N002059,R0710,824.500452884453,OPEN
1420,N002059,N002058,R0710,824.500452884453,OPEN
1421,N002060,N002061,R0711,233.65593567631097,OPEN
1422,N002061,N002060,R0711,233.65593567631097,OPEN
1423,N002062,N002063,R0712,633.5376222669846,OPEN
1424,N002063,N002062,R0712,633.5376222669846,OPEN
1425,N002064,N002065,R0713,306.93116902324454,OPEN
1426,N002065,N002064,R0713,306.93116902324454,OPEN
1427,N002063,N001012,R0714,439.6307945525631,OPEN
1428,N001012,N002063,R0714,439.6307945525631,OPEN
1429,N001865,N002066,R0715,4003.634190349888,OPEN
1430,N002066,N001865,R0715,4003.634190349888,OPEN
1431,N002067,N002068,R0716,8938.35131262684,OPEN
1432,N002068,N002067,R0716,8938.35131262684,OPEN
1433,N002067,N002069,R0717,98.2315472804995,OPEN
1434,N002069,N002067,R0717,98.2315472804995,OPEN
1435,N002070,N002069,R0718,196.87179875158532,OPEN
1436,N002069,N002070,R0718,196.87179875158532,OPEN
1437,N002071,N002072,R0719,232.18412630046632,OPEN
1438,N002072,N002071,R0719,232.18412630046632,OPEN
1439,N002073,N002074,R0720,102.6950592391187,OPEN
1440,N002074,N002073,R0720,102.6950592391187,OPEN
1441,N002075,N002076,R0721,7484.510188176668,OPEN
1442,N002076,N002075,R0721,7484.510188176668,OPEN
1443,N002077,N002078,R0722,701.4175220658284,OPEN
1444,N002078,N002077,R0722,701.4175220658284,OPEN
1445,N002079,N002080,R0723,8139.263943140666,OPEN
1446,N002080,N002079,R0723,8139.263943140666,OPEN
1447,N002081,N002082,R0724,6122.8020465538,OPEN
1448,N002082,N002081,R0724,6122.8020465538,OPEN
1449,N002083,N002084,R0725,19518.89276842155,OPEN
1450,N002084,N002083,R0725,19518.89276842155,OPEN
1451,N002085,N002086,R0726,11234.575122977592,OPEN
1452,N002086,N002085,R0726,11234.575122977592,OPEN
1453,N002087,N001411,R0727,212.0562483768112,OPEN
1454,N001411,N002087,R0727,212.0562483768112,OPEN
1455,N002088,N002089,R0728,11122.867813967036,OPEN
1456,N002089,N002088,R0728,11122.867813967036,OPEN
1457,N002090,N002091,R0729,36371.04625738834,OPEN
1458,N002091,N002090,R0729,36371.04625738834,OPEN
1459,N002092,N002093,R0730,775.7286145898356,OPEN
1460,N002093,N002092,R0730,775.7286145898356,OPEN
1461,N002094,N002095,R0731,832.9916490021327,OPEN
1462,N002095,N002094,R0731,832.9916490021327,OPEN
1463,N002096,N001679,R0732,3077.316059046204,OPEN
1464,N001679,N002096,R0732,3077.316059046204,OPEN
1465,N002097,N002098,R0733,768.8471340050603,OPEN
1466,N002098,N002097,R0733,768.8471340050603,OPEN
1467,N002099,N002100,R0734,120.01176086886039,OPEN
1468,N002100,N002099,R0734,120.01176086886039,OPEN
1469,N002100,N002101,R0735,5215.816154391503,OPEN
1470,N002101,N002100,R0735,5215.816154391503,OPEN
1471,N002102,N002103,R0736,661.2149995780361,OPEN
1472,N002103,N002102,R0736,661.2149995780361,OPEN
1473,N002104,N001505,R0737,697.1158991391791,OPEN
1474,N001505,N002104,R0737,697.1158991391791,OPEN
1475,N002104,N002105,R0738,269.6707146841035,OPEN
1476,N002105,N002104,R0738,269.6707146841035,OPEN
1477,N002106,N002107,R0739,457.8278659993914,OPEN
1478,N002107,N002106,R0739,457.8278659993914,OPEN
1479,N002108,N002109,R0740,3757.604532778185,OPEN
1480,N002109,N002108,R0740,3757.604532778185,OPEN
1481,N002110,N002111,R0741,9178.820216961825,OPEN
1482,N002111,N002110,R0741,9178.820216961825,OPEN
1483,N002110,N002111,R0742,9178.820216961825,OPEN
1484,N002111,N002110,R0742,9178.820216961825,OPEN
1485,N002112,N002113,R0743,3764.7806196062056,OPEN
1486,N002113,N002112,R0743,3764.7806196062056,OPEN
1487,N001740,N002114,R0744,16.3660763437283,OPEN
1488,N002114,N001740,R0744,16.3660763437283,OPEN
1489,N002114,N002115,R0745,1375.2641398516562,OPEN
1490,N002115,N002114,R0745,1375.2641398516562,OPEN
1491,N002116,N002117,R0746,2115.4582648377227,OPEN
1492,N002117,N002116,R0746,2115.4582648377227,OPEN
1493,N002118,N002119,R0747,104.0944492899599,OPEN
1494,N002119,N002118,R0747,104.0944492899599,OPEN
1495,N002120,N002121,R0748,425.09737580978765,OPEN
1496,N002121,N002120,R0748,425.09737580978765,OPEN
1497,N001220,N002122,R0749,182.9915725272842,OPEN
1498,N002122,N001220,R0749,182.9915725272842,OPEN
1499,N001672,N002123,R0750,1108.1607782805474,OPEN
1500,N002123,N001672,R0750,1108.1607782805474,OPEN
1501,N002124,N002125,R0751,7263.694099201007,OPEN
1502,N002125,N002124,R0751,7263.694099201007,OPEN
1503,N002126,N002127,R0752,1093.3691115967415,OPEN
1504,N002127,N002126,R0752,1093.3691115967415,OPEN
1505,N002128,N002129,R0753,1769.5087935195766,OPEN
1506,N002129,N002128,R0753,1769.5087935195766,OPEN
1507,N002130,N002131,R0754,1770.092090672353,OPEN
1508,N002131,N002130,R0754,1770.092090672353,OPEN
1509,N002132,N001704,R0755,108.40638710228511,OPEN
1510,N001704,N002132,R0755,108.40638710228511,OPEN
1511,N002127,N002132,R0756,98.50470559688081,OPEN
1512,N002132,N002127,R0756,98.50470559688081,OPEN
1513,N002133,N001671,R0757,111.2910383366026,OPEN
1514,N001671,N002133,R0757,111.2910383366026,OPEN
1515,N002123,N002134,R0758,40.4470742005179,OPEN
1516,N002134,N002123,R0758,40.4470742005179,OPEN
1517,N002135,N002136,R0759,236.6297549576103,OPEN
1518,N002136,N002135,R0759,236.6297549576103,OPEN
1519,N002137,N002130,R0760,28.1547690547981,OPEN
1520,N002130,N002137,R0760,28.1547690547981,OPEN
1521,N002131,N002138,R0761,39.6478599412202,OPEN
1522,N002138,N002131,R0761,39.6478599412202,OPEN
1523,N002139,N002126,R0762,42.268377209981594,OPEN
1524,N002126,N002139,R0762,42.268377209981594,OPEN
1525,N002140,N002128,R0763,40.0971098192153,OPEN
1526,N002128,N002140,R0763,40.0971098192153,OPEN
1527,N002134,N002135,R0764,195.44072334621458,OPEN
1528,N002135,N002134,R0764,195.44072334621458,OPEN
1529,N002141,N002142,R0765,237.11329303925118,OPEN
1530,N002142,N002141,R0765,237.11329303925118,OPEN
1531,N002129,N002143,R0766,26.5469343892048,OPEN
1532,N002143,N002129,R0766,26.5469343892048,OPEN
1533,N002142,N002139,R0767,195.1387784708252,OPEN
1534,N002139,N002142,R0767,195.1387784708252,OPEN
1535,N002136,N002140,R0768,3593.706591984114,OPEN
1536,N002140,N002136,R0768,3593.706591984114,OPEN
1537,N002138,N002141,R0769,3603.4297176215537,OPEN
1538,N002141,N002138,R0769,3603.4297176215537,OPEN
1539,N002144,N002145,R0770,9758.10323608176,OPEN
1540,N002145,N002144,R0770,9758.10323608176,OPEN
1541,N002146,N002147,R0771,30.362347773313402,OPEN
1542,N002147,N002146,R0771,30.362347773313402,OPEN
1543,N002148,N002149,R0772,162.8293000918326,OPEN
1544,N002149,N002148,R0772,162.8293000918326,OPEN
1545,N002150,N002144,R0773,122.385772314269,OPEN
1546,N002144,N002150,R0773,122.385772314269,OPEN
1547,N002145,N001537,R0774,235.55126168997552,OPEN
1548,N001537,N002145,R0774,235.55126168997552,OPEN
1549,N002151,N002152,R0775,35.582559920159696,OPEN
1550,N002152,N002151,R0775,35.582559920159696,OPEN
1551,N002152,N002153,R0776,5883.45331328116,OPEN
1552,N002153,N002152,R0776,5883.45331328116,OPEN
1553,N002149,N002154,R0777,16004.233836805837,OPEN
1554,N002154,N002149,R0777,16004.233836805837,OPEN
1555,N002155,N002148,R0778,15643.842163406689,OPEN
1556,N002148,N002155,R0778,15643.842163406689,OPEN
1557,N002155,N002148,R0779,15643.842163406689,OPEN
1558,N002148,N002155,R0779,15643.842163406689,OPEN
1559,N002156,N002146,R0780,15301.161545766052,OPEN
1560,N002146,N002156,R0780,15301.161545766052,OPEN
1561,N002157,N002158,R0781,40924.08742636521,OPEN
1562,N002158,N002157,R0781,40924.08742636521,OPEN
1563,N002157,N002158,R0782,40924.08742636521,OPEN
1564,N002158,N002157,R0782,40924.08742636521,OPEN
1565,N002147,N002155,R0783,14511.138017857402,OPEN
1566,N002155,N002147,R0783,14511.138017857402,OPEN
1567,N002159,N002160,R0784,8118.150337033464,OPEN
1568,N002160,N002159,R0784,8118.150337033464,OPEN
1569,N002161,N002001,R0785,8475.5988491561,OPEN
1570,N002001,N002161,R0785,8475.5988491561,OPEN
1571,N002162,N002163,R0786,21016.289557452343,OPEN
1572,N002163,N002162,R0786,21016.289557452343,OPEN
1573,N002163,N002164,R0787,4033.9132489047847,OPEN
1574,N002164,N002163,R0787,4033.9132489047847,OPEN
1575,N002164,N002159,R0788,1942.0656032175386,OPEN
1576,N002159,N002164,R0788,1942.0656032175386,OPEN
1577,N002165,N002166,R0789,25961.74249492798,OPEN
1578,N002166,N002165,R0789,25961.74249492798,OPEN
1579,N002166,N002167,R0790,153.2016545970158,OPEN
1580,N002167,N002166,R0790,153.2016545970158,OPEN
1581,N002168,N001061,R0791,54.8104102268096,OPEN
1582,N001061,N002168,R0791,54.8104102268096,OPEN
1583,N002169,N002170,R0792,7019.11897215542,OPEN
1584,N002170,N002169,R0792,7019.11897215542,OPEN
1585,N002171,N002168,R0793,7188.92818504675,OPEN
1586,N002168,N002171,R0793,7188.92818504675,OPEN
1587,N001061,N002172,R0794,709.585436979927,OPEN
1588,N002172,N001061,R0794,709.585436979927,OPEN
1589,N001109,N002173,R0795,14473.274980130322,OPEN
1590,N002173,N001109,R0795,14473.274980130322,OPEN
1591,N002174,N002175,R0796,14365.244404242825,OPEN
1592,N002175,N002174,R0796,14365.244404242825,OPEN
1593,N002176,N002177,R0797,11807.924441767003,OPEN
1594,N002177,N002176,R0797,11807.924441767003,OPEN
1595,N002178,N002179,R0798,11723.713926861958,OPEN
1596,N002179,N002178,R0798,11723.713926861958,OPEN
1597,N002177,N002174,R0799,151.7113581321922,OPEN
1598,N002174,N002177,R0799,151.7113581321922,OPEN
1599,N002173,N002178,R0800,152.0055800838241,OPEN
1600,N002178,N002173,R0800,152.0055800838241,OPEN
1601,N002180,N002181,R0801,750.1251557234334,OPEN
1602,N002181,N002180,R0801,750.1251557234334,OPEN
1603,N002182,N002183,R0802,717.4168835451615,OPEN
1604,N002183,N002182,R0802,717.4168835451615,OPEN
1605,N002184,N002185,R0803,101.6078341623822,OPEN
1606,N002185,N002184,R0803,101.6078341623822,OPEN
1607,N002186,N002180,R0804,158.98987108383662,OPEN
1608,N002180,N002186,R0804,158.98987108383662,OPEN
1609,N002183,N002187,R0805,157.5947684783233,OPEN
1610,N002187,N002183,R0805,157.5947684783233,OPEN
1611,N002181,N002188,R0806,174.811772756046,OPEN
1612,N002188,N002181,R0806,174.811772756046,OPEN
1613,N002189,N002182,R0807,173.043710956527,OPEN
1614,N002182,N002189,R0807,173.043710956527,OPEN
1615,N002190,N002191,R0808,4648.564047973067,OPEN
1616,N002191,N002190,R0808,4648.564047973067,OPEN
1617,N002192,N002193,R0809,515.0610234450187,OPEN
1618,N002193,N002192,R0809,515.0610234450187,OPEN
1619,N002194,N002190,R0810,137.2523783267036,OPEN
1620,N002190,N002194,R0810,137.2523783267036,OPEN
1621,N002195,N002196,R0811,8322.426780383941,OPEN
1622,N002196,N002195,R0811,8322.426780383941,OPEN
1623,N002197,N002184,R0812,515.2123567234298,OPEN
1624,N002184,N002197,R0812,515.2123567234298,OPEN
1625,N002198,N002199,R0813,7435.211196118192,OPEN
1626,N002199,N002198,R0813,7435.211196118192,OPEN
1627,N002200,N002201,R0814,7445.457495155545,OPEN
1628,N002201,N002200,R0814,7445.457495155545,OPEN
1629,N002202,N002203,R0815,18815.232007297473,OPEN
1630,N002203,N002202,R0815,18815.232007297473,OPEN
1631,N002204,N002205,R0816,358.1121813064674,OPEN
1632,N002205,N002204,R0816,358.1121813064674,OPEN
1633,N002206,N002207,R0817,1167.6248562985904,OPEN
1634,N002207,N002206,R0817,1167.6248562985904,OPEN
1635,N002208,N002209,R0818,66.9812393094397,OPEN
1636,N002209,N002208,R0818,66.9812393094397,OPEN
1637,N002017,N002208,R0819,743.7546581618938,OPEN
1638,N002208,N002017,R0819,743.7546581618938,OPEN
1639,N002210,N002211,R0820,1520.6664956416764,OPEN
1640,N002211,N002210,R0820,1520.6664956416764,OPEN
1641,N002212,N002213,R0821,234.126962701487,OPEN
1642,N002213,N002212,R0821,234.126962701487,OPEN
1643,N001132,N002214,R0822,1018.0912256008203,OPEN
1644,N002214,N001132,R0822,1018.0912256008203,OPEN
1645,N001132,N002215,R0823,1698.5162085545544,OPEN
1646,N002215,N001132,R0823,1698.5162085545544,OPEN
1647,N002216,N002217,R0824,937.8510252665014,OPEN
1648,N002217,N002216,R0824,937.8510252665014,OPEN
1649,N001531,N002218,R0825,1556.4868122028483,OPEN
1650,N002218,N001531,R0825,1556.4868122028483,OPEN
1651,N001526,N002216,R0826,314.8071293190999,OPEN
1652,N002216,N001526,R0826,314.8071293190999,OPEN
1653,N001483,N002219,R0827,284.1756896293312,OPEN
1654,N002219,N001483,R0827,284.1756896293312,OPEN
1655,N002220,N001483,R0828,241.8185707460993,OPEN
1656,N001483,N002220,R0828,241.8185707460993,OPEN
1657,N001516,N002221,R0829,390.44406936242945,OPEN
1658,N002221,N001516,R0829,390.44406936242945,OPEN
1659,N001539,N002219,R0830,222.48150821872608,OPEN
1660,N002219,N001539,R0830,222.48150821872608,OPEN
1661,N002222,N002223,R0831,790.1896796552046,OPEN
1662,N002223,N002222,R0831,790.1896796552046,OPEN
1663,N001940,N001942,R0832,1630.9913781458952,OPEN
1664,N001942,N001940,R0832,1630.9913781458952,OPEN
1665,N001940,N002224,R0833,1605.0639470359645,OPEN
1666,N002224,N001940,R0833,1605.0639470359645,OPEN
1667,N001926,N002225,R0834,1141.3952314842873,OPEN
1668,N002225,N001926,R0834,1141.3952314842873,OPEN
1669,N002226,N002227,R0835,563.3823332570862,OPEN
1670,N002227,N002226,R0835,563.3823332570862,OPEN
1671,N002227,N002228,R0836,904.90942170097,OPEN
1672,N002228,N002227,R0836,904.90942170097,OPEN
1673,N001977,N002229,R0837,129.2075454944877,OPEN
1674,N002229,N001977,R0837,129.2075454944877,OPEN
1675,N002213,N002220,R0838,446.2306676304073,OPEN
1676,N002220,N002213,R0838,446.2306676304073,OPEN
1677,N002230,N002231,R0839,1574.2181574263295,OPEN
1678,N002231,N002230,R0839,1574.2181574263295,OPEN
1679,N002232,N002233,R0840,400.00351687089756,OPEN
1680,N002233,N002232,R0840,400.00351687089756,OPEN
1681,N002234,N002235,R0841,6035.137280200976,OPEN
1682,N002235,N002234,R0841,6035.137280200976,OPEN
1683,N002236,N002237,R0842,208.0525690459783,OPEN
1684,N002237,N002236,R0842,208.0525690459783,OPEN
1685,N002238,N002239,R0843,4110.053718576421,OPEN
1686,N002239,N002238,R0843,4110.053718576421,OPEN
1687,N002232,N002240,R0844,6487.701714638932,OPEN
1688,N002240,N002232,R0844,6487.701714638932,OPEN
1689,N002241,N002242,R0845,12320.847390195588,OPEN
1690,N002242,N002241,R0845,12320.847390195588,OPEN
1691,N002243,N002244,R0846,12.42807341995,OPEN
1692,N002244,N002243,R0846,12.42807341995,OPEN
1693,N002245,N002243,R0847,30.3245029089995,OPEN
1694,N002243,N002245,R0847,30.3245029089995,OPEN
1695,N002246,N002247,R0848,11409.146909000858,OPEN
1696,N002247,N002246,R0848,11409.146909000858,OPEN
1697,N002244,N002248,R0849,770.6431115815403,OPEN
1698,N002248,N002244,R0849,770.6431115815403,OPEN
1699,N002249,N002250,R0850,1058.014199446603,OPEN
1700,N002250,N002249,R0850,1058.014199446603,OPEN
1701,N001403,N002251,R0851,178.265997910575,OPEN
1702,N002251,N001403,R0851,178.265997910575,OPEN
1703,N002252,N002195,R0852,4718.639654069346,OPEN
1704,N002195,N002252,R0852,4718.639654069346,OPEN
1705,N002253,N002194,R0853,168.03850827627002,OPEN
1706,N002194,N002253,R0853,168.03850827627002,OPEN
1707,N002254,N002255,R0854,2295.57264863031,OPEN
1708,N002255,N002254,R0854,2295.57264863031,OPEN
1709,N002256,N002257,R0855,104.7350882609983,OPEN
1710,N002257,N002256,R0855,104.7350882609983,OPEN
1711,N001014,N001401,R0856,253.50431561893362,OPEN
1712,N001401,N001014,R0856,253.50431561893362,OPEN
1713,N002258,N002259,R0857,207.96816350291138,OPEN
1714,N002259,N002258,R0857,207.96816350291138,OPEN
1715,N002260,N001008,R0858,344.0165782748032,OPEN
1716,N001008,N002260,R0858,344.0165782748032,OPEN
1717,N002261,N001012,R0859,619.2688642636824,OPEN
1718,N001012,N002261,R0859,619.2688642636824,OPEN
1719,N002262,N002263,R0860,18.167141415677698,OPEN
1720,N002263,N002262,R0860,18.167141415677698,OPEN
1721,N002264,N002265,R0861,7132.90891351731,OPEN
1722,N002265,N002264,R0861,7132.90891351731,OPEN
1723,N002266,N002267,R0862,2365.0196573954527,OPEN
1724,N002267,N002266,R0862,2365.0196573954527,OPEN
1725,N002268,N002269,R0863,3395.4154749509894,OPEN
1726,N002269,N002268,R0863,3395.4154749509894,OPEN
1727,N002268,N002269,R0864,3395.4154749509894,OPEN
1728,N002269,N002268,R0864,3395.4154749509894,OPEN
1729,N002270,N002271,R0865,4328.417105815075,OPEN
1730,N002271,N002270,R0865,4328.417105815075,OPEN
1731,N002272,N002273,R0866,2312.5919803244433,OPEN
1732,N002273,N002272,R0866,2312.5919803244433,OPEN
1733,N002274,N002275,R0867,5768.850590554283,OPEN
1734,N002275,N002274,R0867,5768.850590554283,OPEN
1735,N002276,N002277,R0868,222.1438453673151,OPEN
1736,N002277,N002276,R0868,222.1438453673151,OPEN
1737,N002278,N002279,R0869,3216.876141379939,OPEN
1738,N002279,N002278,R0869,3216.876141379939,OPEN
1739,N002280,N002281,R0870,3349.7868605629924,OPEN
1740,N002281,N002280,R0870,3349.7868605629924,OPEN
1741,N002282,N002283,R0871,8896.766242658125,OPEN
1742,N002283,N002282,R0871,8896.766242658125,OPEN
1743,N002270,N002284,R0872,312.41855721068015,OPEN
1744,N002284,N002270,R0872,312.41855721068015,OPEN
1745,N002276,N002285,R0873,3647.5949292883556,OPEN
1746,N002285,N002276,R0873,3647.5949292883556,OPEN
1747,N002286,N002287,R0874,3919.282025922414,OPEN
1748,N002287,N002286,R0874,3919.282025922414,OPEN
1749,N002288,N002289,R0875,620.91992885062,OPEN
1750,N002289,N002288,R0875,620.91992885062,OPEN
1751,N002290,N002291,R0876,3290.4538990479955,OPEN
1752,N002291,N002290,R0876,3290.4538990479955,OPEN
1753,N002292,N002293,R0877,2504.079890455959,OPEN
1754,N002293,N002292,R0877,2504.079890455959,OPEN
1755,N002294,N002295,R0878,3580.2498899662364,OPEN
1756,N002295,N002294,R0878,3580.2498899662364,OPEN
1757,N002296,N002297,R0879,74.031447869276,OPEN
1758,N002297,N002296,R0879,74.031447869276,OPEN
1759,N002298,N002299,R0880,34.0952029214912,OPEN
1760,N002299,N002298,R0880,34.0952029214912,OPEN
1761,N002300,N002301,R0881,25.9878230159518,OPEN
1762,N002301,N002300,R0881,25.9878230159518,OPEN
1763,N002302,N002303,R0882,19.7793794838922,OPEN
1764,N002303,N002302,R0882,19.7793794838922,OPEN
1765,N002304,N002305,R0883,28.188774153477798,OPEN
1766,N002305,N002304,R0883,28.188774153477798,OPEN
1767,N002306,N002280,R0884,52.7338169782913,OPEN
1768,N002280,N002306,R0884,52.7338169782913,OPEN
1769,N002307,N002268,R0885,12.3199249214066,OPEN
1770,N002268,N002307,R0885,12.3199249214066,OPEN
1771,N002308,N002273,R0886,26.8333422621365,OPEN
1772,N002273,N002308,R0886,26.8333422621365,OPEN
1773,N002289,N002309,R0887,43.815894431736396,OPEN
1774,N002309,N002289,R0887,43.815894431736396,OPEN
1775,N002269,N002310,R0888,57.345239363554796,OPEN
1776,N002310,N002269,R0888,57.345239363554796,OPEN
1777,N002281,N002311,R0889,29.1972532902038,OPEN
1778,N002311,N002281,R0889,29.1972532902038,OPEN
1779,N002312,N002292,R0890,61.93597489081,OPEN
1780,N002292,N002312,R0890,61.93597489081,OPEN
1781,N002313,N002314,R0891,19373.52329841076,OPEN
1782,N002314,N002313,R0891,19373.52329841076,OPEN
1783,N002299,N002308,R0892,4196.706241864176,OPEN
1784,N002308,N002299,R0892,4196.706241864176,OPEN
1785,N002315,N002316,R0893,1352.8067876651166,OPEN
1786,N002316,N002315,R0893,1352.8067876651166,OPEN
1787,N002317,N002318,R0894,5364.461134275336,OPEN
1788,N002318,N002317,R0894,5364.461134275336,OPEN
1789,N002271,N002311,R0895,6259.658234390791,OPEN
1790,N002311,N002271,R0895,6259.658234390791,OPEN
1791,N002319,N002320,R0896,2424.8182978607156,OPEN
1792,N002320,N002319,R0896,2424.8182978607156,OPEN
1793,N002301,N002271,R0897,5701.426154547179,OPEN
1794,N002271,N002301,R0897,5701.426154547179,OPEN
1795,N002321,N002322,R0898,6938.2374568819705,OPEN
1796,N002322,N002321,R0898,6938.2374568819705,OPEN
1797,N002323,N002324,R0899,23.2440337269751,OPEN
1798,N002324,N002323,R0899,23.2440337269751,OPEN
1799,N002325,N002326,R0900,27.5336295258498,OPEN
1800,N002326,N002325,R0900,27.5336295258498,OPEN
1801,N002303,N002300,R0901,5962.93388053645,OPEN
1802,N002300,N002303,R0901,5962.93388053645,OPEN
1803,N002327,N001286,R0902,1103.9775225356273,OPEN
1804,N001286,N002327,R0902,1103.9775225356273,OPEN
1805,N002328,N002329,R0903,4295.60555291974,OPEN
1806,N002329,N002328,R0903,4295.60555291974,OPEN
1807,N002330,N002306,R0904,12877.754021765297,OPEN
1808,N002306,N002330,R0904,12877.754021765297,OPEN
1809,N002331,N002332,R0905,792.9563694372647,OPEN
1810,N002332,N002331,R0905,792.9563694372647,OPEN
1811,N002333,N002334,R0906,978.3179838765096,OPEN
1812,N002334,N002333,R0906,978.3179838765096,OPEN
1813,N002335,N002319,R0907,156.9609244329617,OPEN
1814,N002319,N002335,R0907,156.9609244329617,OPEN
1815,N002336,N002337,R0908,15.6226682705277,OPEN
1816,N002337,N002336,R0908,15.6226682705277,OPEN
1817,N002338,N002339,R0909,67.1807246827659,OPEN
1818,N002339,N002338,R0909,67.1807246827659,OPEN
1819,N002277,N002296,R0910,11325.426131855784,OPEN
1820,N002296,N002277,R0910,11325.426131855784,OPEN
1821,N002310,N002298,R0911,8241.715221322434,OPEN
1822,N002298,N002310,R0911,8241.715221322434,OPEN
1823,N002340,N002284,R0912,13121.278005259828,OPEN
1824,N002284,N002340,R0912,13121.278005259828,OPEN
1825,N002277,N002302,R0913,10528.72620161218,OPEN
1826,N002302,N002277,R0913,10528.72620161218,OPEN
1827,N002341,N002307,R0914,1295.2289774809622,OPEN
1828,N002307,N002341,R0914,1295.2289774809622,OPEN
1829,N002340,N002342,R0915,14107.847645435078,OPEN
1830,N002342,N002340,R0915,14107.847645435078,OPEN
1831,N002324,N002343,R0916,486.3593365222611,OPEN
1832,N002343,N002324,R0916,486.3593365222611,OPEN
1833,N002332,N002344,R0917,8293.523518382728,OPEN
1834,N002344,N002332,R0917,8293.523518382728,OPEN
1835,N002275,N002345,R0918,365.32025657527623,OPEN
1836,N002345,N002275,R0918,365.32025657527623,OPEN
1837,N002346,N002347,R0919,9367.62506010477,OPEN
1838,N002347,N002346,R0919,9367.62506010477,OPEN
1839,N002348,N002278,R0920,8288.16961608857,OPEN
1840,N002278,N002348,R0920,8288.16961608857,OPEN
1841,N002284,N002331,R0921,177.4340634209517,OPEN
1842,N002331,N002284,R0921,177.4340634209517,OPEN
1843,N002333,N002349,R0922,2220.2208259886784,OPEN
1844,N002349,N002333,R0922,2220.2208259886784,OPEN
1845,N002350,N002351,R0923,2931.6588852944824,OPEN
1846,N002351,N002350,R0923,2931.6588852944824,OPEN
1847,N002352,N002353,R0924,7214.602667298966,OPEN
1848,N002353,N002352,R0924,7214.602667298966,OPEN
1849,N002354,N002355,R0925,18283.029188348344,OPEN
1850,N002355,N002354,R0925,18283.029188348344,OPEN
1851,N002356,N002350,R0926,112.6860773790699,OPEN
1852,N002350,N002356,R0926,112.6860773790699,OPEN
1853,N002357,N002358,R0927,7370.8687744779445,OPEN
1854,N002358,N002357,R0927,7370.8687744779445,OPEN
1855,N002359,N002360,R0928,1070.6356497428455,OPEN
1856,N002360,N002359,R0928,1070.6356497428455,OPEN
1857,N002361,N002362,R0929,518.0444281748477,OPEN
1858,N002362,N002361,R0929,518.0444281748477,OPEN
1859,N002363,N002364,R0930,34.2372616348123,OPEN
1860,N002364,N002363,R0930,34.2372616348123,OPEN
1861,N002360,N002365,R0931,24.068700324728,OPEN
1862,N002365,N002360,R0931,24.068700324728,OPEN
1863,N002362,N002366,R0932,24.636157081489902,OPEN
1864,N002366,N002362,R0932,24.636157081489902,OPEN
1865,N002367,N002368,R0933,31.1020093710114,OPEN
1866,N002368,N002367,R0933,31.1020093710114,OPEN
1867,N002369,N002370,R0934,27.1020898075686,OPEN
1868,N002370,N002369,R0934,27.1020898075686,OPEN
1869,N002371,N002372,R0935,5059.055370830085,OPEN
1870,N002372,N002371,R0935,5059.055370830085,OPEN
1871,N002371,N002372,R0936,5059.055370830085,OPEN
1872,N002372,N002371,R0936,5059.055370830085,OPEN
1873,N002366,N002357,R0937,930.0907150746948,OPEN
1874,N002357,N002366,R0937,930.0907150746948,OPEN
1875,N002373,N002374,R0938,180.81692808422008,OPEN
1876,N002374,N002373,R0938,180.81692808422008,OPEN
1877,N002365,N002375,R0939,1093.4198741041832,OPEN
1878,N002375,N002365,R0939,1093.4198741041832,OPEN
1879,N002376,N002377,R0940,9775.221718524213,OPEN
1880,N002377,N002376,R0940,9775.221718524213,OPEN
1881,N002378,N002367,R0941,5221.857019570974,OPEN
1882,N002367,N002378,R0941,5221.857019570974,OPEN
1883,N002379,N002380,R0942,18.3346763312564,OPEN
1884,N002380,N002379,R0942,18.3346763312564,OPEN
1885,N002380,N002381,R0943,14.780065741548999,OPEN
1886,N002381,N002380,R0943,14.780065741548999,OPEN
1887,N002382,N002383,R0944,31.9673707894416,OPEN
1888,N002383,N002382,R0944,31.9673707894416,OPEN
1889,N002384,N002291,R0945,57.9343595102501,OPEN
1890,N002291,N002384,R0945,57.9343595102501,OPEN
1891,N002385,N002386,R0946,34.710656967983,OPEN
1892,N002386,N002385,R0946,34.710656967983,OPEN
1893,N002387,N002384,R0947,7241.804728530164,OPEN
1894,N002384,N002387,R0947,7241.804728530164,OPEN
1895,N002388,N002389,R0948,8250.838151561697,OPEN
1896,N002389,N002388,R0948,8250.838151561697,OPEN
1897,N002388,N002389,R0949,8250.838151561697,OPEN
1898,N002389,N002388,R0949,8250.838151561697,OPEN
1899,N002327,N002390,R0950,7440.810352184159,OPEN
1900,N002390,N002327,R0950,7440.810352184159,OPEN
1901,N002391,N002392,R0951,10015.90019586912,OPEN
1902,N002392,N002391,R0951,10015.90019586912,OPEN
1903,N002391,N002392,R0952,10015.90019586912,OPEN
1904,N002392,N002391,R0952,10015.90019586912,OPEN
1905,N002382,N002393,R0953,861.9157820900616,OPEN
1906,N002393,N002382,R0953,861.9157820900616,OPEN
1907,N001872,N002394,R0954,606.087325962259,OPEN
1908,N002394,N001872,R0954,606.087325962259,OPEN
1909,N001049,N002395,R0955,2053.235493673187,OPEN
1910,N002395,N001049,R0955,2053.235493673187,OPEN
1911,N002396,N002397,R0956,4948.391455000363,OPEN
1912,N002397,N002396,R0956,4948.391455000363,OPEN
1913,N002398,N001042,R0957,413.6871248214768,OPEN
1914,N001042,N002398,R0957,413.6871248214768,OPEN
1915,N002399,N002400,R0958,26.823564907674303,OPEN
1916,N002400,N002399,R0958,26.823564907674303,OPEN
1917,N001043,N002399,R0959,2205.5100576788427,OPEN
1918,N002399,N001043,R0959,2205.5100576788427,OPEN
1919,N002401,N002402,R0960,23.487691235278298,OPEN
1920,N002402,N002401,R0960,23.487691235278298,OPEN
1921,N002403,N002400,R0961,347.2939092212613,OPEN
1922,N002400,N002403,R0961,347.2939092212613,OPEN
1923,N002404,N002405,R0962,1384.5831122987356,OPEN
1924,N002405,N002404,R0962,1384.5831122987356,OPEN
1925,N002406,N002406,R0963,139.5071433299962,OPEN
1926,N002406,N002406,R0963,139.5071433299962,OPEN
1927,N002407,N002408,R0964,4099.400110067929,OPEN
1928,N002408,N002407,R0964,4099.400110067929,OPEN
1929,N002409,N002410,R0965,583.3678906091938,OPEN
1930,N002410,N002409,R0965,583.3678906091938,OPEN
1931,N002411,N002412,R0966,196.20405942253518,OPEN
1932,N002412,N002411,R0966,196.20405942253518,OPEN
1933,N001268,N001830,R0967,877.3573814123356,OPEN
1934,N001830,N001268,R0967,877.3573814123356,OPEN
1935,N002413,N002414,R0968,3203.8762907584296,OPEN
1936,N002414,N002413,R0968,3203.8762907584296,OPEN
1937,N002415,N002416,R0969,1438.2196937735052,OPEN
1938,N002416,N002415,R0969,1438.2196937735052,OPEN
1939,N001043,N002417,R0970,2705.9342348861146,OPEN
1940,N002417,N001043,R0970,2705.9342348861146,OPEN
1941,N002418,N002419,R0971,489.8877367295506,OPEN
1942,N002419,N002418,R0971,489.8877367295506,OPEN
1943,N002420,N002421,R0972,491.8642162749858,OPEN
1944,N002421,N002420,R0972,491.8642162749858,OPEN
1945,N002422,N002423,R0973,1144.8374577035252,OPEN
1946,N002423,N002422,R0973,1144.8374577035252,OPEN
1947,N002424,N002425,R0974,2801.7236053208467,OPEN
1948,N002425,N002424,R0974,2801.7236053208467,OPEN
1949,N002424,N002425,R0975,2801.7236053208467,OPEN
1950,N002425,N002424,R0975,2801.7236053208467,OPEN
1951,N002426,N002427,R0976,4830.511586512604,OPEN
1952,N002427,N002426,R0976,4830.511586512604,OPEN
1953,N002428,N002429,R0977,2376.824141194266,OPEN
1954,N002429,N002428,R0977,2376.824141194266,OPEN
1955,N002428,N002429,R0978,2376.824141194266,OPEN
1956,N002429,N002428,R0978,2376.824141194266,OPEN
1957,N002430,N002431,R0979,442.4494508665099,OPEN
1958,N002431,N002430,R0979,442.4494508665099,OPEN
1959,N002431,N002432,R0980,147.1431885981649,OPEN
1960,N002432,N002431,R0980,147.1431885981649,OPEN
1961,N002433,N002369,R0981,1635.2120177134577,OPEN
1962,N002369,N002433,R0981,1635.2120177134577,OPEN
1963,N002434,N002435,R0982,1979.2974373011457,OPEN
1964,N002435,N002434,R0982,1979.2974373011457,OPEN
1965,N001176,N002436,R0983,2038.1445563103512,OPEN
1966,N002436,N001176,R0983,2038.1445563103512,OPEN
1967,N002437,N002438,R0984,2363.5881953975945,OPEN
1968,N002438,N002437,R0984,2363.5881953975945,OPEN
1969,N002439,N002440,R0985,5003.228635973948,OPEN
1970,N002440,N002439,R0985,5003.228635973948,OPEN
1971,N002441,N001173,R0986,1071.2471825184828,OPEN
1972,N001173,N002441,R0986,1071.2471825184828,OPEN
1973,N002442,N002443,R0987,203.05991627084728,OPEN
1974,N002443,N002442,R0987,203.05991627084728,OPEN
1975,N002444,N002442,R0988,26.8794734663915,OPEN
1976,N002442,N002444,R0988,26.8794734663915,OPEN
1977,N002445,N002441,R0989,752.9145765939306,OPEN
1978,N002441,N002445,R0989,752.9145765939306,OPEN
1979,N002446,N002447,R0990,670.1651379757782,OPEN
1980,N002447,N002446,R0990,670.1651379757782,OPEN
1981,N002448,N002444,R0991,3167.318141015378,OPEN
1982,N002444,N002448,R0991,3167.318141015378,OPEN
1983,N002449,N002450,R0992,784.0188324524929,OPEN
1984,N002450,N002449,R0992,784.0188324524929,OPEN
1985,N002451,N002452,R0993,1508.0340264922102,OPEN
1986,N002452,N002451,R0993,1508.0340264922102,OPEN
1987,N002453,N002449,R0994,1041.3795889317807,OPEN
1988,N002449,N002453,R0994,1041.3795889317807,OPEN
1989,N002454,N002455,R0995,6468.110487938477,OPEN
1990,N002455,N002454,R0995,6468.110487938477,OPEN
1991,N001413,N002456,R0996,656.8739818197662,OPEN
1992,N002456,N001413,R0996,656.8739818197662,OPEN
1993,N002457,N002458,R0997,4221.472939807865,OPEN
1994,N002458,N002457,R0997,4221.472939807865,OPEN
1995,N002459,N002460,R0998,7274.955007202964,OPEN
1996,N002460,N002459,R0998,7274.955007202964,OPEN
1997,N002461,N001365,R0999,3904.530857656732,OPEN
1998,N001365,N002461,R0999,3904.530857656732,OPEN
1999,N002462,N002463,R1000,2894.36331974003,OPEN
2000,N002463,N002462,R1000,2894.36331974003,OPEN
2001,N002464,N002443,R1001,24.1557103583963,OPEN
2002,N002443,N002464,R1001,24.1557103583963,OPEN
2003,N002440,N002464,R1002,849.3613424172345,OPEN
2004,N002464,N002440,R1002,849.3613424172345,OPEN
2005,N002465,N002466,R1003,5645.285787871939,OPEN
2006,N002466,N002465,R1003,5645.285787871939,OPEN
2007,N002465,N002466,R1004,5645.285787871939,OPEN
2008,N002466,N002465,R1004,5645.285787871939,OPEN
2009,N002465,N002466,R1005,5645.285787871939,OPEN
2010,N002466,N002465,R1005,5645.285787871939,OPEN
2011,N002467,N002468,R1006,478.8702510740074,OPEN
2012,N002468,N002467,R1006,478.8702510740074,OPEN
2013,N002074,N001763,R1007,504.914432246644,OPEN
2014,N001763,N002074,R1007,504.914432246644,OPEN
2015,N001374,N002469,R1008,1322.8358995678761,OPEN
2016,N002469,N001374,R1008,1322.8358995678761,OPEN
2017,N002470,N002470,R1009,99.8059483564252,OPEN
2018,N002470,N002470,R1009,99.8059483564252,OPEN
2019,N002471,N002472,R1010,608.7606651396577,OPEN
2020,N002472,N002471,R1010,608.7606651396577,OPEN
2021,N001789,N002473,R1011,52.831951660342995,OPEN
2022,N002473,N001789,R1011,52.831951660342995,OPEN
2023,N002474,N002475,R1012,807.4664961980587,OPEN
2024,N002475,N002474,R1012,807.4664961980587,OPEN
2025,N002476,N002370,R1013,8974.706070394002,OPEN
2026,N002370,N002476,R1013,8974.706070394002,OPEN
2027,N002477,N002478,R1014,23.050040567808903,OPEN
2028,N002478,N002477,R1014,23.050040567808903,OPEN
2029,N002479,N002477,R1015,1340.1938642322043,OPEN
2030,N002477,N002479,R1015,1340.1938642322043,OPEN
2031,N002480,N002481,R1016,5822.5114535826015,OPEN
2032,N002481,N002480,R1016,5822.5114535826015,OPEN
2033,N002478,N002482,R1017,1819.309561897899,OPEN
2034,N002482,N002478,R1017,1819.309561897899,OPEN
2035,N002483,N002484,R1018,4233.3905737964615,OPEN
2036,N002484,N002483,R1018,4233.3905737964615,OPEN
2037,N002485,N002486,R1019,2393.8556016707375,OPEN
2038,N002486,N002485,R1019,2393.8556016707375,OPEN
2039,N002084,N002487,R1020,736.5097166315458,OPEN
2040,N002487,N002084,R1020,736.5097166315458,OPEN
2041,N002487,N002488,R1021,804.1038884609504,OPEN
2042,N002488,N002487,R1021,804.1038884609504,OPEN
2043,N002489,N002490,R1022,2373.8645989155975,OPEN
2044,N002490,N002489,R1022,2373.8645989155975,OPEN
2045,N002491,N002492,R1023,6214.546207836834,OPEN
2046,N002492,N002491,R1023,6214.546207836834,OPEN
2047,N002493,N002494,R1024,3901.20595307259,OPEN
2048,N002494,N002493,R1024,3901.20595307259,OPEN
2049,N002495,N002496,R1025,547.1182334622472,OPEN
2050,N002496,N002495,R1025,547.1182334622472,OPEN
2051,N002497,N002498,R1026,359.9815302225844,OPEN
2052,N002498,N002497,R1026,359.9815302225844,OPEN
2053,N002499,N002499,R1027,132.3831074913914,OPEN
2054,N002499,N002499,R1027,132.3831074913914,OPEN
2055,N001726,N001731,R1028,217.0071602030236,OPEN
2056,N001731,N001726,R1028,217.0071602030236,OPEN
2057,N002500,N002501,R1029,586.4456011635041,OPEN
2058,N002501,N002500,R1029,586.4456011635041,OPEN
2059,N002502,N002503,R1030,2124.5503000449203,OPEN
2060,N002503,N002502,R1030,2124.5503000449203,OPEN
2061,N002504,N002502,R1031,3011.979127897329,OPEN
2062,N002502,N002504,R1031,3011.979127897329,OPEN
2063,N002505,N002506,R1032,16788.88752922539,OPEN
2064,N002506,N002505,R1032,16788.88752922539,OPEN
2065,N002507,N002508,R1033,1640.4991394738956,OPEN
2066,N002508,N002507,R1033,1640.4991394738956,OPEN
2067,N002509,N002510,R1034,2001.432670818228,OPEN
2068,N002510,N002509,R1034,2001.432670818228,OPEN
2069,N002511,N002512,R1035,90.6237604470619,OPEN
2070,N002512,N002511,R1035,90.6237604470619,OPEN
2071,N002513,N002511,R1036,1806.267401160099,OPEN
2072,N002511,N002513,R1036,1806.267401160099,OPEN
2073,N002514,N002515,R1037,1004.2935074230868,OPEN
2074,N002515,N002514,R1037,1004.2935074230868,OPEN
2075,N002516,N002517,R1038,316.007850103949,OPEN
2076,N002517,N002516,R1038,316.007850103949,OPEN
2077,N002517,N002518,R1039,51.817925410798296,OPEN
2078,N002518,N002517,R1039,51.817925410798296,OPEN
2079,N002518,N002519,R1040,1933.5248888797262,OPEN
2080,N002519,N002518,R1040,1933.5248888797262,OPEN
2081,N002520,N002521,R1041,2519.27538551524,OPEN
2082,N002521,N002520,R1041,2519.27538551524,OPEN
2083,N002521,N002522,R1042,118.991641899547,OPEN
2084,N002522,N002521,R1042,118.991641899547,OPEN
2085,N002522,N002523,R1043,1607.125400633749,OPEN
2086,N002523,N002522,R1043,1607.125400633749,OPEN
2087,N002524,N002525,R1044,1770.126715258301,OPEN
2088,N002525,N002524,R1044,1770.126715258301,OPEN
2089,N002526,N002527,R1045,188.3897423714606,OPEN
2090,N002527,N002526,R1045,188.3897423714606,OPEN
2091,N002528,N002529,R1046,653.0345242114519,OPEN
2092,N002529,N002528,R1046,653.0345242114519,OPEN
2093,N002530,N002531,R1047,2673.278866518476,OPEN
2094,N002531,N002530,R1047,2673.278866518476,OPEN
2095,N002532,N002533,R1048,1935.2015378273636,OPEN
2096,N002533,N002532,R1048,1935.2015378273636,OPEN
2097,N002534,N002535,R1049,2034.9178548509412,OPEN
2098,N002535,N002534,R1049,2034.9178548509412,OPEN
2099,N001609,N002536,R1050,314.7198825399775,OPEN
2100,N002536,N001609,R1050,314.7198825399775,OPEN
2101,N002536,N002537,R1051,950.3005303801461,OPEN
2102,N002537,N002536,R1051,950.3005303801461,OPEN
2103,N002538,N002539,R1052,5311.35378209121,OPEN
2104,N002539,N002538,R1052,5311.35378209121,OPEN
2105,N002540,N002541,R1053,171.8638491347394,OPEN
2106,N002541,N002540,R1053,171.8638491347394,OPEN
2107,N002541,N002542,R1054,134.4846203077374,OPEN
2108,N002542,N002541,R1054,134.4846203077374,OPEN
2109,N002528,N002527,R1055,428.1595215706313,OPEN
2110,N002527,N002528,R1055,428.1595215706313,OPEN
2111,N002543,N002544,R1056,3067.4144987346426,OPEN
2112,N002544,N002543,R1056,3067.4144987346426,OPEN
2113,N002545,N002546,R1057,3985.087965095825,OPEN
2114,N002546,N002545,R1057,3985.087965095825,OPEN
2115,N002547,N002548,R1058,21.4792713027276,OPEN
2116,N002548,N002547,R1058,21.4792713027276,OPEN
2117,N002547,N002549,R1059,922.062292243794,OPEN
2118,N002549,N002547,R1059,922.062292243794,OPEN
2119,N002550,N002551,R1060,9251.173375496028,OPEN
2120,N002551,N002550,R1060,9251.173375496028,OPEN
2121,N002551,N002552,R1061,47.200043111424,OPEN
2122,N002552,N002551,R1061,47.200043111424,OPEN
2123,N002552,N002548,R1062,308.41175916380257,OPEN
2124,N002548,N002552,R1062,308.41175916380257,OPEN
2125,N002108,N002553,R1063,86.1075685245157,OPEN
2126,N002553,N002108,R1063,86.1075685245157,OPEN
2127,N002553,N002554,R1064,3039.5552438896743,OPEN
2128,N002554,N002553,R1064,3039.5552438896743,OPEN
2129,N002555,N002556,R1065,1370.0924181165612,OPEN
2130,N002556,N002555,R1065,1370.0924181165612,OPEN
2131,N002555,N002557,R1066,481.44113400556773,OPEN
2132,N002557,N002555,R1066,481.44113400556773,OPEN
2133,N002558,N002559,R1067,2148.200594201466,OPEN
2134,N002559,N002558,R1067,2148.200594201466,OPEN
2135,N002560,N002561,R1068,223.15119819532032,OPEN
2136,N002561,N002560,R1068,223.15119819532032,OPEN
2137,N002561,N002562,R1069,1764.371162730975,OPEN
2138,N002562,N002561,R1069,1764.371162730975,OPEN
2139,N002563,N002550,R1070,13125.356357501987,OPEN
2140,N002550,N002563,R1070,13125.356357501987,OPEN
2141,N002564,N002565,R1071,4858.431317981914,OPEN
2142,N002565,N002564,R1071,4858.431317981914,OPEN
2143,N002566,N002567,R1072,1649.3547207459549,OPEN
2144,N002567,N002566,R1072,1649.3547207459549,OPEN
2145,N002568,N002569,R1073,32.7768887706917,OPEN
2146,N002569,N002568,R1073,32.7768887706917,OPEN
2147,N002570,N002571,R1074,3320.5559357200586,OPEN
2148,N002571,N002570,R1074,3320.5559357200586,OPEN
2149,N002572,N002573,R1075,765.1767386583737,OPEN
2150,N002573,N002572,R1075,765.1767386583737,OPEN
2151,N002574,N002575,R1076,1105.730545678168,OPEN
2152,N002575,N002574,R1076,1105.730545678168,OPEN
2153,N002574,N002575,R1077,1105.730545678168,OPEN
2154,N002575,N002574,R1077,1105.730545678168,OPEN
2155,N002573,N002576,R1078,371.0049782922315,OPEN
2156,N002576,N002573,R1078,371.0049782922315,OPEN
2157,N002577,N002578,R1079,1459.5020630162837,OPEN
2158,N002578,N002577,R1079,1459.5020630162837,OPEN
2159,N002579,N002580,R1080,420.7992468341545,OPEN
2160,N002580,N002579,R1080,420.7992468341545,OPEN
2161,N002581,N002582,R1081,1153.129885823033,OPEN
2162,N002582,N002581,R1081,1153.129885823033,OPEN
2163,N002583,N002584,R1082,708.9403770894799,OPEN
2164,N002584,N002583,R1082,708.9403770894799,OPEN
2165,N002585,N002586,R1083,2975.3112493332446,OPEN
2166,N002586,N002585,R1083,2975.3112493332446,OPEN
2167,N002587,N001390,R1084,91.4039587885986,OPEN
2168,N001390,N002587,R1084,91.4039587885986,OPEN
2169,N002588,N002587,R1085,241.8449588776291,OPEN
2170,N002587,N002588,R1085,241.8449588776291,OPEN
2171,N002589,N002588,R1086,326.85811473834383,OPEN
2172,N002588,N002589,R1086,326.85811473834383,OPEN
2173,N002515,N002516,R1087,566.9937936991744,OPEN
2174,N002516,N002515,R1087,566.9937936991744,OPEN
2175,N002515,N002590,R1088,11750.627546297854,OPEN
2176,N002590,N002515,R1088,11750.627546297854,OPEN
2177,N002591,N002592,R1089,406.878032542359,OPEN
2178,N002592,N002591,R1089,406.878032542359,OPEN
2179,N002593,N002594,R1090,203.04587208917548,OPEN
2180,N002594,N002593,R1090,203.04587208917548,OPEN
2181,N001541,N002593,R1091,13.7355283888773,OPEN
2182,N002593,N001541,R1091,13.7355283888773,OPEN
2183,N002595,N002596,R1092,2183.0792799375063,OPEN
2184,N002596,N002595,R1092,2183.0792799375063,OPEN
2185,N002597,N002598,R1093,1184.2715952535264,OPEN
2186,N002598,N002597,R1093,1184.2715952535264,OPEN
2187,N001216,N002597,R1094,30.6716772267004,OPEN
2188,N002597,N001216,R1094,30.6716772267004,OPEN
2189,N002599,N002600,R1095,244.7847021340157,OPEN
2190,N002600,N002599,R1095,244.7847021340157,OPEN
2191,N001215,N002599,R1096,21.945361463473,OPEN
2192,N002599,N001215,R1096,21.945361463473,OPEN
2193,N001200,N002601,R1097,797.2862747073082,OPEN
2194,N002601,N001200,R1097,797.2862747073082,OPEN
2195,N002602,N002603,R1098,22.4553483516465,OPEN
2196,N002603,N002602,R1098,22.4553483516465,OPEN
2197,N002604,N002605,R1099,14.1893876119465,OPEN
2198,N002605,N002604,R1099,14.1893876119465,OPEN
2199,N001344,N002604,R1100,28.9522376118974,OPEN
2200,N002604,N001344,R1100,28.9522376118974,OPEN
2201,N002606,N002607,R1101,1022.8661033558071,OPEN
2202,N002607,N002606,R1101,1022.8661033558071,OPEN
2203,N002608,N002609,R1102,941.2237829993286,OPEN
2204,N002609,N002608,R1102,941.2237829993286,OPEN
2205,N002351,N002352,R1103,102.8949628303048,OPEN
2206,N002352,N002351,R1103,102.8949628303048,OPEN
2207,N002610,N001000,R1104,262.5480115530185,OPEN
2208,N001000,N002610,R1104,262.5480115530185,OPEN
2209,N002610,N001000,R1105,336.7463796253997,OPEN
2210,N001000,N002610,R1105,336.7463796253997,OPEN
2211,N002611,N002612,R1106,1846.313045529524,OPEN
2212,N002612,N002611,R1106,1846.313045529524,OPEN
2213,N002613,N002614,R1107,1058.2496717668225,OPEN
2214,N002614,N002613,R1107,1058.2496717668225,OPEN
2215,N002615,N002613,R1108,30.059989438351398,OPEN
2216,N002613,N002615,R1108,30.059989438351398,OPEN
2217,N002616,N002617,R1109,871.601821758554,OPEN
2218,N002617,N002616,R1109,871.601821758554,OPEN
2219,N002614,N002618,R1110,80.9975502473275,OPEN
2220,N002618,N002614,R1110,80.9975502473275,OPEN
2221,N002619,N002620,R1111,16326.47024321126,OPEN
2222,N002620,N002619,R1111,16326.47024321126,OPEN
2223,N002621,N002622,R1112,70.0531892698739,OPEN
2224,N002622,N002621,R1112,70.0531892698739,OPEN
2225,N002623,N002615,R1113,1951.235106711375,OPEN
2226,N002615,N002623,R1113,1951.235106711375,OPEN
2227,N002624,N002625,R1114,412.3714424609307,OPEN
2228,N002625,N002624,R1114,412.3714424609307,OPEN
2229,N002626,N002624,R1115,49.2896867159041,OPEN
2230,N002624,N002626,R1115,49.2896867159041,OPEN
2231,N002627,N002628,R1116,1510.6681963999822,OPEN
2232,N002628,N002627,R1116,1510.6681963999822,OPEN
2233,N002625,N002627,R1117,24.7678127461802,OPEN
2234,N002627,N002625,R1117,24.7678127461802,OPEN
2235,N002629,N002626,R1118,461.0422042775778,OPEN
2236,N002626,N002629,R1118,461.0422042775778,OPEN
2237,N002630,N002629,R1119,42.4217749199533,OPEN
2238,N002629,N002630,R1119,42.4217749199533,OPEN
2239,N002631,N002630,R1120,588.4847910642475,OPEN
2240,N002630,N002631,R1120,588.4847910642475,OPEN
2241,N002632,N002631,R1121,38.1743626464166,OPEN
2242,N002631,N002632,R1121,38.1743626464166,OPEN
2243,N002633,N002632,R1122,2949.026800796134,OPEN
2244,N002632,N002633,R1122,2949.026800796134,OPEN
2245,N002634,N002449,R1123,245.42811611588462,OPEN
2246,N002449,N002634,R1123,245.42811611588462,OPEN
2247,N002452,N002634,R1124,76.5034971490643,OPEN
2248,N002634,N002452,R1124,76.5034971490643,OPEN
2249,N002635,N002636,R1125,1603.3723586281642,OPEN
2250,N002636,N002635,R1125,1603.3723586281642,OPEN
2251,N002637,N002635,R1126,29.9232462608224,OPEN
2252,N002635,N002637,R1126,29.9232462608224,OPEN
2253,N002638,N002637,R1127,2818.8220486724804,OPEN
2254,N002637,N002638,R1127,2818.8220486724804,OPEN
2255,N002639,N002638,R1128,29.7356872222635,OPEN
2256,N002638,N002639,R1128,29.7356872222635,OPEN
2257,N002640,N002639,R1129,1476.6003858168567,OPEN
2258,N002639,N002640,R1129,1476.6003858168567,OPEN
2259,N002641,N002640,R1130,27.1949704871197,OPEN
2260,N002640,N002641,R1130,27.1949704871197,OPEN
2261,N002642,N002641,R1131,6063.433008432905,OPEN
2262,N002641,N002642,R1131,6063.433008432905,OPEN
2263,N002643,N002644,R1132,811.5934845667817,OPEN
2264,N002644,N002643,R1132,811.5934845667817,OPEN
2265,N002645,N002643,R1133,23.0187135041889,OPEN
2266,N002643,N002645,R1133,23.0187135041889,OPEN
2267,N002646,N002647,R1134,1879.5815467611717,OPEN
2268,N002647,N002646,R1134,1879.5815467611717,OPEN
2269,N002644,N002646,R1135,22.1034326819129,OPEN
2270,N002646,N002644,R1135,22.1034326819129,OPEN
2271,N002648,N002649,R1136,1323.2339128449162,OPEN
2272,N002649,N002648,R1136,1323.2339128449162,OPEN
2273,N002647,N002648,R1137,17.09083824372,OPEN
2274,N002648,N002647,R1137,17.09083824372,OPEN
2275,N002650,N002651,R1138,2955.4982090177205,OPEN
2276,N002651,N002650,R1138,2955.4982090177205,OPEN
2277,N002649,N002650,R1139,24.6312540088638,OPEN
2278,N002650,N002649,R1139,24.6312540088638,OPEN
2279,N002652,N002645,R1140,159.0516395957744,OPEN
2280,N002645,N002652,R1140,159.0516395957744,OPEN
2281,N002653,N002654,R1141,2706.6548178233015,OPEN
2282,N002654,N002653,R1141,2706.6548178233015,OPEN
2283,N002655,N002656,R1142,645.8645040548821,OPEN
2284,N002656,N002655,R1142,645.8645040548821,OPEN
2285,N002655,N002656,R1143,645.8645040548821,OPEN
2286,N002656,N002655,R1143,645.8645040548821,OPEN
2287,N002655,N002657,R1144,3434.217545422742,OPEN
2288,N002657,N002655,R1144,3434.217545422742,OPEN
2289,N002655,N002657,R1145,3434.217545422742,OPEN
2290,N002657,N002655,R1145,3434.217545422742,OPEN
2291,N002658,N002655,R1146,1046.2895934400901,OPEN
2292,N002655,N002658,R1146,1046.2895934400901,OPEN
2293,N002658,N002655,R1147,1046.2895934400901,OPEN
2294,N002655,N002658,R1147,1046.2895934400901,OPEN
2295,N002659,N002660,R1148,5584.26250196668,OPEN
2296,N002660,N002659,R1148,5584.26250196668,OPEN
2297,N002661,N002660,R1149,8.1372606039455,OPEN
2298,N002660,N002661,R1149,8.1372606039455,OPEN
2299,N002662,N002661,R1150,1924.4230582236398,OPEN
2300,N002661,N002662,R1150,1924.4230582236398,OPEN
2301,N002663,N002664,R1151,35.9872991284742,OPEN
2302,N002664,N002663,R1151,35.9872991284742,OPEN
2303,N002665,N002663,R1152,4194.705455995106,OPEN
2304,N002663,N002665,R1152,4194.705455995106,OPEN
2305,N002656,N002665,R1153,17.2456069775857,OPEN
2306,N002665,N002656,R1153,17.2456069775857,OPEN
2307,N002666,N002667,R1154,3108.255510411073,OPEN
2308,N002667,N002666,R1154,3108.255510411073,OPEN
2309,N002667,N002659,R1155,21.123725246966497,OPEN
2310,N002659,N002667,R1155,21.123725246966497,OPEN
2311,N002035,N002034,R1156,2684.4377341818945,OPEN
2312,N002034,N002035,R1156,2684.4377341818945,OPEN
2313,N002668,N002669,R1157,61.1359236445184,OPEN
2314,N002669,N002668,R1157,61.1359236445184,OPEN
2315,N002670,N002671,R1158,4131.2898717198605,OPEN
2316,N002671,N002670,R1158,4131.2898717198605,OPEN
2317,N002672,N002262,R1159,2457.9138048025416,OPEN
2318,N002262,N002672,R1159,2457.9138048025416,OPEN
2319,N002673,N002672,R1160,50.7196467773443,OPEN
2320,N002672,N002673,R1160,50.7196467773443,OPEN
2321,N002674,N002675,R1161,8429.17626635952,OPEN
2322,N002675,N002674,R1161,8429.17626635952,OPEN
2323,N002676,N002675,R1162,1828.8394561128976,OPEN
2324,N002675,N002676,R1162,1828.8394561128976,OPEN
2325,N002466,N002677,R1163,13848.819804381104,OPEN
2326,N002677,N002466,R1163,13848.819804381104,OPEN
2327,N002466,N002677,R1164,13848.819804381104,OPEN
2328,N002677,N002466,R1164,13848.819804381104,OPEN
2329,N002678,N002679,R1165,473.1075868058005,OPEN
2330,N002679,N002678,R1165,473.1075868058005,OPEN
2331,N002680,N002679,R1166,2075.427924726884,OPEN
2332,N002679,N002680,R1166,2075.427924726884,OPEN
2333,N002678,N002024,R1167,1072.5255071331642,OPEN
2334,N002024,N002678,R1167,1072.5255071331642,OPEN
2335,N002681,N002682,R1168,1015.0370489673819,OPEN
2336,N002682,N002681,R1168,1015.0370489673819,OPEN
2337,N002683,N002684,R1169,2396.888084524318,OPEN
2338,N002684,N002683,R1169,2396.888084524318,OPEN
2339,N002685,N002684,R1170,1866.915052228163,OPEN
2340,N002684,N002685,R1170,1866.915052228163,OPEN
2341,N002686,N002687,R1171,4591.942753314925,OPEN
2342,N002687,N002686,R1171,4591.942753314925,OPEN
2343,N002688,N002686,R1172,22.8193510895117,OPEN
2344,N002686,N002688,R1172,22.8193510895117,OPEN
2345,N002684,N002688,R1173,3279.024848596211,OPEN
2346,N002688,N002684,R1173,3279.024848596211,OPEN
2347,N002689,N002690,R1174,161.0877533909983,OPEN
2348,N002690,N002689,R1174,161.0877533909983,OPEN
2349,N002691,N002681,R1175,279.8357770341721,OPEN
2350,N002681,N002691,R1175,279.8357770341721,OPEN
2351,N002692,N002693,R1176,2156.18259516734,OPEN
2352,N002693,N002692,R1176,2156.18259516734,OPEN
2353,N002694,N002695,R1177,476.4510257407976,OPEN
2354,N002695,N002694,R1177,476.4510257407976,OPEN
2355,N001875,N002696,R1178,134.8914922320553,OPEN
2356,N002696,N001875,R1178,134.8914922320553,OPEN
2357,N002697,N002698,R1179,224.0777105082333,OPEN
2358,N002698,N002697,R1179,224.0777105082333,OPEN
2359,N002699,N002700,R1180,1458.7297434933819,OPEN
2360,N002700,N002699,R1180,1458.7297434933819,OPEN
2361,N002084,N002488,R1181,2075.7168795891175,OPEN
2362,N002488,N002084,R1181,2075.7168795891175,OPEN
2363,N002701,N002702,R1182,1579.868413213373,OPEN
2364,N002702,N002701,R1182,1579.868413213373,OPEN
2365,N002702,N002703,R1183,1361.9791776465431,OPEN
2366,N002703,N002702,R1183,1361.9791776465431,OPEN
2367,N002703,N002704,R1184,201.3944914992856,OPEN
2368,N002704,N002703,R1184,201.3944914992856,OPEN
2369,N002704,N002705,R1185,32.3408627822877,OPEN
2370,N002705,N002704,R1185,32.3408627822877,OPEN
2371,N002706,N002707,R1186,368.1419416516808,OPEN
2372,N002707,N002706,R1186,368.1419416516808,OPEN
2373,N002707,N002708,R1187,651.159409523374,OPEN
2374,N002708,N002707,R1187,651.159409523374,OPEN
2375,N002708,N002709,R1188,938.9095120070003,OPEN
2376,N002709,N002708,R1188,938.9095120070003,OPEN
2377,N002709,N002710,R1189,973.7960842870335,OPEN
2378,N002710,N002709,R1189,973.7960842870335,OPEN
2379,N002710,N002711,R1190,67.2736862708129,OPEN
2380,N002711,N002710,R1190,67.2736862708129,OPEN
2381,N002711,N002712,R1191,428.36657431358236,OPEN
2382,N002712,N002711,R1191,428.36657431358236,OPEN
2383,N002712,N002713,R1192,578.7848936442952,OPEN
2384,N002713,N002712,R1192,578.7848936442952,OPEN
2385,N002713,N002714,R1193,450.0897909997788,OPEN
2386,N002714,N002713,R1193,450.0897909997788,OPEN
2387,N002714,N002715,R1194,613.5401178690825,OPEN
2388,N002715,N002714,R1194,613.5401178690825,OPEN
2389,N002715,N002716,R1195,200.28678654529338,OPEN
2390,N002716,N002715,R1195,200.28678654529338,OPEN
2391,N002716,N002717,R1196,51.0928252706497,OPEN
2392,N002717,N002716,R1196,51.0928252706497,OPEN
2393,N002717,N002575,R1197,297.81512539993736,OPEN
2394,N002575,N002717,R1197,297.81512539993736,OPEN
2395,N002718,N002719,R1198,2287.1179781793003,OPEN
2396,N002719,N002718,R1198,2287.1179781793003,OPEN
2397,N002719,N002720,R1199,3453.7055184795813,OPEN
2398,N002720,N002719,R1199,3453.7055184795813,OPEN
2399,N002523,N002524,R1200,248.5740378345311,OPEN
2400,N002524,N002523,R1200,248.5740378345311,OPEN
2401,N002721,N002722,R1201,1980.8441498149466,OPEN
2402,N002722,N002721,R1201,1980.8441498149466,OPEN
2403,N002722,N002723,R1202,2979.8278969473154,OPEN
2404,N002723,N002722,R1202,2979.8278969473154,OPEN
2405,N002724,N002725,R1203,2313.00821536331,OPEN
2406,N002725,N002724,R1203,2313.00821536331,OPEN
2407,N002726,N002327,R1204,4359.157158894658,OPEN
2408,N002327,N002726,R1204,4359.157158894658,OPEN
2409,N002727,N002728,R1205,671.2811653118107,OPEN
2410,N002728,N002727,R1205,671.2811653118107,OPEN
2411,N002728,N002729,R1206,865.7345062173215,OPEN
2412,N002729,N002728,R1206,865.7345062173215,OPEN
2413,N002730,N002731,R1207,1450.4983532274844,OPEN
2414,N002731,N002730,R1207,1450.4983532274844,OPEN
2415,N002731,N002732,R1208,1714.5511731504862,OPEN
2416,N002732,N002731,R1208,1714.5511731504862,OPEN
2417,N002733,N002734,R1209,330.25174188575403,OPEN
2418,N002734,N002733,R1209,330.25174188575403,OPEN
2419,N002735,N001318,R1210,346.0270013448139,OPEN
2420,N001318,N002735,R1210,346.0270013448139,OPEN
2421,N002733,N002600,R1211,414.4863307517805,OPEN
2422,N002600,N002733,R1211,414.4863307517805,OPEN
2423,N001043,N002736,R1212,1413.1969741269397,OPEN
2424,N002736,N001043,R1212,1413.1969741269397,OPEN
2425,N002737,N002738,R1213,7.6575909305159,OPEN
2426,N002738,N002737,R1213,7.6575909305159,OPEN
2427,N002739,N002740,R1214,8.1189930425815,OPEN
2428,N002740,N002739,R1214,8.1189930425815,OPEN
2429,N002741,N002742,R1215,7.815371188052299,OPEN
2430,N002742,N002741,R1215,7.815371188052299,OPEN
2431,N002743,N002744,R1216,8.3904697053266,OPEN
2432,N002744,N002743,R1216,8.3904697053266,OPEN
2433,N001093,N002745,R1217,383.12728637537407,OPEN
2434,N002745,N001093,R1217,383.12728637537407,OPEN
2435,N002746,N002747,R1218,61.0892723112189,OPEN
2436,N002747,N002746,R1218,61.0892723112189,OPEN
2437,N002748,N002747,R1219,1088.5557808673534,OPEN
2438,N002747,N002748,R1219,1088.5557808673534,OPEN
2439,N002749,N002750,R1220,3534.108497329278,OPEN
2440,N002750,N002749,R1220,3534.108497329278,OPEN
2441,N002751,N002749,R1221,2153.59088269047,OPEN
2442,N002749,N002751,R1221,2153.59088269047,OPEN
2443,N002752,N002753,R1222,659.5331834248807,OPEN
2444,N002753,N002752,R1222,659.5331834248807,OPEN
2445,N002754,N002755,R1223,4169.344299495897,OPEN
2446,N002755,N002754,R1223,4169.344299495897,OPEN
2447,N002756,N002757,R1224,2248.2364462761143,OPEN
2448,N002757,N002756,R1224,2248.2364462761143,OPEN
2449,N002758,N002756,R1225,484.5541503348828,OPEN
2450,N002756,N002758,R1225,484.5541503348828,OPEN
2451,N002759,N002757,R1226,858.8609236426227,OPEN
2452,N002757,N002759,R1226,858.8609236426227,OPEN
2453,N002760,N001316,R1227,81.665910773706,OPEN
2454,N001316,N002760,R1227,81.665910773706,OPEN
2455,N002761,N001732,R1228,145.1591931503166,OPEN
2456,N001732,N002761,R1228,145.1591931503166,OPEN
2457,N002762,N002591,R1229,128.0668344857764,OPEN
2458,N002591,N002762,R1229,128.0668344857764,OPEN
2459,N002763,N002764,R1230,1743.0375319063523,OPEN
2460,N002764,N002763,R1230,1743.0375319063523,OPEN
2461,N002765,N002766,R1231,264.1588953724977,OPEN
2462,N002766,N002765,R1231,264.1588953724977,OPEN
2463,N002767,N002768,R1232,1721.0271275791958,OPEN
2464,N002768,N002767,R1232,1721.0271275791958,OPEN
2465,N002437,N002769,R1233,1675.3761769385985,OPEN
2466,N002769,N002437,R1233,1675.3761769385985,OPEN
2467,N001033,N002770,R1234,79.91212689352881,OPEN
2468,N002770,N001033,R1234,79.91212689352881,OPEN
2469,N002771,N002772,R1235,167.40914259757682,OPEN
2470,N002772,N002771,R1235,167.40914259757682,OPEN
2471,N001556,N002773,R1236,144.4832837071256,OPEN
2472,N002773,N001556,R1236,144.4832837071256,OPEN
2473,N002773,N002774,R1237,403.067557310056,OPEN
2474,N002774,N002773,R1237,403.067557310056,OPEN
2475,N002775,N002771,R1238,400.0975382647123,OPEN
2476,N002771,N002775,R1238,400.0975382647123,OPEN
2477,N002776,N002777,R1239,1786.429283536422,OPEN
2478,N002777,N002776,R1239,1786.429283536422,OPEN
2479,N002778,N002779,R1240,483.9396730334103,OPEN
2480,N002779,N002778,R1240,483.9396730334103,OPEN
2481,N001336,N002780,R1241,661.6860606361565,OPEN
2482,N002780,N001336,R1241,661.6860606361565,OPEN
2483,N002781,N002782,R1242,138.41754795913928,OPEN
2484,N002782,N002781,R1242,138.41754795913928,OPEN
2485,N001425,N002781,R1243,56.806808754178604,OPEN
2486,N002781,N001425,R1243,56.806808754178604,OPEN
2487,N001219,N002783,R1244,296.5679539271412,OPEN
2488,N002783,N001219,R1244,296.5679539271412,OPEN
2489,N002784,N002785,R1245,1141.0626508353175,OPEN
2490,N002785,N002784,R1245,1141.0626508353175,OPEN
2491,N002786,N002787,R1246,6082.427272059069,OPEN
2492,N002787,N002786,R1246,6082.427272059069,OPEN
2493,N001885,N002788,R1247,933.6771743709737,OPEN
2494,N002788,N001885,R1247,933.6771743709737,OPEN
2495,N002789,N002790,R1248,24.512316243557,OPEN
2496,N002790,N002789,R1248,24.512316243557,OPEN
2497,N002791,N002792,R1249,22.4820422142516,OPEN
2498,N002792,N002791,R1249,22.4820422142516,OPEN
2499,N002793,N001565,R1250,19.3902799830684,OPEN
2500,N001565,N002793,R1250,19.3902799830684,OPEN
2501,N002794,N001566,R1251,37.8074444126216,OPEN
2502,N001566,N002794,R1251,37.8074444126216,OPEN
2503,N001192,N002795,R1252,25.351348812337598,OPEN
2504,N002795,N001192,R1252,25.351348812337598,OPEN
2505,N001194,N002796,R1253,26.266713540852802,OPEN
2506,N002796,N001194,R1253,26.266713540852802,OPEN
2507,N002797,N002798,R1254,38.1943307129422,OPEN
2508,N002798,N002797,R1254,38.1943307129422,OPEN
2509,N002799,N002800,R1255,3611.415026935018,OPEN
2510,N002800,N002799,R1255,3611.415026935018,OPEN
2511,N002801,N002802,R1256,26.144394375992903,OPEN
2512,N002802,N002801,R1256,26.144394375992903,OPEN
2513,N002803,N002804,R1257,35.7617959995817,OPEN
2514,N002804,N002803,R1257,35.7617959995817,OPEN
2515,N002805,N001209,R1258,689.5033433524276,OPEN
2516,N001209,N002805,R1258,689.5033433524276,OPEN
2517,N002806,N002807,R1259,297.32666941787863,OPEN
2518,N002807,N002806,R1259,297.32666941787863,OPEN
2519,N002751,N001727,R1260,272.4855759799749,OPEN
2520,N001727,N002751,R1260,272.4855759799749,OPEN
2521,N002229,N002808,R1261,4327.392286372282,OPEN
2522,N002808,N002229,R1261,4327.392286372282,OPEN
2523,N002809,N002810,R1262,2037.4768046516797,OPEN
2524,N002810,N002809,R1262,2037.4768046516797,OPEN
2525,N002811,N002812,R1263,425.4955783118103,OPEN
2526,N002812,N002811,R1263,425.4955783118103,OPEN
2527,N002813,N002811,R1264,657.8205148194752,OPEN
2528,N002811,N002813,R1264,657.8205148194752,OPEN
2529,N002814,N002815,R1265,6039.579618125628,OPEN
2530,N002815,N002814,R1265,6039.579618125628,OPEN
2531,N001989,N002816,R1266,2060.656090857705,OPEN
2532,N002816,N001989,R1266,2060.656090857705,OPEN
2533,N002817,N001996,R1267,4661.746695925378,OPEN
2534,N001996,N002817,R1267,4661.746695925378,OPEN
2535,N002818,N002819,R1268,259.5675700768848,OPEN
2536,N002819,N002818,R1268,259.5675700768848,OPEN
2537,N002820,N002818,R1269,1287.9012459693927,OPEN
2538,N002818,N002820,R1269,1287.9012459693927,OPEN
2539,N002821,N002822,R1270,11364.801082849324,OPEN
2540,N002822,N002821,R1270,11364.801082849324,OPEN
2541,N002215,N002823,R1271,1459.64635674292,OPEN
2542,N002823,N002215,R1271,1459.64635674292,OPEN
2543,N001692,N002824,R1272,5028.111542043448,OPEN
2544,N002824,N001692,R1272,5028.111542043448,OPEN
2545,N002825,N001006,R1273,23.2172553112382,OPEN
2546,N001006,N002825,R1273,23.2172553112382,OPEN
2547,N002059,N002825,R1274,505.5417791053901,OPEN
2548,N002825,N002059,R1274,505.5417791053901,OPEN
2549,N002826,N002827,R1275,287.9896319699665,OPEN
2550,N002827,N002826,R1275,287.9896319699665,OPEN
2551,N002828,N002829,R1276,443.2878855435072,OPEN
2552,N002829,N002828,R1276,443.2878855435072,OPEN
2553,N002830,N002831,R1277,4483.379942580595,OPEN
2554,N002831,N002830,R1277,4483.379942580595,OPEN
2555,N002237,N002832,R1278,544.5000740530155,OPEN
2556,N002832,N002237,R1278,544.5000740530155,OPEN
2557,N002833,N002834,R1279,1002.7881403891139,OPEN
2558,N002834,N002833,R1279,1002.7881403891139,OPEN
2559,N002835,N002836,R1280,617.174343965677,OPEN
2560,N002836,N002835,R1280,617.174343965677,OPEN
2561,N002837,N002838,R1281,124.96362484472421,OPEN
2562,N002838,N002837,R1281,124.96362484472421,OPEN
2563,N002839,N002836,R1282,847.1512105553842,OPEN
2564,N002836,N002839,R1282,847.1512105553842,OPEN
2565,N002840,N002841,R1283,302.93780950981096,OPEN
2566,N002841,N002840,R1283,302.93780950981096,OPEN
2567,N002242,N002842,R1284,1233.5632715345457,OPEN
2568,N002842,N002242,R1284,1233.5632715345457,OPEN
2569,N002843,N002844,R1285,873.8579221771819,OPEN
2570,N002844,N002843,R1285,873.8579221771819,OPEN
2571,N002845,N002846,R1286,3248.6202784388565,OPEN
2572,N002846,N002845,R1286,3248.6202784388565,OPEN
2573,N002847,N002848,R1287,792.5312309954099,OPEN
2574,N002848,N002847,R1287,792.5312309954099,OPEN
2575,N002849,N002572,R1288,638.0684512283378,OPEN
2576,N002572,N002849,R1288,638.0684512283378,OPEN
2577,N002850,N002851,R1289,2995.5459987006207,OPEN
2578,N002851,N002850,R1289,2995.5459987006207,OPEN
2579,N002852,N002853,R1290,1680.937812231541,OPEN
2580,N002853,N002852,R1290,1680.937812231541,OPEN
2581,N002854,N001014,R1291,276.27120875439186,OPEN
2582,N001014,N002854,R1291,276.27120875439186,OPEN
2583,N001844,N002854,R1292,18.884405540241,OPEN
2584,N002854,N001844,R1292,18.884405540241,OPEN
2585,N002855,N002856,R1293,1057.7603935769148,OPEN
2586,N002856,N002855,R1293,1057.7603935769148,OPEN
2587,N002857,N002858,R1294,250.5032821261034,OPEN
2588,N002858,N002857,R1294,250.5032821261034,OPEN
2589,N002859,N002259,R1295,179.5488767663084,OPEN
2590,N002259,N002859,R1295,179.5488767663084,OPEN
2591,N002860,N002861,R1296,864.6460364404313,OPEN
2592,N002861,N002860,R1296,864.6460364404313,OPEN
2593,N002862,N002257,R1297,78.1037556841177,OPEN
2594,N002257,N002862,R1297,78.1037556841177,OPEN
2595,N001015,N002862,R1298,23.640461805081898,OPEN
2596,N002862,N001015,R1298,23.640461805081898,OPEN
2597,N002863,N002864,R1299,9693.569326039815,OPEN
2598,N002864,N002863,R1299,9693.569326039815,OPEN
2599,N002863,N002864,R1300,9693.569326039815,OPEN
2600,N002864,N002863,R1300,9693.569326039815,OPEN
2601,N002864,N002865,R1301,2131.9019876158186,OPEN
2602,N002865,N002864,R1301,2131.9019876158186,OPEN
2603,N002866,N002864,R1302,2852.5659314234595,OPEN
2604,N002864,N002866,R1302,2852.5659314234595,OPEN
2605,N002866,N002864,R1303,2852.5659314234595,OPEN
2606,N002864,N002866,R1303,2852.5659314234595,OPEN
2607,N002867,N002868,R1304,10.3985614223232,OPEN
2608,N002868,N002867,R1304,10.3985614223232,OPEN
2609,N002869,N002870,R1305,412.60799496654823,OPEN
2610,N002870,N002869,R1305,412.60799496654823,OPEN
2611,N002871,N002872,R1306,391.12432020975217,OPEN
2612,N002872,N002871,R1306,391.12432020975217,OPEN
2613,N002873,N002874,R1307,649.738305016681,OPEN
2614,N002874,N002873,R1307,649.738305016681,OPEN
2615,N002875,N001091,R1308,374.4147459817245,OPEN
2616,N001091,N002875,R1308,374.4147459817245,OPEN
2617,N001095,N001091,R1309,742.3594396627218,OPEN
2618,N001091,N001095,R1309,742.3594396627218,OPEN
2619,N002876,N002877,R1310,9599.913628711525,OPEN
2620,N002877,N002876,R1310,9599.913628711525,OPEN
2621,N002878,N002879,R1311,6732.829061673509,OPEN
2622,N002879,N002878,R1311,6732.829061673509,OPEN
2623,N002880,N002878,R1312,90.5451120045963,OPEN
2624,N002878,N002880,R1312,90.5451120045963,OPEN
2625,N001989,N002880,R1313,178.37034876296528,OPEN
2626,N002880,N001989,R1313,178.37034876296528,OPEN
2627,N002881,N002882,R1314,40.990670006845804,OPEN
2628,N002882,N002881,R1314,40.990670006845804,OPEN
2629,N002883,N002884,R1315,79.551762528927,OPEN
2630,N002884,N002883,R1315,79.551762528927,OPEN
2631,N002885,N002883,R1316,38.02230982754,OPEN
2632,N002883,N002885,R1316,38.02230982754,OPEN
2633,N002886,N002887,R1317,14558.742759159117,OPEN
2634,N002887,N002886,R1317,14558.742759159117,OPEN
2635,N002888,N002889,R1318,2233.633567586515,OPEN
2636,N002889,N002888,R1318,2233.633567586515,OPEN
2637,N002890,N002891,R1319,1159.6266173403549,OPEN
2638,N002891,N002890,R1319,1159.6266173403549,OPEN
2639,N002892,N002893,R1320,3179.9261591274612,OPEN
2640,N002893,N002892,R1320,3179.9261591274612,OPEN
2641,N002894,N002895,R1321,680.5583727353486,OPEN
2642,N002895,N002894,R1321,680.5583727353486,OPEN
2643,N002896,N002897,R1322,6707.724489516685,OPEN
2644,N002897,N002896,R1322,6707.724489516685,OPEN
2645,N002898,N002899,R1323,102.1007160233183,OPEN
2646,N002899,N002898,R1323,102.1007160233183,OPEN
2647,N002900,N002901,R1324,1725.6537271528102,OPEN
2648,N002901,N002900,R1324,1725.6537271528102,OPEN
2649,N002899,N002902,R1325,1013.5265812766092,OPEN
2650,N002902,N002899,R1325,1013.5265812766092,OPEN
2651,N002902,N002903,R1326,128.8645181003572,OPEN
2652,N002903,N002902,R1326,128.8645181003572,OPEN
2653,N002903,N001104,R1327,427.05697691020214,OPEN
2654,N001104,N002903,R1327,427.05697691020214,OPEN
2655,N002904,N002905,R1328,559.295770933647,OPEN
2656,N002905,N002904,R1328,559.295770933647,OPEN
2657,N002906,N002907,R1329,554.7720775084223,OPEN
2658,N002907,N002906,R1329,554.7720775084223,OPEN
2659,N002908,N002909,R1330,383.6316212542036,OPEN
2660,N002909,N002908,R1330,383.6316212542036,OPEN
2661,N002910,N001434,R1331,487.5606890771137,OPEN
2662,N001434,N002910,R1331,487.5606890771137,OPEN
2663,N002911,N002912,R1332,525.5223789722996,OPEN
2664,N002912,N002911,R1332,525.5223789722996,OPEN
2665,N002909,N002913,R1333,532.2997849417798,OPEN
2666,N002913,N002909,R1333,532.2997849417798,OPEN
2667,N001718,N002914,R1334,832.6233375239735,OPEN
2668,N002914,N001718,R1334,832.6233375239735,OPEN
2669,N002915,N002916,R1335,186.3220145086089,OPEN
2670,N002916,N002915,R1335,186.3220145086089,OPEN
2671,N002917,N002918,R1336,1535.26234135597,OPEN
2672,N002918,N002917,R1336,1535.26234135597,OPEN
2673,N002919,N002920,R1337,175.5862988405785,OPEN
2674,N002920,N002919,R1337,175.5862988405785,OPEN
2675,N002913,N002921,R1338,243.29078593202118,OPEN
2676,N002921,N002913,R1338,243.29078593202118,OPEN
2677,N002922,N002923,R1339,195.9300520774847,OPEN
2678,N002923,N002922,R1339,195.9300520774847,OPEN
2679,N002924,N002925,R1340,2916.980665770195,OPEN
2680,N002925,N002924,R1340,2916.980665770195,OPEN
2681,N002926,N002927,R1341,1972.3432450500056,OPEN
2682,N002927,N002926,R1341,1972.3432450500056,OPEN
2683,N002928,N002929,R1342,196.1707443478782,OPEN
2684,N002929,N002928,R1342,196.1707443478782,OPEN
2685,N002930,N002931,R1343,165.7263124273216,OPEN
2686,N002931,N002930,R1343,165.7263124273216,OPEN
2687,N002932,N002930,R1344,427.4616130763857,OPEN
2688,N002930,N002932,R1344,427.4616130763857,OPEN
2689,N001309,N002933,R1345,1161.0558994495664,OPEN
2690,N002933,N001309,R1345,1161.0558994495664,OPEN
2691,N002934,N002935,R1346,3915.6503675149334,OPEN
2692,N002935,N002934,R1346,3915.6503675149334,OPEN
2693,N002936,N002937,R1347,29.2904572013358,OPEN
2694,N002937,N002936,R1347,29.2904572013358,OPEN
2695,N002937,N002060,R1348,2011.7870207352096,OPEN
2696,N002060,N002937,R1348,2011.7870207352096,OPEN
2697,N002938,N002939,R1349,65.3492507654074,OPEN
2698,N002939,N002938,R1349,65.3492507654074,OPEN
2699,N002940,N002941,R1350,1249.454508449767,OPEN
2700,N002941,N002940,R1350,1249.454508449767,OPEN
2701,N002942,N002943,R1351,13.8144814838793,OPEN
2702,N002943,N002942,R1351,13.8144814838793,OPEN
2703,N002944,N002942,R1352,18.024623542647298,OPEN
2704,N002942,N002944,R1352,18.024623542647298,OPEN
2705,N002945,N002946,R1353,16.1566451608969,OPEN
2706,N002946,N002945,R1353,16.1566451608969,OPEN
2707,N002947,N002948,R1354,108.5150937355717,OPEN
2708,N002948,N002947,R1354,108.5150937355717,OPEN
2709,N002946,N002944,R1355,757.8591163446415,OPEN
2710,N002944,N002946,R1355,757.8591163446415,OPEN
2711,N002949,N002950,R1356,1297.1708758351206,OPEN
2712,N002950,N002949,R1356,1297.1708758351206,OPEN
2713,N002951,N002952,R1357,64.72878208910531,OPEN
2714,N002952,N002951,R1357,64.72878208910531,OPEN
2715,N002953,N002951,R1358,572.1372986491023,OPEN
2716,N002951,N002953,R1358,572.1372986491023,OPEN
2717,N002954,N002955,R1359,68.8309839930497,OPEN
2718,N002955,N002954,R1359,68.8309839930497,OPEN
2719,N002955,N002953,R1360,2293.1739672626586,OPEN
2720,N002953,N002955,R1360,2293.1739672626586,OPEN
2721,N002956,N002954,R1361,1560.6622347638506,OPEN
2722,N002954,N002956,R1361,1560.6622347638506,OPEN
2723,N002956,N002407,R1362,578.3818260872662,OPEN
2724,N002407,N002956,R1362,578.3818260872662,OPEN
2725,N002957,N002958,R1363,57.4759368960323,OPEN
2726,N002958,N002957,R1363,57.4759368960323,OPEN
2727,N002959,N002960,R1364,222.05141346138223,OPEN
2728,N002960,N002959,R1364,222.05141346138223,OPEN
2729,N002961,N002962,R1365,3317.8035215785953,OPEN
2730,N002962,N002961,R1365,3317.8035215785953,OPEN
2731,N002963,N002964,R1366,794.8062658390847,OPEN
2732,N002964,N002963,R1366,794.8062658390847,OPEN
2733,N001213,N002965,R1367,121.6490944330276,OPEN
2734,N002965,N001213,R1367,121.6490944330276,OPEN
2735,N002966,N002967,R1368,768.3573263496589,OPEN
2736,N002967,N002966,R1368,768.3573263496589,OPEN
2737,N002968,N002969,R1369,35.351395534812596,OPEN
2738,N002969,N002968,R1369,35.351395534812596,OPEN
2739,N002970,N002971,R1370,14.3522131259503,OPEN
2740,N002971,N002970,R1370,14.3522131259503,OPEN
2741,N002972,N002973,R1371,1887.641439930434,OPEN
2742,N002973,N002972,R1371,1887.641439930434,OPEN
2743,N002974,N002975,R1372,823.0260978659736,OPEN
2744,N002975,N002974,R1372,823.0260978659736,OPEN
2745,N002976,N002974,R1373,47.2471980616454,OPEN
2746,N002974,N002976,R1373,47.2471980616454,OPEN
2747,N002977,N002978,R1374,7562.974774819893,OPEN
2748,N002978,N002977,R1374,7562.974774819893,OPEN
2749,N002979,N002980,R1375,47.355935068460305,OPEN
2750,N002980,N002979,R1375,47.355935068460305,OPEN
2751,N002981,N002979,R1376,202.7518404853073,OPEN
2752,N002979,N002981,R1376,202.7518404853073,OPEN
2753,N002982,N002415,R1377,35.386663331585595,OPEN
2754,N002415,N002982,R1377,35.386663331585595,OPEN
2755,N002980,N002982,R1378,2018.4062064943453,OPEN
2756,N002982,N002980,R1378,2018.4062064943453,OPEN
2757,N002983,N002984,R1379,1046.994488544255,OPEN
2758,N002984,N002983,R1379,1046.994488544255,OPEN
2759,N002984,N002985,R1380,1209.1385872950432,OPEN
2760,N002985,N002984,R1380,1209.1385872950432,OPEN
2761,N002986,N002987,R1381,33.7940655203507,OPEN
2762,N002987,N002986,R1381,33.7940655203507,OPEN
2763,N002988,N002989,R1382,640.6615140165095,OPEN
2764,N002989,N002988,R1382,640.6615140165095,OPEN
2765,N002990,N002986,R1383,557.0080726694746,OPEN
2766,N002986,N002990,R1383,557.0080726694746,OPEN
2767,N002991,N002992,R1384,3907.272697385422,OPEN
2768,N002992,N002991,R1384,3907.272697385422,OPEN
2769,N002993,N002994,R1385,2597.031428091939,OPEN
2770,N002994,N002993,R1385,2597.031428091939,OPEN
2771,N002995,N002996,R1386,1531.2661442648016,OPEN
2772,N002996,N002995,R1386,1531.2661442648016,OPEN
2773,N002993,N002996,R1387,32.2075136257197,OPEN
2774,N002996,N002993,R1387,32.2075136257197,OPEN
2775,N002997,N002075,R1388,6.5799321446155,OPEN
2776,N002075,N002997,R1388,6.5799321446155,OPEN
2777,N002368,N002997,R1389,2300.159407079446,OPEN
2778,N002997,N002368,R1389,2300.159407079446,OPEN
2779,N002998,N002999,R1390,18.456220230387,OPEN
2780,N002999,N002998,R1390,18.456220230387,OPEN
2781,N002999,N003000,R1391,491.333298366922,OPEN
2782,N003000,N002999,R1391,491.333298366922,OPEN
2783,N003001,N003002,R1392,12.755017572106,OPEN
2784,N003002,N003001,R1392,12.755017572106,OPEN
2785,N003002,N003003,R1393,211.6068671981013,OPEN
2786,N003003,N003002,R1393,211.6068671981013,OPEN
2787,N003003,N003004,R1394,20.5323721547619,OPEN
2788,N003004,N003003,R1394,20.5323721547619,OPEN
2789,N003004,N003005,R1395,361.15853122059235,OPEN
2790,N003005,N003004,R1395,361.15853122059235,OPEN
2791,N003006,N002359,R1396,21.5610967662771,OPEN
2792,N002359,N003006,R1396,21.5610967662771,OPEN
2793,N003007,N003006,R1397,156.42261295227487,OPEN
2794,N003006,N003007,R1397,156.42261295227487,OPEN
2795,N003005,N003008,R1398,7.2028196630843,OPEN
2796,N003008,N003005,R1398,7.2028196630843,OPEN
2797,N003008,N003009,R1399,1612.68041572193,OPEN
2798,N003009,N003008,R1399,1612.68041572193,OPEN
2799,N003009,N003010,R1400,88.6252755788942,OPEN
2800,N003010,N003009,R1400,88.6252755788942,OPEN
2801,N003010,N001403,R1401,1629.1833844503547,OPEN
2802,N001403,N003010,R1401,1629.1833844503547,OPEN
2803,N003011,N003012,R1402,373.5609527906258,OPEN
2804,N003012,N003011,R1402,373.5609527906258,OPEN
2805,N003013,N003011,R1403,8.277726508947701,OPEN
2806,N003011,N003013,R1403,8.277726508947701,OPEN
2807,N003014,N003013,R1404,446.4192333078688,OPEN
2808,N003013,N003014,R1404,446.4192333078688,OPEN
2809,N003015,N003014,R1405,12.138011969623301,OPEN
2810,N003014,N003015,R1405,12.138011969623301,OPEN
2811,N003016,N003015,R1406,435.8405175401999,OPEN
2812,N003015,N003016,R1406,435.8405175401999,OPEN
2813,N003017,N003016,R1407,24.4556441793926,OPEN
2814,N003016,N003017,R1407,24.4556441793926,OPEN
2815,N003018,N003017,R1408,1246.82695913175,OPEN
2816,N003017,N003018,R1408,1246.82695913175,OPEN
2817,N003019,N003020,R1409,20.3258384964049,OPEN
2818,N003020,N003019,R1409,20.3258384964049,OPEN
2819,N003021,N003019,R1410,63.6665786531802,OPEN
2820,N003019,N003021,R1410,63.6665786531802,OPEN
2821,N003022,N003021,R1411,24.190531179317702,OPEN
2822,N003021,N003022,R1411,24.190531179317702,OPEN
2823,N003020,N002363,R1412,1048.4343226520496,OPEN
2824,N002363,N003020,R1412,1048.4343226520496,OPEN
2825,N003000,N003023,R1413,28.8706036005607,OPEN
2826,N003023,N003000,R1413,28.8706036005607,OPEN
2827,N003023,N003022,R1414,1178.596209291903,OPEN
2828,N003022,N003023,R1414,1178.596209291903,OPEN
2829,N002054,N002700,R1415,26.7507380594619,OPEN
2830,N002700,N002054,R1415,26.7507380594619,OPEN
2831,N003024,N003025,R1416,9644.883881480386,OPEN
2832,N003025,N003024,R1416,9644.883881480386,OPEN
2833,N003024,N003025,R1417,9644.883881480386,OPEN
2834,N003025,N003024,R1417,9644.883881480386,OPEN
2835,N003026,N003027,R1418,9422.70618396263,OPEN
2836,N003027,N003026,R1418,9422.70618396263,OPEN
2837,N003028,N003029,R1419,263.5596733275487,OPEN
2838,N003029,N003028,R1419,263.5596733275487,OPEN
2839,N003030,N003028,R1420,9585.617324332856,OPEN
2840,N003028,N003030,R1420,9585.617324332856,OPEN
2841,N003029,N003031,R1421,4332.425901833503,OPEN
2842,N003031,N003029,R1421,4332.425901833503,OPEN
2843,N003032,N003033,R1422,12.7158615933632,OPEN
2844,N003033,N003032,R1422,12.7158615933632,OPEN
2845,N003032,N003034,R1423,923.3036812693116,OPEN
2846,N003034,N003032,R1423,923.3036812693116,OPEN
2847,N003035,N003033,R1424,200.4046118321434,OPEN
2848,N003033,N003035,R1424,200.4046118321434,OPEN
2849,N003036,N003037,R1425,43.6090373353458,OPEN
2850,N003037,N003036,R1425,43.6090373353458,OPEN
2851,N003037,N003038,R1426,2436.57512029673,OPEN
2852,N003038,N003037,R1426,2436.57512029673,OPEN
2853,N003039,N003040,R1427,5925.271082621279,OPEN
2854,N003040,N003039,R1427,5925.271082621279,OPEN
2855,N003039,N003040,R1428,5925.271082621279,OPEN
2856,N003040,N003039,R1428,5925.271082621279,OPEN
2857,N003041,N003042,R1429,3211.3020607839453,OPEN
2858,N003042,N003041,R1429,3211.3020607839453,OPEN
2859,N003042,N003039,R1430,67.9297354016236,OPEN
2860,N003039,N003042,R1430,67.9297354016236,OPEN
2861,N003043,N003044,R1431,66.8501059683958,OPEN
2862,N003044,N003043,R1431,66.8501059683958,OPEN
2863,N003045,N003046,R1432,3247.821109641195,OPEN
2864,N003046,N003045,R1432,3247.821109641195,OPEN
2865,N002725,N003047,R1433,54.3569392718624,OPEN
2866,N003047,N002725,R1433,54.3569392718624,OPEN
2867,N003047,N003048,R1434,833.4163588276026,OPEN
2868,N003048,N003047,R1434,833.4163588276026,OPEN
2869,N003049,N003050,R1435,2001.427564624766,OPEN
2870,N003050,N003049,R1435,2001.427564624766,OPEN
2871,N003051,N003052,R1436,6.4197868227682005,OPEN
2872,N003052,N003051,R1436,6.4197868227682005,OPEN
2873,N003053,N003054,R1437,6.7966687244627,OPEN
2874,N003054,N003053,R1437,6.7966687244627,OPEN
2875,N003055,N003056,R1438,7.3198749748673,OPEN
2876,N003056,N003055,R1438,7.3198749748673,OPEN
2877,N003057,N003058,R1439,1028.6499981520305,OPEN
2878,N003058,N003057,R1439,1028.6499981520305,OPEN
2879,N003059,N003060,R1440,457.44008273794964,OPEN
2880,N003060,N003059,R1440,457.44008273794964,OPEN
2881,N003059,N003061,R1441,1248.8895349738868,OPEN
2882,N003061,N003059,R1441,1248.8895349738868,OPEN
2883,N003062,N003063,R1442,2352.2116574011425,OPEN
2884,N003063,N003062,R1442,2352.2116574011425,OPEN
2885,N003064,N003065,R1443,539.1928114412892,OPEN
2886,N003065,N003064,R1443,539.1928114412892,OPEN
2887,N003066,N003067,R1444,1448.2595870969894,OPEN
2888,N003067,N003066,R1444,1448.2595870969894,OPEN
2889,N003068,N003069,R1445,44.441983549549,OPEN
2890,N003069,N003068,R1445,44.441983549549,OPEN
2891,N003070,N003071,R1446,45.082197833948804,OPEN
2892,N003071,N003070,R1446,45.082197833948804,OPEN
2893,N003072,N003073,R1447,78.1326984215754,OPEN
2894,N003073,N003072,R1447,78.1326984215754,OPEN
2895,N003074,N003075,R1448,2222.2578683720526,OPEN
2896,N003075,N003074,R1448,2222.2578683720526,OPEN
2897,N003076,N003077,R1449,1597.4484233669518,OPEN
2898,N003077,N003076,R1449,1597.4484233669518,OPEN
2899,N003078,N003079,R1450,573.498539628511,OPEN
2900,N003079,N003078,R1450,573.498539628511,OPEN
2901,N003080,N003081,R1451,476.0052768381257,OPEN
2902,N003081,N003080,R1451,476.0052768381257,OPEN
2903,N003080,N003081,R1452,476.0052768381257,OPEN
2904,N003081,N003080,R1452,476.0052768381257,OPEN
2905,N001101,N003082,R1453,1489.74698302574,OPEN
2906,N003082,N001101,R1453,1489.74698302574,OPEN
2907,N003083,N003084,R1454,307.45270670049877,OPEN
2908,N003084,N003083,R1454,307.45270670049877,OPEN
2909,N003085,N003085,R1455,128.65681572804922,OPEN
2910,N003085,N003085,R1455,128.65681572804922,OPEN
2911,N003086,N003087,R1456,192.0752050940287,OPEN
2912,N003087,N003086,R1456,192.0752050940287,OPEN
2913,N003088,N003089,R1457,440.6684459317362,OPEN
2914,N003089,N003088,R1457,440.6684459317362,OPEN
2915,N003090,N003091,R1458,32.3181421553655,OPEN
2916,N003091,N003090,R1458,32.3181421553655,OPEN
2917,N003091,N003092,R1459,5.3080435222087,OPEN
2918,N003092,N003091,R1459,5.3080435222087,OPEN
2919,N003090,N003093,R1460,340.0101088498284,OPEN
2920,N003093,N003090,R1460,340.0101088498284,OPEN
2921,N003092,N003090,R1461,27.9304817890368,OPEN
2922,N003090,N003092,R1461,27.9304817890368,OPEN
2923,N003094,N003095,R1462,841.5856053504822,OPEN
2924,N003095,N003094,R1462,841.5856053504822,OPEN
2925,N003096,N003097,R1463,1836.1769586251223,OPEN
2926,N003097,N003096,R1463,1836.1769586251223,OPEN
2927,N003098,N003099,R1464,1183.6823408766518,OPEN
2928,N003099,N003098,R1464,1183.6823408766518,OPEN
2929,N003100,N003101,R1465,1188.0090399988649,OPEN
2930,N003101,N003100,R1465,1188.0090399988649,OPEN
2931,N003072,N001086,R1466,8.001590396523499,OPEN
2932,N001086,N003072,R1466,8.001590396523499,OPEN
2933,N003097,N003102,R1467,127.54924623289041,OPEN
2934,N003102,N003097,R1467,127.54924623289041,OPEN
2935,N003102,N003103,R1468,431.2287087281493,OPEN
2936,N003103,N003102,R1468,431.2287087281493,OPEN
2937,N003104,N003105,R1469,474.132611034087,OPEN
2938,N003105,N003104,R1469,474.132611034087,OPEN
2939,N003106,N003106,R1470,103.8845289626951,OPEN
2940,N003106,N003106,R1470,103.8845289626951,OPEN
2941,N003107,N003108,R1471,281.7000502389456,OPEN
2942,N003108,N003107,R1471,281.7000502389456,OPEN
2943,N003109,N003109,R1472,115.0712381046345,OPEN
2944,N003109,N003109,R1472,115.0712381046345,OPEN
2945,N003110,N003107,R1473,55.5139407314499,OPEN
2946,N003107,N003110,R1473,55.5139407314499,OPEN
2947,N003111,N003112,R1474,337.8981598707565,OPEN
2948,N003112,N003111,R1474,337.8981598707565,OPEN
2949,N003113,N003114,R1475,1759.4661390427132,OPEN
2950,N003114,N003113,R1475,1759.4661390427132,OPEN
2951,N002399,N003115,R1476,402.26627714327816,OPEN
2952,N003115,N002399,R1476,402.26627714327816,OPEN
2953,N002400,N001042,R1477,27.7601995111417,OPEN
2954,N001042,N002400,R1477,27.7601995111417,OPEN
2955,N003116,N003117,R1478,1345.8461641292204,OPEN
2956,N003117,N003116,R1478,1345.8461641292204,OPEN
2957,N003118,N003119,R1479,264.9543332680797,OPEN
2958,N003119,N003118,R1479,264.9543332680797,OPEN
2959,N003120,N003118,R1480,108.75910012838449,OPEN
2960,N003118,N003120,R1480,108.75910012838449,OPEN
2961,N001303,N003120,R1481,69.67096015997521,OPEN
2962,N003120,N001303,R1481,69.67096015997521,OPEN
2963,N001098,N003059,R1482,1178.8296714803478,OPEN
2964,N003059,N001098,R1482,1178.8296714803478,OPEN
2965,N003061,N001100,R1483,408.31106381828096,OPEN
2966,N001100,N003061,R1483,408.31106381828096,OPEN
2967,N003121,N003122,R1484,5.2161554067252,OPEN
2968,N003122,N003121,R1484,5.2161554067252,OPEN
2969,N003123,N001540,R1485,5.0700846736397,OPEN
2970,N001540,N003123,R1485,5.0700846736397,OPEN
2971,N003058,N003068,R1486,203.0727941386632,OPEN
2972,N003068,N003058,R1486,203.0727941386632,OPEN
2973,N003124,N001101,R1487,1169.2588327799165,OPEN
2974,N001101,N003124,R1487,1169.2588327799165,OPEN
2975,N001080,N003066,R1488,1001.7339696665009,OPEN
2976,N003066,N001080,R1488,1001.7339696665009,OPEN
2977,N003073,N003125,R1489,819.6121513427272,OPEN
2978,N003125,N003073,R1489,819.6121513427272,OPEN
2979,N003126,N003127,R1490,465.4471005425741,OPEN
2980,N003127,N003126,R1490,465.4471005425741,OPEN
2981,N003128,N003057,R1491,717.2888551378668,OPEN
2982,N003057,N003128,R1491,717.2888551378668,OPEN
2983,N003082,N003129,R1492,82.7543619925855,OPEN
2984,N003129,N003082,R1492,82.7543619925855,OPEN
2985,N003129,N003130,R1493,70.6892484014678,OPEN
2986,N003130,N003129,R1493,70.6892484014678,OPEN
2987,N003131,N003132,R1494,188.45701167851618,OPEN
2988,N003132,N003131,R1494,188.45701167851618,OPEN
2989,N003087,N003128,R1495,1052.0467207113174,OPEN
2990,N003128,N003087,R1495,1052.0467207113174,OPEN
2991,N003133,N003134,R1496,754.1027508616384,OPEN
2992,N003134,N003133,R1496,754.1027508616384,OPEN
2993,N003135,N003136,R1497,5342.748942785088,OPEN
2994,N003136,N003135,R1497,5342.748942785088,OPEN
2995,N003137,N001669,R1498,90.8728450747644,OPEN
2996,N001669,N003137,R1498,90.8728450747644,OPEN
2997,N002125,N003138,R1499,93.2959098907459,OPEN
2998,N003138,N002125,R1499,93.2959098907459,OPEN
2999,N003139,N003140,R1500,2881.957147713441,OPEN
3000,N003140,N003139,R1500,2881.957147713441,OPEN
3001,N003141,N003142,R1501,2860.008746011708,OPEN
3002,N003142,N003141,R1501,2860.008746011708,OPEN
3003,N003143,N003144,R1502,35.1081549325807,OPEN
3004,N003144,N003143,R1502,35.1081549325807,OPEN
3005,N003145,N003146,R1503,2907.5108055508017,OPEN
3006,N003146,N003145,R1503,2907.5108055508017,OPEN
3007,N002287,N002294,R1504,128.7098248493293,OPEN
3008,N002294,N002287,R1504,128.7098248493293,OPEN
3009,N003147,N002295,R1505,28.5730314795556,OPEN
3010,N002295,N003147,R1505,28.5730314795556,OPEN
3011,N003148,N003147,R1506,136.6160471634372,OPEN
3012,N003147,N003148,R1506,136.6160471634372,OPEN
3013,N003149,N003145,R1507,13.7424007382476,OPEN
3014,N003145,N003149,R1507,13.7424007382476,OPEN
3015,N003150,N003149,R1508,234.440575534235,OPEN
3016,N003149,N003150,R1508,234.440575534235,OPEN
3017,N003151,N003152,R1509,3097.3489779172187,OPEN
3018,N003152,N003151,R1509,3097.3489779172187,OPEN
3019,N003153,N003154,R1510,1454.058925063924,OPEN
3020,N003154,N003153,R1510,1454.058925063924,OPEN
3021,N003151,N003153,R1511,22.9935486584113,OPEN
3022,N003153,N003151,R1511,22.9935486584113,OPEN
3023,N003155,N003156,R1512,145.7399100609618,OPEN
3024,N003156,N003155,R1512,145.7399100609618,OPEN
3025,N003157,N003158,R1513,364.4827942434839,OPEN
3026,N003158,N003157,R1513,364.4827942434839,OPEN
3027,N002076,N003157,R1514,39.1257050952145,OPEN
3028,N003157,N002076,R1514,39.1257050952145,OPEN
3029,N003159,N003160,R1515,957.8111988731404,OPEN
3030,N003160,N003159,R1515,957.8111988731404,OPEN
3031,N003158,N003159,R1516,38.5852079990879,OPEN
3032,N003159,N003158,R1516,38.5852079990879,OPEN
3033,N003161,N002364,R1517,1832.917321218383,OPEN
3034,N002364,N003161,R1517,1832.917321218383,OPEN
3035,N003160,N003161,R1518,6.6886946894414,OPEN
3036,N003161,N003160,R1518,6.6886946894414,OPEN
3037,N003162,N003163,R1519,14.7419234486705,OPEN
3038,N003163,N003162,R1519,14.7419234486705,OPEN
3039,N003164,N003162,R1520,1153.4288266273352,OPEN
3040,N003162,N003164,R1520,1153.4288266273352,OPEN
3041,N003154,N002994,R1521,24.5323714598355,OPEN
3042,N002994,N003154,R1521,24.5323714598355,OPEN
3043,N003165,N003166,R1522,608.7561845433545,OPEN
3044,N003166,N003165,R1522,608.7561845433545,OPEN
3045,N003048,N003165,R1523,13.9208890807537,OPEN
3046,N003165,N003048,R1523,13.9208890807537,OPEN
3047,N003167,N003168,R1524,3102.684593375214,OPEN
3048,N003168,N003167,R1524,3102.684593375214,OPEN
3049,N003169,N003170,R1525,12718.326326632765,OPEN
3050,N003170,N003169,R1525,12718.326326632765,OPEN
3051,N003171,N003172,R1526,9.0116113669118,OPEN
3052,N003172,N003171,R1526,9.0116113669118,OPEN
3053,N003173,N003174,R1527,747.7578490558896,OPEN
3054,N003174,N003173,R1527,747.7578490558896,OPEN
3055,N003175,N003176,R1528,4075.1929707951354,OPEN
3056,N003176,N003175,R1528,4075.1929707951354,OPEN
3057,N003177,N003178,R1529,3196.552619054162,OPEN
3058,N003178,N003177,R1529,3196.552619054162,OPEN
3059,N003179,N003180,R1530,1582.3853034054919,OPEN
3060,N003180,N003179,R1530,1582.3853034054919,OPEN
3061,N003181,N002696,R1531,10.415464620629,OPEN
3062,N002696,N003181,R1531,10.415464620629,OPEN
3063,N003105,N001291,R1532,281.6706687122753,OPEN
3064,N001291,N003105,R1532,281.6706687122753,OPEN
3065,N003182,N003183,R1533,284.7906030477626,OPEN
3066,N003183,N003182,R1533,284.7906030477626,OPEN
3067,N003184,N003185,R1534,612.8321607461831,OPEN
3068,N003185,N003184,R1534,612.8321607461831,OPEN
3069,N003186,N003187,R1535,452.2956720053965,OPEN
3070,N003187,N003186,R1535,452.2956720053965,OPEN
3071,N002490,N003188,R1536,2354.24615567383,OPEN
3072,N003188,N002490,R1536,2354.24615567383,OPEN
3073,N003189,N003190,R1537,1221.506132146696,OPEN
3074,N003190,N003189,R1537,1221.506132146696,OPEN
3075,N003191,N003192,R1538,2811.785109859705,OPEN
3076,N003192,N003191,R1538,2811.785109859705,OPEN
3077,N003193,N003194,R1539,2668.596970486111,OPEN
3078,N003194,N003193,R1539,2668.596970486111,OPEN
3079,N003195,N003196,R1540,4828.581444199759,OPEN
3080,N003196,N003195,R1540,4828.581444199759,OPEN
3081,N002609,N003197,R1541,1173.1155672116922,OPEN
3082,N003197,N002609,R1541,1173.1155672116922,OPEN
3083,N001007,N003198,R1542,27.0509197396933,OPEN
3084,N003198,N001007,R1542,27.0509197396933,OPEN
3085,N001007,N003199,R1543,18.5837323821324,OPEN
3086,N003199,N001007,R1543,18.5837323821324,OPEN
3087,N003200,N003201,R1544,3568.7949924712834,OPEN
3088,N003201,N003200,R1544,3568.7949924712834,OPEN
3089,N003202,N003201,R1545,1120.8028929752074,OPEN
3090,N003201,N003202,R1545,1120.8028929752074,OPEN
3091,N003203,N003204,R1546,51.3417776469926,OPEN
3092,N003204,N003203,R1546,51.3417776469926,OPEN
3093,N001187,N002924,R1547,1409.8112930710918,OPEN
3094,N002924,N001187,R1547,1409.8112930710918,OPEN
3095,N003205,N003206,R1548,1458.5884640445752,OPEN
3096,N003206,N003205,R1548,1458.5884640445752,OPEN
3097,N003207,N001187,R1549,1125.6270952654477,OPEN
3098,N001187,N003207,R1549,1125.6270952654477,OPEN
3099,N003206,N003208,R1550,1078.3226353380155,OPEN
3100,N003208,N003206,R1550,1078.3226353380155,OPEN
3101,N001066,N003209,R1551,1663.5699069446352,OPEN
3102,N003209,N001066,R1551,1663.5699069446352,OPEN
3103,N003210,N003211,R1552,36758.81515054387,OPEN
3104,N003211,N003210,R1552,36758.81515054387,OPEN
3105,N003212,N003213,R1553,1255.1276150137007,OPEN
3106,N003213,N003212,R1553,1255.1276150137007,OPEN
3107,N003214,N003215,R1554,6106.655218465607,OPEN
3108,N003215,N003214,R1554,6106.655218465607,OPEN
3109,N003216,N003217,R1555,5495.514821736547,OPEN
3110,N003217,N003216,R1555,5495.514821736547,OPEN
3111,N003218,N003219,R1556,9440.253455988,OPEN
3112,N003219,N003218,R1556,9440.253455988,OPEN
3113,N003220,N003221,R1557,4517.212515410928,OPEN
3114,N003221,N003220,R1557,4517.212515410928,OPEN
3115,N003222,N003223,R1558,2820.238216944579,OPEN
3116,N003223,N003222,R1558,2820.238216944579,OPEN
3117,N003224,N003225,R1559,6307.4500077757,OPEN
3118,N003225,N003224,R1559,6307.4500077757,OPEN
3119,N003226,N002090,R1560,960.7483964888079,OPEN
3120,N002090,N003226,R1560,960.7483964888079,OPEN
3121,N003227,N003226,R1561,11437.687078096182,OPEN
3122,N003226,N003227,R1561,11437.687078096182,OPEN
3123,N001676,N003228,R1562,951.1758967745839,OPEN
3124,N003228,N001676,R1562,951.1758967745839,OPEN
3125,N003228,N003229,R1563,11442.632028342638,OPEN
3126,N003229,N003228,R1563,11442.632028342638,OPEN
3127,N003230,N003231,R1564,8994.882670117368,OPEN
3128,N003231,N003230,R1564,8994.882670117368,OPEN
3129,N003232,N003233,R1565,1131.3297064925082,OPEN
3130,N003233,N003232,R1565,1131.3297064925082,OPEN
3131,N003233,N003234,R1566,43.1137847389232,OPEN
3132,N003234,N003233,R1566,43.1137847389232,OPEN
3133,N003235,N003236,R1567,934.3165344598348,OPEN
3134,N003236,N003235,R1567,934.3165344598348,OPEN
3135,N003235,N003237,R1568,726.3970572949935,OPEN
3136,N003237,N003235,R1568,726.3970572949935,OPEN
3137,N003238,N003239,R1569,3281.455451394146,OPEN
3138,N003239,N003238,R1569,3281.455451394146,OPEN
3139,N003240,N003241,R1570,5592.905092195507,OPEN
3140,N003241,N003240,R1570,5592.905092195507,OPEN
3141,N003242,N003243,R1571,1975.2217550044825,OPEN
3142,N003243,N003242,R1571,1975.2217550044825,OPEN
3143,N003244,N003245,R1572,4647.380529086504,OPEN
3144,N003245,N003244,R1572,4647.380529086504,OPEN
3145,N003246,N003247,R1573,8468.4203440572,OPEN
3146,N003247,N003246,R1573,8468.4203440572,OPEN
3147,N003248,N003249,R1574,5060.042754563198,OPEN
3148,N003249,N003248,R1574,5060.042754563198,OPEN
3149,N003250,N003251,R1575,4727.664575254009,OPEN
3150,N003251,N003250,R1575,4727.664575254009,OPEN
3151,N003252,N003253,R1576,1778.8934739141735,OPEN
3152,N003253,N003252,R1576,1778.8934739141735,OPEN
3153,N003254,N003255,R1577,7479.251035117923,OPEN
3154,N003255,N003254,R1577,7479.251035117923,OPEN
3155,N003256,N003257,R1578,6211.703347536755,OPEN
3156,N003257,N003256,R1578,6211.703347536755,OPEN
3157,N003258,N003259,R1579,3724.022146995557,OPEN
3158,N003259,N003258,R1579,3724.022146995557,OPEN
3159,N003260,N003261,R1580,5542.253467112237,OPEN
3160,N003261,N003260,R1580,5542.253467112237,OPEN
3161,N003262,N003263,R1581,2658.933365312002,OPEN
3162,N003263,N003262,R1581,2658.933365312002,OPEN
3163,N003264,N003265,R1582,7074.240515183381,OPEN
3164,N003265,N003264,R1582,7074.240515183381,OPEN
3165,N003266,N003267,R1583,1447.7912056862287,OPEN
3166,N003267,N003266,R1583,1447.7912056862287,OPEN
3167,N003268,N003269,R1584,2531.7022689240325,OPEN
3168,N003269,N003268,R1584,2531.7022689240325,OPEN
3169,N003270,N003271,R1585,9225.00257546178,OPEN
3170,N003271,N003270,R1585,9225.00257546178,OPEN
3171,N003272,N003273,R1586,58.0494624552147,OPEN
3172,N003273,N003272,R1586,58.0494624552147,OPEN
3173,N003274,N003272,R1587,386.5666055793472,OPEN
3174,N003272,N003274,R1587,386.5666055793472,OPEN
3175,N003275,N003276,R1588,3783.709396665565,OPEN
3176,N003276,N003275,R1588,3783.709396665565,OPEN
3177,N003277,N003278,R1589,4429.085110571684,OPEN
3178,N003278,N003277,R1589,4429.085110571684,OPEN
3179,N003279,N003280,R1590,2341.4277669885655,OPEN
3180,N003280,N003279,R1590,2341.4277669885655,OPEN
3181,N003281,N003282,R1591,16342.147795652227,OPEN
3182,N003282,N003281,R1591,16342.147795652227,OPEN
3183,N002083,N003283,R1592,10151.191685440257,OPEN
3184,N003283,N002083,R1592,10151.191685440257,OPEN
3185,N003284,N003285,R1593,10462.164016038605,OPEN
3186,N003285,N003284,R1593,10462.164016038605,OPEN
3187,N003286,N003287,R1594,29.5317872827198,OPEN
3188,N003287,N003286,R1594,29.5317872827198,OPEN
3189,N003283,N003288,R1595,7166.817587204767,OPEN
3190,N003288,N003283,R1595,7166.817587204767,OPEN
3191,N003289,N003290,R1596,7735.520465525333,OPEN
3192,N003290,N003289,R1596,7735.520465525333,OPEN
3193,N003291,N003292,R1597,38.06677993227181,OPEN
3194,N003292,N003291,R1597,38.06677993227181,OPEN
3195,N003283,N003293,R1598,7147.701022941702,OPEN
3196,N003293,N003283,R1598,7147.701022941702,OPEN
3197,N003294,N003295,R1599,2861.7134968091236,OPEN
3198,N003295,N003294,R1599,2861.7134968091236,OPEN
3199,N003294,N003295,R1600,2861.7134968091236,OPEN
3200,N003295,N003294,R1600,2861.7134968091236,OPEN
3201,N003296,N003297,R1601,2762.81836922963,OPEN
3202,N003297,N003296,R1601,2762.81836922963,OPEN
3203,N003298,N003299,R1602,8060.565825940326,OPEN
3204,N003299,N003298,R1602,8060.565825940326,OPEN
3205,N003300,N003301,R1603,4122.492122615074,OPEN
3206,N003301,N003300,R1603,4122.492122615074,OPEN
3207,N003302,N003303,R1604,7085.59284379339,OPEN
3208,N003303,N003302,R1604,7085.59284379339,OPEN
3209,N003304,N003302,R1605,47.1600836836235,OPEN
3210,N003302,N003304,R1605,47.1600836836235,OPEN
3211,N002454,N003304,R1606,5251.612637765393,OPEN
3212,N003304,N002454,R1606,5251.612637765393,OPEN
3213,N002205,N003305,R1607,2910.334574297869,OPEN
3214,N003305,N002205,R1607,2910.334574297869,OPEN
3215,N003305,N003306,R1608,3794.615409349998,OPEN
3216,N003306,N003305,R1608,3794.615409349998,OPEN
3217,N003306,N003307,R1609,4283.801976336413,OPEN
3218,N003307,N003306,R1609,4283.801976336413,OPEN
3219,N003308,N003309,R1610,3041.667192339302,OPEN
3220,N003309,N003308,R1610,3041.667192339302,OPEN
3221,N003307,N003308,R1611,4537.257555025875,OPEN
3222,N003308,N003307,R1611,4537.257555025875,OPEN
3223,N003309,N003310,R1612,6510.80024069742,OPEN
3224,N003310,N003309,R1612,6510.80024069742,OPEN
3225,N003310,N001279,R1613,4718.819659004506,OPEN
3226,N001279,N003310,R1613,4718.819659004506,OPEN
3227,N003311,N003312,R1614,1257.0339207757406,OPEN
3228,N003312,N003311,R1614,1257.0339207757406,OPEN
3229,N003313,N003314,R1615,4119.039651340991,OPEN
3230,N003314,N003313,R1615,4119.039651340991,OPEN
3231,N003315,N003316,R1616,9439.326967542704,OPEN
3232,N003316,N003315,R1616,9439.326967542704,OPEN
3233,N003315,N003316,R1617,9439.326967542704,OPEN
3234,N003316,N003315,R1617,9439.326967542704,OPEN
3235,N001280,N003315,R1618,8680.837447840493,OPEN
3236,N003315,N001280,R1618,8680.837447840493,OPEN
3237,N003316,N003317,R1619,2670.953449693666,OPEN
3238,N003317,N003316,R1619,2670.953449693666,OPEN
3239,N003316,N003317,R1620,2670.953449693666,OPEN
3240,N003317,N003316,R1620,2670.953449693666,OPEN
3241,N003318,N003319,R1621,1840.6458533829516,OPEN
3242,N003319,N003318,R1621,1840.6458533829516,OPEN
3243,N003317,N003318,R1622,2470.087808820235,OPEN
3244,N003318,N003317,R1622,2470.087808820235,OPEN
3245,N003319,N003320,R1623,2863.742115707265,OPEN
3246,N003320,N003319,R1623,2863.742115707265,OPEN
3247,N003319,N003320,R1624,2863.742115707265,OPEN
3248,N003320,N003319,R1624,2863.742115707265,OPEN
3249,N003321,N003311,R1625,2493.0867180470905,OPEN
3250,N003311,N003321,R1625,2493.0867180470905,OPEN
3251,N003320,N003322,R1626,3351.1613822702443,OPEN
3252,N003322,N003320,R1626,3351.1613822702443,OPEN
3253,N003322,N003323,R1627,3647.5071854313105,OPEN
3254,N003323,N003322,R1627,3647.5071854313105,OPEN
3255,N003322,N003323,R1628,3647.5071854313105,OPEN
3256,N003323,N003322,R1628,3647.5071854313105,OPEN
3257,N003323,N003321,R1629,3334.732886207739,OPEN
3258,N003321,N003323,R1629,3334.732886207739,OPEN
3259,N003324,N003325,R1630,772.2318043195567,OPEN
3260,N003325,N003324,R1630,772.2318043195567,OPEN
3261,N003326,N003327,R1631,3467.9198873305936,OPEN
3262,N003327,N003326,R1631,3467.9198873305936,OPEN
3263,N003328,N003326,R1632,2028.8928386563657,OPEN
3264,N003326,N003328,R1632,2028.8928386563657,OPEN
3265,N003325,N003326,R1633,606.1631516079409,OPEN
3266,N003326,N003325,R1633,606.1631516079409,OPEN
3267,N003329,N003330,R1634,40.399976211110896,OPEN
3268,N003330,N003329,R1634,40.399976211110896,OPEN
3269,N003329,N003331,R1635,29261.85827657688,OPEN
3270,N003331,N003329,R1635,29261.85827657688,OPEN
3271,N003325,N003329,R1636,410.6468642633825,OPEN
3272,N003329,N003325,R1636,410.6468642633825,OPEN
3273,N003332,N003333,R1637,706.8975131678241,OPEN
3274,N003333,N003332,R1637,706.8975131678241,OPEN
3275,N003334,N003324,R1638,110.801366274155,OPEN
3276,N003324,N003334,R1638,110.801366274155,OPEN
3277,N003335,N003334,R1639,380.78465444482566,OPEN
3278,N003334,N003335,R1639,380.78465444482566,OPEN
3279,N003335,N003324,R1640,626.2860496148694,OPEN
3280,N003324,N003335,R1640,626.2860496148694,OPEN
3281,N003328,N003336,R1641,228.0221469941155,OPEN
3282,N003336,N003328,R1641,228.0221469941155,OPEN
3283,N003337,N003332,R1642,15824.590303791736,OPEN
3284,N003332,N003337,R1642,15824.590303791736,OPEN
3285,N003337,N003332,R1643,15824.590303791736,OPEN
3286,N003332,N003337,R1643,15824.590303791736,OPEN
3287,N003336,N003333,R1644,128.2482663223268,OPEN
3288,N003333,N003336,R1644,128.2482663223268,OPEN
3289,N003332,N003336,R1645,730.4313949342238,OPEN
3290,N003336,N003332,R1645,730.4313949342238,OPEN
3291,N003338,N003339,R1646,6956.837812444283,OPEN
3292,N003339,N003338,R1646,6956.837812444283,OPEN
3293,N002211,N002195,R1647,5395.084465768951,OPEN
3294,N002195,N002211,R1647,5395.084465768951,OPEN
3295,N003340,N003341,R1648,1072.6004530156285,OPEN
3296,N003341,N003340,R1648,1072.6004530156285,OPEN
3297,N003342,N003341,R1649,2057.8282641070477,OPEN
3298,N003341,N003342,R1649,2057.8282641070477,OPEN
3299,N003343,N003344,R1650,3670.4157575032746,OPEN
3300,N003344,N003343,R1650,3670.4157575032746,OPEN
3301,N003345,N003341,R1651,2065.8969216294536,OPEN
3302,N003341,N003345,R1651,2065.8969216294536,OPEN
3303,N003346,N003347,R1652,2434.886008613925,OPEN
3304,N003347,N003346,R1652,2434.886008613925,OPEN
3305,N003348,N001602,R1653,73.1732533260889,OPEN
3306,N001602,N003348,R1653,73.1732533260889,OPEN
3307,N003349,N003348,R1654,687.0613413376777,OPEN
3308,N003348,N003349,R1654,687.0613413376777,OPEN
3309,N003350,N003351,R1655,7816.241017164439,OPEN
3310,N003351,N003350,R1655,7816.241017164439,OPEN
3311,N003352,N003353,R1656,110.04035746511539,OPEN
3312,N003353,N003352,R1656,110.04035746511539,OPEN
3313,N003354,N003355,R1657,881.4869197822795,OPEN
3314,N003355,N003354,R1657,881.4869197822795,OPEN
3315,N003356,N003357,R1658,578.2928162089129,OPEN
3316,N003357,N003356,R1658,578.2928162089129,OPEN
3317,N003358,N003359,R1659,1890.5260680762196,OPEN
3318,N003359,N003358,R1659,1890.5260680762196,OPEN
3319,N003360,N003361,R1660,792.5556313841632,OPEN
3320,N003361,N003360,R1660,792.5556313841632,OPEN
3321,N003362,N003363,R1661,659.1734305848512,OPEN
3322,N003363,N003362,R1661,659.1734305848512,OPEN
3323,N003364,N003365,R1662,1412.1242785414054,OPEN
3324,N003365,N003364,R1662,1412.1242785414054,OPEN
3325,N003366,N003367,R1663,7003.423660989973,OPEN
3326,N003367,N003366,R1663,7003.423660989973,OPEN
3327,N003265,N003366,R1664,131.4394214019694,OPEN
3328,N003366,N003265,R1664,131.4394214019694,OPEN
3329,N003368,N003369,R1665,9012.943650225305,OPEN
3330,N003369,N003368,R1665,9012.943650225305,OPEN
3331,N003370,N003371,R1666,18.7710688838057,OPEN
3332,N003371,N003370,R1666,18.7710688838057,OPEN
3333,N003372,N003373,R1667,3828.531760355741,OPEN
3334,N003373,N003372,R1667,3828.531760355741,OPEN
3335,N003372,N003374,R1668,16571.764529264812,OPEN
3336,N003374,N003372,R1668,16571.764529264812,OPEN
3337,N003375,N003372,R1669,444.8425374839391,OPEN
3338,N003372,N003375,R1669,444.8425374839391,OPEN
3339,N003376,N003377,R1670,4012.5315230242195,OPEN
3340,N003377,N003376,R1670,4012.5315230242195,OPEN
3341,N003374,N003378,R1671,7371.89132621894,OPEN
3342,N003378,N003374,R1671,7371.89132621894,OPEN
3343,N003374,N003378,R1672,7371.89132621894,OPEN
3344,N003378,N003374,R1672,7371.89132621894,OPEN
3345,N003374,N003379,R1673,4721.612228926552,OPEN
3346,N003379,N003374,R1673,4721.612228926552,OPEN
3347,N003374,N003379,R1674,4721.612228926552,OPEN
3348,N003379,N003374,R1674,4721.612228926552,OPEN
3349,N003380,N003381,R1675,3743.289305559073,OPEN
3350,N003381,N003380,R1675,3743.289305559073,OPEN
3351,N003379,N003380,R1676,15.3011041097222,OPEN
3352,N003380,N003379,R1676,15.3011041097222,OPEN
3353,N003334,N003328,R1677,30.7812579987412,OPEN
3354,N003328,N003334,R1677,30.7812579987412,OPEN
3355,N003382,N003383,R1678,31.1586005432103,OPEN
3356,N003383,N003382,R1678,31.1586005432103,OPEN
3357,N003383,N003384,R1679,1317.6604182113315,OPEN
3358,N003384,N003383,R1679,1317.6604182113315,OPEN
3359,N003385,N003386,R1680,540.7703425785115,OPEN
3360,N003386,N003385,R1680,540.7703425785115,OPEN
3361,N001294,N003387,R1681,85.8626494482948,OPEN
3362,N003387,N001294,R1681,85.8626494482948,OPEN
3363,N003388,N003175,R1682,159.4034205055612,OPEN
3364,N003175,N003388,R1682,159.4034205055612,OPEN
3365,N003171,N003388,R1683,1834.4568623536768,OPEN
3366,N003388,N003171,R1683,1834.4568623536768,OPEN
3367,N003389,N003390,R1684,272.33223211771826,OPEN
3368,N003390,N003389,R1684,272.33223211771826,OPEN
3369,N003391,N003392,R1685,321.0229543953133,OPEN
3370,N003392,N003391,R1685,321.0229543953133,OPEN
3371,N001260,N003393,R1686,652.1899946798716,OPEN
3372,N003393,N001260,R1686,652.1899946798716,OPEN
3373,N003394,N001904,R1687,153.0728432832566,OPEN
3374,N001904,N003394,R1687,153.0728432832566,OPEN
3375,N003395,N001902,R1688,685.93659664777,OPEN
3376,N001902,N003395,R1688,685.93659664777,OPEN
3377,N003396,N003395,R1689,4000.4539280809136,OPEN
3378,N003395,N003396,R1689,4000.4539280809136,OPEN
3379,N003397,N003398,R1690,3995.911979131918,OPEN
3380,N003398,N003397,R1690,3995.911979131918,OPEN
3381,N001905,N003397,R1691,683.39287997056,OPEN
3382,N003397,N001905,R1691,683.39287997056,OPEN
3383,N003399,N003400,R1692,4460.443356356611,OPEN
3384,N003400,N003399,R1692,4460.443356356611,OPEN
3385,N003381,N003399,R1693,130.1532513236028,OPEN
3386,N003399,N003381,R1693,130.1532513236028,OPEN
3387,N003401,N003402,R1694,3845.6199454255993,OPEN
3388,N003402,N003401,R1694,3845.6199454255993,OPEN
3389,N003403,N003404,R1695,33197.3225609078,OPEN
3390,N003404,N003403,R1695,33197.3225609078,OPEN
3391,N003405,N003406,R1696,17752.83074758242,OPEN
3392,N003406,N003405,R1696,17752.83074758242,OPEN
3393,N003406,N003407,R1697,4503.589072141863,OPEN
3394,N003407,N003406,R1697,4503.589072141863,OPEN
3395,N003408,N003409,R1698,10076.609923699843,OPEN
3396,N003409,N003408,R1698,10076.609923699843,OPEN
3397,N003327,N003370,R1699,1293.0141321036576,OPEN
3398,N003370,N003327,R1699,1293.0141321036576,OPEN
3399,N003327,N003410,R1700,5337.841831754567,OPEN
3400,N003410,N003327,R1700,5337.841831754567,OPEN
3401,N003411,N002081,R1701,15.384379829333701,OPEN
3402,N002081,N003411,R1701,15.384379829333701,OPEN
3403,N003406,N003411,R1702,25912.141165573048,OPEN
3404,N003411,N003406,R1702,25912.141165573048,OPEN
3405,N003412,N003413,R1703,3026.8356773624487,OPEN
3406,N003413,N003412,R1703,3026.8356773624487,OPEN
3407,N003414,N003415,R1704,3484.6721345795836,OPEN
3408,N003415,N003414,R1704,3484.6721345795836,OPEN
3409,N003416,N003417,R1705,4326.059278410781,OPEN
3410,N003417,N003416,R1705,4326.059278410781,OPEN
3411,N003402,N003408,R1706,177.8435234011935,OPEN
3412,N003408,N003402,R1706,177.8435234011935,OPEN
3413,N003333,N003335,R1707,241.66383907556872,OPEN
3414,N003335,N003333,R1707,241.66383907556872,OPEN
3415,N003371,N003368,R1708,4520.110468685428,OPEN
3416,N003368,N003371,R1708,4520.110468685428,OPEN
3417,N003418,N003419,R1709,385.3506971569762,OPEN
3418,N003419,N003418,R1709,385.3506971569762,OPEN
3419,N003420,N003418,R1710,23.776644124657498,OPEN
3420,N003418,N003420,R1710,23.776644124657498,OPEN
3421,N003410,N003420,R1711,345.58277947346124,OPEN
3422,N003420,N003410,R1711,345.58277947346124,OPEN
3423,N003421,N003418,R1712,28.942965628473,OPEN
3424,N003418,N003421,R1712,28.942965628473,OPEN
3425,N003421,N003420,R1713,17.0071764890883,OPEN
3426,N003420,N003421,R1713,17.0071764890883,OPEN
3427,N003410,N003421,R1714,663.651710655461,OPEN
3428,N003421,N003410,R1714,663.651710655461,OPEN
3429,N003409,N003422,R1715,1637.5096907343686,OPEN
3430,N003422,N003409,R1715,1637.5096907343686,OPEN
3431,N003409,N003422,R1716,1107.6748512597062,OPEN
3432,N003422,N003409,R1716,1107.6748512597062,OPEN
3433,N003422,N003423,R1717,2111.977346217928,OPEN
3434,N003423,N003422,R1717,2111.977346217928,OPEN
3435,N003424,N003425,R1718,3641.4235427596664,OPEN
3436,N003425,N003424,R1718,3641.4235427596664,OPEN
3437,N003426,N003427,R1719,7181.953015034833,OPEN
3438,N003427,N003426,R1719,7181.953015034833,OPEN
3439,N003428,N003429,R1720,3997.2317951377413,OPEN
3440,N003429,N003428,R1720,3997.2317951377413,OPEN
3441,N003430,N003431,R1721,1914.6886696770696,OPEN
3442,N003431,N003430,R1721,1914.6886696770696,OPEN
3443,N003430,N003432,R1722,4282.833239149695,OPEN
3444,N003432,N003430,R1722,4282.833239149695,OPEN
3445,N003433,N003432,R1723,443.0188846360615,OPEN
3446,N003432,N003433,R1723,443.0188846360615,OPEN
3447,N003434,N003435,R1724,8271.112257005168,OPEN
3448,N003435,N003434,R1724,8271.112257005168,OPEN
3449,N003436,N003437,R1725,2784.704901065144,OPEN
3450,N003437,N003436,R1725,2784.704901065144,OPEN
3451,N003438,N003439,R1726,7748.902994625102,OPEN
3452,N003439,N003438,R1726,7748.902994625102,OPEN
3453,N003440,N003441,R1727,1292.7045897067462,OPEN
3454,N003441,N003440,R1727,1292.7045897067462,OPEN
3455,N003442,N003443,R1728,7326.447587209395,OPEN
3456,N003443,N003442,R1728,7326.447587209395,OPEN
3457,N003444,N003445,R1729,673.2739432406864,OPEN
3458,N003445,N003444,R1729,673.2739432406864,OPEN
3459,N003446,N003447,R1730,1451.7654219146057,OPEN
3460,N003447,N003446,R1730,1451.7654219146057,OPEN
3461,N003448,N003449,R1731,1448.7893681889218,OPEN
3462,N003449,N003448,R1731,1448.7893681889218,OPEN
3463,N003169,N003450,R1732,1586.1302612346587,OPEN
3464,N003450,N003169,R1732,1586.1302612346587,OPEN
3465,N003451,N003452,R1733,525.567654348794,OPEN
3466,N003452,N003451,R1733,525.567654348794,OPEN
3467,N003453,N003454,R1734,514.04798775351,OPEN
3468,N003454,N003453,R1734,514.04798775351,OPEN
3469,N003455,N003456,R1735,1300.5270190141289,OPEN
3470,N003456,N003455,R1735,1300.5270190141289,OPEN
3471,N003457,N003458,R1736,1308.4894698185217,OPEN
3472,N003458,N003457,R1736,1308.4894698185217,OPEN
3473,N003459,N003460,R1737,6563.982254428162,OPEN
3474,N003460,N003459,R1737,6563.982254428162,OPEN
3475,N003423,N003459,R1738,156.4091665402241,OPEN
3476,N003459,N003423,R1738,156.4091665402241,OPEN
3477,N003461,N003462,R1739,19240.38072359265,OPEN
3478,N003462,N003461,R1739,19240.38072359265,OPEN
3479,N003463,N003238,R1740,2672.9123606120315,OPEN
3480,N003238,N003463,R1740,2672.9123606120315,OPEN
3481,N003464,N003465,R1741,1810.2466168697583,OPEN
3482,N003465,N003464,R1741,1810.2466168697583,OPEN
3483,N003466,N003467,R1742,837.7423478293309,OPEN
3484,N003467,N003466,R1742,837.7423478293309,OPEN
3485,N003468,N003469,R1743,1099.8006649108809,OPEN
3486,N003469,N003468,R1743,1099.8006649108809,OPEN
3487,N001601,N003468,R1744,62.098358860631194,OPEN
3488,N003468,N001601,R1744,62.098358860631194,OPEN
3489,N003470,N003471,R1745,2661.5523436650587,OPEN
3490,N003471,N003470,R1745,2661.5523436650587,OPEN
3491,N003471,N003472,R1746,455.9287848932409,OPEN
3492,N003472,N003471,R1746,455.9287848932409,OPEN
3493,N003473,N003474,R1747,2885.403936612767,OPEN
3494,N003474,N003473,R1747,2885.403936612767,OPEN
3495,N001538,N003475,R1748,5951.928366622005,OPEN
3496,N003475,N001538,R1748,5951.928366622005,OPEN
3497,N001538,N003475,R1749,5951.928366622005,OPEN
3498,N003475,N001538,R1749,5951.928366622005,OPEN
3499,N003476,N001538,R1750,15041.513826155879,OPEN
3500,N001538,N003476,R1750,15041.513826155879,OPEN
3501,N003477,N002146,R1751,4943.704211321248,OPEN
3502,N002146,N003477,R1751,4943.704211321248,OPEN
3503,N003369,N003478,R1752,697.6988215534243,OPEN
3504,N003478,N003369,R1752,697.6988215534243,OPEN
3505,N003479,N002860,R1753,111.7946074229359,OPEN
3506,N002860,N003479,R1753,111.7946074229359,OPEN
3507,N003480,N003481,R1754,2822.1742905509536,OPEN
3508,N003481,N003480,R1754,2822.1742905509536,OPEN
3509,N003482,N003483,R1755,5040.086102783262,OPEN
3510,N003483,N003482,R1755,5040.086102783262,OPEN
3511,N003484,N003440,R1756,5495.349866459476,OPEN
3512,N003440,N003484,R1756,5495.349866459476,OPEN
3513,N003485,N003486,R1757,54.854722830145896,OPEN
3514,N003486,N003485,R1757,54.854722830145896,OPEN
3515,N003486,N003487,R1758,1013.8365221110062,OPEN
3516,N003487,N003486,R1758,1013.8365221110062,OPEN
3517,N001136,N003488,R1759,112.6958786964178,OPEN
3518,N003488,N001136,R1759,112.6958786964178,OPEN
3519,N003488,N003489,R1760,1501.6055035389227,OPEN
3520,N003489,N003488,R1760,1501.6055035389227,OPEN
3521,N001134,N003490,R1761,71.016258430293,OPEN
3522,N003490,N001134,R1761,71.016258430293,OPEN
3523,N003490,N001487,R1762,338.9763911256048,OPEN
3524,N001487,N003490,R1762,338.9763911256048,OPEN
3525,N003487,N003491,R1763,82.74571383045851,OPEN
3526,N003491,N003487,R1763,82.74571383045851,OPEN
3527,N003491,N001487,R1764,310.78931019251786,OPEN
3528,N001487,N003491,R1764,310.78931019251786,OPEN
3529,N003492,N003493,R1765,3874.790680049596,OPEN
3530,N003493,N003492,R1765,3874.790680049596,OPEN
3531,N003494,N003495,R1766,2552.3464282019936,OPEN
3532,N003495,N003494,R1766,2552.3464282019936,OPEN
3533,N003496,N003497,R1767,4759.015979958847,OPEN
3534,N003497,N003496,R1767,4759.015979958847,OPEN
3535,N001497,N003498,R1768,6850.65567811499,OPEN
3536,N003498,N001497,R1768,6850.65567811499,OPEN
3537,N003499,N001508,R1769,19.2365740464337,OPEN
3538,N001508,N003499,R1769,19.2365740464337,OPEN
3539,N003500,N003499,R1770,1402.7081195135145,OPEN
3540,N003499,N003500,R1770,1402.7081195135145,OPEN
3541,N003501,N001496,R1771,37.2101725537019,OPEN
3542,N001496,N003501,R1771,37.2101725537019,OPEN
3543,N003502,N003501,R1772,1335.1887063804747,OPEN
3544,N003501,N003502,R1772,1335.1887063804747,OPEN
3545,N003503,N003504,R1773,33.748604142069695,OPEN
3546,N003504,N003503,R1773,33.748604142069695,OPEN
3547,N003505,N003503,R1774,1113.1449314313252,OPEN
3548,N003503,N003505,R1774,1113.1449314313252,OPEN
3549,N003506,N003502,R1775,109.4497885044012,OPEN
3550,N003502,N003506,R1775,109.4497885044012,OPEN
3551,N002107,N003506,R1776,921.828557612434,OPEN
3552,N003506,N002107,R1776,921.828557612434,OPEN
3553,N003507,N003467,R1777,243.5898660102659,OPEN
3554,N003467,N003507,R1777,243.5898660102659,OPEN
3555,N003507,N003508,R1778,373.79519766655187,OPEN
3556,N003508,N003507,R1778,373.79519766655187,OPEN
3557,N003508,N003509,R1779,1022.5439252994653,OPEN
3558,N003509,N003508,R1779,1022.5439252994653,OPEN
3559,N003510,N003511,R1780,3686.169420726957,OPEN
3560,N003511,N003510,R1780,3686.169420726957,OPEN
3561,N003510,N003511,R1781,3686.169420726957,OPEN
3562,N003511,N003510,R1781,3686.169420726957,OPEN
3563,N003512,N003513,R1782,1240.0207491912374,OPEN
3564,N003513,N003512,R1782,1240.0207491912374,OPEN
3565,N003514,N003515,R1783,495.7423200172779,OPEN
3566,N003515,N003514,R1783,495.7423200172779,OPEN
3567,N003514,N003515,R1784,495.7423200172779,OPEN
3568,N003515,N003514,R1784,495.7423200172779,OPEN
3569,N001570,N002210,R1785,79.0919985246789,OPEN
3570,N002210,N001570,R1785,79.0919985246789,OPEN
3571,N003516,N003517,R1786,36.6802416658407,OPEN
3572,N003517,N003516,R1786,36.6802416658407,OPEN
3573,N003518,N003516,R1787,4987.837298063113,OPEN
3574,N003516,N003518,R1787,4987.837298063113,OPEN
3575,N002438,N003519,R1788,48.3807808861459,OPEN
3576,N003519,N002438,R1788,48.3807808861459,OPEN
3577,N003520,N003521,R1789,46.669347803852105,OPEN
3578,N003521,N003520,R1789,46.669347803852105,OPEN
3579,N003521,N001175,R1790,238.02262292735023,OPEN
3580,N001175,N003521,R1790,238.02262292735023,OPEN
3581,N003519,N003522,R1791,770.625046600062,OPEN
3582,N003522,N003519,R1791,770.625046600062,OPEN
3583,N003523,N003524,R1792,117.6303307450957,OPEN
3584,N003524,N003523,R1792,117.6303307450957,OPEN
3585,N003525,N003525,R1793,36.2947116052003,OPEN
3586,N003525,N003525,R1793,36.2947116052003,OPEN
3587,N003526,N001269,R1794,650.2903148701765,OPEN
3588,N001269,N003526,R1794,650.2903148701765,OPEN
3589,N003527,N003528,R1795,1628.6682995018168,OPEN
3590,N003528,N003527,R1795,1628.6682995018168,OPEN
3591,N003529,N003530,R1796,42.9078375480063,OPEN
3592,N003530,N003529,R1796,42.9078375480063,OPEN
3593,N003531,N003529,R1797,373.38738313572503,OPEN
3594,N003529,N003531,R1797,373.38738313572503,OPEN
3595,N003532,N003533,R1798,17.005159626853498,OPEN
3596,N003533,N003532,R1798,17.005159626853498,OPEN
3597,N003534,N003535,R1799,16.1233346457639,OPEN
3598,N003535,N003534,R1799,16.1233346457639,OPEN
3599,N003536,N003534,R1800,1842.8137884081793,OPEN
3600,N003534,N003536,R1800,1842.8137884081793,OPEN
3601,N003537,N003537,R1801,49.5350238753135,OPEN
3602,N003537,N003537,R1801,49.5350238753135,OPEN
3603,N002062,N002055,R1802,32.3213818262381,OPEN
3604,N002055,N002062,R1802,32.3213818262381,OPEN
3605,N003538,N003539,R1803,34.3702452497278,OPEN
3606,N003539,N003538,R1803,34.3702452497278,OPEN
3607,N001607,N003540,R1804,33.4850113708411,OPEN
3608,N003540,N001607,R1804,33.4850113708411,OPEN
3609,N003540,N002066,R1805,474.27254642743986,OPEN
3610,N002066,N003540,R1805,474.27254642743986,OPEN
3611,N001816,N003541,R1806,40.678990948949796,OPEN
3612,N003541,N001816,R1806,40.678990948949796,OPEN
3613,N003541,N001822,R1807,994.0459977728758,OPEN
3614,N001822,N003541,R1807,994.0459977728758,OPEN
3615,N003542,N001265,R1808,655.4803013737325,OPEN
3616,N001265,N003542,R1808,655.4803013737325,OPEN
3617,N003543,N002938,R1809,650.5863572695725,OPEN
3618,N002938,N003543,R1809,650.5863572695725,OPEN
3619,N003544,N002086,R1810,2746.0912366978714,OPEN
3620,N002086,N003544,R1810,2746.0912366978714,OPEN
3621,N003545,N003546,R1811,10620.458350261219,OPEN
3622,N003546,N003545,R1811,10620.458350261219,OPEN
3623,N003547,N003548,R1812,4814.776310867193,OPEN
3624,N003548,N003547,R1812,4814.776310867193,OPEN
3625,N002652,N003549,R1813,4989.342267658168,OPEN
3626,N003549,N002652,R1813,4989.342267658168,OPEN
3627,N003550,N003551,R1814,6372.21782154735,OPEN
3628,N003551,N003550,R1814,6372.21782154735,OPEN
3629,N003552,N003553,R1815,8965.297035948355,OPEN
3630,N003553,N003552,R1815,8965.297035948355,OPEN
3631,N003554,N003555,R1816,5324.63788261876,OPEN
3632,N003555,N003554,R1816,5324.63788261876,OPEN
3633,N003425,N003556,R1817,10272.951312293688,OPEN
3634,N003556,N003425,R1817,10272.951312293688,OPEN
3635,N003557,N003558,R1818,19.3339303261919,OPEN
3636,N003558,N003557,R1818,19.3339303261919,OPEN
3637,N003559,N001522,R1819,2789.121227196675,OPEN
3638,N001522,N003559,R1819,2789.121227196675,OPEN
3639,N003560,N003561,R1820,33.0596986204523,OPEN
3640,N003561,N003560,R1820,33.0596986204523,OPEN
3641,N002066,N003560,R1821,474.53383522505624,OPEN
3642,N003560,N002066,R1821,474.53383522505624,OPEN
3643,N003561,N001819,R1822,5696.506055882309,OPEN
3644,N001819,N003561,R1822,5696.506055882309,OPEN
3645,N003562,N003526,R1823,229.1894611218028,OPEN
3646,N003526,N003562,R1823,229.1894611218028,OPEN
3647,N003563,N003564,R1824,6026.343043516007,OPEN
3648,N003564,N003563,R1824,6026.343043516007,OPEN
3649,N003565,N003566,R1825,863.7906259111089,OPEN
3650,N003566,N003565,R1825,863.7906259111089,OPEN
3651,N003567,N001976,R1826,502.62222564567503,OPEN
3652,N001976,N003567,R1826,502.62222564567503,OPEN
3653,N003568,N003569,R1827,988.1574379139148,OPEN
3654,N003569,N003568,R1827,988.1574379139148,OPEN
3655,N003570,N003571,R1828,931.6797108707536,OPEN
3656,N003571,N003570,R1828,931.6797108707536,OPEN
3657,N003572,N003573,R1829,4093.6012375584205,OPEN
3658,N003573,N003572,R1829,4093.6012375584205,OPEN
3659,N003574,N003575,R1830,6975.417029939983,OPEN
3660,N003575,N003574,R1830,6975.417029939983,OPEN
3661,N003574,N003575,R1831,6975.417029939983,OPEN
3662,N003575,N003574,R1831,6975.417029939983,OPEN
3663,N003576,N003577,R1832,4014.7441694371864,OPEN
3664,N003577,N003576,R1832,4014.7441694371864,OPEN
3665,N003578,N003576,R1833,4217.363738668977,OPEN
3666,N003576,N003578,R1833,4217.363738668977,OPEN
3667,N003579,N003580,R1834,3439.830935071254,OPEN
3668,N003580,N003579,R1834,3439.830935071254,OPEN
3669,N003581,N003582,R1835,1454.4881434626077,OPEN
3670,N003582,N003581,R1835,1454.4881434626077,OPEN
3671,N003583,N003584,R1836,696.9794801973495,OPEN
3672,N003584,N003583,R1836,696.9794801973495,OPEN
3673,N003585,N001225,R1837,1059.0151864032368,OPEN
3674,N001225,N003585,R1837,1059.0151864032368,OPEN
3675,N003586,N001550,R1838,2285.954686691163,OPEN
3676,N001550,N003586,R1838,2285.954686691163,OPEN
3677,N003587,N003587,R1839,82.047637776928,OPEN
3678,N003587,N003587,R1839,82.047637776928,OPEN
3679,N001051,N003587,R1840,866.7469169159899,OPEN
3680,N003587,N001051,R1840,866.7469169159899,OPEN
3681,N003588,N003589,R1841,74.8999652065408,OPEN
3682,N003589,N003588,R1841,74.8999652065408,OPEN
3683,N003589,N002162,R1842,9821.84383088544,OPEN
3684,N002162,N003589,R1842,9821.84383088544,OPEN
3685,N003590,N003588,R1843,2525.3416336538194,OPEN
3686,N003588,N003590,R1843,2525.3416336538194,OPEN
3687,N003591,N003590,R1844,12061.127078537495,OPEN
3688,N003590,N003591,R1844,12061.127078537495,OPEN
3689,N003591,N003590,R1845,12061.127078537495,OPEN
3690,N003590,N003591,R1845,12061.127078537495,OPEN
3691,N003592,N003591,R1846,12923.756205826216,OPEN
3692,N003591,N003592,R1846,12923.756205826216,OPEN
3693,N003593,N003592,R1847,18519.623039412043,OPEN
3694,N003592,N003593,R1847,18519.623039412043,OPEN
3695,N003594,N003595,R1848,1719.7210317372524,OPEN
3696,N003595,N003594,R1848,1719.7210317372524,OPEN
3697,N003596,N002623,R1849,4020.2877872591785,OPEN
3698,N002623,N003596,R1849,4020.2877872591785,OPEN
3699,N002082,N003284,R1850,9559.661920996336,OPEN
3700,N003284,N002082,R1850,9559.661920996336,OPEN
3701,N003597,N003598,R1851,41.9226230946261,OPEN
3702,N003598,N003597,R1851,41.9226230946261,OPEN
3703,N003555,N003597,R1852,276.2101643013845,OPEN
3704,N003597,N003555,R1852,276.2101643013845,OPEN
3705,N003556,N003599,R1853,128.4409978404363,OPEN
3706,N003599,N003556,R1853,128.4409978404363,OPEN
3707,N003599,N003600,R1854,2905.51404452062,OPEN
3708,N003600,N003599,R1854,2905.51404452062,OPEN
3709,N003598,N003600,R1855,998.5224735061859,OPEN
3710,N003600,N003598,R1855,998.5224735061859,OPEN
3711,N001596,N003601,R1856,2927.4463281263024,OPEN
3712,N003601,N001596,R1856,2927.4463281263024,OPEN
3713,N003602,N003603,R1857,65.47006432298309,OPEN
3714,N003603,N003602,R1857,65.47006432298309,OPEN
3715,N003604,N003555,R1858,2229.22616386725,OPEN
3716,N003555,N003604,R1858,2229.22616386725,OPEN
3717,N003605,N002623,R1859,196.52500245828992,OPEN
3718,N002623,N003605,R1859,196.52500245828992,OPEN
3719,N003595,N003605,R1860,532.960325744022,OPEN
3720,N003605,N003595,R1860,532.960325744022,OPEN
3721,N003606,N003607,R1861,104.2555461064597,OPEN
3722,N003607,N003606,R1861,104.2555461064597,OPEN
3723,N003607,N003602,R1862,1682.7082079160286,OPEN
3724,N003602,N003607,R1862,1682.7082079160286,OPEN
3725,N003608,N003609,R1863,162.5393867522761,OPEN
3726,N003609,N003608,R1863,162.5393867522761,OPEN
3727,N003609,N003606,R1864,1808.5783299527081,OPEN
3728,N003606,N003609,R1864,1808.5783299527081,OPEN
3729,N003595,N003608,R1865,711.3937884727003,OPEN
3730,N003608,N003595,R1865,711.3937884727003,OPEN
3731,N003610,N003611,R1866,2038.9274835481626,OPEN
3732,N003611,N003610,R1866,2038.9274835481626,OPEN
3733,N003612,N003613,R1867,1710.0705492248412,OPEN
3734,N003613,N003612,R1867,1710.0705492248412,OPEN
3735,N003612,N002832,R1868,354.2073649507721,OPEN
3736,N002832,N003612,R1868,354.2073649507721,OPEN
3737,N002488,N003614,R1869,299.9904656709615,OPEN
3738,N003614,N002488,R1869,299.9904656709615,OPEN
3739,N003615,N002966,R1870,810.1131804141712,OPEN
3740,N002966,N003615,R1870,810.1131804141712,OPEN
3741,N001366,N003616,R1871,1862.7806121891929,OPEN
3742,N003616,N001366,R1871,1862.7806121891929,OPEN
3743,N003617,N003618,R1872,3900.620053558378,OPEN
3744,N003618,N003617,R1872,3900.620053558378,OPEN
3745,N003619,N003152,R1873,429.9192642125435,OPEN
3746,N003152,N003619,R1873,429.9192642125435,OPEN
3747,N002989,N003619,R1874,102.13802118275319,OPEN
3748,N003619,N002989,R1874,102.13802118275319,OPEN
3749,N002987,N002988,R1875,541.8863120259662,OPEN
3750,N002988,N002987,R1875,541.8863120259662,OPEN
3751,N003156,N003012,R1876,79.5201658138948,OPEN
3752,N003012,N003156,R1876,79.5201658138948,OPEN
3753,N003620,N003621,R1877,7962.608576523567,OPEN
3754,N003621,N003620,R1877,7962.608576523567,OPEN
3755,N001140,N003620,R1878,24.5822765327852,OPEN
3756,N003620,N001140,R1878,24.5822765327852,OPEN
3757,N003622,N003623,R1879,455.6328954417703,OPEN
3758,N003623,N003622,R1879,455.6328954417703,OPEN
3759,N003624,N001071,R1880,193.4803290747868,OPEN
3760,N001071,N003624,R1880,193.4803290747868,OPEN
3761,N003625,N003626,R1881,1725.3430110343454,OPEN
3762,N003626,N003625,R1881,1725.3430110343454,OPEN
3763,N003627,N003625,R1882,31.360760629451605,OPEN
3764,N003625,N003627,R1882,31.360760629451605,OPEN
3765,N001278,N003627,R1883,40.9015131808659,OPEN
3766,N003627,N001278,R1883,40.9015131808659,OPEN
3767,N001290,N003628,R1884,34.6761387751188,OPEN
3768,N003628,N001290,R1884,34.6761387751188,OPEN
3769,N003629,N003630,R1885,658.8003548314339,OPEN
3770,N003630,N003629,R1885,658.8003548314339,OPEN
3771,N003219,N003631,R1886,940.7434088678004,OPEN
3772,N003631,N003219,R1886,940.7434088678004,OPEN
3773,N003632,N003432,R1887,403.1392410651557,OPEN
3774,N003432,N003632,R1887,403.1392410651557,OPEN
3775,N003633,N003218,R1888,6175.500711919369,OPEN
3776,N003218,N003633,R1888,6175.500711919369,OPEN
3777,N003633,N003218,R1889,6175.500711919369,OPEN
3778,N003218,N003633,R1889,6175.500711919369,OPEN
3779,N002705,N002706,R1890,28.4940925930795,OPEN
3780,N002706,N002705,R1890,28.4940925930795,OPEN
3781,N003634,N003635,R1891,486.0295982352376,OPEN
3782,N003635,N003634,R1891,486.0295982352376,OPEN
3783,N003636,N003637,R1892,4019.275848067269,OPEN
3784,N003637,N003636,R1892,4019.275848067269,OPEN
3785,N003638,N003639,R1893,1343.092972337862,OPEN
3786,N003639,N003638,R1893,1343.092972337862,OPEN
3787,N003637,N003640,R1894,165.1524239052155,OPEN
3788,N003640,N003637,R1894,165.1524239052155,OPEN
3789,N003640,N003641,R1895,5356.387508434918,OPEN
3790,N003641,N003640,R1895,5356.387508434918,OPEN
3791,N003642,N003643,R1896,10915.024714072215,OPEN
3792,N003643,N003642,R1896,10915.024714072215,OPEN
3793,N003644,N001535,R1897,25.2084924999871,OPEN
3794,N001535,N003644,R1897,25.2084924999871,OPEN
3795,N003645,N003644,R1898,260.819462702504,OPEN
3796,N003644,N003645,R1898,260.819462702504,OPEN
3797,N003646,N003647,R1899,1607.288015766566,OPEN
3798,N003647,N003646,R1899,1607.288015766566,OPEN
3799,N003648,N003649,R1900,13368.771984926909,OPEN
3800,N003649,N003648,R1900,13368.771984926909,OPEN
3801,N003650,N003651,R1901,706.9206632469588,OPEN
3802,N003651,N003650,R1901,706.9206632469588,OPEN
3803,N003652,N003650,R1902,36.9892746811937,OPEN
3804,N003650,N003652,R1902,36.9892746811937,OPEN
3805,N003653,N003652,R1903,331.6660320804914,OPEN
3806,N003652,N003653,R1903,331.6660320804914,OPEN
3807,N003654,N003653,R1904,72.79051600865189,OPEN
3808,N003653,N003654,R1904,72.79051600865189,OPEN
3809,N003655,N003654,R1905,1176.7087140328474,OPEN
3810,N003654,N003655,R1905,1176.7087140328474,OPEN
3811,N003656,N003657,R1906,31046.054667520424,OPEN
3812,N003657,N003656,R1906,31046.054667520424,OPEN
3813,N003656,N003657,R1907,31046.054667520424,OPEN
3814,N003657,N003656,R1907,31046.054667520424,OPEN
3815,N003658,N003476,R1908,146.3124246370581,OPEN
3816,N003476,N003658,R1908,146.3124246370581,OPEN
3817,N003657,N003658,R1909,7363.300339412718,OPEN
3818,N003658,N003657,R1909,7363.300339412718,OPEN
3819,N003659,N003295,R1910,1259.8080797978284,OPEN
3820,N003295,N003659,R1910,1259.8080797978284,OPEN
3821,N003660,N003661,R1911,3890.836821169574,OPEN
3822,N003661,N003660,R1911,3890.836821169574,OPEN
3823,N003662,N003660,R1912,16.627117036699598,OPEN
3824,N003660,N003662,R1912,16.627117036699598,OPEN
3825,N003663,N003664,R1913,467.1814246348213,OPEN
3826,N003664,N003663,R1913,467.1814246348213,OPEN
3827,N003661,N003663,R1914,47.6542185006815,OPEN
3828,N003663,N003661,R1914,47.6542185006815,OPEN
3829,N003564,N003665,R1915,22.8095149225387,OPEN
3830,N003665,N003564,R1915,22.8095149225387,OPEN
3831,N003666,N003665,R1916,1363.3802840016072,OPEN
3832,N003665,N003666,R1916,1363.3802840016072,OPEN
3833,N003666,N003667,R1917,1635.597659468657,OPEN
3834,N003667,N003666,R1917,1635.597659468657,OPEN
3835,N003668,N003669,R1918,55.091394624462104,OPEN
3836,N003669,N003668,R1918,55.091394624462104,OPEN
3837,N003670,N003671,R1919,1300.0003417218009,OPEN
3838,N003671,N003670,R1919,1300.0003417218009,OPEN
3839,N003672,N003670,R1920,16.4041315982878,OPEN
3840,N003670,N003672,R1920,16.4041315982878,OPEN
3841,N003673,N003672,R1921,947.542183769131,OPEN
3842,N003672,N003673,R1921,947.542183769131,OPEN
3843,N003669,N003674,R1922,1087.0838148555124,OPEN
3844,N003674,N003669,R1922,1087.0838148555124,OPEN
3845,N003675,N003668,R1923,110.3659819080228,OPEN
3846,N003668,N003675,R1923,110.3659819080228,OPEN
3847,N003676,N003675,R1924,300.725591539511,OPEN
3848,N003675,N003676,R1924,300.725591539511,OPEN
3849,N003677,N003678,R1925,3936.992518260512,OPEN
3850,N003678,N003677,R1925,3936.992518260512,OPEN
3851,N003679,N003677,R1926,5111.696547621134,OPEN
3852,N003677,N003679,R1926,5111.696547621134,OPEN
3853,N003680,N003681,R1927,4848.348290863181,OPEN
3854,N003681,N003680,R1927,4848.348290863181,OPEN
3855,N003682,N003680,R1928,53.302961880607,OPEN
3856,N003680,N003682,R1928,53.302961880607,OPEN
3857,N003683,N003682,R1929,2899.1493882809737,OPEN
3858,N003682,N003683,R1929,2899.1493882809737,OPEN
3859,N003683,N003682,R1930,2899.1493882809737,OPEN
3860,N003682,N003683,R1930,2899.1493882809737,OPEN
3861,N003684,N003685,R1931,6424.015463363905,OPEN
3862,N003685,N003684,R1931,6424.015463363905,OPEN
3863,N003686,N003684,R1932,78.69030027480039,OPEN
3864,N003684,N003686,R1932,78.69030027480039,OPEN
3865,N001150,N003686,R1933,39.0470373305237,OPEN
3866,N003686,N001150,R1933,39.0470373305237,OPEN
3867,N003687,N003688,R1934,1597.0648701554996,OPEN
3868,N003688,N003687,R1934,1597.0648701554996,OPEN
3869,N003136,N003687,R1935,81.0792085216109,OPEN
3870,N003687,N003136,R1935,81.0792085216109,OPEN
3871,N003689,N003690,R1936,2220.8213607845714,OPEN
3872,N003690,N003689,R1936,2220.8213607845714,OPEN
3873,N003691,N003689,R1937,65.407863727664,OPEN
3874,N003689,N003691,R1937,65.407863727664,OPEN
3875,N003692,N003693,R1938,3254.516363147095,OPEN
3876,N003693,N003692,R1938,3254.516363147095,OPEN
3877,N003694,N003695,R1939,1888.5942562776177,OPEN
3878,N003695,N003694,R1939,1888.5942562776177,OPEN
3879,N003696,N003694,R1940,56.6162503511724,OPEN
3880,N003694,N003696,R1940,56.6162503511724,OPEN
3881,N003697,N003696,R1941,67.19984169764889,OPEN
3882,N003696,N003697,R1941,67.19984169764889,OPEN
3883,N003698,N003697,R1942,1674.644851647424,OPEN
3884,N003697,N003698,R1942,1674.644851647424,OPEN
3885,N003699,N003700,R1943,2575.9614345094947,OPEN
3886,N003700,N003699,R1943,2575.9614345094947,OPEN
3887,N003701,N003702,R1944,5717.274653658937,OPEN
3888,N003702,N003701,R1944,5717.274653658937,OPEN
3889,N002824,N003701,R1945,18.2074244481949,OPEN
3890,N003701,N002824,R1945,18.2074244481949,OPEN
3891,N003703,N003704,R1946,2554.378712368606,OPEN
3892,N003704,N003703,R1946,2554.378712368606,OPEN
3893,N001480,N003703,R1947,45.5323254161875,OPEN
3894,N003703,N001480,R1947,45.5323254161875,OPEN
3895,N003705,N001921,R1948,53.2877900184217,OPEN
3896,N001921,N003705,R1948,53.2877900184217,OPEN
3897,N001924,N003705,R1949,4335.60890965448,OPEN
3898,N003705,N001924,R1949,4335.60890965448,OPEN
3899,N003706,N003707,R1950,13.6590566743783,OPEN
3900,N003707,N003706,R1950,13.6590566743783,OPEN
3901,N003707,N003708,R1951,1294.865675189861,OPEN
3902,N003708,N003707,R1951,1294.865675189861,OPEN
3903,N003709,N002485,R1952,36.898330019708496,OPEN
3904,N002485,N003709,R1952,36.898330019708496,OPEN
3905,N003710,N003709,R1953,1532.68040684359,OPEN
3906,N003709,N003710,R1953,1532.68040684359,OPEN
3907,N003711,N003712,R1954,10875.167889647902,OPEN
3908,N003712,N003711,R1954,10875.167889647902,OPEN
3909,N003713,N003714,R1955,2273.835285986903,OPEN
3910,N003714,N003713,R1955,2273.835285986903,OPEN
3911,N003715,N003714,R1956,3557.312101977582,OPEN
3912,N003714,N003715,R1956,3557.312101977582,OPEN
3913,N003715,N003714,R1957,3557.312101977582,OPEN
3914,N003714,N003715,R1957,3557.312101977582,OPEN
3915,N003716,N003715,R1958,25.2881383488536,OPEN
3916,N003715,N003716,R1958,25.2881383488536,OPEN
3917,N003717,N003716,R1959,1606.9895004066964,OPEN
3918,N003716,N003717,R1959,1606.9895004066964,OPEN
3919,N003718,N003460,R1960,4454.014820188712,OPEN
3920,N003460,N003718,R1960,4454.014820188712,OPEN
3921,N003719,N003720,R1961,4293.206649286836,OPEN
3922,N003720,N003719,R1961,4293.206649286836,OPEN
3923,N003721,N003720,R1962,2568.3350413624016,OPEN
3924,N003720,N003721,R1962,2568.3350413624016,OPEN
3925,N003722,N003402,R1963,12.9244467207019,OPEN
3926,N003402,N003722,R1963,12.9244467207019,OPEN
3927,N003419,N003722,R1964,14.943120893973699,OPEN
3928,N003722,N003419,R1964,14.943120893973699,OPEN
3929,N003723,N003724,R1965,65.4883672861055,OPEN
3930,N003724,N003723,R1965,65.4883672861055,OPEN
3931,N003725,N003723,R1966,132.6897297857313,OPEN
3932,N003723,N003725,R1966,132.6897297857313,OPEN
3933,N003726,N003725,R1967,5223.63454442332,OPEN
3934,N003725,N003726,R1967,5223.63454442332,OPEN
3935,N003727,N003726,R1968,14.8020513566234,OPEN
3936,N003726,N003727,R1968,14.8020513566234,OPEN
3937,N003720,N003727,R1969,2071.589874855924,OPEN
3938,N003727,N003720,R1969,2071.589874855924,OPEN
3939,N001596,N003728,R1970,3773.3100383354213,OPEN
3940,N003728,N001596,R1970,3773.3100383354213,OPEN
3941,N001596,N003728,R1971,3773.3100383354213,OPEN
3942,N003728,N001596,R1971,3773.3100383354213,OPEN
3943,N003729,N003730,R1972,8162.294397785603,OPEN
3944,N003730,N003729,R1972,8162.294397785603,OPEN
3945,N003731,N003729,R1973,35.2330446021097,OPEN
3946,N003729,N003731,R1973,35.2330446021097,OPEN
3947,N003732,N003731,R1974,5718.407744586578,OPEN
3948,N003731,N003732,R1974,5718.407744586578,OPEN
3949,N003733,N003732,R1975,31.753854600842498,OPEN
3950,N003732,N003733,R1975,31.753854600842498,OPEN
3951,N003734,N003733,R1976,8401.119926123754,OPEN
3952,N003733,N003734,R1976,8401.119926123754,OPEN
3953,N003477,N003478,R1977,5219.179538442993,OPEN
3954,N003478,N003477,R1977,5219.179538442993,OPEN
3955,N003735,N003736,R1978,3174.146280981816,OPEN
3956,N003736,N003735,R1978,3174.146280981816,OPEN
3957,N003737,N003735,R1979,71.07194493525739,OPEN
3958,N003735,N003737,R1979,71.07194493525739,OPEN
3959,N003738,N003737,R1980,6530.066120267336,OPEN
3960,N003737,N003738,R1980,6530.066120267336,OPEN
3961,N003739,N003740,R1981,3872.5806509183126,OPEN
3962,N003740,N003739,R1981,3872.5806509183126,OPEN
3963,N003403,N003741,R1982,2542.421668645666,OPEN
3964,N003741,N003403,R1982,2542.421668645666,OPEN
3965,N003742,N003743,R1983,106.05833825249431,OPEN
3966,N003743,N003742,R1983,106.05833825249431,OPEN
3967,N003744,N003742,R1984,257.7974032436511,OPEN
3968,N003742,N003744,R1984,257.7974032436511,OPEN
3969,N003745,N003378,R1985,5107.760875150991,OPEN
3970,N003378,N003745,R1985,5107.760875150991,OPEN
3971,N003746,N003747,R1986,25486.625392824106,OPEN
3972,N003747,N003746,R1986,25486.625392824106,OPEN
3973,N003746,N003747,R1987,25486.625392824106,OPEN
3974,N003747,N003746,R1987,25486.625392824106,OPEN
3975,N003748,N003746,R1988,89.3594261787059,OPEN
3976,N003746,N003748,R1988,89.3594261787059,OPEN
3977,N003749,N003748,R1989,3505.6109259577784,OPEN
3978,N003748,N003749,R1989,3505.6109259577784,OPEN
3979,N003750,N003751,R1990,4059.0601768035945,OPEN
3980,N003751,N003750,R1990,4059.0601768035945,OPEN
3981,N003752,N003750,R1991,54.2176262279947,OPEN
3982,N003750,N003752,R1991,54.2176262279947,OPEN
3983,N003753,N003031,R1992,10303.35402307378,OPEN
3984,N003031,N003753,R1992,10303.35402307378,OPEN
3985,N003754,N003755,R1993,2793.633967300772,OPEN
3986,N003755,N003754,R1993,2793.633967300772,OPEN
3987,N003756,N003757,R1994,2858.0447458797325,OPEN
3988,N003757,N003756,R1994,2858.0447458797325,OPEN
3989,N003758,N003756,R1995,46.3875985224894,OPEN
3990,N003756,N003758,R1995,46.3875985224894,OPEN
3991,N003759,N003758,R1996,2585.285508959038,OPEN
3992,N003758,N003759,R1996,2585.285508959038,OPEN
3993,N003031,N003034,R1997,8116.969484611772,OPEN
3994,N003034,N003031,R1997,8116.969484611772,OPEN
3995,N003760,N003753,R1998,67.06519659918649,OPEN
3996,N003753,N003760,R1998,67.06519659918649,OPEN
3997,N003751,N003760,R1999,2142.455379767769,OPEN
3998,N003760,N003751,R1999,2142.455379767769,OPEN
3999,N003761,N003752,R2000,6896.892047381325,OPEN
4000,N003752,N003761,R2000,6896.892047381325,OPEN
4001,N003762,N003763,R2001,17.1721942161881,OPEN
4002,N003763,N003762,R2001,17.1721942161881,OPEN
4003,N001684,N003764,R2002,16832.574441005698,OPEN
4004,N003764,N001684,R2002,16832.574441005698,OPEN
4005,N003765,N003766,R2003,9086.133968851129,OPEN
4006,N003766,N003765,R2003,9086.133968851129,OPEN
4007,N003462,N003749,R2004,8030.31377822839,OPEN
4008,N003749,N003462,R2004,8030.31377822839,OPEN
4009,N003767,N003768,R2005,9423.63940983658,OPEN
4010,N003768,N003767,R2005,9423.63940983658,OPEN
4011,N003769,N003767,R2006,49.5424486891409,OPEN
4012,N003767,N003769,R2006,49.5424486891409,OPEN
4013,N003770,N003769,R2007,2743.161604944188,OPEN
4014,N003769,N003770,R2007,2743.161604944188,OPEN
4015,N003771,N003772,R2008,1619.5196039165014,OPEN
4016,N003772,N003771,R2008,1619.5196039165014,OPEN
4017,N003773,N003771,R2009,40.939715257410995,OPEN
4018,N003771,N003773,R2009,40.939715257410995,OPEN
4019,N003774,N003773,R2010,3039.980430516742,OPEN
4020,N003773,N003774,R2010,3039.980430516742,OPEN
4021,N003775,N003776,R2011,2300.9631230978107,OPEN
4022,N003776,N003775,R2011,2300.9631230978107,OPEN
4023,N003777,N003775,R2012,16717.222849418857,OPEN
4024,N003775,N003777,R2012,16717.222849418857,OPEN
4025,N003778,N003779,R2013,67.20510392432911,OPEN
4026,N003779,N003778,R2013,67.20510392432911,OPEN
4027,N003780,N003778,R2014,9163.209601240029,OPEN
4028,N003778,N003780,R2014,9163.209601240029,OPEN
4029,N003780,N003778,R2015,9163.209601240029,OPEN
4030,N003778,N003780,R2015,9163.209601240029,OPEN
4031,N003779,N003775,R2016,11776.587504916815,OPEN
4032,N003775,N003779,R2016,11776.587504916815,OPEN
4033,N003781,N003782,R2017,17.6694446791536,OPEN
4034,N003782,N003781,R2017,17.6694446791536,OPEN
4035,N003783,N003781,R2018,6523.0976985131565,OPEN
4036,N003781,N003783,R2018,6523.0976985131565,OPEN
4037,N003782,N003784,R2019,15785.355820015757,OPEN
4038,N003784,N003782,R2019,15785.355820015757,OPEN
4039,N003784,N003785,R2020,10341.588148609979,OPEN
4040,N003785,N003784,R2020,10341.588148609979,OPEN
4041,N003785,N003786,R2021,2189.846669537439,OPEN
4042,N003786,N003785,R2021,2189.846669537439,OPEN
4043,N003786,N003787,R2022,635.4981052949742,OPEN
4044,N003787,N003786,R2022,635.4981052949742,OPEN
4045,N003788,N003787,R2023,7799.42075158994,OPEN
4046,N003787,N003788,R2023,7799.42075158994,OPEN
4047,N003789,N003790,R2024,2722.8541007615804,OPEN
4048,N003790,N003789,R2024,2722.8541007615804,OPEN
4049,N003791,N003792,R2025,1351.8131918634508,OPEN
4050,N003792,N003791,R2025,1351.8131918634508,OPEN
4051,N003793,N003792,R2026,4786.589754403417,OPEN
4052,N003792,N003793,R2026,4786.589754403417,OPEN
4053,N003794,N003795,R2027,3010.5353155003963,OPEN
4054,N003795,N003794,R2027,3010.5353155003963,OPEN
4055,N003796,N003797,R2028,26.341803179453002,OPEN
4056,N003797,N003796,R2028,26.341803179453002,OPEN
4057,N003798,N003796,R2029,188.4479734694876,OPEN
4058,N003796,N003798,R2029,188.4479734694876,OPEN
4059,N003799,N003800,R2030,16.478801523735,OPEN
4060,N003800,N003799,R2030,16.478801523735,OPEN
4061,N003797,N003799,R2031,341.721829180223,OPEN
4062,N003799,N003797,R2031,341.721829180223,OPEN
4063,N003801,N003617,R2032,14.525973850951999,OPEN
4064,N003617,N003801,R2032,14.525973850951999,OPEN
4065,N003800,N003801,R2033,271.6437865548532,OPEN
4066,N003801,N003800,R2033,271.6437865548532,OPEN
4067,N003802,N003803,R2034,2672.607033689632,OPEN
4068,N003803,N003802,R2034,2672.607033689632,OPEN
4069,N003772,N003776,R2035,740.8649988550418,OPEN
4070,N003776,N003772,R2035,740.8649988550418,OPEN
4071,N003804,N003798,R2036,13886.19381066642,OPEN
4072,N003798,N003804,R2036,13886.19381066642,OPEN
4073,N003805,N003804,R2037,15.3977306519396,OPEN
4074,N003804,N003805,R2037,15.3977306519396,OPEN
4075,N003806,N003805,R2038,2005.297828912011,OPEN
4076,N003805,N003806,R2038,2005.297828912011,OPEN
4077,N003807,N003024,R2039,1265.720455238839,OPEN
4078,N003024,N003807,R2039,1265.720455238839,OPEN
4079,N003808,N003807,R2040,16.1097045144228,OPEN
4080,N003807,N003808,R2040,16.1097045144228,OPEN
4081,N003809,N003808,R2041,5401.875481469671,OPEN
4082,N003808,N003809,R2041,5401.875481469671,OPEN
4083,N003810,N003811,R2042,5361.350628315206,OPEN
4084,N003811,N003810,R2042,5361.350628315206,OPEN
4085,N003812,N003811,R2043,728.8038249269854,OPEN
4086,N003811,N003812,R2043,728.8038249269854,OPEN
4087,N003811,N003813,R2044,1327.242364577668,OPEN
4088,N003813,N003811,R2044,1327.242364577668,OPEN
4089,N003814,N003815,R2045,329.7993905548917,OPEN
4090,N003815,N003814,R2045,329.7993905548917,OPEN
4091,N003816,N003817,R2046,1875.5319213988953,OPEN
4092,N003817,N003816,R2046,1875.5319213988953,OPEN
4093,N003818,N003816,R2047,19.5728265125723,OPEN
4094,N003816,N003818,R2047,19.5728265125723,OPEN
4095,N003819,N003818,R2048,5359.245597810799,OPEN
4096,N003818,N003819,R2048,5359.245597810799,OPEN
4097,N003819,N003818,R2049,5359.245597810799,OPEN
4098,N003818,N003819,R2049,5359.245597810799,OPEN
4099,N003820,N003821,R2050,4117.942423199133,OPEN
4100,N003821,N003820,R2050,4117.942423199133,OPEN
4101,N003822,N003820,R2051,43.1367830603652,OPEN
4102,N003820,N003822,R2051,43.1367830603652,OPEN
4103,N003823,N003822,R2052,2456.2049661569454,OPEN
4104,N003822,N003823,R2052,2456.2049661569454,OPEN
4105,N003823,N003822,R2053,2456.2049661569454,OPEN
4106,N003822,N003823,R2053,2456.2049661569454,OPEN
4107,N003824,N003823,R2054,14.8336010470153,OPEN
4108,N003823,N003824,R2054,14.8336010470153,OPEN
4109,N003825,N003826,R2055,1282.8210803198788,OPEN
4110,N003826,N003825,R2055,1282.8210803198788,OPEN
4111,N003827,N003824,R2056,5488.86393685866,OPEN
4112,N003824,N003827,R2056,5488.86393685866,OPEN
4113,N003828,N003829,R2057,48.021540808976496,OPEN
4114,N003829,N003828,R2057,48.021540808976496,OPEN
4115,N003830,N003828,R2058,185.3501255512561,OPEN
4116,N003828,N003830,R2058,185.3501255512561,OPEN
4117,N003831,N003830,R2059,80.1391121268761,OPEN
4118,N003830,N003831,R2059,80.1391121268761,OPEN
4119,N003832,N003831,R2060,3155.843092628001,OPEN
4120,N003831,N003832,R2060,3155.843092628001,OPEN
4121,N003832,N003831,R2061,3155.843092628001,OPEN
4122,N003831,N003832,R2061,3155.843092628001,OPEN
4123,N003829,N003833,R2062,3046.637967244839,OPEN
4124,N003833,N003829,R2062,3046.637967244839,OPEN
4125,N003834,N003835,R2063,3768.1751012855257,OPEN
4126,N003835,N003834,R2063,3768.1751012855257,OPEN
4127,N003836,N003834,R2064,44.765238183065605,OPEN
4128,N003834,N003836,R2064,44.765238183065605,OPEN
4129,N003837,N003836,R2065,690.1771591062475,OPEN
4130,N003836,N003837,R2065,690.1771591062475,OPEN
4131,N003821,N003833,R2066,10663.587415802305,OPEN
4132,N003833,N003821,R2066,10663.587415802305,OPEN
4133,N003838,N003839,R2067,5080.307056448091,OPEN
4134,N003839,N003838,R2067,5080.307056448091,OPEN
4135,N003838,N003839,R2068,5080.307056448091,OPEN
4136,N003839,N003838,R2068,5080.307056448091,OPEN
4137,N003840,N003841,R2069,50.8637841971034,OPEN
4138,N003841,N003840,R2069,50.8637841971034,OPEN
4139,N003842,N003840,R2070,1408.8902534494914,OPEN
4140,N003840,N003842,R2070,1408.8902534494914,OPEN
4141,N003841,N003843,R2071,5865.134941045944,OPEN
4142,N003843,N003841,R2071,5865.134941045944,OPEN
4143,N003844,N003845,R2072,25949.70049423803,OPEN
4144,N003845,N003844,R2072,25949.70049423803,OPEN
4145,N003846,N003838,R2073,1287.9269444911495,OPEN
4146,N003838,N003846,R2073,1287.9269444911495,OPEN
4147,N003847,N003846,R2074,4610.226178628878,OPEN
4148,N003846,N003847,R2074,4610.226178628878,OPEN
4149,N003848,N003846,R2075,1964.6346424469182,OPEN
4150,N003846,N003848,R2075,1964.6346424469182,OPEN
4151,N003849,N003850,R2076,52.6330441528628,OPEN
4152,N003850,N003849,R2076,52.6330441528628,OPEN
4153,N003851,N003852,R2077,1004.2949380730572,OPEN
4154,N003852,N003851,R2077,1004.2949380730572,OPEN
4155,N003853,N003854,R2078,100.324637715249,OPEN
4156,N003854,N003853,R2078,100.324637715249,OPEN
4157,N003855,N003856,R2079,12606.764119716236,OPEN
4158,N003856,N003855,R2079,12606.764119716236,OPEN
4159,N003857,N003858,R2080,1006.7497711118485,OPEN
4160,N003858,N003857,R2080,1006.7497711118485,OPEN
4161,N003838,N003859,R2081,634.6858555243184,OPEN
4162,N003859,N003838,R2081,634.6858555243184,OPEN
4163,N003860,N003861,R2082,9625.05676230711,OPEN
4164,N003861,N003860,R2082,9625.05676230711,OPEN
4165,N003860,N003861,R2083,9625.05676230711,OPEN
4166,N003861,N003860,R2083,9625.05676230711,OPEN
4167,N003862,N003863,R2084,7703.470655172811,OPEN
4168,N003863,N003862,R2084,7703.470655172811,OPEN
4169,N003864,N003862,R2085,58.880425391139305,OPEN
4170,N003862,N003864,R2085,58.880425391139305,OPEN
4171,N003865,N003864,R2086,4766.958851048799,OPEN
4172,N003864,N003865,R2086,4766.958851048799,OPEN
4173,N003866,N003867,R2087,425.3429749949901,OPEN
4174,N003867,N003866,R2087,425.3429749949901,OPEN
4175,N003868,N003866,R2088,26.692943971124702,OPEN
4176,N003866,N003868,R2088,26.692943971124702,OPEN
4177,N003855,N003868,R2089,7458.523767706689,OPEN
4178,N003868,N003855,R2089,7458.523767706689,OPEN
4179,N003869,N003870,R2090,2255.3891212945387,OPEN
4180,N003870,N003869,R2090,2255.3891212945387,OPEN
4181,N003871,N003869,R2091,38.6706756200848,OPEN
4182,N003869,N003871,R2091,38.6706756200848,OPEN
4183,N003872,N003871,R2092,340.42808826033786,OPEN
4184,N003871,N003872,R2092,340.42808826033786,OPEN
4185,N003872,N003871,R2093,340.42808826033786,OPEN
4186,N003871,N003872,R2093,340.42808826033786,OPEN
4187,N003873,N003874,R2094,3468.986938035104,OPEN
4188,N003874,N003873,R2094,3468.986938035104,OPEN
4189,N003875,N003876,R2095,558.010922915708,OPEN
4190,N003876,N003875,R2095,558.010922915708,OPEN
4191,N003877,N003878,R2096,6372.390622686729,OPEN
4192,N003878,N003877,R2096,6372.390622686729,OPEN
4193,N003879,N003880,R2097,6811.013328960658,OPEN
4194,N003880,N003879,R2097,6811.013328960658,OPEN
4195,N003881,N003880,R2098,11495.410201778735,OPEN
4196,N003880,N003881,R2098,11495.410201778735,OPEN
4197,N003882,N003883,R2099,1490.0092484025652,OPEN
4198,N003883,N003882,R2099,1490.0092484025652,OPEN
4199,N003884,N003882,R2100,9.0278536068733,OPEN
4200,N003882,N003884,R2100,9.0278536068733,OPEN
4201,N003885,N003884,R2101,5416.31761335116,OPEN
4202,N003884,N003885,R2101,5416.31761335116,OPEN
4203,N003886,N003877,R2102,10169.323693073376,OPEN
4204,N003877,N003886,R2102,10169.323693073376,OPEN
4205,N003887,N003886,R2103,15.7822413499847,OPEN
4206,N003886,N003887,R2103,15.7822413499847,OPEN
4207,N003888,N003887,R2104,3359.6051537990325,OPEN
4208,N003887,N003888,R2104,3359.6051537990325,OPEN
4209,N003889,N003890,R2105,1039.3903979967488,OPEN
4210,N003890,N003889,R2105,1039.3903979967488,OPEN
4211,N003891,N003892,R2106,4672.677920912234,OPEN
4212,N003892,N003891,R2106,4672.677920912234,OPEN
4213,N003893,N003889,R2107,17.3195816539886,OPEN
4214,N003889,N003893,R2107,17.3195816539886,OPEN
4215,N003894,N003895,R2108,1425.8260671952448,OPEN
4216,N003895,N003894,R2108,1425.8260671952448,OPEN
4217,N003896,N003897,R2109,4592.808025476393,OPEN
4218,N003897,N003896,R2109,4592.808025476393,OPEN
4219,N003898,N003899,R2110,6544.7659699505475,OPEN
4220,N003899,N003898,R2110,6544.7659699505475,OPEN
4221,N003900,N003901,R2111,8.665478629840399,OPEN
4222,N003901,N003900,R2111,8.665478629840399,OPEN
4223,N003902,N003900,R2112,10723.721615338856,OPEN
4224,N003900,N003902,R2112,10723.721615338856,OPEN
4225,N003902,N003900,R2113,10723.721615338856,OPEN
4226,N003900,N003902,R2113,10723.721615338856,OPEN
4227,N003903,N003902,R2114,2717.863735332245,OPEN
4228,N003902,N003903,R2114,2717.863735332245,OPEN
4229,N003904,N002026,R2115,27.2336012589021,OPEN
4230,N002026,N003904,R2115,27.2336012589021,OPEN
4231,N003870,N003904,R2116,1587.0966660871957,OPEN
4232,N003904,N003870,R2116,1587.0966660871957,OPEN
4233,N003870,N003904,R2117,1587.0966660871957,OPEN
4234,N003904,N003870,R2117,1587.0966660871957,OPEN
4235,N003905,N002680,R2118,2388.1221499650055,OPEN
4236,N002680,N003905,R2118,2388.1221499650055,OPEN
4237,N003906,N003475,R2119,4851.202701611424,OPEN
4238,N003475,N003906,R2119,4851.202701611424,OPEN
4239,N002153,N003906,R2120,21.1885986430441,OPEN
4240,N003906,N002153,R2120,21.1885986430441,OPEN
4241,N003907,N003908,R2121,1919.1155259435768,OPEN
4242,N003908,N003907,R2121,1919.1155259435768,OPEN
4243,N003907,N003908,R2122,1919.1155259435768,OPEN
4244,N003908,N003907,R2122,1919.1155259435768,OPEN
4245,N003909,N003907,R2123,13.5983138253927,OPEN
4246,N003907,N003909,R2123,13.5983138253927,OPEN
4247,N003910,N003909,R2124,3502.3927429384107,OPEN
4248,N003909,N003910,R2124,3502.3927429384107,OPEN
4249,N003911,N003912,R2125,2650.0789313886994,OPEN
4250,N003912,N003911,R2125,2650.0789313886994,OPEN
4251,N003913,N003914,R2126,282.348812946338,OPEN
4252,N003914,N003913,R2126,282.348812946338,OPEN
4253,N003915,N003913,R2127,24.091080096261,OPEN
4254,N003913,N003915,R2127,24.091080096261,OPEN
4255,N003916,N003915,R2128,583.3408399414698,OPEN
4256,N003915,N003916,R2128,583.3408399414698,OPEN
4257,N003917,N003916,R2129,34.200228737879094,OPEN
4258,N003916,N003917,R2129,34.200228737879094,OPEN
4259,N003188,N003917,R2130,1154.8939368486429,OPEN
4260,N003917,N003188,R2130,1154.8939368486429,OPEN
4261,N003918,N003919,R2131,77.4577878617724,OPEN
4262,N003919,N003918,R2131,77.4577878617724,OPEN
4263,N003400,N003918,R2132,3991.434194200969,OPEN
4264,N003918,N003400,R2132,3991.434194200969,OPEN
4265,N003919,N003837,R2133,13206.81962378173,OPEN
4266,N003837,N003919,R2133,13206.81962378173,OPEN
4267,N003920,N003921,R2134,598.4624148042398,OPEN
4268,N003921,N003920,R2134,598.4624148042398,OPEN
4269,N003922,N003923,R2135,623.7552544676963,OPEN
4270,N003923,N003922,R2135,623.7552544676963,OPEN
4271,N003924,N003922,R2136,29.0733008387495,OPEN
4272,N003922,N003924,R2136,29.0733008387495,OPEN
4273,N003925,N003926,R2137,182.873573271693,OPEN
4274,N003926,N003925,R2137,182.873573271693,OPEN
4275,N003927,N003925,R2138,67.3043376449757,OPEN
4276,N003925,N003927,R2138,67.3043376449757,OPEN
4277,N003928,N003927,R2139,3180.438171264282,OPEN
4278,N003927,N003928,R2139,3180.438171264282,OPEN
4279,N003651,N003928,R2140,2485.393725139749,OPEN
4280,N003928,N003651,R2140,2485.393725139749,OPEN
4281,N003921,N003924,R2141,1757.6160870637123,OPEN
4282,N003924,N003921,R2141,1757.6160870637123,OPEN
4283,N003929,N003930,R2142,1320.9928010927122,OPEN
4284,N003930,N003929,R2142,1320.9928010927122,OPEN
4285,N001990,N003929,R2143,41.6151044750463,OPEN
4286,N003929,N001990,R2143,41.6151044750463,OPEN
4287,N003931,N003932,R2144,483.34698041036637,OPEN
4288,N003932,N003931,R2144,483.34698041036637,OPEN
4289,N002816,N003931,R2145,38.4050403709857,OPEN
4290,N003931,N002816,R2145,38.4050403709857,OPEN
4291,N003933,N003934,R2146,4497.465386594678,OPEN
4292,N003934,N003933,R2146,4497.465386594678,OPEN
4293,N003935,N003934,R2147,24.7084553905716,OPEN
4294,N003934,N003935,R2147,24.7084553905716,OPEN
4295,N003936,N003935,R2148,1089.4315410598758,OPEN
4296,N003935,N003936,R2148,1089.4315410598758,OPEN
4297,N003937,N003938,R2149,1053.2580149266944,OPEN
4298,N003938,N003937,R2149,1053.2580149266944,OPEN
4299,N003939,N003940,R2150,112.13215454375269,OPEN
4300,N003940,N003939,R2150,112.13215454375269,OPEN
4301,N003941,N003939,R2151,256.82539833812615,OPEN
4302,N003939,N003941,R2151,256.82539833812615,OPEN
4303,N003940,N003942,R2152,1929.246373476424,OPEN
4304,N003942,N003940,R2152,1929.246373476424,OPEN
4305,N003943,N003944,R2153,11657.262222177249,OPEN
4306,N003944,N003943,R2153,11657.262222177249,OPEN
4307,N003945,N003946,R2154,5203.558643479031,OPEN
4308,N003946,N003945,R2154,5203.558643479031,OPEN
4309,N003285,N003945,R2155,35.5506180624116,OPEN
4310,N003945,N003285,R2155,35.5506180624116,OPEN
4311,N003947,N003948,R2156,24.3717709886858,OPEN
4312,N003948,N003947,R2156,24.3717709886858,OPEN
4313,N003949,N003947,R2157,788.2400667282863,OPEN
4314,N003947,N003949,R2157,788.2400667282863,OPEN
4315,N003950,N003951,R2158,4368.868952272559,OPEN
4316,N003951,N003950,R2158,4368.868952272559,OPEN
4317,N003946,N003950,R2159,30.0262989590023,OPEN
4318,N003950,N003946,R2159,30.0262989590023,OPEN
4319,N003952,N003953,R2160,2574.401402803494,OPEN
4320,N003953,N003952,R2160,2574.401402803494,OPEN
4321,N003951,N003949,R2161,15.8673922091374,OPEN
4322,N003949,N003951,R2161,15.8673922091374,OPEN
4323,N003954,N002083,R2162,2834.7233429294693,OPEN
4324,N002083,N003954,R2162,2834.7233429294693,OPEN
4325,N003954,N002083,R2163,2834.7233429294693,OPEN
4326,N002083,N003954,R2163,2834.7233429294693,OPEN
4327,N003953,N003954,R2164,17.1086787560992,OPEN
4328,N003954,N003953,R2164,17.1086787560992,OPEN
4329,N003955,N003633,R2165,36.785664101742995,OPEN
4330,N003633,N003955,R2165,36.785664101742995,OPEN
4331,N003432,N003955,R2166,3504.0077683502464,OPEN
4332,N003955,N003432,R2166,3504.0077683502464,OPEN
4333,N003956,N003957,R2167,798.232083520626,OPEN
4334,N003957,N003956,R2167,798.232083520626,OPEN
4335,N003958,N002495,R2168,2065.0103000983117,OPEN
4336,N002495,N003958,R2168,2065.0103000983117,OPEN
4337,N003959,N003960,R2169,2625.994821771956,OPEN
4338,N003960,N003959,R2169,2625.994821771956,OPEN
4339,N003961,N003962,R2170,2223.8980834619183,OPEN
4340,N003962,N003961,R2170,2223.8980834619183,OPEN
4341,N003963,N003960,R2171,7301.75598202503,OPEN
4342,N003960,N003963,R2171,7301.75598202503,OPEN
4343,N003964,N003965,R2172,3131.181758146025,OPEN
4344,N003965,N003964,R2172,3131.181758146025,OPEN
4345,N003966,N003230,R2173,21.4837618210644,OPEN
4346,N003230,N003966,R2173,21.4837618210644,OPEN
4347,N003967,N003966,R2174,4.7350583470683,OPEN
4348,N003966,N003967,R2174,4.7350583470683,OPEN
4349,N003968,N003969,R2175,1854.1418011458188,OPEN
4350,N003969,N003968,R2175,1854.1418011458188,OPEN
4351,N003970,N003971,R2176,863.2158570716002,OPEN
4352,N003971,N003970,R2176,863.2158570716002,OPEN
4353,N003972,N003970,R2177,1467.9582484036814,OPEN
4354,N003970,N003972,R2177,1467.9582484036814,OPEN
4355,N003973,N003974,R2178,142.1058108626975,OPEN
4356,N003974,N003973,R2178,142.1058108626975,OPEN
4357,N003548,N003973,R2179,16.632176511044,OPEN
4358,N003973,N003548,R2179,16.632176511044,OPEN
4359,N003975,N003976,R2180,252.1756349476319,OPEN
4360,N003976,N003975,R2180,252.1756349476319,OPEN
4361,N003178,N003977,R2181,2541.0178608037036,OPEN
4362,N003977,N003178,R2181,2541.0178608037036,OPEN
4363,N003978,N003979,R2182,24.8362826134461,OPEN
4364,N003979,N003978,R2182,24.8362826134461,OPEN
4365,N003976,N003978,R2183,362.9208970766262,OPEN
4366,N003978,N003976,R2183,362.9208970766262,OPEN
4367,N003979,N003977,R2184,423.9716476477169,OPEN
4368,N003977,N003979,R2184,423.9716476477169,OPEN
4369,N003980,N003981,R2185,4984.364254637728,OPEN
4370,N003981,N003980,R2185,4984.364254637728,OPEN
4371,N002831,N003982,R2186,28.1018247251816,OPEN
4372,N003982,N002831,R2186,28.1018247251816,OPEN
4373,N003982,N003983,R2187,2544.056779376835,OPEN
4374,N003983,N003982,R2187,2544.056779376835,OPEN
4375,N003984,N003985,R2188,579.9948178558221,OPEN
4376,N003985,N003984,R2188,579.9948178558221,OPEN
4377,N003985,N003986,R2189,1860.3350752839615,OPEN
4378,N003986,N003985,R2189,1860.3350752839615,OPEN
4379,N003987,N003988,R2190,656.9615752674557,OPEN
4380,N003988,N003987,R2190,656.9615752674557,OPEN
4381,N003989,N002828,R2191,1056.7535126197108,OPEN
4382,N002828,N003989,R2191,1056.7535126197108,OPEN
4383,N003612,N002839,R2192,202.6536909556016,OPEN
4384,N002839,N003612,R2192,202.6536909556016,OPEN
4385,N002838,N003990,R2193,138.8287887059673,OPEN
4386,N003990,N002838,R2193,138.8287887059673,OPEN
4387,N003991,N002843,R2194,348.9149216700942,OPEN
4388,N002843,N003991,R2194,348.9149216700942,OPEN
4389,N003992,N003993,R2195,1677.624180837609,OPEN
4390,N003993,N003992,R2195,1677.624180837609,OPEN
4391,N003992,N003994,R2196,79.4635792761298,OPEN
4392,N003994,N003992,R2196,79.4635792761298,OPEN
4393,N003992,N001634,R2197,86.5621704371823,OPEN
4394,N001634,N003992,R2197,86.5621704371823,OPEN
4395,N001634,N002550,R2198,1374.001535851148,OPEN
4396,N002550,N001634,R2198,1374.001535851148,OPEN
4397,N003995,N002104,R2199,269.1286026490519,OPEN
4398,N002104,N003995,R2199,269.1286026490519,OPEN
4399,N003996,N002105,R2200,551.8608301820898,OPEN
4400,N002105,N003996,R2200,551.8608301820898,OPEN
4401,N003997,N003998,R2201,12.6563261804916,OPEN
4402,N003998,N003997,R2201,12.6563261804916,OPEN
4403,N003999,N004000,R2202,5152.810035137824,OPEN
4404,N004000,N003999,R2202,5152.810035137824,OPEN
4405,N004001,N004002,R2203,3159.144722603332,OPEN
4406,N004002,N004001,R2203,3159.144722603332,OPEN
4407,N004003,N001654,R2204,4380.807505859026,OPEN
4408,N001654,N004003,R2204,4380.807505859026,OPEN
4409,N004004,N004005,R2205,83.8576661147402,OPEN
4410,N004005,N004004,R2205,83.8576661147402,OPEN
4411,N004006,N004007,R2206,13.963565198580099,OPEN
4412,N004007,N004006,R2206,13.963565198580099,OPEN
4413,N004007,N004008,R2207,360.1714505106976,OPEN
4414,N004008,N004007,R2207,360.1714505106976,OPEN
4415,N004009,N004006,R2208,621.5119662051367,OPEN
4416,N004006,N004009,R2208,621.5119662051367,OPEN
4417,N004010,N004009,R2209,19.7592673591428,OPEN
4418,N004009,N004010,R2209,19.7592673591428,OPEN
4419,N004011,N004012,R2210,18.8619572117661,OPEN
4420,N004012,N004011,R2210,18.8619572117661,OPEN
4421,N004012,N004010,R2211,1116.0885710956302,OPEN
4422,N004010,N004012,R2211,1116.0885710956302,OPEN
4423,N004013,N004011,R2212,350.59453683028767,OPEN
4424,N004011,N004013,R2212,350.59453683028767,OPEN
4425,N004013,N004011,R2213,350.59453683028767,OPEN
4426,N004011,N004013,R2213,350.59453683028767,OPEN
4427,N002078,N004014,R2214,18.2395188530253,OPEN
4428,N004014,N002078,R2214,18.2395188530253,OPEN
4429,N002080,N004015,R2215,52.8619133947741,OPEN
4430,N004015,N002080,R2215,52.8619133947741,OPEN
4431,N004016,N004017,R2216,2249.1423105008193,OPEN
4432,N004017,N004016,R2216,2249.1423105008193,OPEN
4433,N004017,N004018,R2217,29.0120449246232,OPEN
4434,N004018,N004017,R2217,29.0120449246232,OPEN
4435,N004019,N004020,R2218,1778.2066170321325,OPEN
4436,N004020,N004019,R2218,1778.2066170321325,OPEN
4437,N004019,N004020,R2219,1778.2066170321325,OPEN
4438,N004020,N004019,R2219,1778.2066170321325,OPEN
4439,N004021,N002969,R2220,2336.5678070016843,OPEN
4440,N002969,N004021,R2220,2336.5678070016843,OPEN
4441,N004020,N004022,R2221,24.508448601713898,OPEN
4442,N004022,N004020,R2221,24.508448601713898,OPEN
4443,N004008,N004023,R2222,20.0351563189246,OPEN
4444,N004023,N004008,R2222,20.0351563189246,OPEN
4445,N004023,N002079,R2223,7754.636380019789,OPEN
4446,N002079,N004023,R2223,7754.636380019789,OPEN
4447,N004024,N002297,R2224,2291.6335150869845,OPEN
4448,N002297,N004024,R2224,2291.6335150869845,OPEN
4449,N002329,N004024,R2225,8.4414671290348,OPEN
4450,N004024,N002329,R2225,8.4414671290348,OPEN
4451,N004025,N004026,R2226,509.0693579093614,OPEN
4452,N004026,N004025,R2226,509.0693579093614,OPEN
4453,N004027,N004028,R2227,1441.802114770029,OPEN
4454,N004028,N004027,R2227,1441.802114770029,OPEN
4455,N004029,N004030,R2228,2387.6089528639986,OPEN
4456,N004030,N004029,R2228,2387.6089528639986,OPEN
4457,N004031,N004029,R2229,118.14952875034291,OPEN
4458,N004029,N004031,R2229,118.14952875034291,OPEN
4459,N004028,N004032,R2230,77.6643473991805,OPEN
4460,N004032,N004028,R2230,77.6643473991805,OPEN
4461,N004032,N004033,R2231,2994.904743625682,OPEN
4462,N004033,N004032,R2231,2994.904743625682,OPEN
4463,N004034,N004035,R2232,3092.3333977558673,OPEN
4464,N004035,N004034,R2232,3092.3333977558673,OPEN
4465,N001806,N004036,R2233,202.49874611770142,OPEN
4466,N004036,N001806,R2233,202.49874611770142,OPEN
4467,N004037,N004034,R2234,3613.83448037456,OPEN
4468,N004034,N004037,R2234,3613.83448037456,OPEN
4469,N004038,N004037,R2235,2637.564742370174,OPEN
4470,N004037,N004038,R2235,2637.564742370174,OPEN
4471,N004039,N004038,R2236,2603.981655731112,OPEN
4472,N004038,N004039,R2236,2603.981655731112,OPEN
4473,N002259,N004040,R2237,98.6738368195313,OPEN
4474,N004040,N002259,R2237,98.6738368195313,OPEN
4475,N003553,N004041,R2238,17.4604403706425,OPEN
4476,N004041,N003553,R2238,17.4604403706425,OPEN
4477,N004041,N004042,R2239,3267.1198774474096,OPEN
4478,N004042,N004041,R2239,3267.1198774474096,OPEN
4479,N004043,N004044,R2240,746.6510966781547,OPEN
4480,N004044,N004043,R2240,746.6510966781547,OPEN
4481,N003290,N004045,R2241,989.9164617419788,OPEN
4482,N004045,N003290,R2241,989.9164617419788,OPEN
4483,N004045,N004043,R2242,34.3025473539648,OPEN
4484,N004043,N004045,R2242,34.3025473539648,OPEN
4485,N004046,N004047,R2243,829.4591264150711,OPEN
4486,N004047,N004046,R2243,829.4591264150711,OPEN
4487,N004048,N004047,R2244,1018.4775079761714,OPEN
4488,N004047,N004048,R2244,1018.4775079761714,OPEN
4489,N004049,N004050,R2245,212.24166457768888,OPEN
4490,N004050,N004049,R2245,212.24166457768888,OPEN
4491,N004051,N004052,R2246,1624.4744772711942,OPEN
4492,N004052,N004051,R2246,1624.4744772711942,OPEN
4493,N004053,N004054,R2247,1999.457715024403,OPEN
4494,N004054,N004053,R2247,1999.457715024403,OPEN
4495,N004055,N004056,R2248,2942.69561610021,OPEN
4496,N004056,N004055,R2248,2942.69561610021,OPEN
4497,N004057,N004058,R2249,36.97651296001,OPEN
4498,N004058,N004057,R2249,36.97651296001,OPEN
4499,N004058,N004059,R2250,1860.9415262851544,OPEN
4500,N004059,N004058,R2250,1860.9415262851544,OPEN
4501,N004060,N004061,R2251,2097.619130731164,OPEN
4502,N004061,N004060,R2251,2097.619130731164,OPEN
4503,N004062,N004063,R2252,2438.991374343335,OPEN
4504,N004063,N004062,R2252,2438.991374343335,OPEN
4505,N004064,N004065,R2253,3945.8553286644583,OPEN
4506,N004065,N004064,R2253,3945.8553286644583,OPEN
4507,N004064,N004065,R2254,3945.8553286644583,OPEN
4508,N004065,N004064,R2254,3945.8553286644583,OPEN
4509,N004066,N004067,R2255,2785.6312412625603,OPEN
4510,N004067,N004066,R2255,2785.6312412625603,OPEN
4511,N004066,N004067,R2256,2785.6312412625603,OPEN
4512,N004067,N004066,R2256,2785.6312412625603,OPEN
4513,N004068,N004069,R2257,2364.083243724833,OPEN
4514,N004069,N004068,R2257,2364.083243724833,OPEN
4515,N004069,N004070,R2258,117.8586428744469,OPEN
4516,N004070,N004069,R2258,117.8586428744469,OPEN
4517,N004070,N004071,R2259,95.43998849172509,OPEN
4518,N004071,N004070,R2259,95.43998849172509,OPEN
4519,N004072,N004073,R2260,5448.959321936044,OPEN
4520,N004073,N004072,R2260,5448.959321936044,OPEN
4521,N004074,N004075,R2261,1559.195619916409,OPEN
4522,N004075,N004074,R2261,1559.195619916409,OPEN
4523,N004076,N004077,R2262,3180.766869184322,OPEN
4524,N004077,N004076,R2262,3180.766869184322,OPEN
4525,N004078,N004079,R2263,19.3956760653356,OPEN
4526,N004079,N004078,R2263,19.3956760653356,OPEN
4527,N004080,N004081,R2264,40.5017865788488,OPEN
4528,N004081,N004080,R2264,40.5017865788488,OPEN
4529,N004081,N004082,R2265,644.619179306635,OPEN
4530,N004082,N004081,R2265,644.619179306635,OPEN
4531,N004082,N004083,R2266,31.359184822073296,OPEN
4532,N004083,N004082,R2266,31.359184822073296,OPEN
4533,N004083,N004084,R2267,1107.747980374492,OPEN
4534,N004084,N004083,R2267,1107.747980374492,OPEN
4535,N004084,N004085,R2268,27.0709673285965,OPEN
4536,N004085,N004084,R2268,27.0709673285965,OPEN
4537,N004085,N004086,R2269,1460.7976485259699,OPEN
4538,N004086,N004085,R2269,1460.7976485259699,OPEN
4539,N004086,N004087,R2270,86.5442805034172,OPEN
4540,N004087,N004086,R2270,86.5442805034172,OPEN
4541,N004087,N004088,R2271,818.4182723747847,OPEN
4542,N004088,N004087,R2271,818.4182723747847,OPEN
4543,N004088,N004089,R2272,21.9307788527414,OPEN
4544,N004089,N004088,R2272,21.9307788527414,OPEN
4545,N004079,N004080,R2273,1049.501165851746,OPEN
4546,N004080,N004079,R2273,1049.501165851746,OPEN
4547,N004090,N004091,R2274,1433.4932764797525,OPEN
4548,N004091,N004090,R2274,1433.4932764797525,OPEN
4549,N004092,N004072,R2275,117.4757502168503,OPEN
4550,N004072,N004092,R2275,117.4757502168503,OPEN
4551,N004093,N004092,R2276,385.0056697747608,OPEN
4552,N004092,N004093,R2276,385.0056697747608,OPEN
4553,N004094,N004051,R2277,9.2107745754073,OPEN
4554,N004051,N004094,R2277,9.2107745754073,OPEN
4555,N004061,N004053,R2278,17.629790896743,OPEN
4556,N004053,N004061,R2278,17.629790896743,OPEN
4557,N004095,N004096,R2279,10.9370120206097,OPEN
4558,N004096,N004095,R2279,10.9370120206097,OPEN
4559,N004096,N004097,R2280,19.2280447289221,OPEN
4560,N004097,N004096,R2280,19.2280447289221,OPEN
4561,N004098,N004099,R2281,8.3724876485093,OPEN
4562,N004099,N004098,R2281,8.3724876485093,OPEN
4563,N002435,N002437,R2282,36.414032783713004,OPEN
4564,N002437,N002435,R2282,36.414032783713004,OPEN
4565,N004100,N001334,R2283,110.80476336823469,OPEN
4566,N001334,N004100,R2283,110.80476336823469,OPEN
4567,N001562,N004101,R2284,581.1899084878467,OPEN
4568,N004101,N001562,R2284,581.1899084878467,OPEN
4569,N004101,N003096,R2285,240.653117444138,OPEN
4570,N003096,N004101,R2285,240.653117444138,OPEN
4571,N004102,N001561,R2286,167.4685381719353,OPEN
4572,N001561,N004102,R2286,167.4685381719353,OPEN
4573,N001186,N002760,R2287,93.9216610899261,OPEN
4574,N002760,N001186,R2287,93.9216610899261,OPEN
4575,N004103,N002567,R2288,212.67294946745162,OPEN
4576,N002567,N004103,R2288,212.67294946745162,OPEN
4577,N002609,N004103,R2289,382.6629356308262,OPEN
4578,N004103,N002609,R2289,382.6629356308262,OPEN
4579,N004104,N002609,R2290,31.7375808856412,OPEN
4580,N002609,N004104,R2290,31.7375808856412,OPEN
4581,N004105,N004106,R2291,6.3015370686934,OPEN
4582,N004106,N004105,R2291,6.3015370686934,OPEN
4583,N004107,N004108,R2292,13.0162866201683,OPEN
4584,N004108,N004107,R2292,13.0162866201683,OPEN
4585,N004050,N004107,R2293,19.2028217282241,OPEN
4586,N004107,N004050,R2293,19.2028217282241,OPEN
4587,N004109,N004060,R2294,70.1954496067913,OPEN
4588,N004060,N004109,R2294,70.1954496067913,OPEN
4589,N004110,N004109,R2295,3990.586016344758,OPEN
4590,N004109,N004110,R2295,3990.586016344758,OPEN
4591,N004111,N004112,R2296,28.442866754232,OPEN
4592,N004112,N004111,R2296,28.442866754232,OPEN
4593,N004113,N004114,R2297,77.2818077102809,OPEN
4594,N004114,N004113,R2297,77.2818077102809,OPEN
4595,N004115,N004113,R2298,1294.1212506092365,OPEN
4596,N004113,N004115,R2298,1294.1212506092365,OPEN
4597,N004116,N004117,R2299,2148.636747816431,OPEN
4598,N004117,N004116,R2299,2148.636747816431,OPEN
4599,N004118,N004111,R2300,2683.9548079956885,OPEN
4600,N004111,N004118,R2300,2683.9548079956885,OPEN
4601,N004119,N004120,R2301,62.5419586279959,OPEN
4602,N004120,N004119,R2301,62.5419586279959,OPEN
4603,N004120,N004121,R2302,159.3647438288881,OPEN
4604,N004121,N004120,R2302,159.3647438288881,OPEN
4605,N004121,N004122,R2303,32.906320738286105,OPEN
4606,N004122,N004121,R2303,32.906320738286105,OPEN
4607,N004122,N001456,R2304,875.6973130835684,OPEN
4608,N001456,N004122,R2304,875.6973130835684,OPEN
4609,N004123,N001445,R2305,37.2428659767646,OPEN
4610,N001445,N004123,R2305,37.2428659767646,OPEN
4611,N004124,N001153,R2306,72.26721866049151,OPEN
4612,N001153,N004124,R2306,72.26721866049151,OPEN
4613,N004125,N004124,R2307,1433.012060022604,OPEN
4614,N004124,N004125,R2307,1433.012060022604,OPEN
4615,N004126,N004127,R2308,133.34513467601718,OPEN
4616,N004127,N004126,R2308,133.34513467601718,OPEN
4617,N004128,N004057,R2309,1078.332863014141,OPEN
4618,N004057,N004128,R2309,1078.332863014141,OPEN
4619,N004129,N004126,R2310,403.8018777461278,OPEN
4620,N004126,N004129,R2310,403.8018777461278,OPEN
4621,N004130,N004131,R2311,76.07649461589911,OPEN
4622,N004131,N004130,R2311,76.07649461589911,OPEN
4623,N004131,N001448,R2312,676.7682194525552,OPEN
4624,N001448,N004131,R2312,676.7682194525552,OPEN
4625,N004132,N004133,R2313,831.2245440089455,OPEN
4626,N004133,N004132,R2313,831.2245440089455,OPEN
4627,N004134,N004130,R2314,988.3091559373548,OPEN
4628,N004130,N004134,R2314,988.3091559373548,OPEN
4629,N004135,N004136,R2315,180.60916587307068,OPEN
4630,N004136,N004135,R2315,180.60916587307068,OPEN
4631,N004056,N004135,R2316,13.6914290429492,OPEN
4632,N004135,N004056,R2316,13.6914290429492,OPEN
4633,N004137,N004138,R2317,1673.9618265677002,OPEN
4634,N004138,N004137,R2317,1673.9618265677002,OPEN
4635,N004063,N004137,R2318,43.1751022961501,OPEN
4636,N004137,N004063,R2318,43.1751022961501,OPEN
4637,N004139,N004140,R2319,19.4864966490775,OPEN
4638,N004140,N004139,R2319,19.4864966490775,OPEN
4639,N004140,N004119,R2320,907.8128451001463,OPEN
4640,N004119,N004140,R2320,907.8128451001463,OPEN
4641,N004141,N004142,R2321,36.6992024917856,OPEN
4642,N004142,N004141,R2321,36.6992024917856,OPEN
4643,N004143,N004141,R2322,728.3913235468171,OPEN
4644,N004141,N004143,R2322,728.3913235468171,OPEN
4645,N004144,N004125,R2323,63.609254341051994,OPEN
4646,N004125,N004144,R2323,63.609254341051994,OPEN
4647,N001468,N004144,R2324,2559.9135690412218,OPEN
4648,N004144,N001468,R2324,2559.9135690412218,OPEN
4649,N004145,N004055,R2325,1422.085351463911,OPEN
4650,N004055,N004145,R2325,1422.085351463911,OPEN
4651,N004146,N004145,R2326,44.9063755068939,OPEN
4652,N004145,N004146,R2326,44.9063755068939,OPEN
4653,N004142,N004147,R2327,610.1473211570217,OPEN
4654,N004147,N004142,R2327,610.1473211570217,OPEN
4655,N004148,N004146,R2328,756.4829305306865,OPEN
4656,N004146,N004148,R2328,756.4829305306865,OPEN
4657,N004149,N004150,R2329,20.7851550057221,OPEN
4658,N004150,N004149,R2329,20.7851550057221,OPEN
4659,N004151,N004149,R2330,573.410781345711,OPEN
4660,N004149,N004151,R2330,573.410781345711,OPEN
4661,N004152,N004153,R2331,2529.0484208910657,OPEN
4662,N004153,N004152,R2331,2529.0484208910657,OPEN
4663,N004154,N004155,R2332,17.1407782734767,OPEN
4664,N004155,N004154,R2332,17.1407782734767,OPEN
4665,N004155,N004139,R2333,1361.577764397534,OPEN
4666,N004139,N004155,R2333,1361.577764397534,OPEN
4667,N001329,N004156,R2334,19.6453398646886,OPEN
4668,N004156,N001329,R2334,19.6453398646886,OPEN
4669,N004157,N004154,R2335,1030.964848317501,OPEN
4670,N004154,N004157,R2335,1030.964848317501,OPEN
4671,N004059,N004157,R2336,35.8123566868449,OPEN
4672,N004157,N004059,R2336,35.8123566868449,OPEN
4673,N004158,N004159,R2337,1934.837774409985,OPEN
4674,N004159,N004158,R2337,1934.837774409985,OPEN
4675,N001446,N004158,R2338,19.292796706291902,OPEN
4676,N004158,N001446,R2338,19.292796706291902,OPEN
4677,N004160,N004161,R2339,139.3105986708886,OPEN
4678,N004161,N004160,R2339,139.3105986708886,OPEN
4679,N004162,N004129,R2340,1044.5902736694165,OPEN
4680,N004129,N004162,R2340,1044.5902736694165,OPEN
4681,N004159,N004162,R2341,47.1545115496586,OPEN
4682,N004162,N004159,R2341,47.1545115496586,OPEN
4683,N004163,N004074,R2342,24.5399118961492,OPEN
4684,N004074,N004163,R2342,24.5399118961492,OPEN
4685,N004150,N004164,R2343,672.346697453956,OPEN
4686,N004164,N004150,R2343,672.346697453956,OPEN
4687,N004165,N004152,R2344,23.5408816861833,OPEN
4688,N004152,N004165,R2344,23.5408816861833,OPEN
4689,N002787,N004165,R2345,324.81359466361533,OPEN
4690,N004165,N002787,R2345,324.81359466361533,OPEN
4691,N004166,N002947,R2346,832.760043740116,OPEN
4692,N002947,N004166,R2346,832.760043740116,OPEN
4693,N002941,N004166,R2347,44.2285152314703,OPEN
4694,N004166,N002941,R2347,44.2285152314703,OPEN
4695,N002534,N002538,R2348,1145.7365669687445,OPEN
4696,N002538,N002534,R2348,1145.7365669687445,OPEN
4697,N002535,N004167,R2349,3562.5295359876413,OPEN
4698,N004167,N002535,R2349,3562.5295359876413,OPEN
4699,N004167,N004168,R2350,130.7958911538994,OPEN
4700,N004168,N004167,R2350,130.7958911538994,OPEN
4701,N004168,N004169,R2351,4671.541883122781,OPEN
4702,N004169,N004168,R2351,4671.541883122781,OPEN
4703,N004170,N004148,R2352,340.44232861264265,OPEN
4704,N004148,N004170,R2352,340.44232861264265,OPEN
4705,N004147,N004170,R2353,18.222226602483403,OPEN
4706,N004170,N004147,R2353,18.222226602483403,OPEN
4707,N004171,N004172,R2354,26.4076106996572,OPEN
4708,N004172,N004171,R2354,26.4076106996572,OPEN
4709,N004173,N004171,R2355,1850.1751127124608,OPEN
4710,N004171,N004173,R2355,1850.1751127124608,OPEN
4711,N004174,N004175,R2356,49.7896182268215,OPEN
4712,N004175,N004174,R2356,49.7896182268215,OPEN
4713,N004175,N004176,R2357,148.8342963031718,OPEN
4714,N004176,N004175,R2357,148.8342963031718,OPEN
4715,N004177,N004174,R2358,1627.9265318064643,OPEN
4716,N004174,N004177,R2358,1627.9265318064643,OPEN
4717,N004178,N004179,R2359,18.2074836610694,OPEN
4718,N004179,N004178,R2359,18.2074836610694,OPEN
4719,N004172,N004178,R2360,1944.4092477004065,OPEN
4720,N004178,N004172,R2360,1944.4092477004065,OPEN
4721,N004054,N004180,R2361,17.5363573124278,OPEN
4722,N004180,N004054,R2361,17.5363573124278,OPEN
4723,N004181,N004094,R2362,1768.2905375516568,OPEN
4724,N004094,N004181,R2362,1768.2905375516568,OPEN
4725,N004182,N003373,R2363,4668.692772591717,OPEN
4726,N003373,N004182,R2363,4668.692772591717,OPEN
4727,N002764,N002763,R2364,299.7974904250134,OPEN
4728,N002763,N002764,R2364,299.7974904250134,OPEN
4729,N004183,N004184,R2365,795.0951555726429,OPEN
4730,N004184,N004183,R2365,795.0951555726429,OPEN
4731,N004185,N004186,R2366,674.8546466333025,OPEN
4732,N004186,N004185,R2366,674.8546466333025,OPEN
4733,N004186,N004187,R2367,990.7409697865181,OPEN
4734,N004187,N004186,R2367,990.7409697865181,OPEN
4735,N004188,N004186,R2368,801.1943327939161,OPEN
4736,N004186,N004188,R2368,801.1943327939161,OPEN
4737,N004189,N004188,R2369,69.1853953141505,OPEN
4738,N004188,N004189,R2369,69.1853953141505,OPEN
4739,N004190,N004191,R2370,336.9864879188241,OPEN
4740,N004191,N004190,R2370,336.9864879188241,OPEN
4741,N004192,N004189,R2371,4856.651006482487,OPEN
4742,N004189,N004192,R2371,4856.651006482487,OPEN
4743,N004193,N004192,R2372,2988.2021821025764,OPEN
4744,N004192,N004193,R2372,2988.2021821025764,OPEN
4745,N004194,N004195,R2373,46.9339576785906,OPEN
4746,N004195,N004194,R2373,46.9339576785906,OPEN
4747,N004192,N004194,R2374,3628.689277528803,OPEN
4748,N004194,N004192,R2374,3628.689277528803,OPEN
4749,N004195,N004196,R2375,10794.55854922594,OPEN
4750,N004196,N004195,R2375,10794.55854922594,OPEN
4751,N004197,N004196,R2376,1209.0950093990557,OPEN
4752,N004196,N004197,R2376,1209.0950093990557,OPEN
4753,N004198,N004199,R2377,162.1883579616827,OPEN
4754,N004199,N004198,R2377,162.1883579616827,OPEN
4755,N004200,N004201,R2378,139.206461411797,OPEN
4756,N004201,N004200,R2378,139.206461411797,OPEN
4757,N004202,N003825,R2379,18.6675703506119,OPEN
4758,N003825,N004202,R2379,18.6675703506119,OPEN
4759,N004203,N001877,R2380,3839.893800689347,OPEN
4760,N001877,N004203,R2380,3839.893800689347,OPEN
4761,N004204,N004203,R2381,236.12006688361458,OPEN
4762,N004203,N004204,R2381,236.12006688361458,OPEN
4763,N004205,N004204,R2382,2047.266893522696,OPEN
4764,N004204,N004205,R2382,2047.266893522696,OPEN
4765,N004206,N004205,R2383,75.5291493184581,OPEN
4766,N004205,N004206,R2383,75.5291493184581,OPEN
4767,N004207,N004206,R2384,1631.630595492479,OPEN
4768,N004206,N004207,R2384,1631.630595492479,OPEN
4769,N004207,N004208,R2385,115.81977041925701,OPEN
4770,N004208,N004207,R2385,115.81977041925701,OPEN
4771,N001683,N004207,R2386,98.4257455073993,OPEN
4772,N004207,N001683,R2386,98.4257455073993,OPEN
4773,N004209,N004210,R2387,394.65662372973907,OPEN
4774,N004210,N004209,R2387,394.65662372973907,OPEN
4775,N002002,N004211,R2388,1033.2975916576193,OPEN
4776,N004211,N002002,R2388,1033.2975916576193,OPEN
4777,N002002,N004211,R2389,1033.2975916576193,OPEN
4778,N004211,N002002,R2389,1033.2975916576193,OPEN
4779,N004212,N002763,R2390,673.672043739435,OPEN
4780,N002763,N004212,R2390,673.672043739435,OPEN
4781,N001183,N004213,R2391,31.187941651549902,OPEN
4782,N004213,N001183,R2391,31.187941651549902,OPEN
4783,N004214,N001183,R2392,33.415342300077,OPEN
4784,N001183,N004214,R2392,33.415342300077,OPEN
4785,N004215,N002499,R2393,233.56290584391408,OPEN
4786,N002499,N004215,R2393,233.56290584391408,OPEN
4787,N001419,N003385,R2394,160.7037756524723,OPEN
4788,N003385,N001419,R2394,160.7037756524723,OPEN
4789,N004216,N001419,R2395,437.5572302720338,OPEN
4790,N001419,N004216,R2395,437.5572302720338,OPEN
4791,N002916,N004217,R2396,13.3048780592203,OPEN
4792,N004217,N002916,R2396,13.3048780592203,OPEN
4793,N004217,N004218,R2397,10.562234156450302,OPEN
4794,N004218,N004217,R2397,10.562234156450302,OPEN
4795,N004218,N004219,R2398,458.9632078990113,OPEN
4796,N004219,N004218,R2398,458.9632078990113,OPEN
4797,N004220,N004220,R2399,93.31684061042391,OPEN
4798,N004220,N004220,R2399,93.31684061042391,OPEN
4799,N004221,N004222,R2400,390.2828494305006,OPEN
4800,N004222,N004221,R2400,390.2828494305006,OPEN
4801,N004223,N004224,R2401,288.1576529842015,OPEN
4802,N004224,N004223,R2401,288.1576529842015,OPEN
4803,N004225,N001726,R2402,566.2536128555657,OPEN
4804,N001726,N004225,R2402,566.2536128555657,OPEN
4805,N001189,N001730,R2403,187.82628343606942,OPEN
4806,N001730,N001189,R2403,187.82628343606942,OPEN
4807,N003104,N004226,R2404,15.3333651000736,OPEN
4808,N004226,N003104,R2404,15.3333651000736,OPEN
4809,N001190,N003104,R2405,210.7847490644718,OPEN
4810,N003104,N001190,R2405,210.7847490644718,OPEN
4811,N004226,N001200,R2406,99.8105329130167,OPEN
4812,N001200,N004226,R2406,99.8105329130167,OPEN
4813,N002914,N003182,R2407,280.9128976421726,OPEN
4814,N003182,N002914,R2407,280.9128976421726,OPEN
4815,N003183,N004226,R2408,458.27545068915447,OPEN
4816,N004226,N003183,R2408,458.27545068915447,OPEN
4817,N004227,N001287,R2409,265.48160755319077,OPEN
4818,N001287,N004227,R2409,265.48160755319077,OPEN
4819,N001292,N002908,R2410,87.92499658271039,OPEN
4820,N002908,N001292,R2410,87.92499658271039,OPEN
4821,N004228,N002965,R2411,4.5053135360514,OPEN
4822,N002965,N004228,R2411,4.5053135360514,OPEN
4823,N004229,N001149,R2412,37.6568078842475,OPEN
4824,N001149,N004229,R2412,37.6568078842475,OPEN
4825,N002101,N004230,R2413,5571.102556724724,OPEN
4826,N004230,N002101,R2413,5571.102556724724,OPEN
4827,N004231,N004229,R2414,2086.077275192958,OPEN
4828,N004229,N004231,R2414,2086.077275192958,OPEN
4829,N004230,N004231,R2415,69.1676988771307,OPEN
4830,N004231,N004230,R2415,69.1676988771307,OPEN
4831,N004232,N004233,R2416,16213.598230527292,OPEN
4832,N004233,N004232,R2416,16213.598230527292,OPEN
4833,N004234,N004235,R2417,542.7259931131523,OPEN
4834,N004235,N004234,R2417,542.7259931131523,OPEN
4835,N003984,N004235,R2418,1380.1535497605726,OPEN
4836,N004235,N003984,R2418,1380.1535497605726,OPEN
4837,N004233,N001147,R2419,7631.011747088942,OPEN
4838,N001147,N004233,R2419,7631.011747088942,OPEN
4839,N004236,N004237,R2420,1828.678513744473,OPEN
4840,N004237,N004236,R2420,1828.678513744473,OPEN
4841,N004238,N004236,R2421,37.960337591680904,OPEN
4842,N004236,N004238,R2421,37.960337591680904,OPEN
4843,N004239,N003691,R2422,4269.057541728923,OPEN
4844,N003691,N004239,R2422,4269.057541728923,OPEN
4845,N004237,N004239,R2423,36.5626666134335,OPEN
4846,N004239,N004237,R2423,36.5626666134335,OPEN
4847,N004240,N004238,R2424,1946.5087816623268,OPEN
4848,N004238,N004240,R2424,1946.5087816623268,OPEN
4849,N004241,N004240,R2425,35.8570511828089,OPEN
4850,N004240,N004241,R2425,35.8570511828089,OPEN
4851,N004242,N004243,R2426,623.3598613103406,OPEN
4852,N004243,N004242,R2426,623.3598613103406,OPEN
4853,N004244,N004245,R2427,26.6958702457264,OPEN
4854,N004245,N004244,R2427,26.6958702457264,OPEN
4855,N004246,N004244,R2428,60.975644545399796,OPEN
4856,N004244,N004246,R2428,60.975644545399796,OPEN
4857,N004247,N004248,R2429,953.21009606033,OPEN
4858,N004248,N004247,R2429,953.21009606033,OPEN
4859,N004249,N004250,R2430,299.9122621970999,OPEN
4860,N004250,N004249,R2430,299.9122621970999,OPEN
4861,N004251,N004252,R2431,63.160994850780696,OPEN
4862,N004252,N004251,R2431,63.160994850780696,OPEN
4863,N004253,N004254,R2432,2923.3352602255077,OPEN
4864,N004254,N004253,R2432,2923.3352602255077,OPEN
4865,N004249,N004255,R2433,4566.509592845001,OPEN
4866,N004255,N004249,R2433,4566.509592845001,OPEN
4867,N004256,N001612,R2434,62.7064134966849,OPEN
4868,N001612,N004256,R2434,62.7064134966849,OPEN
4869,N004257,N004256,R2435,998.417968397963,OPEN
4870,N004256,N004257,R2435,998.417968397963,OPEN
4871,N004258,N004257,R2436,26.264704322567898,OPEN
4872,N004257,N004258,R2436,26.264704322567898,OPEN
4873,N004259,N004258,R2437,1679.219092065943,OPEN
4874,N004258,N004259,R2437,1679.219092065943,OPEN
4875,N004260,N004261,R2438,83.7313347447566,OPEN
4876,N004261,N004260,R2438,83.7313347447566,OPEN
4877,N004262,N004260,R2439,513.8581016262175,OPEN
4878,N004260,N004262,R2439,513.8581016262175,OPEN
4879,N004263,N004264,R2440,43.3220866423889,OPEN
4880,N004264,N004263,R2440,43.3220866423889,OPEN
4881,N004265,N004263,R2441,533.6886000395677,OPEN
4882,N004263,N004265,R2441,533.6886000395677,OPEN
4883,N004266,N004265,R2442,14.715344193533399,OPEN
4884,N004265,N004266,R2442,14.715344193533399,OPEN
4885,N004267,N004266,R2443,3290.047848756519,OPEN
4886,N004266,N004267,R2443,3290.047848756519,OPEN
4887,N004268,N004269,R2444,170.2915140117476,OPEN
4888,N004269,N004268,R2444,170.2915140117476,OPEN
4889,N004270,N004268,R2445,218.84071999366,OPEN
4890,N004268,N004270,R2445,218.84071999366,OPEN
4891,N004271,N004272,R2446,370.8889528674087,OPEN
4892,N004272,N004271,R2446,370.8889528674087,OPEN
4893,N002510,N004271,R2447,40.6625710440169,OPEN
4894,N004271,N002510,R2447,40.6625710440169,OPEN
4895,N004273,N004274,R2448,2254.2335806285596,OPEN
4896,N004274,N004273,R2448,2254.2335806285596,OPEN
4897,N004272,N004273,R2449,40.055147267689705,OPEN
4898,N004273,N004272,R2449,40.055147267689705,OPEN
4899,N004275,N004276,R2450,669.9655894907295,OPEN
4900,N004276,N004275,R2450,669.9655894907295,OPEN
4901,N004274,N004275,R2451,48.677165189784304,OPEN
4902,N004275,N004274,R2451,48.677165189784304,OPEN
4903,N004277,N004278,R2452,1645.117713477567,OPEN
4904,N004278,N004277,R2452,1645.117713477567,OPEN
4905,N004276,N004277,R2453,54.580252949874,OPEN
4906,N004277,N004276,R2453,54.580252949874,OPEN
4907,N002251,N001141,R2454,7353.067875925658,OPEN
4908,N001141,N002251,R2454,7353.067875925658,OPEN
4909,N004279,N004280,R2455,6047.2303301389975,OPEN
4910,N004280,N004279,R2455,6047.2303301389975,OPEN
4911,N004279,N004280,R2456,6047.2303301389975,OPEN
4912,N004280,N004279,R2456,6047.2303301389975,OPEN
4913,N004281,N004252,R2457,11634.049926794925,OPEN
4914,N004252,N004281,R2457,11634.049926794925,OPEN
4915,N002361,N002426,R2458,2121.012925370625,OPEN
4916,N002426,N002361,R2458,2121.012925370625,OPEN
4917,N002427,N002079,R2459,7816.427462819362,OPEN
4918,N002079,N002427,R2459,7816.427462819362,OPEN
4919,N004282,N003045,R2460,71.7910332595226,OPEN
4920,N003045,N004282,R2460,71.7910332595226,OPEN
4921,N003044,N004282,R2461,708.1374930911155,OPEN
4922,N004282,N003044,R2461,708.1374930911155,OPEN
4923,N004283,N004284,R2462,2040.6564097467083,OPEN
4924,N004284,N004283,R2462,2040.6564097467083,OPEN
4925,N004285,N004286,R2463,152.9605506880229,OPEN
4926,N004286,N004285,R2463,152.9605506880229,OPEN
4927,N004287,N004288,R2464,92.3814286568043,OPEN
4928,N004288,N004287,R2464,92.3814286568043,OPEN
4929,N004289,N004287,R2465,1844.6736235378544,OPEN
4930,N004287,N004289,R2465,1844.6736235378544,OPEN
4931,N004290,N004291,R2466,1910.8760432360937,OPEN
4932,N004291,N004290,R2466,1910.8760432360937,OPEN
4933,N004290,N004291,R2467,1910.8760432360937,OPEN
4934,N004291,N004290,R2467,1910.8760432360937,OPEN
4935,N004292,N004293,R2468,366.7523532354204,OPEN
4936,N004293,N004292,R2468,366.7523532354204,OPEN
4937,N004294,N004292,R2469,29.8728398088168,OPEN
4938,N004292,N004294,R2469,29.8728398088168,OPEN
4939,N004293,N004295,R2470,318.0191727498493,OPEN
4940,N004295,N004293,R2470,318.0191727498493,OPEN
4941,N002433,N004296,R2471,310.1166124761554,OPEN
4942,N004296,N002433,R2471,310.1166124761554,OPEN
4943,N004297,N002371,R2472,53.160669737135095,OPEN
4944,N002371,N004297,R2472,53.160669737135095,OPEN
4945,N004295,N004297,R2473,1571.184522588135,OPEN
4946,N004297,N004295,R2473,1571.184522588135,OPEN
4947,N004298,N004299,R2474,2436.3797350656696,OPEN
4948,N004299,N004298,R2474,2436.3797350656696,OPEN
4949,N002372,N004298,R2475,48.650045141456005,OPEN
4950,N004298,N002372,R2475,48.650045141456005,OPEN
4951,N004300,N004301,R2476,1244.5486829106992,OPEN
4952,N004301,N004300,R2476,1244.5486829106992,OPEN
4953,N003038,N004300,R2477,34.0696326136302,OPEN
4954,N004300,N003038,R2477,34.0696326136302,OPEN
4955,N004301,N002373,R2478,578.6195971148381,OPEN
4956,N002373,N004301,R2478,578.6195971148381,OPEN
4957,N002374,N004302,R2479,2487.5001986998195,OPEN
4958,N004302,N002374,R2479,2487.5001986998195,OPEN
4959,N004303,N003001,R2480,4997.41507912738,OPEN
4960,N003001,N004303,R2480,4997.41507912738,OPEN
4961,N004304,N004303,R2481,629.2931265417972,OPEN
4962,N004303,N004304,R2481,629.2931265417972,OPEN
4963,N004305,N004304,R2482,785.7119815720478,OPEN
4964,N004304,N004305,R2482,785.7119815720478,OPEN
4965,N004306,N004307,R2483,415.1052190558619,OPEN
4966,N004307,N004306,R2483,415.1052190558619,OPEN
4967,N002375,N004306,R2484,15.895360112555501,OPEN
4968,N004306,N002375,R2484,15.895360112555501,OPEN
4969,N004308,N002998,R2485,684.902638674593,OPEN
4970,N002998,N004308,R2485,684.902638674593,OPEN
4971,N004307,N004308,R2486,28.3570147204852,OPEN
4972,N004308,N004307,R2486,28.3570147204852,OPEN
4973,N004309,N004310,R2487,2202.368629991501,OPEN
4974,N004310,N004309,R2487,2202.368629991501,OPEN
4975,N004311,N004312,R2488,133.4609543129488,OPEN
4976,N004312,N004311,R2488,133.4609543129488,OPEN
4977,N004313,N004311,R2489,1468.4207432095295,OPEN
4978,N004311,N004313,R2489,1468.4207432095295,OPEN
4979,N004314,N004313,R2490,57.8977292855673,OPEN
4980,N004313,N004314,R2490,57.8977292855673,OPEN
4981,N004315,N004316,R2491,18.8521544328798,OPEN
4982,N004316,N004315,R2491,18.8521544328798,OPEN
4983,N002971,N004315,R2492,369.35528872924937,OPEN
4984,N004315,N002971,R2492,369.35528872924937,OPEN
4985,N002386,N002348,R2493,8882.577697446372,OPEN
4986,N002348,N002386,R2493,8882.577697446372,OPEN
4987,N004317,N004318,R2494,765.4365624816922,OPEN
4988,N004318,N004317,R2494,765.4365624816922,OPEN
4989,N004319,N002276,R2495,8440.430896998614,OPEN
4990,N002276,N004319,R2495,8440.430896998614,OPEN
4991,N002344,N004319,R2496,64.2420453409217,OPEN
4992,N004319,N002344,R2496,64.2420453409217,OPEN
4993,N004320,N002333,R2497,4006.5004234404487,OPEN
4994,N002333,N004320,R2497,4006.5004234404487,OPEN
4995,N004321,N004320,R2498,42.5858533774831,OPEN
4996,N004320,N004321,R2498,42.5858533774831,OPEN
4997,N002347,N004322,R2499,9364.334204452442,OPEN
4998,N004322,N002347,R2499,9364.334204452442,OPEN
4999,N004322,N004323,R2500,670.0993976093739,OPEN
5000,N004323,N004322,R2500,670.0993976093739,OPEN
5001,N004323,N004324,R2501,677.5092590716574,OPEN
5002,N004324,N004323,R2501,677.5092590716574,OPEN
5003,N004324,N002340,R2502,2390.911809061609,OPEN
5004,N002340,N004324,R2502,2390.911809061609,OPEN
5005,N004325,N004326,R2503,2769.1937134018553,OPEN
5006,N004326,N004325,R2503,2769.1937134018553,OPEN
5007,N004327,N002507,R2504,1325.1103737172878,OPEN
5008,N002507,N004327,R2504,1325.1103737172878,OPEN
5009,N004328,N004327,R2505,70.4350317689546,OPEN
5010,N004327,N004328,R2505,70.4350317689546,OPEN
5011,N004329,N004202,R2506,955.5596928489796,OPEN
5012,N004202,N004329,R2506,955.5596928489796,OPEN
5013,N002866,N004330,R2507,1964.205283794304,OPEN
5014,N004330,N002866,R2507,1964.205283794304,OPEN
5015,N004331,N004332,R2508,16.3126931309228,OPEN
5016,N004332,N004331,R2508,16.3126931309228,OPEN
5017,N004333,N004331,R2509,2125.103671984914,OPEN
5018,N004331,N004333,R2509,2125.103671984914,OPEN
5019,N004022,N004333,R2510,5071.9137648932765,OPEN
5020,N004333,N004022,R2510,5071.9137648932765,OPEN
5021,N004334,N004335,R2511,15.6962623013443,OPEN
5022,N004335,N004334,R2511,15.6962623013443,OPEN
5023,N004336,N004334,R2512,6319.2342116157,OPEN
5024,N004334,N004336,R2512,6319.2342116157,OPEN
5025,N004337,N004338,R2513,8548.708699192977,OPEN
5026,N004338,N004337,R2513,8548.708699192977,OPEN
5027,N004335,N002376,R2514,8301.49107331433,OPEN
5028,N002376,N004335,R2514,8301.49107331433,OPEN
5029,N004302,N004336,R2515,8641.396920184998,OPEN
5030,N004336,N004302,R2515,8641.396920184998,OPEN
5031,N004339,N004340,R2516,907.7580537524435,OPEN
5032,N004340,N004339,R2516,907.7580537524435,OPEN
5033,N004340,N001248,R2517,69.3537237292572,OPEN
5034,N001248,N004340,R2517,69.3537237292572,OPEN
5035,N004341,N004339,R2518,678.6469790322652,OPEN
5036,N004339,N004341,R2518,678.6469790322652,OPEN
5037,N004342,N004343,R2519,797.4623012473013,OPEN
5038,N004343,N004342,R2519,797.4623012473013,OPEN
5039,N004344,N004342,R2520,35.8948438669309,OPEN
5040,N004342,N004344,R2520,35.8948438669309,OPEN
5041,N004343,N001047,R2521,223.1926798124222,OPEN
5042,N001047,N004343,R2521,223.1926798124222,OPEN
5043,N004345,N004344,R2522,870.359913955313,OPEN
5044,N004344,N004345,R2522,870.359913955313,OPEN
5045,N001047,N001052,R2523,242.91508189618068,OPEN
5046,N001052,N001047,R2523,242.91508189618068,OPEN
5047,N004346,N001295,R2524,18.003336147387397,OPEN
5048,N001295,N004346,R2524,18.003336147387397,OPEN
5049,N004347,N001180,R2525,14.6218003375739,OPEN
5050,N001180,N004347,R2525,14.6218003375739,OPEN
5051,N004348,N001295,R2526,18.5610192698665,OPEN
5052,N001295,N004348,R2526,18.5610192698665,OPEN
5053,N001180,N004349,R2527,13.041373800521901,OPEN
5054,N004349,N001180,R2527,13.041373800521901,OPEN
5055,N004350,N004350,R2528,42.6382297442937,OPEN
5056,N004350,N004350,R2528,42.6382297442937,OPEN
5057,N004351,N004352,R2529,5.8071126905239,OPEN
5058,N004352,N004351,R2529,5.8071126905239,OPEN
5059,N004353,N004354,R2530,6.03045592572,OPEN
5060,N004354,N004353,R2530,6.03045592572,OPEN
5061,N004355,N004356,R2531,3757.3440843500343,OPEN
5062,N004356,N004355,R2531,3757.3440843500343,OPEN
5063,N004357,N004358,R2532,92.0851892079806,OPEN
5064,N004358,N004357,R2532,92.0851892079806,OPEN
5065,N004359,N004360,R2533,416.1061135753144,OPEN
5066,N004360,N004359,R2533,416.1061135753144,OPEN
5067,N001186,N004361,R2534,1289.5193185631626,OPEN
5068,N004361,N001186,R2534,1289.5193185631626,OPEN
5069,N004362,N002888,R2535,34.7148381965087,OPEN
5070,N002888,N004362,R2535,34.7148381965087,OPEN
5071,N001370,N004363,R2536,10.5704828392125,OPEN
5072,N004363,N001370,R2536,10.5704828392125,OPEN
5073,N004364,N004097,R2537,8383.64938164988,OPEN
5074,N004097,N004364,R2537,8383.64938164988,OPEN
5075,N001438,N004364,R2538,26.307035425107898,OPEN
5076,N004364,N001438,R2538,26.307035425107898,OPEN
5077,N004365,N002799,R2539,23.802376130811798,OPEN
5078,N002799,N004365,R2539,23.802376130811798,OPEN
5079,N004366,N004365,R2540,106.9721953589215,OPEN
5080,N004365,N004366,R2540,106.9721953589215,OPEN
5081,N004367,N004366,R2541,28.3668321126887,OPEN
5082,N004366,N004367,R2541,28.3668321126887,OPEN
5083,N004368,N002801,R2542,1106.5826604370698,OPEN
5084,N002801,N004368,R2542,1106.5826604370698,OPEN
5085,N004369,N002873,R2543,12.297228274488901,OPEN
5086,N002873,N004369,R2543,12.297228274488901,OPEN
5087,N002872,N004369,R2544,17.9621493035883,OPEN
5088,N004369,N002872,R2544,17.9621493035883,OPEN
5089,N004370,N002869,R2545,11.7395815581906,OPEN
5090,N002869,N004370,R2545,11.7395815581906,OPEN
5091,N004371,N004370,R2546,4.4113725573018,OPEN
5092,N004370,N004371,R2546,4.4113725573018,OPEN
5093,N004372,N004373,R2547,34.505463695005496,OPEN
5094,N004373,N004372,R2547,34.505463695005496,OPEN
5095,N004374,N004375,R2548,974.5010249615805,OPEN
5096,N004375,N004374,R2548,974.5010249615805,OPEN
5097,N001583,N004376,R2549,68.7912869111642,OPEN
5098,N004376,N001583,R2549,68.7912869111642,OPEN
5099,N004376,N004372,R2550,9.465704249115499,OPEN
5100,N004372,N004376,R2550,9.465704249115499,OPEN
5101,N004373,N004377,R2551,1571.1964116600834,OPEN
5102,N004377,N004373,R2551,1571.1964116600834,OPEN
5103,N004378,N002892,R2552,22.4466022248405,OPEN
5104,N002892,N004378,R2552,22.4466022248405,OPEN
5105,N004379,N004378,R2553,56.8716771808016,OPEN
5106,N004378,N004379,R2553,56.8716771808016,OPEN
5107,N004380,N004379,R2554,468.67142882403977,OPEN
5108,N004379,N004380,R2554,468.67142882403977,OPEN
5109,N004381,N004382,R2555,2974.1618729226348,OPEN
5110,N004382,N004381,R2555,2974.1618729226348,OPEN
5111,N004383,N004384,R2556,13.3913764061389,OPEN
5112,N004384,N004383,R2556,13.3913764061389,OPEN
5113,N004384,N004381,R2557,57.7650680673474,OPEN
5114,N004381,N004384,R2557,57.7650680673474,OPEN
5115,N003364,N004383,R2558,55.2405350472633,OPEN
5116,N004383,N003364,R2558,55.2405350472633,OPEN
5117,N004385,N003356,R2559,36.5899464642189,OPEN
5118,N003356,N004385,R2559,36.5899464642189,OPEN
5119,N004386,N004385,R2560,649.6916633721114,OPEN
5120,N004385,N004386,R2560,649.6916633721114,OPEN
5121,N004387,N001573,R2561,951.2610786319572,OPEN
5122,N001573,N004387,R2561,951.2610786319572,OPEN
5123,N001579,N004387,R2562,55.759633822286496,OPEN
5124,N004387,N001579,R2562,55.759633822286496,OPEN
5125,N004388,N003211,R2563,1017.7013381088391,OPEN
5126,N003211,N004388,R2563,1017.7013381088391,OPEN
5127,N002897,N004388,R2564,93.4488954569905,OPEN
5128,N004388,N002897,R2564,93.4488954569905,OPEN
5129,N001891,N004389,R2565,17.2738432839664,OPEN
5130,N004389,N001891,R2565,17.2738432839664,OPEN
5131,N004389,N001889,R2566,2511.179608194936,OPEN
5132,N001889,N004389,R2566,2511.179608194936,OPEN
5133,N004390,N004391,R2567,1684.9582436981293,OPEN
5134,N004391,N004390,R2567,1684.9582436981293,OPEN
5135,N003243,N004390,R2568,74.0316157957923,OPEN
5136,N004390,N003243,R2568,74.0316157957923,OPEN
5137,N004392,N004393,R2569,25.9650825684513,OPEN
5138,N004393,N004392,R2569,25.9650825684513,OPEN
5139,N004393,N004394,R2570,29.4616343627345,OPEN
5140,N004394,N004393,R2570,29.4616343627345,OPEN
5141,N004394,N004395,R2571,232.14772774086282,OPEN
5142,N004395,N004394,R2571,232.14772774086282,OPEN
5143,N003241,N004392,R2572,23.7339539464095,OPEN
5144,N004392,N003241,R2572,23.7339539464095,OPEN
5145,N001605,N004396,R2573,38.1150187676106,OPEN
5146,N004396,N001605,R2573,38.1150187676106,OPEN
5147,N004396,N004397,R2574,2151.9489527416995,OPEN
5148,N004397,N004396,R2574,2151.9489527416995,OPEN
5149,N004398,N001544,R2575,1216.204605076543,OPEN
5150,N001544,N004398,R2575,1216.204605076543,OPEN
5151,N004398,N001544,R2576,1216.204605076543,OPEN
5152,N001544,N004398,R2576,1216.204605076543,OPEN
5153,N004134,N004399,R2577,6411.375991118992,OPEN
5154,N004399,N004134,R2577,6411.375991118992,OPEN
5155,N004400,N001472,R2578,315.0817599625339,OPEN
5156,N001472,N004400,R2578,315.0817599625339,OPEN
5157,N004401,N004123,R2579,655.867302043201,OPEN
5158,N004123,N004401,R2579,655.867302043201,OPEN
5159,N004402,N004403,R2580,982.9105468479032,OPEN
5160,N004403,N004402,R2580,982.9105468479032,OPEN
5161,N004404,N004405,R2581,3508.379709641898,OPEN
5162,N004405,N004404,R2581,3508.379709641898,OPEN
5163,N004406,N004407,R2582,1585.0969420247457,OPEN
5164,N004407,N004406,R2582,1585.0969420247457,OPEN
5165,N004408,N002529,R2583,594.3834259164081,OPEN
5166,N002529,N004408,R2583,594.3834259164081,OPEN
5167,N004409,N001352,R2584,382.20800686844444,OPEN
5168,N001352,N004409,R2584,382.20800686844444,OPEN
5169,N001305,N004410,R2585,13.3317967720581,OPEN
5170,N004410,N001305,R2585,13.3317967720581,OPEN
5171,N004411,N004412,R2586,24.4300421887409,OPEN
5172,N004412,N004411,R2586,24.4300421887409,OPEN
5173,N004413,N004411,R2587,23.351725275541803,OPEN
5174,N004411,N004413,R2587,23.351725275541803,OPEN
5175,N004414,N004415,R2588,15.871164332985298,OPEN
5176,N004415,N004414,R2588,15.871164332985298,OPEN
5177,N004416,N004414,R2589,22.6711247785613,OPEN
5178,N004414,N004416,R2589,22.6711247785613,OPEN
5179,N004417,N001305,R2590,11.9936344590513,OPEN
5180,N001305,N004417,R2590,11.9936344590513,OPEN
5181,N001348,N004414,R2591,57.5635385282845,OPEN
5182,N004414,N001348,R2591,57.5635385282845,OPEN
5183,N004410,N004410,R2592,81.04371518126639,OPEN
5184,N004410,N004410,R2592,81.04371518126639,OPEN
5185,N001784,N004418,R2593,18.5515970655364,OPEN
5186,N004418,N001784,R2593,18.5515970655364,OPEN
5187,N002475,N004419,R2594,2.7461638778464,OPEN
5188,N004419,N002475,R2594,2.7461638778464,OPEN
5189,N002472,N004420,R2595,83.65835775328249,OPEN
5190,N004420,N002472,R2595,83.65835775328249,OPEN
5191,N004421,N002472,R2596,87.0128941698458,OPEN
5192,N002472,N004421,R2596,87.0128941698458,OPEN
5193,N004419,N004422,R2597,2.2483024429839,OPEN
5194,N004422,N004419,R2597,2.2483024429839,OPEN
5195,N001795,N002071,R2598,39.874120561313504,OPEN
5196,N002071,N001795,R2598,39.874120561313504,OPEN
5197,N002073,N004423,R2599,77.9739083398395,OPEN
5198,N004423,N002073,R2599,77.9739083398395,OPEN
5199,N004424,N002073,R2600,75.642648230723,OPEN
5200,N002073,N004424,R2600,75.642648230723,OPEN
5201,N001802,N001799,R2601,80.2455825912043,OPEN
5202,N001799,N001802,R2601,80.2455825912043,OPEN
5203,N004425,N001801,R2602,119.0411734576848,OPEN
5204,N001801,N004425,R2602,119.0411734576848,OPEN
5205,N004426,N004427,R2603,40.073783528153896,OPEN
5206,N004427,N004426,R2603,40.073783528153896,OPEN
5207,N001793,N004425,R2604,122.3255009051492,OPEN
5208,N004425,N001793,R2604,122.3255009051492,OPEN
5209,N001799,N004428,R2605,96.8351437242748,OPEN
5210,N004428,N001799,R2605,96.8351437242748,OPEN
5211,N004428,N001793,R2606,48.7044350819087,OPEN
5212,N001793,N004428,R2606,48.7044350819087,OPEN
5213,N004429,N004430,R2607,677.761021311025,OPEN
5214,N004430,N004429,R2607,677.761021311025,OPEN
5215,N001347,N004431,R2608,15.9088166022093,OPEN
5216,N004431,N001347,R2608,15.9088166022093,OPEN
5217,N004432,N001347,R2609,14.6331049867879,OPEN
5218,N001347,N004432,R2609,14.6331049867879,OPEN
5219,N004433,N004434,R2610,22.362488040134,OPEN
5220,N004434,N004433,R2610,22.362488040134,OPEN
5221,N004435,N004433,R2611,23.3224212338338,OPEN
5222,N004433,N004435,R2611,23.3224212338338,OPEN
5223,N004436,N004436,R2612,62.6903449089804,OPEN
5224,N004436,N004436,R2612,62.6903449089804,OPEN
5225,N004437,N004433,R2613,385.6806443497948,OPEN
5226,N004433,N004437,R2613,385.6806443497948,OPEN
5227,N001766,N002074,R2614,73.3704008624988,OPEN
5228,N002074,N001766,R2614,73.3704008624988,OPEN
5229,N001763,N001765,R2615,206.6275226478658,OPEN
5230,N001765,N001763,R2615,206.6275226478658,OPEN
5231,N001761,N001765,R2616,19.010907536730198,OPEN
5232,N001765,N001761,R2616,19.010907536730198,OPEN
5233,N002023,N004438,R2617,537.9887394221212,OPEN
5234,N004438,N002023,R2617,537.9887394221212,OPEN
5235,N002023,N001796,R2618,72.5566402324955,OPEN
5236,N001796,N002023,R2618,72.5566402324955,OPEN
5237,N001785,N001796,R2619,176.9772465722385,OPEN
5238,N001796,N001785,R2619,176.9772465722385,OPEN
5239,N004418,N001795,R2620,24.315468066863,OPEN
5240,N001795,N004418,R2620,24.315468066863,OPEN
5241,N004418,N002071,R2621,28.6696438275834,OPEN
5242,N002071,N004418,R2621,28.6696438275834,OPEN
5243,N002072,N002475,R2622,233.9240970523184,OPEN
5244,N002475,N002072,R2622,233.9240970523184,OPEN
5245,N004422,N004418,R2623,22.6040920892651,OPEN
5246,N004418,N004422,R2623,22.6040920892651,OPEN
5247,N004419,N001784,R2624,31.891267870321197,OPEN
5248,N001784,N004419,R2624,31.891267870321197,OPEN
5249,N004419,N002071,R2625,41.597256419279496,OPEN
5250,N002071,N004419,R2625,41.597256419279496,OPEN
5251,N004439,N001265,R2626,141.3842297733375,OPEN
5252,N001265,N004439,R2626,141.3842297733375,OPEN
5253,N002122,N004439,R2627,22.5400804221078,OPEN
5254,N004439,N002122,R2627,22.5400804221078,OPEN
5255,N003685,N003135,R2628,1003.1134492446013,OPEN
5256,N003135,N003685,R2628,1003.1134492446013,OPEN
5257,N004440,N004441,R2629,81.9290821360437,OPEN
5258,N004441,N004440,R2629,81.9290821360437,OPEN
5259,N004442,N004443,R2630,108.5989820220644,OPEN
5260,N004443,N004442,R2630,108.5989820220644,OPEN
5261,N004444,N004442,R2631,154.62590086985782,OPEN
5262,N004442,N004444,R2631,154.62590086985782,OPEN
5263,N004445,N004444,R2632,107.5346779366194,OPEN
5264,N004444,N004445,R2632,107.5346779366194,OPEN
5265,N004441,N004445,R2633,198.6525507431114,OPEN
5266,N004445,N004441,R2633,198.6525507431114,OPEN
5267,N002519,N004440,R2634,403.6649083586813,OPEN
5268,N004440,N002519,R2634,403.6649083586813,OPEN
5269,N004446,N004447,R2635,540.5965714381293,OPEN
5270,N004447,N004446,R2635,540.5965714381293,OPEN
5271,N004448,N001917,R2636,2444.86535345456,OPEN
5272,N001917,N004448,R2636,2444.86535345456,OPEN
5273,N004449,N004450,R2637,404.4787500228233,OPEN
5274,N004450,N004449,R2637,404.4787500228233,OPEN
5275,N004451,N004452,R2638,420.2608893452556,OPEN
5276,N004452,N004451,R2638,420.2608893452556,OPEN
5277,N004453,N003092,R2639,485.5058703734589,OPEN
5278,N003092,N004453,R2639,485.5058703734589,OPEN
5279,N004454,N004455,R2640,439.7863079949627,OPEN
5280,N004455,N004454,R2640,439.7863079949627,OPEN
5281,N004456,N004457,R2641,189.7055647906025,OPEN
5282,N004457,N004456,R2641,189.7055647906025,OPEN
5283,N004458,N004451,R2642,190.6536741458808,OPEN
5284,N004451,N004458,R2642,190.6536741458808,OPEN
5285,N004459,N004453,R2643,245.84758691278068,OPEN
5286,N004453,N004459,R2643,245.84758691278068,OPEN
5287,N002423,N004460,R2644,80.461306971396,OPEN
5288,N004460,N002423,R2644,80.461306971396,OPEN
5289,N003084,N004461,R2645,154.1296933577277,OPEN
5290,N004461,N003084,R2645,154.1296933577277,OPEN
5291,N004462,N004463,R2646,143.58964963347807,OPEN
5292,N004463,N004462,R2646,143.58964963347807,OPEN
5293,N004464,N004465,R2647,525.7167647298444,OPEN
5294,N004465,N004464,R2647,525.7167647298444,OPEN
5295,N004466,N001582,R2648,901.9639352512484,OPEN
5296,N001582,N004466,R2648,901.9639352512484,OPEN
5297,N004375,N004467,R2649,10.5293722990417,OPEN
5298,N004467,N004375,R2649,10.5293722990417,OPEN
5299,N004468,N004466,R2650,10.0004159534971,OPEN
5300,N004466,N004468,R2650,10.0004159534971,OPEN
5301,N004467,N004468,R2651,5.2539487742448,OPEN
5302,N004468,N004467,R2651,5.2539487742448,OPEN
5303,N004469,N004470,R2652,973.3273341285412,OPEN
5304,N004470,N004469,R2652,973.3273341285412,OPEN
5305,N004471,N004472,R2653,483.9217529726182,OPEN
5306,N004472,N004471,R2653,483.9217529726182,OPEN
5307,N004473,N004474,R2654,475.3271898976559,OPEN
5308,N004474,N004473,R2654,475.3271898976559,OPEN
5309,N004475,N004476,R2655,617.0816449017317,OPEN
5310,N004476,N004475,R2655,617.0816449017317,OPEN
5311,N002874,N004475,R2656,9.030705811584498,OPEN
5312,N004475,N002874,R2656,9.030705811584498,OPEN
5313,N002802,N004367,R2657,350.87274063258076,OPEN
5314,N004367,N002802,R2657,350.87274063258076,OPEN
5315,N004477,N004478,R2658,247.812309719958,OPEN
5316,N004478,N004477,R2658,247.812309719958,OPEN
5317,N004479,N004480,R2659,166.6618074703072,OPEN
5318,N004480,N004479,R2659,166.6618074703072,OPEN
5319,N004234,N004481,R2660,202.1743451635794,OPEN
5320,N004481,N004234,R2660,202.1743451635794,OPEN
5321,N004482,N004470,R2661,1294.776002398832,OPEN
5322,N004470,N004482,R2661,1294.776002398832,OPEN
5323,N002050,N001358,R2662,42.6483299591851,OPEN
5324,N001358,N002050,R2662,42.6483299591851,OPEN
5325,N004483,N004484,R2663,41.9918852391354,OPEN
5326,N004484,N004483,R2663,41.9918852391354,OPEN
5327,N004438,N001762,R2664,43.796678986326,OPEN
5328,N001762,N004438,R2664,43.796678986326,OPEN
5329,N003873,N004485,R2665,243.5999969677985,OPEN
5330,N004485,N003873,R2665,243.5999969677985,OPEN
5331,N003873,N004485,R2666,243.5999969677985,OPEN
5332,N004485,N003873,R2666,243.5999969677985,OPEN
5333,N004486,N004485,R2667,3610.0888838855553,OPEN
5334,N004485,N004486,R2667,3610.0888838855553,OPEN
5335,N002556,N004487,R2668,814.6552648454971,OPEN
5336,N004487,N002556,R2668,814.6552648454971,OPEN
5337,N004030,N004488,R2669,50.2699111075057,OPEN
5338,N004488,N004030,R2669,50.2699111075057,OPEN
5339,N004488,N004489,R2670,948.1414946794646,OPEN
5340,N004489,N004488,R2670,948.1414946794646,OPEN
5341,N004490,N004401,R2671,44.4159245509683,OPEN
5342,N004401,N004490,R2671,44.4159245509683,OPEN
5343,N004491,N004490,R2672,108.3092531458453,OPEN
5344,N004490,N004491,R2672,108.3092531458453,OPEN
5345,N004492,N001892,R2673,161.0932496805429,OPEN
5346,N001892,N004492,R2673,161.0932496805429,OPEN
5347,N004493,N004494,R2674,5421.447003372071,OPEN
5348,N004494,N004493,R2674,5421.447003372071,OPEN
5349,N004495,N001036,R2675,42.8151355259749,OPEN
5350,N001036,N004495,R2675,42.8151355259749,OPEN
5351,N002790,N001036,R2676,8.714242604078999,OPEN
5352,N001036,N002790,R2676,8.714242604078999,OPEN
5353,N002798,N002792,R2677,878.833547187274,OPEN
5354,N002792,N002798,R2677,878.833547187274,OPEN
5355,N004496,N002789,R2678,19.302385728284502,OPEN
5356,N002789,N004496,R2678,19.302385728284502,OPEN
5357,N004497,N004498,R2679,99.94414764022639,OPEN
5358,N004498,N004497,R2679,99.94414764022639,OPEN
5359,N004499,N004500,R2680,175.2769295521819,OPEN
5360,N004500,N004499,R2680,175.2769295521819,OPEN
5361,N004501,N004502,R2681,658.4715781331995,OPEN
5362,N004502,N004501,R2681,658.4715781331995,OPEN
5363,N004503,N004504,R2682,15.939667630674801,OPEN
5364,N004504,N004503,R2682,15.939667630674801,OPEN
5365,N004505,N004506,R2683,516.4177325875644,OPEN
5366,N004506,N004505,R2683,516.4177325875644,OPEN
5367,N004507,N004508,R2684,1019.776036142284,OPEN
5368,N004508,N004507,R2684,1019.776036142284,OPEN
5369,N004509,N004314,R2685,1617.9651225184518,OPEN
5370,N004314,N004509,R2685,1617.9651225184518,OPEN
5371,N004510,N004511,R2686,535.1492102613821,OPEN
5372,N004511,N004510,R2686,535.1492102613821,OPEN
5373,N004512,N004513,R2687,386.7456904007353,OPEN
5374,N004513,N004512,R2687,386.7456904007353,OPEN
5375,N004514,N004515,R2688,37.153020306695105,OPEN
5376,N004515,N004514,R2688,37.153020306695105,OPEN
5377,N002770,N004514,R2689,135.1793900281252,OPEN
5378,N004514,N002770,R2689,135.1793900281252,OPEN
5379,N004515,N004516,R2690,313.3309404746479,OPEN
5380,N004516,N004515,R2690,313.3309404746479,OPEN
5381,N004517,N001032,R2691,59.613503807681695,OPEN
5382,N001032,N004517,R2691,59.613503807681695,OPEN
5383,N004518,N002767,R2692,300.7081712735732,OPEN
5384,N002767,N004518,R2692,300.7081712735732,OPEN
5385,N004511,N004518,R2693,28.3682418460344,OPEN
5386,N004518,N004511,R2693,28.3682418460344,OPEN
5387,N002436,N004519,R2694,39.9243104969307,OPEN
5388,N004519,N002436,R2694,39.9243104969307,OPEN
5389,N001069,N004520,R2695,65.37688654969139,OPEN
5390,N004520,N001069,R2695,65.37688654969139,OPEN
5391,N004520,N002434,R2696,47.2679437425526,OPEN
5392,N002434,N004520,R2696,47.2679437425526,OPEN
5393,N004519,N003624,R2697,79.4805739503054,OPEN
5394,N003624,N004519,R2697,79.4805739503054,OPEN
5395,N004521,N004522,R2698,29.7702336708941,OPEN
5396,N004522,N004521,R2698,29.7702336708941,OPEN
5397,N001495,N004521,R2699,28.1326043214176,OPEN
5398,N004521,N001495,R2699,28.1326043214176,OPEN
5399,N004523,N004524,R2700,408.0543747100761,OPEN
5400,N004524,N004523,R2700,408.0543747100761,OPEN
5401,N003166,N004525,R2701,1412.375431791478,OPEN
5402,N004525,N003166,R2701,1412.375431791478,OPEN
5403,N004525,N002726,R2702,9.144203405419,OPEN
5404,N002726,N004525,R2702,9.144203405419,OPEN
5405,N004316,N004526,R2703,2423.277860969289,OPEN
5406,N004526,N004316,R2703,2423.277860969289,OPEN
5407,N004527,N004528,R2704,11.3435037672544,OPEN
5408,N004528,N004527,R2704,11.3435037672544,OPEN
5409,N004529,N001396,R2705,496.0700404937392,OPEN
5410,N001396,N004529,R2705,496.0700404937392,OPEN
5411,N002202,N004530,R2706,3431.5074445211562,OPEN
5412,N004530,N002202,R2706,3431.5074445211562,OPEN
5413,N001254,N001261,R2707,495.1226303939552,OPEN
5414,N001261,N001254,R2707,495.1226303939552,OPEN
5415,N004531,N004532,R2708,1775.818926833438,OPEN
5416,N004532,N004531,R2708,1775.818926833438,OPEN
5417,N004533,N004534,R2709,21594.10068894719,OPEN
5418,N004534,N004533,R2709,21594.10068894719,OPEN
5419,N004535,N004533,R2710,21607.264198048753,OPEN
5420,N004533,N004535,R2710,21607.264198048753,OPEN
5421,N004533,N004536,R2711,175.2184858305414,OPEN
5422,N004536,N004533,R2711,175.2184858305414,OPEN
5423,N004536,N004537,R2712,805.1913033316957,OPEN
5424,N004537,N004536,R2712,805.1913033316957,OPEN
5425,N004538,N004537,R2713,617.7823953397545,OPEN
5426,N004537,N004538,R2713,617.7823953397545,OPEN
5427,N004537,N004536,R2714,785.3062659194579,OPEN
5428,N004536,N004537,R2714,785.3062659194579,OPEN
5429,N004538,N004539,R2715,1858.2795534123889,OPEN
5430,N004539,N004538,R2715,1858.2795534123889,OPEN
5431,N004539,N001569,R2716,897.3794762873358,OPEN
5432,N001569,N004539,R2716,897.3794762873358,OPEN
5433,N003339,N004540,R2717,166.7164804596043,OPEN
5434,N004540,N003339,R2717,166.7164804596043,OPEN
5435,N004540,N004538,R2718,2733.285458512415,OPEN
5436,N004538,N004540,R2718,2733.285458512415,OPEN
5437,N004541,N004542,R2719,7858.293092748889,OPEN
5438,N004542,N004541,R2719,7858.293092748889,OPEN
5439,N004543,N001741,R2720,1598.57893737413,OPEN
5440,N001741,N004543,R2720,1598.57893737413,OPEN
5441,N004544,N004545,R2721,3.3263973568836,OPEN
5442,N004545,N004544,R2721,3.3263973568836,OPEN
5443,N004546,N004544,R2722,15.5730467599828,OPEN
5444,N004544,N004546,R2722,15.5730467599828,OPEN
5445,N001747,N004546,R2723,20.2693588748098,OPEN
5446,N004546,N001747,R2723,20.2693588748098,OPEN
5447,N004547,N001245,R2724,107.0419607017225,OPEN
5448,N001245,N004547,R2724,107.0419607017225,OPEN
5449,N004548,N004545,R2725,12901.386989270472,OPEN
5450,N004545,N004548,R2725,12901.386989270472,OPEN
5451,N004549,N004550,R2726,12664.648806412937,OPEN
5452,N004550,N004549,R2726,12664.648806412937,OPEN
5453,N001247,N004551,R2727,187.5313447049271,OPEN
5454,N004551,N001247,R2727,187.5313447049271,OPEN
5455,N004534,N004548,R2728,15144.575216715408,OPEN
5456,N004548,N004534,R2728,15144.575216715408,OPEN
5457,N004534,N004548,R2729,15144.575216715408,OPEN
5458,N004548,N004534,R2729,15144.575216715408,OPEN
5459,N004550,N004535,R2730,15123.807320892769,OPEN
5460,N004535,N004550,R2730,15123.807320892769,OPEN
5461,N004550,N004535,R2731,15123.807320892769,OPEN
5462,N004535,N004550,R2731,15123.807320892769,OPEN
5463,N004552,N004232,R2732,4449.933040118089,OPEN
5464,N004232,N004552,R2732,4449.933040118089,OPEN
5465,N003763,N004552,R2733,6626.186688131363,OPEN
5466,N004552,N003763,R2733,6626.186688131363,OPEN
5467,N003764,N003762,R2734,1967.4724763500135,OPEN
5468,N003762,N003764,R2734,1967.4724763500135,OPEN
5469,N001875,N002697,R2735,330.4582902967121,OPEN
5470,N002697,N001875,R2735,330.4582902967121,OPEN
5471,N004553,N002099,R2736,398.6734730121304,OPEN
5472,N002099,N004553,R2736,398.6734730121304,OPEN
5473,N001148,N004553,R2737,78.4157800910231,OPEN
5474,N004553,N001148,R2737,78.4157800910231,OPEN
5475,N004554,N004555,R2738,2282.1765739662064,OPEN
5476,N004555,N004554,R2738,2282.1765739662064,OPEN
5477,N004556,N004554,R2739,20.1906645474972,OPEN
5478,N004554,N004556,R2739,20.1906645474972,OPEN
5479,N004557,N004558,R2740,2107.1389223097963,OPEN
5480,N004558,N004557,R2740,2107.1389223097963,OPEN
5481,N004558,N003550,R2741,44.749244502019,OPEN
5482,N003550,N004558,R2741,44.749244502019,OPEN
5483,N004559,N002651,R2742,772.8818416621357,OPEN
5484,N002651,N004559,R2742,772.8818416621357,OPEN
5485,N003551,N004559,R2743,254.1622982725138,OPEN
5486,N004559,N003551,R2743,254.1622982725138,OPEN
5487,N004560,N004561,R2744,1056.2888278550158,OPEN
5488,N004561,N004560,R2744,1056.2888278550158,OPEN
5489,N004562,N004560,R2745,14.0653843594557,OPEN
5490,N004560,N004562,R2745,14.0653843594557,OPEN
5491,N003546,N004562,R2746,59.132199946640604,OPEN
5492,N004562,N003546,R2746,59.132199946640604,OPEN
5493,N004563,N001798,R2747,97.2155125818656,OPEN
5494,N001798,N004563,R2747,97.2155125818656,OPEN
5495,N004223,N002734,R2748,152.6374725596644,OPEN
5496,N002734,N004223,R2748,152.6374725596644,OPEN
5497,N004411,N004409,R2749,506.4155898659746,OPEN
5498,N004409,N004411,R2749,506.4155898659746,OPEN
5499,N004564,N004565,R2750,3224.55784580508,OPEN
5500,N004565,N004564,R2750,3224.55784580508,OPEN
5501,N004566,N004567,R2751,9.1814608013058,OPEN
5502,N004567,N004566,R2751,9.1814608013058,OPEN
5503,N004568,N004569,R2752,182.9789583514706,OPEN
5504,N004569,N004568,R2752,182.9789583514706,OPEN
5505,N004569,N004570,R2753,10.628027497667201,OPEN
5506,N004570,N004569,R2753,10.628027497667201,OPEN
5507,N004570,N004571,R2754,31.348049463017098,OPEN
5508,N004571,N004570,R2754,31.348049463017098,OPEN
5509,N004571,N004572,R2755,13.2423101221286,OPEN
5510,N004572,N004571,R2755,13.2423101221286,OPEN
5511,N004572,N004573,R2756,126.31934893536089,OPEN
5512,N004573,N004572,R2756,126.31934893536089,OPEN
5513,N004573,N004574,R2757,16.896086584246202,OPEN
5514,N004574,N004573,R2757,16.896086584246202,OPEN
5515,N004528,N004575,R2758,139.3107907631059,OPEN
5516,N004575,N004528,R2758,139.3107907631059,OPEN
5517,N004576,N004568,R2759,10.6842828179806,OPEN
5518,N004568,N004576,R2759,10.6842828179806,OPEN
5519,N004577,N004576,R2760,20.045449398431998,OPEN
5520,N004576,N004577,R2760,20.045449398431998,OPEN
5521,N004575,N004577,R2761,10.583856378011,OPEN
5522,N004577,N004575,R2761,10.583856378011,OPEN
5523,N004578,N004527,R2762,63.09447746181999,OPEN
5524,N004527,N004578,R2762,63.09447746181999,OPEN
5525,N004526,N004578,R2763,12.5557268293687,OPEN
5526,N004578,N004526,R2763,12.5557268293687,OPEN
5527,N004579,N002784,R2764,49.002847086871,OPEN
5528,N002784,N004579,R2764,49.002847086871,OPEN
5529,N004460,N004459,R2765,42.6790750771976,OPEN
5530,N004459,N004460,R2765,42.6790750771976,OPEN
5531,N004580,N004581,R2766,106.659457219611,OPEN
5532,N004581,N004580,R2766,106.659457219611,OPEN
5533,N004582,N004454,R2767,126.62944359173039,OPEN
5534,N004454,N004582,R2767,126.62944359173039,OPEN
5535,N004454,N004583,R2768,506.66813773700284,OPEN
5536,N004583,N004454,R2768,506.66813773700284,OPEN
5537,N004584,N004585,R2769,184.3635744726379,OPEN
5538,N004585,N004584,R2769,184.3635744726379,OPEN
5539,N004452,N004584,R2770,25.9979982710347,OPEN
5540,N004584,N004452,R2770,25.9979982710347,OPEN
5541,N004586,N003770,R2771,1520.5974146504898,OPEN
5542,N003770,N004586,R2771,1520.5974146504898,OPEN
5543,N002158,N002001,R2772,8862.437390124238,OPEN
5544,N002001,N002158,R2772,8862.437390124238,OPEN
5545,N002158,N002001,R2773,8862.437390124238,OPEN
5546,N002001,N002158,R2773,8862.437390124238,OPEN
5547,N004587,N004588,R2774,3015.702010161439,OPEN
5548,N004588,N004587,R2774,3015.702010161439,OPEN
5549,N004587,N004589,R2775,333.9543512851319,OPEN
5550,N004589,N004587,R2775,333.9543512851319,OPEN
5551,N004590,N004549,R2776,279.1115426272582,OPEN
5552,N004549,N004590,R2776,279.1115426272582,OPEN
5553,N004543,N004591,R2777,649.1291840492395,OPEN
5554,N004591,N004543,R2777,649.1291840492395,OPEN
5555,N004545,N004543,R2778,644.1973890898581,OPEN
5556,N004543,N004545,R2778,644.1973890898581,OPEN
5557,N002698,N002011,R2779,132.8649329524341,OPEN
5558,N002011,N002698,R2779,132.8649329524341,OPEN
5559,N001291,N002910,R2780,229.5045706744052,OPEN
5560,N002910,N001291,R2780,229.5045706744052,OPEN
5561,N002910,N001199,R2781,242.5233111101482,OPEN
5562,N001199,N002910,R2781,242.5233111101482,OPEN
5563,N004592,N002497,R2782,103.01598309503309,OPEN
5564,N002497,N004592,R2782,103.01598309503309,OPEN
5565,N004516,N004512,R2783,29.7912798810144,OPEN
5566,N004512,N004516,R2783,29.7912798810144,OPEN
5567,N004593,N002176,R2784,29.9776829356639,OPEN
5568,N002176,N004593,R2784,29.9776829356639,OPEN
5569,N004594,N004595,R2785,4066.81454163973,OPEN
5570,N004595,N004594,R2785,4066.81454163973,OPEN
5571,N004594,N004595,R2786,4066.81454163973,OPEN
5572,N004595,N004594,R2786,4066.81454163973,OPEN
5573,N004596,N004597,R2787,4713.164213216753,OPEN
5574,N004597,N004596,R2787,4713.164213216753,OPEN
5575,N004596,N004597,R2788,4713.164213216753,OPEN
5576,N004597,N004596,R2788,4713.164213216753,OPEN
5577,N002179,N004596,R2789,11.9305689548823,OPEN
5578,N004596,N002179,R2789,11.9305689548823,OPEN
5579,N003312,N003313,R2790,38.0284384386092,OPEN
5580,N003313,N003312,R2790,38.0284384386092,OPEN
5581,N004598,N004599,R2791,25.8138404920422,OPEN
5582,N004599,N004598,R2791,25.8138404920422,OPEN
5583,N004600,N004598,R2792,23.5958970702101,OPEN
5584,N004598,N004600,R2792,23.5958970702101,OPEN
5585,N004601,N004600,R2793,1608.887919838189,OPEN
5586,N004600,N004601,R2793,1608.887919838189,OPEN
5587,N004602,N004599,R2794,3966.028952985998,OPEN
5588,N004599,N004602,R2794,3966.028952985998,OPEN
5589,N004603,N004599,R2795,4150.0234335171035,OPEN
5590,N004599,N004603,R2795,4150.0234335171035,OPEN
5591,N004604,N004605,R2796,1399.1716988954156,OPEN
5592,N004605,N004604,R2796,1399.1716988954156,OPEN
5593,N004606,N004607,R2797,2725.4292366762547,OPEN
5594,N004607,N004606,R2797,2725.4292366762547,OPEN
5595,N004608,N004609,R2798,17.9188593151827,OPEN
5596,N004609,N004608,R2798,17.9188593151827,OPEN
5597,N004610,N004611,R2799,259.01691288578786,OPEN
5598,N004611,N004610,R2799,259.01691288578786,OPEN
5599,N004605,N004610,R2800,9.560824568228401,OPEN
5600,N004610,N004605,R2800,9.560824568228401,OPEN
5601,N004612,N004613,R2801,272.6835245019071,OPEN
5602,N004613,N004612,R2801,272.6835245019071,OPEN
5603,N004613,N004604,R2802,52.3404618850808,OPEN
5604,N004604,N004613,R2802,52.3404618850808,OPEN
5605,N004613,N004604,R2803,52.3404618850808,OPEN
5606,N004604,N004613,R2803,52.3404618850808,OPEN
5607,N004614,N004615,R2804,2337.441465821262,OPEN
5608,N004615,N004614,R2804,2337.441465821262,OPEN
5609,N004616,N004617,R2805,1001.4480214788939,OPEN
5610,N004617,N004616,R2805,1001.4480214788939,OPEN
5611,N004607,N004618,R2806,62.600087823438706,OPEN
5612,N004618,N004607,R2806,62.600087823438706,OPEN
5613,N004619,N004620,R2807,1477.7042494496482,OPEN
5614,N004620,N004619,R2807,1477.7042494496482,OPEN
5615,N004619,N004620,R2808,1477.7042494496482,OPEN
5616,N004620,N004619,R2808,1477.7042494496482,OPEN
5617,N004621,N004619,R2809,10.3618369977396,OPEN
5618,N004619,N004621,R2809,10.3618369977396,OPEN
5619,N004622,N004621,R2810,1673.426867064135,OPEN
5620,N004621,N004622,R2810,1673.426867064135,OPEN
5621,N004622,N004621,R2811,1673.426867064135,OPEN
5622,N004621,N004622,R2811,1673.426867064135,OPEN
5623,N004623,N004622,R2812,39.8595609563498,OPEN
5624,N004622,N004623,R2812,39.8595609563498,OPEN
5625,N004617,N004614,R2813,32.3114368829214,OPEN
5626,N004614,N004617,R2813,32.3114368829214,OPEN
5627,N004624,N004625,R2814,267.7777215608259,OPEN
5628,N004625,N004624,R2814,267.7777215608259,OPEN
5629,N004626,N004624,R2815,13.3761180381843,OPEN
5630,N004624,N004626,R2815,13.3761180381843,OPEN
5631,N004627,N004628,R2816,15.095545878611901,OPEN
5632,N004628,N004627,R2816,15.095545878611901,OPEN
5633,N004629,N004627,R2817,302.1147636439307,OPEN
5634,N004627,N004629,R2817,302.1147636439307,OPEN
5635,N004630,N004629,R2818,7.2490509367878,OPEN
5636,N004629,N004630,R2818,7.2490509367878,OPEN
5637,N004631,N004630,R2819,932.0477517119424,OPEN
5638,N004630,N004631,R2819,932.0477517119424,OPEN
5639,N004628,N004626,R2820,3609.9004459695025,OPEN
5640,N004626,N004628,R2820,3609.9004459695025,OPEN
5641,N004632,N004631,R2821,17.5166334084221,OPEN
5642,N004631,N004632,R2821,17.5166334084221,OPEN
5643,N004633,N004634,R2822,2768.7409547423704,OPEN
5644,N004634,N004633,R2822,2768.7409547423704,OPEN
5645,N004635,N004633,R2823,17.5368713931907,OPEN
5646,N004633,N004635,R2823,17.5368713931907,OPEN
5647,N004636,N004635,R2824,3867.0768069994006,OPEN
5648,N004635,N004636,R2824,3867.0768069994006,OPEN
5649,N004637,N004636,R2825,15.210866903849501,OPEN
5650,N004636,N004637,R2825,15.210866903849501,OPEN
5651,N004638,N004632,R2826,1558.2293461870177,OPEN
5652,N004632,N004638,R2826,1558.2293461870177,OPEN
5653,N004634,N004639,R2827,12.5753073643022,OPEN
5654,N004639,N004634,R2827,12.5753073643022,OPEN
5655,N004640,N004641,R2828,13.020075244628599,OPEN
5656,N004641,N004640,R2828,13.020075244628599,OPEN
5657,N004642,N004640,R2829,571.3860958467357,OPEN
5658,N004640,N004642,R2829,571.3860958467357,OPEN
5659,N004643,N004642,R2830,12.3244094441737,OPEN
5660,N004642,N004643,R2830,12.3244094441737,OPEN
5661,N004625,N004643,R2831,4160.42614081581,OPEN
5662,N004643,N004625,R2831,4160.42614081581,OPEN
5663,N004644,N002465,R2832,12.6835048850386,OPEN
5664,N002465,N004644,R2832,12.6835048850386,OPEN
5665,N004645,N004644,R2833,1383.0641063096416,OPEN
5666,N004644,N004645,R2833,1383.0641063096416,OPEN
5667,N004646,N004645,R2834,18.669484473143,OPEN
5668,N004645,N004646,R2834,18.669484473143,OPEN
5669,N004647,N004646,R2835,698.1254914588061,OPEN
5670,N004646,N004647,R2835,698.1254914588061,OPEN
5671,N004648,N004647,R2836,14.8319934177201,OPEN
5672,N004647,N004648,R2836,14.8319934177201,OPEN
5673,N004649,N004648,R2837,2125.034721037621,OPEN
5674,N004648,N004649,R2837,2125.034721037621,OPEN
5675,N004650,N004649,R2838,11.0267228528583,OPEN
5676,N004649,N004650,R2838,11.0267228528583,OPEN
5677,N004641,N004650,R2839,3597.950992648909,OPEN
5678,N004650,N004641,R2839,3597.950992648909,OPEN
5679,N004651,N002677,R2840,1814.084930983964,OPEN
5680,N002677,N004651,R2840,1814.084930983964,OPEN
5681,N002031,N004651,R2841,24.7002107551315,OPEN
5682,N004651,N002031,R2841,24.7002107551315,OPEN
5683,N004652,N004653,R2842,34.069886299115495,OPEN
5684,N004653,N004652,R2842,34.069886299115495,OPEN
5685,N002032,N004652,R2843,4059.093625083806,OPEN
5686,N004652,N002032,R2843,4059.093625083806,OPEN
5687,N002051,N004654,R2844,79.6817492081007,OPEN
5688,N004654,N002051,R2844,79.6817492081007,OPEN
5689,N004655,N001139,R2845,28.180261344932198,OPEN
5690,N001139,N004655,R2845,28.180261344932198,OPEN
5691,N004654,N004655,R2846,5468.983678241287,OPEN
5692,N004655,N004654,R2846,5468.983678241287,OPEN
5693,N004656,N004657,R2847,2657.528801128932,OPEN
5694,N004657,N004656,R2847,2657.528801128932,OPEN
5695,N003621,N004656,R2848,35.2947879998244,OPEN
5696,N004656,N003621,R2848,35.2947879998244,OPEN
5697,N004658,N001896,R2849,1590.7441440136552,OPEN
5698,N001896,N004658,R2849,1590.7441440136552,OPEN
5699,N004657,N004658,R2850,39.884548783910496,OPEN
5700,N004658,N004657,R2850,39.884548783910496,OPEN
5701,N004659,N004660,R2851,1185.7032490416361,OPEN
5702,N004660,N004659,R2851,1185.7032490416361,OPEN
5703,N002019,N004661,R2852,11.583324087690999,OPEN
5704,N004661,N002019,R2852,11.583324087690999,OPEN
5705,N004591,N004549,R2853,269.7163646285231,OPEN
5706,N004549,N004591,R2853,269.7163646285231,OPEN
5707,N004662,N001874,R2854,580.0377776085305,OPEN
5708,N001874,N004662,R2854,580.0377776085305,OPEN
5709,N001380,N004662,R2855,2627.732681427962,OPEN
5710,N004662,N001380,R2855,2627.732681427962,OPEN
5711,N001874,N004662,R2856,583.2794861632354,OPEN
5712,N004662,N001874,R2856,583.2794861632354,OPEN
5713,N004663,N004541,R2857,15.4107269605338,OPEN
5714,N004541,N004663,R2857,15.4107269605338,OPEN
5715,N002697,N004663,R2858,3941.188750807243,OPEN
5716,N004663,N002697,R2858,3941.188750807243,OPEN
5717,N002011,N002696,R2859,123.7786046628554,OPEN
5718,N002696,N002011,R2859,123.7786046628554,OPEN
5719,N001764,N004664,R2860,153.79298720507182,OPEN
5720,N004664,N001764,R2860,153.79298720507182,OPEN
5721,N001873,N001764,R2861,129.2447911663501,OPEN
5722,N001764,N001873,R2861,129.2447911663501,OPEN
5723,N003872,N004665,R2862,134.2568492611782,OPEN
5724,N004665,N003872,R2862,134.2568492611782,OPEN
5725,N004226,N004666,R2863,6.186351364774399,OPEN
5726,N004666,N004226,R2863,6.186351364774399,OPEN
5727,N004667,N003069,R2864,845.283694562465,OPEN
5728,N003069,N004667,R2864,845.283694562465,OPEN
5729,N004668,N004669,R2865,32.333168809628106,OPEN
5730,N004669,N004668,R2865,32.333168809628106,OPEN
5731,N004670,N004671,R2866,7.1920792846392,OPEN
5732,N004671,N004670,R2866,7.1920792846392,OPEN
5733,N001009,N001267,R2867,377.454719783366,OPEN
5734,N001267,N001009,R2867,377.454719783366,OPEN
5735,N001218,N001010,R2868,815.5515954434284,OPEN
5736,N001010,N001218,R2868,815.5515954434284,OPEN
5737,N002428,N002430,R2869,132.2322829021941,OPEN
5738,N002430,N002428,R2869,132.2322829021941,OPEN
5739,N004672,N004673,R2870,749.9654239560775,OPEN
5740,N004673,N004672,R2870,749.9654239560775,OPEN
5741,N004674,N004675,R2871,3986.6520234664054,OPEN
5742,N004675,N004674,R2871,3986.6520234664054,OPEN
5743,N004676,N001222,R2872,12.860341044406,OPEN
5744,N001222,N004676,R2872,12.860341044406,OPEN
5745,N001865,N001400,R2873,315.57129831944206,OPEN
5746,N001400,N001865,R2873,315.57129831944206,OPEN
5747,N002882,N001865,R2874,2674.6892882192014,OPEN
5748,N001865,N002882,R2874,2674.6892882192014,OPEN
5749,N004677,N004678,R2875,675.037561928273,OPEN
5750,N004678,N004677,R2875,675.037561928273,OPEN
5751,N004679,N004680,R2876,100.7305025411891,OPEN
5752,N004680,N004679,R2876,100.7305025411891,OPEN
5753,N004040,N001268,R2877,11.0688878507599,OPEN
5754,N001268,N004040,R2877,11.0688878507599,OPEN
5755,N001268,N002260,R2878,186.2915723725623,OPEN
5756,N002260,N001268,R2878,186.2915723725623,OPEN
5757,N001843,N004677,R2879,685.009269231034,OPEN
5758,N004677,N001843,R2879,685.009269231034,OPEN
5759,N001831,N004678,R2880,329.8700322700357,OPEN
5760,N004678,N001831,R2880,329.8700322700357,OPEN
5761,N004678,N004681,R2881,335.4149083815755,OPEN
5762,N004681,N004678,R2881,335.4149083815755,OPEN
5763,N004682,N001020,R2882,314.0276640301561,OPEN
5764,N001020,N004682,R2882,314.0276640301561,OPEN
5765,N004683,N001843,R2883,640.7600774745971,OPEN
5766,N001843,N004683,R2883,640.7600774745971,OPEN
5767,N004684,N004683,R2884,426.35294865497656,OPEN
5768,N004683,N004684,R2884,426.35294865497656,OPEN
5769,N004685,N004684,R2885,133.1532072275256,OPEN
5770,N004684,N004685,R2885,133.1532072275256,OPEN
5771,N002812,N004685,R2886,137.40074903299578,OPEN
5772,N004685,N002812,R2886,137.40074903299578,OPEN
5773,N002509,N002508,R2887,660.4353382537516,OPEN
5774,N002508,N002509,R2887,660.4353382537516,OPEN
5775,N004250,N004686,R2888,228.91585951318018,OPEN
5776,N004686,N004250,R2888,228.91585951318018,OPEN
5777,N002407,N004687,R2889,364.2104697458947,OPEN
5778,N004687,N002407,R2889,364.2104697458947,OPEN
5779,N004688,N004689,R2890,245.4231980348493,OPEN
5780,N004689,N004688,R2890,245.4231980348493,OPEN
5781,N001833,N001832,R2891,278.6851566762502,OPEN
5782,N001832,N001833,R2891,278.6851566762502,OPEN
5783,N004689,N004690,R2892,244.1941412834458,OPEN
5784,N004690,N004689,R2892,244.1941412834458,OPEN
5785,N004689,N001832,R2893,298.173962551455,OPEN
5786,N001832,N004689,R2893,298.173962551455,OPEN
5787,N001833,N004677,R2894,195.654141731087,OPEN
5788,N004677,N001833,R2894,195.654141731087,OPEN
5789,N001023,N004691,R2895,3101.110346336105,OPEN
5790,N004691,N001023,R2895,3101.110346336105,OPEN
5791,N001023,N004692,R2896,135.22763610640982,OPEN
5792,N004692,N001023,R2896,135.22763610640982,OPEN
5793,N004693,N001022,R2897,2817.7747574456603,OPEN
5794,N001022,N004693,R2897,2817.7747574456603,OPEN
5795,N001814,N001399,R2898,32.569052623416404,OPEN
5796,N001399,N001814,R2898,32.569052623416404,OPEN
5797,N004691,N004694,R2899,2821.1844590408814,OPEN
5798,N004694,N004691,R2899,2821.1844590408814,OPEN
5799,N001638,N004695,R2900,1025.6873314051065,OPEN
5800,N004695,N001638,R2900,1025.6873314051065,OPEN
5801,N004696,N001638,R2901,1028.422406361012,OPEN
5802,N001638,N004696,R2901,1028.422406361012,OPEN
5803,N004697,N004698,R2902,10.1698850584889,OPEN
5804,N004698,N004697,R2902,10.1698850584889,OPEN
5805,N002049,N002048,R2903,417.7392047580051,OPEN
5806,N002048,N002049,R2903,417.7392047580051,OPEN
5807,N004699,N004700,R2904,3070.2944221687158,OPEN
5808,N004700,N004699,R2904,3070.2944221687158,OPEN
5809,N004699,N004700,R2905,3070.2944221687158,OPEN
5810,N004700,N004699,R2905,3070.2944221687158,OPEN
5811,N004701,N004702,R2906,1728.624123088142,OPEN
5812,N004702,N004701,R2906,1728.624123088142,OPEN
5813,N004700,N004701,R2907,8.175950097175999,OPEN
5814,N004701,N004700,R2907,8.175950097175999,OPEN
5815,N001786,N001373,R2908,21.358629091400402,OPEN
5816,N001373,N001786,R2908,21.358629091400402,OPEN
5817,N001742,N004703,R2909,21.1608752033864,OPEN
5818,N004703,N001742,R2909,21.1608752033864,OPEN
5819,N004703,N001745,R2910,741.7692716519242,OPEN
5820,N001745,N004703,R2910,741.7692716519242,OPEN
5821,N004704,N004705,R2911,55.3366898799234,OPEN
5822,N004705,N004704,R2911,55.3366898799234,OPEN
5823,N004705,N004699,R2912,1631.5452106861233,OPEN
5824,N004699,N004705,R2912,1631.5452106861233,OPEN
5825,N004706,N004704,R2913,223.8863828037112,OPEN
5826,N004704,N004706,R2913,223.8863828037112,OPEN
5827,N004707,N004706,R2914,3.1589429471650003,OPEN
5828,N004706,N004707,R2914,3.1589429471650003,OPEN
5829,N004708,N003876,R2915,1628.5532068830737,OPEN
5830,N003876,N004708,R2915,1628.5532068830737,OPEN
5831,N003878,N004708,R2916,14.040135147832899,OPEN
5832,N004708,N003878,R2916,14.040135147832899,OPEN
5833,N004709,N003888,R2917,8.1999624484308,OPEN
5834,N003888,N004709,R2917,8.1999624484308,OPEN
5835,N002685,N004710,R2918,4025.5743919659953,OPEN
5836,N004710,N002685,R2918,4025.5743919659953,OPEN
5837,N004618,N004711,R2919,281.87062349777904,OPEN
5838,N004711,N004618,R2919,281.87062349777904,OPEN
5839,N004711,N004616,R2920,34.5044395921947,OPEN
5840,N004616,N004711,R2920,34.5044395921947,OPEN
5841,N003635,N003636,R2921,5.323990667214099,OPEN
5842,N003636,N003635,R2921,5.323990667214099,OPEN
5843,N004712,N002013,R2922,3609.011552508626,OPEN
5844,N002013,N004712,R2922,3609.011552508626,OPEN
5845,N002012,N004712,R2923,24.3015440955246,OPEN
5846,N004712,N002012,R2923,24.3015440955246,OPEN
5847,N003901,N004713,R2924,223.4494979521344,OPEN
5848,N004713,N003901,R2924,223.4494979521344,OPEN
5849,N004713,N003898,R2925,6.53943819525,OPEN
5850,N003898,N004713,R2925,6.53943819525,OPEN
5851,N004714,N004659,R2926,35.5627270694293,OPEN
5852,N004659,N004714,R2926,35.5627270694293,OPEN
5853,N004661,N004714,R2927,801.6795583325196,OPEN
5854,N004714,N004661,R2927,801.6795583325196,OPEN
5855,N003641,N004715,R2928,26.3148989622694,OPEN
5856,N004715,N003641,R2928,26.3148989622694,OPEN
5857,N004715,N004716,R2929,2154.5976844951024,OPEN
5858,N004716,N004715,R2929,2154.5976844951024,OPEN
5859,N004717,N002016,R2930,46.0738450711958,OPEN
5860,N002016,N004717,R2930,46.0738450711958,OPEN
5861,N002209,N004717,R2931,6070.445313351958,OPEN
5862,N004717,N002209,R2931,6070.445313351958,OPEN
5863,N002389,N004718,R2932,3263.5617665766836,OPEN
5864,N004718,N002389,R2932,3263.5617665766836,OPEN
5865,N002389,N004718,R2933,3263.5617665766836,OPEN
5866,N004718,N002389,R2933,3263.5617665766836,OPEN
5867,N004718,N004719,R2934,28.6631886755945,OPEN
5868,N004719,N004718,R2934,28.6631886755945,OPEN
5869,N004720,N004721,R2935,3029.6393879945026,OPEN
5870,N004721,N004720,R2935,3029.6393879945026,OPEN
5871,N004722,N004723,R2936,1443.5342450089697,OPEN
5872,N004723,N004722,R2936,1443.5342450089697,OPEN
5873,N004724,N004725,R2937,517.0570391505826,OPEN
5874,N004725,N004724,R2937,517.0570391505826,OPEN
5875,N004725,N004720,R2938,22.622222020671998,OPEN
5876,N004720,N004725,R2938,22.622222020671998,OPEN
5877,N004726,N004486,R2939,1163.3431626421711,OPEN
5878,N004486,N004726,R2939,1163.3431626421711,OPEN
5879,N003899,N004726,R2940,5.5609825208984,OPEN
5880,N004726,N003899,R2940,5.5609825208984,OPEN
5881,N004727,N002662,R2941,3.2377507815663003,OPEN
5882,N002662,N004727,R2941,3.2377507815663003,OPEN
5883,N002664,N004727,R2942,1109.9368273643818,OPEN
5884,N004727,N002664,R2942,1109.9368273643818,OPEN
5885,N004728,N004729,R2943,1572.800003861886,OPEN
5886,N004729,N004728,R2943,1572.800003861886,OPEN
5887,N004729,N001118,R2944,16.3224518483241,OPEN
5888,N001118,N004729,R2944,16.3224518483241,OPEN
5889,N004730,N004731,R2945,2380.4235885542444,OPEN
5890,N004731,N004730,R2945,2380.4235885542444,OPEN
5891,N004732,N004730,R2946,13.5195754103783,OPEN
5892,N004730,N004732,R2946,13.5195754103783,OPEN
5893,N004733,N004732,R2947,371.44254639049166,OPEN
5894,N004732,N004733,R2947,371.44254639049166,OPEN
5895,N004710,N004733,R2948,12.5433848175454,OPEN
5896,N004733,N004710,R2948,12.5433848175454,OPEN
5897,N004734,N004735,R2949,30.380010886889497,OPEN
5898,N004735,N004734,R2949,30.380010886889497,OPEN
5899,N004736,N002388,R2950,6.3898850828081,OPEN
5900,N002388,N004736,R2950,6.3898850828081,OPEN
5901,N002381,N004736,R2951,876.0371683560918,OPEN
5902,N004736,N002381,R2951,876.0371683560918,OPEN
5903,N002381,N004736,R2952,876.0371683560918,OPEN
5904,N004736,N002381,R2952,876.0371683560918,OPEN
5905,N004737,N004738,R2953,1491.0265075182879,OPEN
5906,N004738,N004737,R2953,1491.0265075182879,OPEN
5907,N004738,N004739,R2954,11.793604809594699,OPEN
5908,N004739,N004738,R2954,11.793604809594699,OPEN
5909,N002052,N004740,R2955,1696.0091666332587,OPEN
5910,N004740,N002052,R2955,1696.0091666332587,OPEN
5911,N004740,N004741,R2956,14.784745452886101,OPEN
5912,N004741,N004740,R2956,14.784745452886101,OPEN
5913,N004741,N004742,R2957,679.1545305226625,OPEN
5914,N004742,N004741,R2957,679.1545305226625,OPEN
5915,N004742,N004743,R2958,14.1793883174454,OPEN
5916,N004743,N004742,R2958,14.1793883174454,OPEN
5917,N004743,N004744,R2959,310.6877810603572,OPEN
5918,N004744,N004743,R2959,310.6877810603572,OPEN
5919,N004744,N004745,R2960,45.4756060424061,OPEN
5920,N004745,N004744,R2960,45.4756060424061,OPEN
5921,N004745,N004746,R2961,82.7458430200398,OPEN
5922,N004746,N004745,R2961,82.7458430200398,OPEN
5923,N004746,N004747,R2962,14.885306647037499,OPEN
5924,N004747,N004746,R2962,14.885306647037499,OPEN
5925,N004747,N004748,R2963,187.64549636525018,OPEN
5926,N004748,N004747,R2963,187.64549636525018,OPEN
5927,N004748,N001116,R2964,73.3195409842082,OPEN
5928,N001116,N004748,R2964,73.3195409842082,OPEN
5929,N004749,N004750,R2965,12.3920658145963,OPEN
5930,N004750,N004749,R2965,12.3920658145963,OPEN
5931,N004751,N004752,R2966,9815.383494455593,OPEN
5932,N004752,N004751,R2966,9815.383494455593,OPEN
5933,N004751,N004752,R2967,9815.383494455593,OPEN
5934,N004752,N004751,R2967,9815.383494455593,OPEN
5935,N004753,N004749,R2968,11858.852139314464,OPEN
5936,N004749,N004753,R2968,11858.852139314464,OPEN
5937,N004753,N004749,R2969,11858.852139314464,OPEN
5938,N004749,N004753,R2969,11858.852139314464,OPEN
5939,N004754,N002480,R2970,13.9384107663706,OPEN
5940,N002480,N004754,R2970,13.9384107663706,OPEN
5941,N004755,N004754,R2971,533.4720686943112,OPEN
5942,N004754,N004755,R2971,533.4720686943112,OPEN
5943,N004756,N004755,R2972,13.2340294481624,OPEN
5944,N004755,N004756,R2972,13.2340294481624,OPEN
5945,N004486,N004756,R2973,5632.350974660269,OPEN
5946,N004756,N004486,R2973,5632.350974660269,OPEN
5947,N004739,N004757,R2974,1972.1486594179748,OPEN
5948,N004757,N004739,R2974,1972.1486594179748,OPEN
5949,N004758,N002657,R2975,1578.6561714936963,OPEN
5950,N002657,N004758,R2975,1578.6561714936963,OPEN
5951,N004757,N004758,R2976,25.911349010291797,OPEN
5952,N004758,N004757,R2976,25.911349010291797,OPEN
5953,N004759,N004760,R2977,1009.4211372987487,OPEN
5954,N004760,N004759,R2977,1009.4211372987487,OPEN
5955,N004620,N004759,R2978,33.594785196039794,OPEN
5956,N004759,N004620,R2978,33.594785196039794,OPEN
5957,N002687,N004761,R2979,4967.180749826079,OPEN
5958,N004761,N002687,R2979,4967.180749826079,OPEN
5959,N002687,N004761,R2980,4967.180749826079,OPEN
5960,N004761,N002687,R2980,4967.180749826079,OPEN
5961,N004721,N004761,R2981,8.4303674527937,OPEN
5962,N004761,N004721,R2981,8.4303674527937,OPEN
5963,N004762,N004763,R2982,2534.2609299338133,OPEN
5964,N004763,N004762,R2982,2534.2609299338133,OPEN
5965,N004762,N004763,R2983,2534.2609299338133,OPEN
5966,N004763,N004762,R2983,2534.2609299338133,OPEN
5967,N003892,N004764,R2984,3904.441241297291,OPEN
5968,N004764,N003892,R2984,3904.441241297291,OPEN
5969,N004764,N003885,R2985,13.752725322186901,OPEN
5970,N003885,N004764,R2985,13.752725322186901,OPEN
5971,N002393,N004765,R2986,10.6231083446292,OPEN
5972,N004765,N002393,R2986,10.6231083446292,OPEN
5973,N004765,N004766,R2987,859.534427144286,OPEN
5974,N004766,N004765,R2987,859.534427144286,OPEN
5975,N004766,N002391,R2988,14.0262798511481,OPEN
5976,N002391,N004766,R2988,14.0262798511481,OPEN
5977,N004767,N004768,R2989,7.8973934975423,OPEN
5978,N004768,N004767,R2989,7.8973934975423,OPEN
5979,N004768,N004769,R2990,706.0550870490254,OPEN
5980,N004769,N004768,R2990,706.0550870490254,OPEN
5981,N004769,N004638,R2991,31.438732071088,OPEN
5982,N004638,N004769,R2991,31.438732071088,OPEN
5983,N004639,N004767,R2992,561.3460157374046,OPEN
5984,N004767,N004639,R2992,561.3460157374046,OPEN
5985,N002383,N004770,R2993,592.2704041939367,OPEN
5986,N004770,N002383,R2993,592.2704041939367,OPEN
5987,N004770,N002387,R2994,12.360229312417301,OPEN
5988,N002387,N004770,R2994,12.360229312417301,OPEN
5989,N004771,N004337,R2995,11.3680135535381,OPEN
5990,N004337,N004771,R2995,11.3680135535381,OPEN
5991,N002377,N004771,R2996,607.6743366062659,OPEN
5992,N004771,N002377,R2996,607.6743366062659,OPEN
5993,N004772,N004773,R2997,4.423220580001,OPEN
5994,N004773,N004772,R2997,4.423220580001,OPEN
5995,N004773,N004774,R2998,128.3230813188442,OPEN
5996,N004774,N004773,R2998,128.3230813188442,OPEN
5997,N004774,N004775,R2999,17.915066474463398,OPEN
5998,N004775,N004774,R2999,17.915066474463398,OPEN
5999,N004776,N004772,R3000,175.1130666407846,OPEN
6000,N004772,N004776,R3000,175.1130666407846,OPEN
6001,N003883,N004776,R3001,10.0232935046464,OPEN
6002,N004776,N003883,R3001,10.0232935046464,OPEN
6003,N004775,N004709,R3002,592.082948529834,OPEN
6004,N004709,N004775,R3002,592.082948529834,OPEN
6005,N004777,N004778,R3003,15.901965709974702,OPEN
6006,N004778,N004777,R3003,15.901965709974702,OPEN
6007,N004779,N004777,R3004,305.4144319971287,OPEN
6008,N004777,N004779,R3004,305.4144319971287,OPEN
6009,N002029,N004779,R3005,7.2652656687081,OPEN
6010,N004779,N002029,R3005,7.2652656687081,OPEN
6011,N004778,N002673,R3006,2793.780345423645,OPEN
6012,N002673,N004778,R3006,2793.780345423645,OPEN
6013,N004778,N002673,R3007,2793.780345423645,OPEN
6014,N002673,N004778,R3007,2793.780345423645,OPEN
6015,N004780,N003881,R3008,9.5921853139742,OPEN
6016,N003881,N004780,R3008,9.5921853139742,OPEN
6017,N004781,N004780,R3009,1645.6597039345456,OPEN
6018,N004780,N004781,R3009,1645.6597039345456,OPEN
6019,N004782,N004783,R3010,1468.3020698921707,OPEN
6020,N004783,N004782,R3010,1468.3020698921707,OPEN
6021,N002041,N004782,R3011,4.9143607825991,OPEN
6022,N004782,N002041,R3011,4.9143607825991,OPEN
6023,N004567,N004784,R3012,1103.9526635467078,OPEN
6024,N004784,N004567,R3012,1103.9526635467078,OPEN
6025,N004784,N004785,R3013,12.798366710704299,OPEN
6026,N004785,N004784,R3013,12.798366710704299,OPEN
6027,N004785,N004786,R3014,177.8202852272407,OPEN
6028,N004786,N004785,R3014,177.8202852272407,OPEN
6029,N004786,N004564,R3015,14.3505318594604,OPEN
6030,N004564,N004786,R3015,14.3505318594604,OPEN
6031,N004787,N004788,R3016,156.6095153459973,OPEN
6032,N004788,N004787,R3016,156.6095153459973,OPEN
6033,N004788,N002457,R3017,14.818019448555,OPEN
6034,N002457,N004788,R3017,14.818019448555,OPEN
6035,N002263,N004789,R3018,1725.6525728171982,OPEN
6036,N004789,N002263,R3018,1725.6525728171982,OPEN
6037,N004789,N002264,R3019,12.274968774017099,OPEN
6038,N002264,N004789,R3019,12.274968774017099,OPEN
6039,N002683,N004790,R3020,13014.245801309236,OPEN
6040,N004790,N002683,R3020,13014.245801309236,OPEN
6041,N004791,N004753,R3021,9.3344822044191,OPEN
6042,N004753,N004791,R3021,9.3344822044191,OPEN
6043,N004792,N004791,R3022,3524.238714172345,OPEN
6044,N004791,N004792,R3022,3524.238714172345,OPEN
6045,N004792,N004791,R3023,3524.238714172345,OPEN
6046,N004791,N004792,R3023,3524.238714172345,OPEN
6047,N004793,N004794,R3024,73.5632991190492,OPEN
6048,N004794,N004793,R3024,73.5632991190492,OPEN
6049,N004795,N004793,R3025,34.0731766664503,OPEN
6050,N004793,N004795,R3025,34.0731766664503,OPEN
6051,N004796,N004797,R3026,11.439406819877,OPEN
6052,N004797,N004796,R3026,11.439406819877,OPEN
6053,N004794,N004796,R3027,783.5780332036258,OPEN
6054,N004796,N004794,R3027,783.5780332036258,OPEN
6055,N004798,N004799,R3028,591.3864673984119,OPEN
6056,N004799,N004798,R3028,591.3864673984119,OPEN
6057,N004800,N004798,R3029,11.731708230623601,OPEN
6058,N004798,N004800,R3029,11.731708230623601,OPEN
6059,N004799,N004792,R3030,12.1760761544934,OPEN
6060,N004792,N004799,R3030,12.1760761544934,OPEN
6061,N004797,N004800,R3031,2667.630375860251,OPEN
6062,N004800,N004797,R3031,2667.630375860251,OPEN
6063,N004801,N004802,R3032,8928.697708848997,OPEN
6064,N004802,N004801,R3032,8928.697708848997,OPEN
6065,N002265,N004803,R3033,41.599919652486896,OPEN
6066,N004803,N002265,R3033,41.599919652486896,OPEN
6067,N004803,N004566,R3034,3037.928167412145,OPEN
6068,N004566,N004803,R3034,3037.928167412145,OPEN
6069,N004804,N004805,R3035,3259.138584359095,OPEN
6070,N004805,N004804,R3035,3259.138584359095,OPEN
6071,N004806,N004807,R3036,6201.556475006153,OPEN
6072,N004807,N004806,R3036,6201.556475006153,OPEN
6073,N004807,N004802,R3037,62.7000736634984,OPEN
6074,N004802,N004807,R3037,62.7000736634984,OPEN
6075,N004808,N004809,R3038,5538.035080865674,OPEN
6076,N004809,N004808,R3038,5538.035080865674,OPEN
6077,N004565,N004810,R3039,464.5451637195757,OPEN
6078,N004810,N004565,R3039,464.5451637195757,OPEN
6079,N004811,N002724,R3040,14.0062735305425,OPEN
6080,N002724,N004811,R3040,14.0062735305425,OPEN
6081,N004812,N004811,R3041,41.286456748343696,OPEN
6082,N004811,N004812,R3041,41.286456748343696,OPEN
6083,N004810,N004812,R3042,6.5724988938193,OPEN
6084,N004812,N004810,R3042,6.5724988938193,OPEN
6085,N004813,N004814,R3043,3945.253125348764,OPEN
6086,N004814,N004813,R3043,3945.253125348764,OPEN
6087,N004723,N004813,R3044,25.319832859185798,OPEN
6088,N004813,N004723,R3044,25.319832859185798,OPEN
6089,N004815,N004816,R3045,581.2634147235891,OPEN
6090,N004816,N004815,R3045,581.2634147235891,OPEN
6091,N004816,N004722,R3046,8.1742728703758,OPEN
6092,N004722,N004816,R3046,8.1742728703758,OPEN
6093,N002689,N004817,R3047,241.1681916868478,OPEN
6094,N004817,N002689,R3047,241.1681916868478,OPEN
6095,N004817,N004815,R3048,7.760040927455,OPEN
6096,N004815,N004817,R3048,7.760040927455,OPEN
6097,N004818,N004819,R3049,78.80096396695099,OPEN
6098,N004819,N004818,R3049,78.80096396695099,OPEN
6099,N004819,N002033,R3050,27.1132262085385,OPEN
6100,N002033,N004819,R3050,27.1132262085385,OPEN
6101,N004820,N002378,R3051,7.839256997190401,OPEN
6102,N002378,N004820,R3051,7.839256997190401,OPEN
6103,N004821,N004820,R3052,1090.4005488091125,OPEN
6104,N004820,N004821,R3052,1090.4005488091125,OPEN
6105,N004790,N001752,R3053,12.5162092579363,OPEN
6106,N001752,N004790,R3053,12.5162092579363,OPEN
6107,N004822,N003897,R3054,351.46808494933043,OPEN
6108,N003897,N004822,R3054,351.46808494933043,OPEN
6109,N003890,N004822,R3055,6.5817432859588,OPEN
6110,N004822,N003890,R3055,6.5817432859588,OPEN
6111,N003897,N004823,R3056,869.0281315943075,OPEN
6112,N004823,N003897,R3056,869.0281315943075,OPEN
6113,N004823,N003891,R3057,9.0983225852747,OPEN
6114,N003891,N004823,R3057,9.0983225852747,OPEN
6115,N004653,N004824,R3058,1212.37492825829,OPEN
6116,N004824,N004653,R3058,1212.37492825829,OPEN
6117,N004824,N002030,R3059,13.2821882411654,OPEN
6118,N002030,N004824,R3059,13.2821882411654,OPEN
6119,N004606,N004611,R3060,108.5362824312524,OPEN
6120,N004611,N004606,R3060,108.5362824312524,OPEN
6121,N001152,N004825,R3061,9.4638864307871,OPEN
6122,N004825,N001152,R3061,9.4638864307871,OPEN
6123,N004825,N004305,R3062,1522.3506167006592,OPEN
6124,N004305,N004825,R3062,1522.3506167006592,OPEN
6125,N004018,N004826,R3063,250.11546136557473,OPEN
6126,N004826,N004018,R3063,250.11546136557473,OPEN
6127,N004826,N004827,R3064,18.6561478134311,OPEN
6128,N004827,N004826,R3064,18.6561478134311,OPEN
6129,N004828,N004829,R3065,3045.272211170772,OPEN
6130,N004829,N004828,R3065,3045.272211170772,OPEN
6131,N004830,N004831,R3066,15.3937528882265,OPEN
6132,N004831,N004830,R3066,15.3937528882265,OPEN
6133,N004832,N004830,R3067,143.9021748146367,OPEN
6134,N004830,N004832,R3067,143.9021748146367,OPEN
6135,N004833,N004832,R3068,33.933430246297696,OPEN
6136,N004832,N004833,R3068,33.933430246297696,OPEN
6137,N004834,N004835,R3069,15.3842267619592,OPEN
6138,N004835,N004834,R3069,15.3842267619592,OPEN
6139,N004836,N004834,R3070,643.0287783824617,OPEN
6140,N004834,N004836,R3070,643.0287783824617,OPEN
6141,N004837,N004836,R3071,20.785201307780202,OPEN
6142,N004836,N004837,R3071,20.785201307780202,OPEN
6143,N004838,N004837,R3072,715.724730912619,OPEN
6144,N004837,N004838,R3072,715.724730912619,OPEN
6145,N004829,N004838,R3073,4.3236278324908,OPEN
6146,N004838,N004829,R3073,4.3236278324908,OPEN
6147,N004835,N004839,R3074,167.57408241862328,OPEN
6148,N004839,N004835,R3074,167.57408241862328,OPEN
6149,N004839,N004840,R3075,10.9486930537096,OPEN
6150,N004840,N004839,R3075,10.9486930537096,OPEN
6151,N004840,N004841,R3076,167.1259668731569,OPEN
6152,N004841,N004840,R3076,167.1259668731569,OPEN
6153,N004841,N004842,R3077,13.5599352424108,OPEN
6154,N004842,N004841,R3077,13.5599352424108,OPEN
6155,N004843,N004844,R3078,2075.272077081938,OPEN
6156,N004844,N004843,R3078,2075.272077081938,OPEN
6157,N002484,N004845,R3079,7.5423723304145,OPEN
6158,N004845,N002484,R3079,7.5423723304145,OPEN
6159,N004845,N004846,R3080,72.005955102794,OPEN
6160,N004846,N004845,R3080,72.005955102794,OPEN
6161,N004846,N004843,R3081,7.7710651003494,OPEN
6162,N004843,N004846,R3081,7.7710651003494,OPEN
6163,N004847,N004019,R3082,12.602966963663901,OPEN
6164,N004019,N004847,R3082,12.602966963663901,OPEN
6165,N004827,N004847,R3083,1312.2981654933017,OPEN
6166,N004847,N004827,R3083,1312.2981654933017,OPEN
6167,N004848,N002691,R3084,1374.8942449042188,OPEN
6168,N002691,N004848,R3084,1374.8942449042188,OPEN
6169,N004849,N004828,R3085,9.6465221384711,OPEN
6170,N004828,N004849,R3085,9.6465221384711,OPEN
6171,N004850,N004849,R3086,300.868680277761,OPEN
6172,N004849,N004850,R3086,300.868680277761,OPEN
6173,N004851,N004850,R3087,24.07179792096,OPEN
6174,N004850,N004851,R3087,24.07179792096,OPEN
6175,N004831,N004851,R3088,288.0427756909911,OPEN
6176,N004851,N004831,R3088,288.0427756909911,OPEN
6177,N004609,N004606,R3089,43.3962683558477,OPEN
6178,N004606,N004609,R3089,43.3962683558477,OPEN
6179,N004611,N004608,R3090,46.366636346393406,OPEN
6180,N004608,N004611,R3090,46.366636346393406,OPEN
6181,N004852,N004853,R3091,1019.8509857439582,OPEN
6182,N004853,N004852,R3091,1019.8509857439582,OPEN
6183,N004854,N004855,R3092,514.3321291836874,OPEN
6184,N004855,N004854,R3092,514.3321291836874,OPEN
6185,N004855,N004856,R3093,12.0873377185601,OPEN
6186,N004856,N004855,R3093,12.0873377185601,OPEN
6187,N004856,N004857,R3094,402.8383800943578,OPEN
6188,N004857,N004856,R3094,402.8383800943578,OPEN
6189,N004857,N004852,R3095,11.484073681021599,OPEN
6190,N004852,N004857,R3095,11.484073681021599,OPEN
6191,N004858,N003893,R3096,1148.0057017215736,OPEN
6192,N003893,N004858,R3096,1148.0057017215736,OPEN
6193,N003895,N004858,R3097,9.0371231196638,OPEN
6194,N004858,N003895,R3097,9.0371231196638,OPEN
6195,N004859,N004860,R3098,1072.8057465817344,OPEN
6196,N004860,N004859,R3098,1072.8057465817344,OPEN
6197,N004809,N004859,R3099,24.2358380166784,OPEN
6198,N004859,N004809,R3099,24.2358380166784,OPEN
6199,N004750,N004719,R3100,1512.1006413475486,OPEN
6200,N004719,N004750,R3100,1512.1006413475486,OPEN
6201,N004861,N004862,R3101,2505.9530710880426,OPEN
6202,N004862,N004861,R3101,2505.9530710880426,OPEN
6203,N004861,N004862,R3102,2505.9530710880426,OPEN
6204,N004862,N004861,R3102,2505.9530710880426,OPEN
6205,N004863,N004864,R3103,3925.1082073258467,OPEN
6206,N004864,N004863,R3103,3925.1082073258467,OPEN
6207,N002390,N004863,R3104,12.607651636902801,OPEN
6208,N004863,N002390,R3104,12.607651636902801,OPEN
6209,N004865,N002385,R3105,711.1605017592161,OPEN
6210,N002385,N004865,R3105,711.1605017592161,OPEN
6211,N004866,N004865,R3106,9.5892656343254,OPEN
6212,N004865,N004866,R3106,9.5892656343254,OPEN
6213,N004867,N004866,R3107,1190.7083842781633,OPEN
6214,N004866,N004867,R3107,1190.7083842781633,OPEN
6215,N004864,N004867,R3108,13.034823526309099,OPEN
6216,N004867,N004864,R3108,13.034823526309099,OPEN
6217,N004615,N004868,R3109,56.669222800975405,OPEN
6218,N004868,N004615,R3109,56.669222800975405,OPEN
6219,N004868,N004623,R3110,99.5120180809389,OPEN
6220,N004623,N004868,R3110,99.5120180809389,OPEN
6221,N004869,N004870,R3111,912.9302412634181,OPEN
6222,N004870,N004869,R3111,912.9302412634181,OPEN
6223,N004870,N004871,R3112,30.6413609349216,OPEN
6224,N004871,N004870,R3112,30.6413609349216,OPEN
6225,N004872,N004873,R3113,23.4519313193261,OPEN
6226,N004873,N004872,R3113,23.4519313193261,OPEN
6227,N004874,N004873,R3114,2399.447574091366,OPEN
6228,N004873,N004874,R3114,2399.447574091366,OPEN
6229,N004875,N004876,R3115,17.3774506967136,OPEN
6230,N004876,N004875,R3115,17.3774506967136,OPEN
6231,N004876,N004872,R3116,1018.0873477895882,OPEN
6232,N004872,N004876,R3116,1018.0873477895882,OPEN
6233,N004877,N004878,R3117,13.5693912452032,OPEN
6234,N004878,N004877,R3117,13.5693912452032,OPEN
6235,N004878,N004875,R3118,532.2972978464377,OPEN
6236,N004875,N004878,R3118,532.2972978464377,OPEN
6237,N004879,N004880,R3119,2436.514054731158,OPEN
6238,N004880,N004879,R3119,2436.514054731158,OPEN
6239,N004881,N004882,R3120,11.0828521875628,OPEN
6240,N004882,N004881,R3120,11.0828521875628,OPEN
6241,N004883,N004884,R3121,1370.2905862021214,OPEN
6242,N004884,N004883,R3121,1370.2905862021214,OPEN
6243,N004885,N004886,R3122,15.9567974775115,OPEN
6244,N004886,N004885,R3122,15.9567974775115,OPEN
6245,N004886,N004887,R3123,467.10956842332257,OPEN
6246,N004887,N004886,R3123,467.10956842332257,OPEN
6247,N004882,N004885,R3124,1074.104650917091,OPEN
6248,N004885,N004882,R3124,1074.104650917091,OPEN
6249,N003040,N003036,R3125,54.8397814924138,OPEN
6250,N003036,N003040,R3125,54.8397814924138,OPEN
6251,N004888,N004889,R3126,1207.7280102979755,OPEN
6252,N004889,N004888,R3126,1207.7280102979755,OPEN
6253,N002671,N004888,R3127,22.9442123065039,OPEN
6254,N004888,N002671,R3127,22.9442123065039,OPEN
6255,N004890,N004891,R3128,16.2460457855669,OPEN
6256,N004891,N004890,R3128,16.2460457855669,OPEN
6257,N004892,N004890,R3129,986.8778437798836,OPEN
6258,N004890,N004892,R3129,986.8778437798836,OPEN
6259,N003155,N003164,R3130,175.3497630884824,OPEN
6260,N003164,N003155,R3130,175.3497630884824,OPEN
6261,N004893,N004833,R3131,1019.5584422299704,OPEN
6262,N004833,N004893,R3131,1019.5584422299704,OPEN
6263,N004889,N004893,R3132,20.9274122623424,OPEN
6264,N004893,N004889,R3132,20.9274122623424,OPEN
6265,N002316,N004894,R3133,6.6835909656467,OPEN
6266,N004894,N002316,R3133,6.6835909656467,OPEN
6267,N004894,N002338,R3134,630.0892814256259,OPEN
6268,N002338,N004894,R3134,630.0892814256259,OPEN
6269,N004895,N004896,R3135,1838.6592848972905,OPEN
6270,N004896,N004895,R3135,1838.6592848972905,OPEN
6271,N004814,N004895,R3136,8.1406483519818,OPEN
6272,N004895,N004814,R3136,8.1406483519818,OPEN
6273,N002343,N002112,R3137,8.9063947926569,OPEN
6274,N002112,N002343,R3137,8.9063947926569,OPEN
6275,N004332,N004897,R3138,1429.2783070991406,OPEN
6276,N004897,N004332,R3138,1429.2783070991406,OPEN
6277,N004897,N004898,R3139,8.4225076537286,OPEN
6278,N004898,N004897,R3139,8.4225076537286,OPEN
6279,N004899,N004900,R3140,8.1218689523092,OPEN
6280,N004900,N004899,R3140,8.1218689523092,OPEN
6281,N004900,N002323,R3141,1318.8956107274741,OPEN
6282,N002323,N004900,R3141,1318.8956107274741,OPEN
6283,N004901,N002977,R3142,17.7750106359662,OPEN
6284,N002977,N004901,R3142,17.7750106359662,OPEN
6285,N002976,N004901,R3143,169.6609577519415,OPEN
6286,N004901,N002976,R3143,169.6609577519415,OPEN
6287,N004902,N002970,R3144,2004.8206706507003,OPEN
6288,N002970,N004902,R3144,2004.8206706507003,OPEN
6289,N002973,N004902,R3145,12.2221300652662,OPEN
6290,N004902,N002973,R3145,12.2221300652662,OPEN
6291,N004842,N004903,R3146,714.9379756262412,OPEN
6292,N004903,N004842,R3146,714.9379756262412,OPEN
6293,N004903,N002972,R3147,9.586483355618101,OPEN
6294,N002972,N004903,R3147,9.586483355618101,OPEN
6295,N004904,N002325,R3148,563.3956364767384,OPEN
6296,N002325,N004904,R3148,563.3956364767384,OPEN
6297,N004905,N004904,R3149,9.429263804792601,OPEN
6298,N004904,N004905,R3149,9.429263804792601,OPEN
6299,N002326,N004906,R3150,1058.818965629574,OPEN
6300,N004906,N002326,R3150,1058.818965629574,OPEN
6301,N004906,N004907,R3151,8.469151327091101,OPEN
6302,N004907,N004906,R3151,8.469151327091101,OPEN
6303,N004907,N004908,R3152,383.9244830985867,OPEN
6304,N004908,N004907,R3152,383.9244830985867,OPEN
6305,N004908,N002286,R3153,9.7992975523475,OPEN
6306,N002286,N004908,R3153,9.7992975523475,OPEN
6307,N004909,N004294,R3154,148.4988957852195,OPEN
6308,N004294,N004909,R3154,148.4988957852195,OPEN
6309,N004296,N004909,R3155,11.7061428678399,OPEN
6310,N004909,N004296,R3155,11.7061428678399,OPEN
6311,N004910,N004911,R3156,1402.6392223290968,OPEN
6312,N004911,N004910,R3156,1402.6392223290968,OPEN
6313,N004912,N002040,R3157,26.2663404804819,OPEN
6314,N002040,N004912,R3157,26.2663404804819,OPEN
6315,N004913,N004912,R3158,217.0156450844517,OPEN
6316,N004912,N004913,R3158,217.0156450844517,OPEN
6317,N004911,N004913,R3159,32.6403576921021,OPEN
6318,N004913,N004911,R3159,32.6403576921021,OPEN
6319,N004871,N004914,R3160,1004.9389555591557,OPEN
6320,N004914,N004871,R3160,1004.9389555591557,OPEN
6321,N004914,N004910,R3161,14.4046139207421,OPEN
6322,N004910,N004914,R3161,14.4046139207421,OPEN
6323,N002320,N004915,R3162,10.250383935633401,OPEN
6324,N004915,N002320,R3162,10.250383935633401,OPEN
6325,N004915,N004321,R3163,2083.6299257124133,OPEN
6326,N004321,N004915,R3163,2083.6299257124133,OPEN
6327,N004916,N002483,R3164,5.5349595116461,OPEN
6328,N002483,N004916,R3164,5.5349595116461,OPEN
6329,N003163,N004916,R3165,501.26560259746987,OPEN
6330,N004916,N003163,R3165,501.26560259746987,OPEN
6331,N004898,N004917,R3166,291.959743650362,OPEN
6332,N004917,N004898,R3166,291.959743650362,OPEN
6333,N004917,N004021,R3167,8.1191443709729,OPEN
6334,N004021,N004917,R3167,8.1191443709729,OPEN
6335,N004918,N004919,R3168,1284.935498603582,OPEN
6336,N004919,N004918,R3168,1284.935498603582,OPEN
6337,N004920,N004918,R3169,39.1580756450807,OPEN
6338,N004918,N004920,R3169,39.1580756450807,OPEN
6339,N002309,N004921,R3170,1925.3627841683985,OPEN
6340,N004921,N002309,R3170,1925.3627841683985,OPEN
6341,N004922,N002670,R3171,13.166125870496598,OPEN
6342,N002670,N004922,R3171,13.166125870496598,OPEN
6343,N004923,N004922,R3172,61.408574593507204,OPEN
6344,N004922,N004923,R3172,61.408574593507204,OPEN
6345,N004924,N004923,R3173,12.504085463262,OPEN
6346,N004923,N004924,R3173,12.504085463262,OPEN
6347,N004925,N004924,R3174,130.0115331271817,OPEN
6348,N004924,N004925,R3174,130.0115331271817,OPEN
6349,N004921,N004925,R3175,8.313368967191598,OPEN
6350,N004925,N004921,R3175,8.313368967191598,OPEN
6351,N004926,N001285,R3176,10.6316983795648,OPEN
6352,N001285,N004926,R3176,10.6316983795648,OPEN
6353,N004574,N004926,R3177,405.66204624363013,OPEN
6354,N004926,N004574,R3177,405.66204624363013,OPEN
6355,N004927,N004928,R3178,146.4406525307831,OPEN
6356,N004928,N004927,R3178,146.4406525307831,OPEN
6357,N003146,N004927,R3179,7.598347706378701,OPEN
6358,N004927,N003146,R3179,7.598347706378701,OPEN
6359,N002305,N004929,R3180,2100.687933752591,OPEN
6360,N004929,N002305,R3180,2100.687933752591,OPEN
6361,N004929,N002274,R3181,29.4439052408464,OPEN
6362,N002274,N004929,R3181,29.4439052408464,OPEN
6363,N004919,N004930,R3182,7.8813471052064,OPEN
6364,N004930,N004919,R3182,7.8813471052064,OPEN
6365,N004930,N004931,R3183,418.7036696361144,OPEN
6366,N004931,N004930,R3183,418.7036696361144,OPEN
6367,N002113,N004932,R3184,9.8669551985797,OPEN
6368,N004932,N002113,R3184,9.8669551985797,OPEN
6369,N004932,N004933,R3185,153.01872845165198,OPEN
6370,N004933,N004932,R3185,153.01872845165198,OPEN
6371,N004933,N004934,R3186,9.270052930092001,OPEN
6372,N004934,N004933,R3186,9.270052930092001,OPEN
6373,N004934,N004920,R3187,365.0885474893358,OPEN
6374,N004920,N004934,R3187,365.0885474893358,OPEN
6375,N004931,N004935,R3188,12.846152148562298,OPEN
6376,N004935,N004931,R3188,12.846152148562298,OPEN
6377,N004935,N004905,R3189,494.27867888075934,OPEN
6378,N004905,N004935,R3189,494.27867888075934,OPEN
6379,N004936,N004877,R3190,1448.6079647689712,OPEN
6380,N004877,N004936,R3190,1448.6079647689712,OPEN
6381,N004880,N004937,R3191,24.0156796573643,OPEN
6382,N004937,N004880,R3191,24.0156796573643,OPEN
6383,N004938,N002020,R3192,270.2016783987709,OPEN
6384,N002020,N004938,R3192,270.2016783987709,OPEN
6385,N001787,N004938,R3193,7.4616697909214,OPEN
6386,N004938,N001787,R3193,7.4616697909214,OPEN
6387,N004939,N002968,R3194,518.7475786860767,OPEN
6388,N002968,N004939,R3194,518.7475786860767,OPEN
6389,N001117,N004939,R3195,36.3902649322903,OPEN
6390,N004939,N001117,R3195,36.3902649322903,OPEN
6391,N004940,N004941,R3196,308.3824704731661,OPEN
6392,N004941,N004940,R3196,308.3824704731661,OPEN
6393,N002339,N004942,R3197,126.701841655842,OPEN
6394,N004942,N002339,R3197,126.701841655842,OPEN
6395,N004942,N002288,R3198,11.0375288992728,OPEN
6396,N002288,N004942,R3198,11.0375288992728,OPEN
6397,N003618,N004943,R3199,28.5079977297099,OPEN
6398,N004943,N003618,R3199,28.5079977297099,OPEN
6399,N004943,N004944,R3200,2579.278510448439,OPEN
6400,N004944,N004943,R3200,2579.278510448439,OPEN
6401,N004945,N004946,R3201,829.9592663198232,OPEN
6402,N004946,N004945,R3201,829.9592663198232,OPEN
6403,N004947,N004948,R3202,473.84577168490597,OPEN
6404,N004948,N004947,R3202,473.84577168490597,OPEN
6405,N004949,N004945,R3203,20.6773450749263,OPEN
6406,N004945,N004949,R3203,20.6773450749263,OPEN
6407,N004950,N004951,R3204,14.565413816287,OPEN
6408,N004951,N004950,R3204,14.565413816287,OPEN
6409,N004951,N004947,R3205,48.1225203513838,OPEN
6410,N004947,N004951,R3205,48.1225203513838,OPEN
6411,N004952,N004899,R3206,671.5788254474948,OPEN
6412,N004899,N004952,R3206,671.5788254474948,OPEN
6413,N002293,N004952,R3207,13.5383680667293,OPEN
6414,N004952,N002293,R3207,13.5383680667293,OPEN
6415,N004884,N004953,R3208,1686.9417740116323,OPEN
6416,N004953,N004884,R3208,1686.9417740116323,OPEN
6417,N002279,N004954,R3209,9.5168130503352,OPEN
6418,N004954,N002279,R3209,9.5168130503352,OPEN
6419,N004954,N002335,R3210,1385.2228327979478,OPEN
6420,N002335,N004954,R3210,1385.2228327979478,OPEN
6421,N004955,N004956,R3211,57.3264657478628,OPEN
6422,N004956,N004955,R3211,57.3264657478628,OPEN
6423,N004956,N004957,R3212,169.7313523039588,OPEN
6424,N004957,N004956,R3212,169.7313523039588,OPEN
6425,N004957,N004958,R3213,20.4693148963763,OPEN
6426,N004958,N004957,R3213,20.4693148963763,OPEN
6427,N004959,N004960,R3214,957.3323435629264,OPEN
6428,N004960,N004959,R3214,957.3323435629264,OPEN
6429,N004961,N004962,R3215,2233.595672718876,OPEN
6430,N004962,N004961,R3215,2233.595672718876,OPEN
6431,N004960,N004961,R3216,21.383186576449198,OPEN
6432,N004961,N004960,R3216,21.383186576449198,OPEN
6433,N004963,N004964,R3217,2609.9004194441336,OPEN
6434,N004964,N004963,R3217,2609.9004194441336,OPEN
6435,N004963,N004964,R3218,2609.9004194441336,OPEN
6436,N004964,N004963,R3218,2609.9004194441336,OPEN
6437,N004964,N004965,R3219,21.0889124484878,OPEN
6438,N004965,N004964,R3219,21.0889124484878,OPEN
6439,N004966,N004963,R3220,52.9351285175738,OPEN
6440,N004963,N004966,R3220,52.9351285175738,OPEN
6441,N004114,N004966,R3221,3203.4347226423524,OPEN
6442,N004966,N004114,R3221,3203.4347226423524,OPEN
6443,N004967,N002458,R3222,2994.563429641002,OPEN
6444,N002458,N004967,R3222,2994.563429641002,OPEN
6445,N004962,N004967,R3223,46.1713817678611,OPEN
6446,N004967,N004962,R3223,46.1713817678611,OPEN
6447,N004968,N004707,R3224,1397.1880909044112,OPEN
6448,N004707,N004968,R3224,1397.1880909044112,OPEN
6449,N004716,N004968,R3225,8.229002142670101,OPEN
6450,N004968,N004716,R3225,8.229002142670101,OPEN
6451,N004014,N004969,R3226,343.90725970509203,OPEN
6452,N004969,N004014,R3226,343.90725970509203,OPEN
6453,N004969,N004013,R3227,13.0927915896579,OPEN
6454,N004013,N004969,R3227,13.0927915896579,OPEN
6455,N002318,N004970,R3228,34.7419800315941,OPEN
6456,N004970,N002318,R3228,34.7419800315941,OPEN
6457,N004970,N002312,R3229,510.25045577442853,OPEN
6458,N002312,N004970,R3229,510.25045577442853,OPEN
6459,N004971,N004879,R3230,10.418761359193399,OPEN
6460,N004879,N004971,R3230,10.418761359193399,OPEN
6461,N004891,N004971,R3231,1516.9273259320355,OPEN
6462,N004971,N004891,R3231,1516.9273259320355,OPEN
6463,N004972,N004973,R3232,3874.748042350105,OPEN
6464,N004973,N004972,R3232,3874.748042350105,OPEN
6465,N004972,N004973,R3233,3874.748042350105,OPEN
6466,N004973,N004972,R3233,3874.748042350105,OPEN
6467,N002111,N004972,R3234,19.4824974488453,OPEN
6468,N004972,N002111,R3234,19.4824974488453,OPEN
6469,N004974,N004975,R3235,551.4142723630334,OPEN
6470,N004975,N004974,R3235,551.4142723630334,OPEN
6471,N004975,N004429,R3236,9.745647604821999,OPEN
6472,N004429,N004975,R3236,9.745647604821999,OPEN
6473,N004976,N004977,R3237,4.8721606117933005,OPEN
6474,N004977,N004976,R3237,4.8721606117933005,OPEN
6475,N004978,N004976,R3238,52.212327162114,OPEN
6476,N004976,N004978,R3238,52.212327162114,OPEN
6477,N004979,N004978,R3239,18.5428990012515,OPEN
6478,N004978,N004979,R3239,18.5428990012515,OPEN
6479,N004563,N004979,R3240,10.235016660135,OPEN
6480,N004979,N004563,R3240,10.235016660135,OPEN
6481,N004977,N004980,R3241,136.91311628410298,OPEN
6482,N004980,N004977,R3241,136.91311628410298,OPEN
6483,N004981,N004016,R3242,9.3925503719275,OPEN
6484,N004016,N004981,R3242,9.3925503719275,OPEN
6485,N004015,N004981,R3243,1688.4533910992666,OPEN
6486,N004981,N004015,R3243,1688.4533910992666,OPEN
6487,N004982,N001389,R3244,10.0756022467678,OPEN
6488,N001389,N004982,R3244,10.0756022467678,OPEN
6489,N002043,N004982,R3245,6.4030860716688,OPEN
6490,N004982,N002043,R3245,6.4030860716688,OPEN
6491,N004983,N002315,R3246,345.73260182579963,OPEN
6492,N002315,N004983,R3246,345.73260182579963,OPEN
6493,N004984,N001694,R3247,48.074517152104,OPEN
6494,N001694,N004984,R3247,48.074517152104,OPEN
6495,N001697,N004984,R3248,345.16737763665714,OPEN
6496,N004984,N001697,R3248,345.16737763665714,OPEN
6497,N003688,N004985,R3249,13.843344496198199,OPEN
6498,N004985,N003688,R3249,13.843344496198199,OPEN
6499,N004985,N004241,R3250,915.7374192332039,OPEN
6500,N004241,N004985,R3250,915.7374192332039,OPEN
6501,N001695,N004986,R3251,13.3974441333936,OPEN
6502,N004986,N001695,R3251,13.3974441333936,OPEN
6503,N004987,N001689,R3252,1327.9774589286903,OPEN
6504,N001689,N004987,R3252,1327.9774589286903,OPEN
6505,N004988,N001691,R3253,28.3450082554903,OPEN
6506,N001691,N004988,R3253,28.3450082554903,OPEN
6507,N001690,N004989,R3254,685.6642989613445,OPEN
6508,N004989,N001690,R3254,685.6642989613445,OPEN
6509,N004990,N003565,R3255,28.0627815060611,OPEN
6510,N003565,N004990,R3255,28.0627815060611,OPEN
6511,N003569,N004990,R3256,440.060044412662,OPEN
6512,N004990,N003569,R3256,440.060044412662,OPEN
6513,N004991,N004499,R3257,428.3270477258992,OPEN
6514,N004499,N004991,R3257,428.3270477258992,OPEN
6515,N003566,N004991,R3258,37.5081139482957,OPEN
6516,N004991,N003566,R3258,37.5081139482957,OPEN
6517,N004973,N004992,R3259,14.6546641042667,OPEN
6518,N004992,N004973,R3259,14.6546641042667,OPEN
6519,N004992,N002304,R3260,315.4955820429236,OPEN
6520,N002304,N004992,R3260,315.4955820429236,OPEN
6521,N004993,N004994,R3261,38.803196347733795,OPEN
6522,N004994,N004993,R3261,38.803196347733795,OPEN
6523,N004995,N004993,R3262,505.5359227873044,OPEN
6524,N004993,N004995,R3262,505.5359227873044,OPEN
6525,N004996,N004995,R3263,505.2125217978728,OPEN
6526,N004995,N004996,R3263,505.2125217978728,OPEN
6527,N004997,N004996,R3264,36.6905288237431,OPEN
6528,N004996,N004997,R3264,36.6905288237431,OPEN
6529,N004998,N004997,R3265,1969.4955693169245,OPEN
6530,N004997,N004998,R3265,1969.4955693169245,OPEN
6531,N004999,N005000,R3266,3870.065227504935,OPEN
6532,N005000,N004999,R3266,3870.065227504935,OPEN
6533,N004994,N005001,R3267,1292.634147969811,OPEN
6534,N005001,N004994,R3267,1292.634147969811,OPEN
6535,N005002,N005003,R3268,33.3036736642485,OPEN
6536,N005003,N005002,R3268,33.3036736642485,OPEN
6537,N005004,N005005,R3269,2457.069397621598,OPEN
6538,N005005,N005004,R3269,2457.069397621598,OPEN
6539,N005006,N005007,R3270,20.968186624085497,OPEN
6540,N005007,N005006,R3270,20.968186624085497,OPEN
6541,N005008,N005009,R3271,496.1009653606816,OPEN
6542,N005009,N005008,R3271,496.1009653606816,OPEN
6543,N005010,N005011,R3272,21.397555197647,OPEN
6544,N005011,N005010,R3272,21.397555197647,OPEN
6545,N003138,N005010,R3273,1098.3864486823663,OPEN
6546,N005010,N003138,R3273,1098.3864486823663,OPEN
6547,N005012,N003137,R3274,1100.8937629698896,OPEN
6548,N003137,N005012,R3274,1100.8937629698896,OPEN
6549,N005013,N005012,R3275,17.5645553625264,OPEN
6550,N005012,N005013,R3275,17.5645553625264,OPEN
6551,N005014,N005013,R3276,711.7673181978855,OPEN
6552,N005013,N005014,R3276,711.7673181978855,OPEN
6553,N003142,N005014,R3277,23.050244617479,OPEN
6554,N005014,N003142,R3277,23.050244617479,OPEN
6555,N005015,N003139,R3278,23.7905560933735,OPEN
6556,N003139,N005015,R3278,23.7905560933735,OPEN
6557,N005011,N005015,R3279,702.7306526842974,OPEN
6558,N005015,N005011,R3279,702.7306526842974,OPEN
6559,N005016,N005017,R3280,45.561249512113,OPEN
6560,N005017,N005016,R3280,45.561249512113,OPEN
6561,N005018,N005019,R3281,571.7294691695158,OPEN
6562,N005019,N005018,R3281,571.7294691695158,OPEN
6563,N005020,N005021,R3282,932.2029385909444,OPEN
6564,N005021,N005020,R3282,932.2029385909444,OPEN
6565,N005022,N005020,R3283,54.6993810592428,OPEN
6566,N005020,N005022,R3283,54.6993810592428,OPEN
6567,N005023,N005018,R3284,128.303410292712,OPEN
6568,N005018,N005023,R3284,128.303410292712,OPEN
6569,N005024,N005023,R3285,18.2505183667507,OPEN
6570,N005023,N005024,R3285,18.2505183667507,OPEN
6571,N005025,N005024,R3286,339.6218899218209,OPEN
6572,N005024,N005025,R3286,339.6218899218209,OPEN
6573,N005026,N005027,R3287,32.667142774507006,OPEN
6574,N005027,N005026,R3287,32.667142774507006,OPEN
6575,N005028,N002137,R3288,4113.330317482735,OPEN
6576,N002137,N005028,R3288,4113.330317482735,OPEN
6577,N001670,N005028,R3289,41.4407330889107,OPEN
6578,N005028,N001670,R3289,41.4407330889107,OPEN
6579,N005029,N002124,R3290,42.238923404364996,OPEN
6580,N002124,N005029,R3290,42.238923404364996,OPEN
6581,N002143,N005029,R3291,4106.796142540303,OPEN
6582,N005029,N002143,R3291,4106.796142540303,OPEN
6583,N002004,N005030,R3292,37.5744270913551,OPEN
6584,N005030,N002004,R3292,37.5744270913551,OPEN
6585,N005031,N002004,R3293,43.6983292483755,OPEN
6586,N002004,N005031,R3293,43.6983292483755,OPEN
6587,N005032,N005033,R3294,26.4008597120367,OPEN
6588,N005033,N005032,R3294,26.4008597120367,OPEN
6589,N005034,N005032,R3295,55.131108864484695,OPEN
6590,N005032,N005034,R3295,55.131108864484695,OPEN
6591,N004500,N004498,R3296,456.3864415427759,OPEN
6592,N004498,N004500,R3296,456.3864415427759,OPEN
6593,N004498,N005035,R3297,94.4585647117293,OPEN
6594,N005035,N004498,R3297,94.4585647117293,OPEN
6595,N003567,N004497,R3298,63.304872395798405,OPEN
6596,N004497,N003567,R3298,63.304872395798405,OPEN
6597,N001974,N005036,R3299,57.611417488106994,OPEN
6598,N005036,N001974,R3299,57.611417488106994,OPEN
6599,N004497,N001974,R3300,55.5867987767047,OPEN
6600,N001974,N004497,R3300,55.5867987767047,OPEN
6601,N005036,N003567,R3301,63.646210117343,OPEN
6602,N003567,N005036,R3301,63.646210117343,OPEN
6603,N005037,N001916,R3302,58.2417291854002,OPEN
6604,N001916,N005037,R3302,58.2417291854002,OPEN
6605,N005038,N005037,R3303,2085.728291045165,OPEN
6606,N005037,N005038,R3303,2085.728291045165,OPEN
6607,N001477,N001481,R3304,25.022188647311797,OPEN
6608,N001481,N001477,R3304,25.022188647311797,OPEN
6609,N001481,N005039,R3305,25.8158906232572,OPEN
6610,N005039,N001481,R3305,25.8158906232572,OPEN
6611,N005040,N001271,R3306,38.4547222071877,OPEN
6612,N001271,N005040,R3306,38.4547222071877,OPEN
6613,N001271,N005041,R3307,44.9178462784898,OPEN
6614,N005041,N001271,R3307,44.9178462784898,OPEN
6615,N005042,N005038,R3308,24.6424169057235,OPEN
6616,N005038,N005042,R3308,24.6424169057235,OPEN
6617,N001703,N005043,R3309,2592.6727257399934,OPEN
6618,N005043,N001703,R3309,2592.6727257399934,OPEN
6619,N005044,N005045,R3310,47.8820232997764,OPEN
6620,N005045,N005044,R3310,47.8820232997764,OPEN
6621,N005043,N005044,R3311,500.81682994685974,OPEN
6622,N005044,N005043,R3311,500.81682994685974,OPEN
6623,N005046,N005046,R3312,73.8491458031932,OPEN
6624,N005046,N005046,R3312,73.8491458031932,OPEN
6625,N001703,N001704,R3313,329.07774222472557,OPEN
6626,N001704,N001703,R3313,329.07774222472557,OPEN
6627,N005047,N001336,R3314,277.77586135215734,OPEN
6628,N001336,N005047,R3314,277.77586135215734,OPEN
6629,N001337,N001418,R3315,180.4379056843371,OPEN
6630,N001418,N001337,R3315,180.4379056843371,OPEN
6631,N001978,N002222,R3316,178.4393805512933,OPEN
6632,N002222,N001978,R3316,178.4393805512933,OPEN
6633,N001352,N005048,R3317,457.88930849974116,OPEN
6634,N005048,N001352,R3317,457.88930849974116,OPEN
6635,N001776,N001020,R3318,89.5255776123864,OPEN
6636,N001020,N001776,R3318,89.5255776123864,OPEN
6637,N005049,N005050,R3319,3268.464265123995,OPEN
6638,N005050,N005049,R3319,3268.464265123995,OPEN
6639,N005050,N005051,R3320,53.070484613550896,OPEN
6640,N005051,N005050,R3320,53.070484613550896,OPEN
6641,N005052,N004501,R3321,1890.9004899241809,OPEN
6642,N004501,N005052,R3321,1890.9004899241809,OPEN
6643,N005053,N005054,R3322,1856.8378006141415,OPEN
6644,N005054,N005053,R3322,1856.8378006141415,OPEN
6645,N005053,N005054,R3323,1856.8378006141415,OPEN
6646,N005054,N005053,R3323,1856.8378006141415,OPEN
6647,N005055,N005056,R3324,4.4758316349678005,OPEN
6648,N005056,N005055,R3324,4.4758316349678005,OPEN
6649,N005056,N005057,R3325,52.9175558533029,OPEN
6650,N005057,N005056,R3325,52.9175558533029,OPEN
6651,N005057,N005058,R3326,5.824179703767499,OPEN
6652,N005058,N005057,R3326,5.824179703767499,OPEN
6653,N005058,N005059,R3327,257.32701194399783,OPEN
6654,N005059,N005058,R3327,257.32701194399783,OPEN
6655,N005059,N003572,R3328,57.1142557558903,OPEN
6656,N003572,N005059,R3328,57.1142557558903,OPEN
6657,N005060,N004556,R3329,5289.647740231284,OPEN
6658,N004556,N005060,R3329,5289.647740231284,OPEN
6659,N005061,N005052,R3330,50.3601535549311,OPEN
6660,N005052,N005061,R3330,50.3601535549311,OPEN
6661,N002557,N005062,R3331,14.1035511346523,OPEN
6662,N005062,N002557,R3331,14.1035511346523,OPEN
6663,N005062,N005063,R3332,144.6585037617833,OPEN
6664,N005063,N005062,R3332,144.6585037617833,OPEN
6665,N005051,N005064,R3333,1483.3017326193485,OPEN
6666,N005064,N005051,R3333,1483.3017326193485,OPEN
6667,N005065,N005066,R3334,20.0385462150466,OPEN
6668,N005066,N005065,R3334,20.0385462150466,OPEN
6669,N005066,N005067,R3335,1205.107356870798,OPEN
6670,N005067,N005066,R3335,1205.107356870798,OPEN
6671,N005067,N005068,R3336,18.6095819465223,OPEN
6672,N005068,N005067,R3336,18.6095819465223,OPEN
6673,N005069,N005070,R3337,58.3913795098848,OPEN
6674,N005070,N005069,R3337,58.3913795098848,OPEN
6675,N005071,N005072,R3338,1035.730331964323,OPEN
6676,N005072,N005071,R3338,1035.730331964323,OPEN
6677,N005070,N005073,R3339,2268.2486500812965,OPEN
6678,N005073,N005070,R3339,2268.2486500812965,OPEN
6679,N005074,N005055,R3340,208.5766355387073,OPEN
6680,N005055,N005074,R3340,208.5766355387073,OPEN
6681,N005054,N005074,R3341,12.8933230133849,OPEN
6682,N005074,N005054,R3341,12.8933230133849,OPEN
6683,N005075,N005076,R3342,1870.2586714631698,OPEN
6684,N005076,N005075,R3342,1870.2586714631698,OPEN
6685,N002554,N005075,R3343,22.141203712523,OPEN
6686,N005075,N002554,R3343,22.141203712523,OPEN
6687,N004247,N004243,R3344,25.647827191689398,OPEN
6688,N004243,N004247,R3344,25.647827191689398,OPEN
6689,N004242,N002405,R3345,21.919937449427998,OPEN
6690,N002405,N004242,R3345,21.919937449427998,OPEN
6691,N003699,N005077,R3346,3930.143725410008,OPEN
6692,N005077,N003699,R3346,3930.143725410008,OPEN
6693,N002109,N005078,R3347,33.9705743015857,OPEN
6694,N005078,N002109,R3347,33.9705743015857,OPEN
6695,N005078,N005079,R3348,948.0580000766032,OPEN
6696,N005079,N005078,R3348,948.0580000766032,OPEN
6697,N005080,N005081,R3349,4488.438069356003,OPEN
6698,N005081,N005080,R3349,4488.438069356003,OPEN
6699,N005082,N003695,R3350,609.6589979643222,OPEN
6700,N003695,N005082,R3350,609.6589979643222,OPEN
6701,N005081,N005082,R3351,36.0105799199917,OPEN
6702,N005082,N005081,R3351,36.0105799199917,OPEN
6703,N005083,N005084,R3352,4974.784947505195,OPEN
6704,N005084,N005083,R3352,4974.784947505195,OPEN
6705,N003923,N005084,R3353,2133.587409895817,OPEN
6706,N005084,N003923,R3353,2133.587409895817,OPEN
6707,N005085,N005086,R3354,3215.8179986831105,OPEN
6708,N005086,N005085,R3354,3215.8179986831105,OPEN
6709,N005086,N005087,R3355,12.4566636226045,OPEN
6710,N005087,N005086,R3355,12.4566636226045,OPEN
6711,N005088,N005089,R3356,2449.4051856584965,OPEN
6712,N005089,N005088,R3356,2449.4051856584965,OPEN
6713,N005090,N001475,R3357,2396.4932082797022,OPEN
6714,N001475,N005090,R3357,2396.4932082797022,OPEN
6715,N003704,N005090,R3358,31.0384803719753,OPEN
6716,N005090,N003704,R3358,31.0384803719753,OPEN
6717,N003578,N005091,R3359,1539.5346400624198,OPEN
6718,N005091,N003578,R3359,1539.5346400624198,OPEN
6719,N005091,N003579,R3360,17.836410394555,OPEN
6720,N003579,N005091,R3360,17.836410394555,OPEN
6721,N005092,N005093,R3361,16.581002299340003,OPEN
6722,N005093,N005092,R3361,16.581002299340003,OPEN
6723,N005094,N004988,R3362,232.23644236961292,OPEN
6724,N004988,N005094,R3362,232.23644236961292,OPEN
6725,N004989,N005094,R3363,31.603969276465403,OPEN
6726,N005094,N004989,R3363,31.603969276465403,OPEN
6727,N005095,N003578,R3364,722.3307812735151,OPEN
6728,N003578,N005095,R3364,722.3307812735151,OPEN
6729,N003702,N005095,R3365,12.689068620864301,OPEN
6730,N005095,N003702,R3365,12.689068620864301,OPEN
6731,N005068,N005096,R3366,1488.0611790893336,OPEN
6732,N005096,N005068,R3366,1488.0611790893336,OPEN
6733,N005096,N001479,R3367,12.3355726935086,OPEN
6734,N001479,N005096,R3367,12.3355726935086,OPEN
6735,N005097,N005098,R3368,174.3794091378476,OPEN
6736,N005098,N005097,R3368,174.3794091378476,OPEN
6737,N005099,N005100,R3369,593.0315726980514,OPEN
6738,N005100,N005099,R3369,593.0315726980514,OPEN
6739,N005098,N005099,R3370,22.548268579588402,OPEN
6740,N005099,N005098,R3370,22.548268579588402,OPEN
6741,N005101,N005102,R3371,238.6723615707807,OPEN
6742,N005102,N005101,R3371,238.6723615707807,OPEN
6743,N005100,N005101,R3372,33.1526100686312,OPEN
6744,N005101,N005100,R3372,33.1526100686312,OPEN
6745,N005103,N005104,R3373,625.3053658374745,OPEN
6746,N005104,N005103,R3373,625.3053658374745,OPEN
6747,N005102,N005103,R3374,18.013668973252,OPEN
6748,N005103,N005102,R3374,18.013668973252,OPEN
6749,N005105,N005106,R3375,439.3746262848311,OPEN
6750,N005106,N005105,R3375,439.3746262848311,OPEN
6751,N005104,N005105,R3376,10.8541190973587,OPEN
6752,N005105,N005104,R3376,10.8541190973587,OPEN
6753,N005106,N005107,R3377,9.2137149731388,OPEN
6754,N005107,N005106,R3377,9.2137149731388,OPEN
6755,N005108,N005109,R3378,1116.0568561216785,OPEN
6756,N005109,N005108,R3378,1116.0568561216785,OPEN
6757,N005109,N005097,R3379,25.468640830080503,OPEN
6758,N005097,N005109,R3379,25.468640830080503,OPEN
6759,N005110,N005111,R3380,8.2995506826624,OPEN
6760,N005111,N005110,R3380,8.2995506826624,OPEN
6761,N005112,N005110,R3381,237.76498753460172,OPEN
6762,N005110,N005112,R3381,237.76498753460172,OPEN
6763,N005111,N005113,R3382,800.4469917167095,OPEN
6764,N005113,N005111,R3382,800.4469917167095,OPEN
6765,N005076,N005112,R3383,5.571499827211,OPEN
6766,N005112,N005076,R3383,5.571499827211,OPEN
6767,N005114,N005115,R3384,891.8516783832542,OPEN
6768,N005115,N005114,R3384,891.8516783832542,OPEN
6769,N005116,N005117,R3385,954.0948946603486,OPEN
6770,N005117,N005116,R3385,954.0948946603486,OPEN
6771,N005118,N005116,R3386,21.119863053195303,OPEN
6772,N005116,N005118,R3386,21.119863053195303,OPEN
6773,N005119,N005120,R3387,615.214295181304,OPEN
6774,N005120,N005119,R3387,615.214295181304,OPEN
6775,N005117,N005119,R3388,7.0553066228437,OPEN
6776,N005119,N005117,R3388,7.0553066228437,OPEN
6777,N005121,N005122,R3389,398.72361856994996,OPEN
6778,N005122,N005121,R3389,398.72361856994996,OPEN
6779,N003700,N005121,R3390,15.6279515269825,OPEN
6780,N005121,N003700,R3390,15.6279515269825,OPEN
6781,N005123,N005124,R3391,1166.3369252358302,OPEN
6782,N005124,N005123,R3391,1166.3369252358302,OPEN
6783,N005089,N005123,R3392,13.570491459326,OPEN
6784,N005123,N005089,R3392,13.570491459326,OPEN
6785,N005125,N001521,R3393,13.7125331357748,OPEN
6786,N001521,N005125,R3393,13.7125331357748,OPEN
6787,N005120,N005126,R3394,9.0119368642219,OPEN
6788,N005126,N005120,R3394,9.0119368642219,OPEN
6789,N005126,N005087,R3395,1159.5491490335644,OPEN
6790,N005087,N005126,R3395,1159.5491490335644,OPEN
6791,N005107,N005118,R3396,1192.020315846212,OPEN
6792,N005118,N005107,R3396,1192.020315846212,OPEN
6793,N005053,N005127,R3397,1337.9327070436516,OPEN
6794,N005127,N005053,R3397,1337.9327070436516,OPEN
6795,N005128,N005129,R3398,170.4130579696976,OPEN
6796,N005129,N005128,R3398,170.4130579696976,OPEN
6797,N005127,N005128,R3399,12.7412767956742,OPEN
6798,N005128,N005127,R3399,12.7412767956742,OPEN
6799,N001478,N005130,R3400,30.9437626260591,OPEN
6800,N005130,N001478,R3400,30.9437626260591,OPEN
6801,N005131,N001478,R3401,29.4321251040345,OPEN
6802,N001478,N005131,R3401,29.4321251040345,OPEN
6803,N005132,N005133,R3402,1554.1664386336045,OPEN
6804,N005133,N005132,R3402,1554.1664386336045,OPEN
6805,N003580,N005132,R3403,15.6359283038911,OPEN
6806,N005132,N003580,R3403,15.6359283038911,OPEN
6807,N005134,N005135,R3404,335.1774522607523,OPEN
6808,N005135,N005134,R3404,335.1774522607523,OPEN
6809,N005133,N005134,R3405,18.1635208971322,OPEN
6810,N005134,N005133,R3405,18.1635208971322,OPEN
6811,N005136,N005137,R3406,2285.286148199222,OPEN
6812,N005137,N005136,R3406,2285.286148199222,OPEN
6813,N005138,N005139,R3407,452.4727251079737,OPEN
6814,N005139,N005138,R3407,452.4727251079737,OPEN
6815,N005137,N005138,R3408,16.5087641549153,OPEN
6816,N005138,N005137,R3408,16.5087641549153,OPEN
6817,N005140,N005141,R3409,280.5986255652524,OPEN
6818,N005141,N005140,R3409,280.5986255652524,OPEN
6819,N005139,N005140,R3410,22.280174934666398,OPEN
6820,N005140,N005139,R3410,22.280174934666398,OPEN
6821,N005142,N005063,R3411,581.2514580729163,OPEN
6822,N005063,N005142,R3411,581.2514580729163,OPEN
6823,N004245,N005142,R3412,107.5079917019593,OPEN
6824,N005142,N004245,R3412,107.5079917019593,OPEN
6825,N005079,N005143,R3413,17.8986895901208,OPEN
6826,N005143,N005079,R3413,17.8986895901208,OPEN
6827,N005143,N004246,R3414,300.5414728339918,OPEN
6828,N004246,N005143,R3414,300.5414728339918,OPEN
6829,N005144,N005145,R3415,1005.4372771685549,OPEN
6830,N005145,N005144,R3415,1005.4372771685549,OPEN
6831,N005145,N003698,R3416,23.2170453878058,OPEN
6832,N003698,N005145,R3416,23.2170453878058,OPEN
6833,N005146,N005147,R3417,914.1203987547908,OPEN
6834,N005147,N005146,R3417,914.1203987547908,OPEN
6835,N003944,N005146,R3418,27.294331486797898,OPEN
6836,N005146,N003944,R3418,27.294331486797898,OPEN
6837,N005148,N005149,R3419,26.5571707205859,OPEN
6838,N005149,N005148,R3419,26.5571707205859,OPEN
6839,N005150,N005148,R3420,734.4165427863265,OPEN
6840,N005148,N005150,R3420,734.4165427863265,OPEN
6841,N005149,N001696,R3421,817.0627468545811,OPEN
6842,N001696,N005149,R3421,817.0627468545811,OPEN
6843,N003690,N005150,R3422,8.3609677170084,OPEN
6844,N005150,N003690,R3422,8.3609677170084,OPEN
6845,N005151,N005152,R3423,18.818908877599,OPEN
6846,N005152,N005151,R3423,18.818908877599,OPEN
6847,N005153,N005154,R3424,589.7601182054204,OPEN
6848,N005154,N005153,R3424,589.7601182054204,OPEN
6849,N005155,N005156,R3425,64.6105317418398,OPEN
6850,N005156,N005155,R3425,64.6105317418398,OPEN
6851,N005157,N005155,R3426,455.27335958814007,OPEN
6852,N005155,N005157,R3426,455.27335958814007,OPEN
6853,N005158,N005159,R3427,33.156358278697404,OPEN
6854,N005159,N005158,R3427,33.156358278697404,OPEN
6855,N005160,N005158,R3428,2266.49882153547,OPEN
6856,N005158,N005160,R3428,2266.49882153547,OPEN
6857,N005161,N005160,R3429,45.2032811535348,OPEN
6858,N005160,N005161,R3429,45.2032811535348,OPEN
6859,N005156,N005161,R3430,1788.7662747081038,OPEN
6860,N005161,N005156,R3430,1788.7662747081038,OPEN
6861,N005162,N005157,R3431,18.199029178876398,OPEN
6862,N005157,N005162,R3431,18.199029178876398,OPEN
6863,N001628,N005162,R3432,525.6614519874321,OPEN
6864,N005162,N001628,R3432,525.6614519874321,OPEN
6865,N005163,N005164,R3433,26.9372556276978,OPEN
6866,N005164,N005163,R3433,26.9372556276978,OPEN
6867,N005165,N005166,R3434,611.9027344221242,OPEN
6868,N005166,N005165,R3434,611.9027344221242,OPEN
6869,N005167,N005168,R3435,15.6438062224778,OPEN
6870,N005168,N005167,R3435,15.6438062224778,OPEN
6871,N005169,N005167,R3436,31.7614729807489,OPEN
6872,N005167,N005169,R3436,31.7614729807489,OPEN
6873,N005168,N005170,R3437,72.1778400905257,OPEN
6874,N005170,N005168,R3437,72.1778400905257,OPEN
6875,N005171,N002817,R3438,12.3620372963462,OPEN
6876,N002817,N005171,R3438,12.3620372963462,OPEN
6877,N005172,N002820,R3439,26.644000849157,OPEN
6878,N002820,N005172,R3439,26.644000849157,OPEN
6879,N005173,N005174,R3440,5.7307015323699,OPEN
6880,N005174,N005173,R3440,5.7307015323699,OPEN
6881,N001964,N005173,R3441,1654.1886880544596,OPEN
6882,N005173,N001964,R3441,1654.1886880544596,OPEN
6883,N005175,N005176,R3442,87.3829273266432,OPEN
6884,N005176,N005175,R3442,87.3829273266432,OPEN
6885,N005177,N005175,R3443,19.5674264393193,OPEN
6886,N005175,N005177,R3443,19.5674264393193,OPEN
6887,N005178,N005179,R3444,21.5775081975104,OPEN
6888,N005179,N005178,R3444,21.5775081975104,OPEN
6889,N005027,N005177,R3445,157.3348309945913,OPEN
6890,N005177,N005027,R3445,157.3348309945913,OPEN
6891,N005180,N005181,R3446,335.7686088567205,OPEN
6892,N005181,N005180,R3446,335.7686088567205,OPEN
6893,N005182,N005183,R3447,42.187796533692996,OPEN
6894,N005183,N005182,R3447,42.187796533692996,OPEN
6895,N003708,N003710,R3448,28.4954489683692,OPEN
6896,N003710,N003708,R3448,28.4954489683692,OPEN
6897,N005184,N005185,R3449,138.1941255344094,OPEN
6898,N005185,N005184,R3449,138.1941255344094,OPEN
6899,N005184,N005185,R3450,138.1941255344094,OPEN
6900,N005185,N005184,R3450,138.1941255344094,OPEN
6901,N005185,N005049,R3451,18.3561571765533,OPEN
6902,N005049,N005185,R3451,18.3561571765533,OPEN
6903,N001997,N005186,R3452,102.61428484555809,OPEN
6904,N005186,N001997,R3452,102.61428484555809,OPEN
6905,N005186,N001979,R3453,5.451046251786,OPEN
6906,N001979,N005186,R3453,5.451046251786,OPEN
6907,N005187,N005188,R3454,2987.2969101926437,OPEN
6908,N005188,N005187,R3454,2987.2969101926437,OPEN
6909,N005189,N005190,R3455,2019.14202019888,OPEN
6910,N005190,N005189,R3455,2019.14202019888,OPEN
6911,N005191,N003706,R3456,1823.9046632723328,OPEN
6912,N003706,N005191,R3456,1823.9046632723328,OPEN
6913,N003693,N005191,R3457,17.3782347225699,OPEN
6914,N005191,N003693,R3457,17.3782347225699,OPEN
6915,N005192,N005193,R3458,1967.098331326861,OPEN
6916,N005193,N005192,R3458,1967.098331326861,OPEN
6917,N005194,N005195,R3459,2319.122451091688,OPEN
6918,N005195,N005194,R3459,2319.122451091688,OPEN
6919,N005193,N005194,R3460,16.6475369820215,OPEN
6920,N005194,N005193,R3460,16.6475369820215,OPEN
6921,N005196,N005171,R3461,1884.1458134958375,OPEN
6922,N005171,N005196,R3461,1884.1458134958375,OPEN
6923,N001986,N005197,R3462,46.3603825031672,OPEN
6924,N005197,N001986,R3462,46.3603825031672,OPEN
6925,N005197,N005198,R3463,1758.2066454725368,OPEN
6926,N005198,N005197,R3463,1758.2066454725368,OPEN
6927,N003942,N005199,R3464,17.2775604909326,OPEN
6928,N005199,N003942,R3464,17.2775604909326,OPEN
6929,N005199,N001984,R3465,157.67646652787988,OPEN
6930,N001984,N005199,R3465,157.67646652787988,OPEN
6931,N005200,N005201,R3466,3922.437408243402,OPEN
6932,N005201,N005200,R3466,3922.437408243402,OPEN
6933,N005202,N005195,R3467,11.6925005566507,OPEN
6934,N005195,N005202,R3467,11.6925005566507,OPEN
6935,N005203,N005202,R3468,77.696874568427,OPEN
6936,N005202,N005203,R3468,77.696874568427,OPEN
6937,N005201,N005203,R3469,6.7671837633695,OPEN
6938,N005203,N005201,R3469,6.7671837633695,OPEN
6939,N001539,N002229,R3470,404.4731924854522,OPEN
6940,N002229,N001539,R3470,404.4731924854522,OPEN
6941,N005204,N001934,R3471,120.538112421438,OPEN
6942,N001934,N005204,R3471,120.538112421438,OPEN
6943,N005205,N001513,R3472,27.7644400687155,OPEN
6944,N001513,N005205,R3472,27.7644400687155,OPEN
6945,N004026,N005206,R3473,744.8696179633041,OPEN
6946,N005206,N004026,R3473,744.8696179633041,OPEN
6947,N005207,N005206,R3474,732.4068867794953,OPEN
6948,N005206,N005207,R3474,732.4068867794953,OPEN
6949,N005208,N005209,R3475,337.2702418462456,OPEN
6950,N005209,N005208,R3475,337.2702418462456,OPEN
6951,N005210,N005211,R3476,126.50917497904821,OPEN
6952,N005211,N005210,R3476,126.50917497904821,OPEN
6953,N002212,N005212,R3477,44.2246899529977,OPEN
6954,N005212,N002212,R3477,44.2246899529977,OPEN
6955,N005213,N002212,R3478,46.167853192584296,OPEN
6956,N002212,N005213,R3478,46.167853192584296,OPEN
6957,N005214,N005214,R3479,52.6883774462475,OPEN
6958,N005214,N005214,R3479,52.6883774462475,OPEN
6959,N002224,N002224,R3480,50.487912240791594,OPEN
6960,N002224,N002224,R3480,50.487912240791594,OPEN
6961,N005215,N001128,R3481,675.1442117470419,OPEN
6962,N001128,N005215,R3481,675.1442117470419,OPEN
6963,N005216,N005217,R3482,732.805741912715,OPEN
6964,N005217,N005216,R3482,732.805741912715,OPEN
6965,N005152,N005153,R3483,67.4411721383185,OPEN
6966,N005153,N005152,R3483,67.4411721383185,OPEN
6967,N005218,N002005,R3484,3409.295381344156,OPEN
6968,N002005,N005218,R3484,3409.295381344156,OPEN
6969,N002005,N002003,R3485,348.1308590086368,OPEN
6970,N002003,N002005,R3485,348.1308590086368,OPEN
6971,N001954,N001953,R3486,2167.7723128442763,OPEN
6972,N001953,N001954,R3486,2167.7723128442763,OPEN
6973,N001948,N001954,R3487,19.081740586587298,OPEN
6974,N001954,N001948,R3487,19.081740586587298,OPEN
6975,N001953,N001949,R3488,14.088210507878399,OPEN
6976,N001949,N001953,R3488,14.088210507878399,OPEN
6977,N001956,N001955,R3489,2432.6920817915347,OPEN
6978,N001955,N001956,R3489,2432.6920817915347,OPEN
6979,N001950,N001956,R3490,18.1980677771916,OPEN
6980,N001956,N001950,R3490,18.1980677771916,OPEN
6981,N001955,N001951,R3491,19.3076639955828,OPEN
6982,N001951,N001955,R3491,19.3076639955828,OPEN
6983,N001961,N001957,R3492,106.9418094731866,OPEN
6984,N001957,N001961,R3492,106.9418094731866,OPEN
6985,N001962,N001961,R3493,237.60111456515008,OPEN
6986,N001961,N001962,R3493,237.60111456515008,OPEN
6987,N001952,N001962,R3494,27.7556997525305,OPEN
6988,N001962,N001952,R3494,27.7556997525305,OPEN
6989,N005154,N005153,R3495,590.3313791596341,OPEN
6990,N005153,N005154,R3495,590.3313791596341,OPEN
6991,N005154,N001958,R3496,73.8244486630187,OPEN
6992,N001958,N005154,R3496,73.8244486630187,OPEN
6993,N002967,N005151,R3497,13.5485911274149,OPEN
6994,N005151,N002967,R3497,13.5485911274149,OPEN
6995,N002967,N002821,R3498,770.170403654969,OPEN
6996,N002821,N002967,R3498,770.170403654969,OPEN
6997,N002821,N003615,R3499,802.7054742123047,OPEN
6998,N003615,N002821,R3499,802.7054742123047,OPEN
6999,N005164,N003615,R3500,21.2777577009166,OPEN
7000,N003615,N005164,R3500,21.2777577009166,OPEN
7001,N005166,N005163,R3501,15.0497312955007,OPEN
7002,N005163,N005166,R3501,15.0497312955007,OPEN
7003,N005166,N005165,R3502,613.5603982196498,OPEN
7004,N005165,N005166,R3502,613.5603982196498,OPEN
7005,N002003,N005165,R3503,281.13456709255905,OPEN
7006,N005165,N002003,R3503,281.13456709255905,OPEN
7007,N001960,N001959,R3504,1901.1887325031728,OPEN
7008,N001959,N001960,R3504,1901.1887325031728,OPEN
7009,N003712,N001960,R3505,3346.2234134031187,OPEN
7010,N001960,N003712,R3505,3346.2234134031187,OPEN
7011,N005189,N001947,R3506,16.2284039041698,OPEN
7012,N001947,N005189,R3506,16.2284039041698,OPEN
7013,N005190,N005189,R3507,2006.4060785311883,OPEN
7014,N005189,N005190,R3507,2006.4060785311883,OPEN
7015,N005219,N005220,R3508,1988.2275166750712,OPEN
7016,N005220,N005219,R3508,1988.2275166750712,OPEN
7017,N005221,N005222,R3509,3208.7402604836034,OPEN
7018,N005222,N005221,R3509,3208.7402604836034,OPEN
7019,N005223,N005224,R3510,27.8869465179251,OPEN
7020,N005224,N005223,R3510,27.8869465179251,OPEN
7021,N005225,N005226,R3511,1651.3371764291617,OPEN
7022,N005226,N005225,R3511,1651.3371764291617,OPEN
7023,N004408,N002532,R3512,212.85477222772738,OPEN
7024,N002532,N004408,R3512,212.85477222772738,OPEN
7025,N002533,N005227,R3513,548.2704639381194,OPEN
7026,N005227,N002533,R3513,548.2704639381194,OPEN
7027,N005228,N005227,R3514,255.6049893011958,OPEN
7028,N005227,N005228,R3514,255.6049893011958,OPEN
7029,N001885,N002568,R3515,259.1888190879024,OPEN
7030,N002568,N001885,R3515,259.1888190879024,OPEN
7031,N004318,N001087,R3516,14132.031002792144,OPEN
7032,N001087,N004318,R3516,14132.031002792144,OPEN
7033,N005229,N005230,R3517,3379.7224228853133,OPEN
7034,N005230,N005229,R3517,3379.7224228853133,OPEN
7035,N005231,N005232,R3518,57.258044388211296,OPEN
7036,N005232,N005231,R3518,57.258044388211296,OPEN
7037,N005233,N005234,R3519,2675.402009953604,OPEN
7038,N005234,N005233,R3519,2675.402009953604,OPEN
7039,N005235,N004027,R3520,64.3042490033741,OPEN
7040,N004027,N005235,R3520,64.3042490033741,OPEN
7041,N005206,N005235,R3521,1190.80469075218,OPEN
7042,N005235,N005206,R3521,1190.80469075218,OPEN
7043,N004965,N005236,R3522,2398.8382001349814,OPEN
7044,N005236,N004965,R3522,2398.8382001349814,OPEN
7045,N005237,N005238,R3523,1221.7426667509746,OPEN
7046,N005238,N005237,R3523,1221.7426667509746,OPEN
7047,N005230,N005239,R3524,6.39041040369,OPEN
7048,N005239,N005230,R3524,6.39041040369,OPEN
7049,N005240,N005241,R3525,277.5596957396518,OPEN
7050,N005241,N005240,R3525,277.5596957396518,OPEN
7051,N005242,N005243,R3526,3077.789712384244,OPEN
7052,N005243,N005242,R3526,3077.789712384244,OPEN
7053,N005244,N002529,R3527,2210.6091531170746,OPEN
7054,N002529,N005244,R3527,2210.6091531170746,OPEN
7055,N005245,N005244,R3528,167.5176025206097,OPEN
7056,N005244,N005245,R3528,167.5176025206097,OPEN
7057,N005246,N005247,R3529,2507.3399563424728,OPEN
7058,N005247,N005246,R3529,2507.3399563424728,OPEN
7059,N002255,N005246,R3530,50.7308801803846,OPEN
7060,N005246,N002255,R3530,50.7308801803846,OPEN
7061,N005248,N005249,R3531,1093.3917586891218,OPEN
7062,N005249,N005248,R3531,1093.3917586891218,OPEN
7063,N005247,N005248,R3532,64.68324815274019,OPEN
7064,N005248,N005247,R3532,64.68324815274019,OPEN
7065,N005250,N005251,R3533,579.0889117010533,OPEN
7066,N005251,N005250,R3533,579.0889117010533,OPEN
7067,N005249,N005252,R3534,41.0692687544336,OPEN
7068,N005252,N005249,R3534,41.0692687544336,OPEN
7069,N005253,N005254,R3535,147.3970106833529,OPEN
7070,N005254,N005253,R3535,147.3970106833529,OPEN
7071,N005251,N005253,R3536,16.741686840693202,OPEN
7072,N005253,N005251,R3536,16.741686840693202,OPEN
7073,N005255,N002558,R3537,52.8456940956859,OPEN
7074,N002558,N005255,R3537,52.8456940956859,OPEN
7075,N005254,N005255,R3538,425.0505784316775,OPEN
7076,N005255,N005254,R3538,425.0505784316775,OPEN
7077,N005256,N005257,R3539,21.502297765382103,OPEN
7078,N005257,N005256,R3539,21.502297765382103,OPEN
7079,N005258,N005256,R3540,420.9055888349963,OPEN
7080,N005256,N005258,R3540,420.9055888349963,OPEN
7081,N005259,N005260,R3541,757.0154420530921,OPEN
7082,N005260,N005259,R3541,757.0154420530921,OPEN
7083,N002562,N005259,R3542,38.7576464041136,OPEN
7084,N005259,N002562,R3542,38.7576464041136,OPEN
7085,N005261,N005262,R3543,475.12070225049007,OPEN
7086,N005262,N005261,R3543,475.12070225049007,OPEN
7087,N005260,N005261,R3544,69.1021896334127,OPEN
7088,N005261,N005260,R3544,69.1021896334127,OPEN
7089,N005263,N005262,R3545,192.23758197413702,OPEN
7090,N005262,N005263,R3545,192.23758197413702,OPEN
7091,N001665,N005263,R3546,34.157957495092695,OPEN
7092,N005263,N001665,R3546,34.157957495092695,OPEN
7093,N005257,N002560,R3547,686.9980814513979,OPEN
7094,N002560,N005257,R3547,686.9980814513979,OPEN
7095,N005264,N005258,R3548,69.7555262004332,OPEN
7096,N005258,N005264,R3548,69.7555262004332,OPEN
7097,N002559,N005265,R3549,68.8338497535993,OPEN
7098,N005265,N002559,R3549,68.8338497535993,OPEN
7099,N005265,N005264,R3550,440.2777058961262,OPEN
7100,N005264,N005265,R3550,440.2777058961262,OPEN
7101,N001437,N005266,R3551,18433.86147858397,OPEN
7102,N005266,N001437,R3551,18433.86147858397,OPEN
7103,N005267,N005268,R3552,720.1920720835884,OPEN
7104,N005268,N005267,R3552,720.1920720835884,OPEN
7105,N005269,N005270,R3553,663.6432940622666,OPEN
7106,N005270,N005269,R3553,663.6432940622666,OPEN
7107,N005268,N005271,R3554,1340.7425687112875,OPEN
7108,N005271,N005268,R3554,1340.7425687112875,OPEN
7109,N005272,N005273,R3555,12.6008556310984,OPEN
7110,N005273,N005272,R3555,12.6008556310984,OPEN
7111,N004180,N005274,R3556,30.2227222970341,OPEN
7112,N005274,N004180,R3556,30.2227222970341,OPEN
7113,N004067,N004181,R3557,8.7618653311586,OPEN
7114,N004181,N004067,R3557,8.7618653311586,OPEN
7115,N005275,N005267,R3558,17.2401809063582,OPEN
7116,N005267,N005275,R3558,17.2401809063582,OPEN
7117,N004958,N005275,R3559,275.1173064883139,OPEN
7118,N005275,N004958,R3559,275.1173064883139,OPEN
7119,N004884,N004881,R3560,247.2913942117236,OPEN
7120,N004881,N004884,R3560,247.2913942117236,OPEN
7121,N005276,N004936,R3561,9.1224438421978,OPEN
7122,N004936,N005276,R3561,9.1224438421978,OPEN
7123,N004937,N005276,R3562,599.7601741286954,OPEN
7124,N005276,N004937,R3562,599.7601741286954,OPEN
7125,N005277,N005278,R3563,1357.6488905522904,OPEN
7126,N005278,N005277,R3563,1357.6488905522904,OPEN
7127,N005279,N004003,R3564,115.22618300236711,OPEN
7128,N004003,N005279,R3564,115.22618300236711,OPEN
7129,N004005,N005279,R3565,709.5795691079679,OPEN
7130,N005279,N004005,R3565,709.5795691079679,OPEN
7131,N005280,N005281,R3566,1260.7992634203529,OPEN
7132,N005281,N005280,R3566,1260.7992634203529,OPEN
7133,N004301,N005282,R3567,271.097355544563,OPEN
7134,N005282,N004301,R3567,271.097355544563,OPEN
7135,N005283,N004949,R3568,277.475416566134,OPEN
7136,N004949,N005283,R3568,277.475416566134,OPEN
7137,N004948,N005283,R3569,14.3628087522527,OPEN
7138,N005283,N004948,R3569,14.3628087522527,OPEN
7139,N004066,N004983,R3570,489.8659184274532,OPEN
7140,N004983,N004066,R3570,489.8659184274532,OPEN
7141,N005284,N004105,R3571,193.7219754058639,OPEN
7142,N004105,N005284,R3571,193.7219754058639,OPEN
7143,N005285,N005284,R3572,9.429473465428801,OPEN
7144,N005284,N005285,R3572,9.429473465428801,OPEN
7145,N005286,N005285,R3573,596.7211217586253,OPEN
7146,N005285,N005286,R3573,596.7211217586253,OPEN
7147,N005287,N004861,R3574,13.9011793451984,OPEN
7148,N004861,N005287,R3574,13.9011793451984,OPEN
7149,N004955,N005287,R3575,574.3101930931379,OPEN
7150,N005287,N004955,R3575,574.3101930931379,OPEN
7151,N005288,N004116,R3576,8.3200617468136,OPEN
7152,N004116,N005288,R3576,8.3200617468136,OPEN
7153,N005270,N005288,R3577,457.8180224618259,OPEN
7154,N005288,N005270,R3577,457.8180224618259,OPEN
7155,N003535,N005289,R3578,273.97163879904815,OPEN
7156,N005289,N003535,R3578,273.97163879904815,OPEN
7157,N005289,N005290,R3579,25.7037440556484,OPEN
7158,N005290,N005289,R3579,25.7037440556484,OPEN
7159,N005291,N005292,R3580,25.939143627138403,OPEN
7160,N005292,N005291,R3580,25.939143627138403,OPEN
7161,N004110,N005291,R3581,50.139531061990695,OPEN
7162,N005291,N004110,R3581,50.139531061990695,OPEN
7163,N002964,N005293,R3582,15.2499346782634,OPEN
7164,N005293,N002964,R3582,15.2499346782634,OPEN
7165,N005293,N005294,R3583,707.8933768848049,OPEN
7166,N005294,N005293,R3583,707.8933768848049,OPEN
7167,N005295,N001780,R3584,30.4673208768939,OPEN
7168,N001780,N005295,R3584,30.4673208768939,OPEN
7169,N005296,N005295,R3585,2809.468423906528,OPEN
7170,N005295,N005296,R3585,2809.468423906528,OPEN
7171,N005297,N005245,R3586,490.8724121315568,OPEN
7172,N005245,N005297,R3586,490.8724121315568,OPEN
7173,N005298,N005297,R3587,52.1719905910429,OPEN
7174,N005297,N005298,R3587,52.1719905910429,OPEN
7175,N005299,N005298,R3588,512.2164106694026,OPEN
7176,N005298,N005299,R3588,512.2164106694026,OPEN
7177,N005300,N005299,R3589,21.901954634592002,OPEN
7178,N005299,N005300,R3589,21.901954634592002,OPEN
7179,N005301,N005302,R3590,507.07180314378473,OPEN
7180,N005302,N005301,R3590,507.07180314378473,OPEN
7181,N004489,N005301,R3591,53.268121957685196,OPEN
7182,N005301,N004489,R3591,53.268121957685196,OPEN
7183,N005303,N002404,R3592,153.3180852886945,OPEN
7184,N002404,N005303,R3592,153.3180852886945,OPEN
7185,N005304,N005305,R3593,364.3373824439281,OPEN
7186,N005305,N005304,R3593,364.3373824439281,OPEN
7187,N005306,N005307,R3594,10.8548493971974,OPEN
7188,N005307,N005306,R3594,10.8548493971974,OPEN
7189,N005307,N005308,R3595,39.6486087356048,OPEN
7190,N005308,N005307,R3595,39.6486087356048,OPEN
7191,N005308,N005309,R3596,337.0547204739957,OPEN
7192,N005309,N005308,R3596,337.0547204739957,OPEN
7193,N005309,N005310,R3597,44.0045006089303,OPEN
7194,N005310,N005309,R3597,44.0045006089303,OPEN
7195,N005310,N005311,R3598,667.4872172206608,OPEN
7196,N005311,N005310,R3598,667.4872172206608,OPEN
7197,N005312,N004031,R3599,1715.2475666089413,OPEN
7198,N004031,N005312,R3599,1715.2475666089413,OPEN
7199,N004033,N005312,R3600,40.1335171540518,OPEN
7200,N005312,N004033,R3600,40.1335171540518,OPEN
7201,N005313,N005314,R3601,43.5055840686859,OPEN
7202,N005314,N005313,R3601,43.5055840686859,OPEN
7203,N001821,N005313,R3602,4310.145010794686,OPEN
7204,N005313,N001821,R3602,4310.145010794686,OPEN
7205,N005315,N005316,R3603,2810.4646933297217,OPEN
7206,N005316,N005315,R3603,2810.4646933297217,OPEN
7207,N005317,N005318,R3604,665.4940735099449,OPEN
7208,N005318,N005317,R3604,665.4940735099449,OPEN
7209,N005319,N005320,R3605,1220.6751491149525,OPEN
7210,N005320,N005319,R3605,1220.6751491149525,OPEN
7211,N005321,N005319,R3606,31.523358950196,OPEN
7212,N005319,N005321,R3606,31.523358950196,OPEN
7213,N005322,N002414,R3607,2095.1819799881528,OPEN
7214,N002414,N005322,R3607,2095.1819799881528,OPEN
7215,N004280,N005323,R3608,53.8144586650533,OPEN
7216,N005323,N004280,R3608,53.8144586650533,OPEN
7217,N005324,N005280,R3609,961.4007837783888,OPEN
7218,N005280,N005324,R3609,961.4007837783888,OPEN
7219,N005325,N005326,R3610,2679.156213130284,OPEN
7220,N005326,N005325,R3610,2679.156213130284,OPEN
7221,N005327,N005328,R3611,1513.0627098248845,OPEN
7222,N005328,N005327,R3611,1513.0627098248845,OPEN
7223,N005329,N005330,R3612,955.4347015779324,OPEN
7224,N005330,N005329,R3612,955.4347015779324,OPEN
7225,N005331,N005332,R3613,203.5618625098314,OPEN
7226,N005332,N005331,R3613,203.5618625098314,OPEN
7227,N005333,N005334,R3614,696.0023681454788,OPEN
7228,N005334,N005333,R3614,696.0023681454788,OPEN
7229,N005335,N005336,R3615,101.5008935121049,OPEN
7230,N005336,N005335,R3615,101.5008935121049,OPEN
7231,N005314,N005335,R3616,3161.5189216187628,OPEN
7232,N005335,N005314,R3616,3161.5189216187628,OPEN
7233,N005337,N001826,R3617,91.9364860941864,OPEN
7234,N001826,N005337,R3617,91.9364860941864,OPEN
7235,N005336,N005337,R3618,1183.7810668367822,OPEN
7236,N005337,N005336,R3618,1183.7810668367822,OPEN
7237,N003530,N005338,R3619,2016.0720251018133,OPEN
7238,N005338,N003530,R3619,2016.0720251018133,OPEN
7239,N005339,N005340,R3620,46.5556986951956,OPEN
7240,N005340,N005339,R3620,46.5556986951956,OPEN
7241,N005341,N002564,R3621,40.2829351656568,OPEN
7242,N002564,N005341,R3621,40.2829351656568,OPEN
7243,N002070,N005341,R3622,2215.300836504679,OPEN
7244,N005341,N002070,R3622,2215.300836504679,OPEN
7245,N005342,N005343,R3623,188.8518229199431,OPEN
7246,N005343,N005342,R3623,188.8518229199431,OPEN
7247,N002537,N005342,R3624,13.2569864951443,OPEN
7248,N005342,N002537,R3624,13.2569864951443,OPEN
7249,N005344,N004039,R3625,46.7181465640319,OPEN
7250,N004039,N005344,R3625,46.7181465640319,OPEN
7251,N005345,N005344,R3626,56.2332750981235,OPEN
7252,N005344,N005345,R3626,56.2332750981235,OPEN
7253,N005346,N005345,R3627,40.9275224035463,OPEN
7254,N005345,N005346,R3627,40.9275224035463,OPEN
7255,N005347,N005346,R3628,1273.579199329318,OPEN
7256,N005346,N005347,R3628,1273.579199329318,OPEN
7257,N005348,N004004,R3629,2472.0885549596182,OPEN
7258,N004004,N005348,R3629,2472.0885549596182,OPEN
7259,N001827,N005348,R3630,39.6050589487006,OPEN
7260,N005348,N001827,R3630,39.6050589487006,OPEN
7261,N005349,N005350,R3631,842.0141872269047,OPEN
7262,N005350,N005349,R3631,842.0141872269047,OPEN
7263,N005351,N002530,R3632,46.11820249755149,OPEN
7264,N002530,N005351,R3632,46.11820249755149,OPEN
7265,N005352,N005351,R3633,1508.6374231734758,OPEN
7266,N005351,N005352,R3633,1508.6374231734758,OPEN
7267,N005353,N005321,R3634,1856.790726395163,OPEN
7268,N005321,N005353,R3634,1856.790726395163,OPEN
7269,N002565,N005353,R3635,54.0185639145076,OPEN
7270,N005353,N002565,R3635,54.0185639145076,OPEN
7271,N005354,N005352,R3636,14.840692145681501,OPEN
7272,N005352,N005354,R3636,14.840692145681501,OPEN
7273,N005355,N005354,R3637,16.7364778348893,OPEN
7274,N005354,N005355,R3637,16.7364778348893,OPEN
7275,N005356,N005355,R3638,11.305197601723501,OPEN
7276,N005355,N005356,R3638,11.305197601723501,OPEN
7277,N005357,N005356,R3639,26.254147429118998,OPEN
7278,N005356,N005357,R3639,26.254147429118998,OPEN
7279,N005358,N005357,R3640,46.5473563356053,OPEN
7280,N005357,N005358,R3640,46.5473563356053,OPEN
7281,N004112,N005358,R3641,1029.341624506459,OPEN
7282,N005358,N004112,R3641,1029.341624506459,OPEN
7283,N005359,N005360,R3642,2183.3964606649374,OPEN
7284,N005360,N005359,R3642,2183.3964606649374,OPEN
7285,N004326,N005359,R3643,10.8468923558398,OPEN
7286,N005359,N004326,R3643,10.8468923558398,OPEN
7287,N005361,N005362,R3644,873.7017260090852,OPEN
7288,N005362,N005361,R3644,873.7017260090852,OPEN
7289,N005363,N005364,R3645,3734.986826923507,OPEN
7290,N005364,N005363,R3645,3734.986826923507,OPEN
7291,N005365,N001661,R3646,25.5950884702747,OPEN
7292,N001661,N005365,R3646,25.5950884702747,OPEN
7293,N005227,N005365,R3647,692.4694921685693,OPEN
7294,N005365,N005227,R3647,692.4694921685693,OPEN
7295,N005366,N005367,R3648,30.5816839420202,OPEN
7296,N005367,N005366,R3648,30.5816839420202,OPEN
7297,N005368,N005366,R3649,340.9744178952868,OPEN
7298,N005366,N005368,R3649,340.9744178952868,OPEN
7299,N005369,N005370,R3650,19.2787073316355,OPEN
7300,N005370,N005369,R3650,19.2787073316355,OPEN
7301,N005371,N005369,R3651,424.2033463530765,OPEN
7302,N005369,N005371,R3651,424.2033463530765,OPEN
7303,N005372,N005361,R3652,18.1609376695862,OPEN
7304,N005361,N005372,R3652,18.1609376695862,OPEN
7305,N005370,N005372,R3653,415.93222453794186,OPEN
7306,N005372,N005370,R3653,415.93222453794186,OPEN
7307,N005373,N005368,R3654,44.0545485169992,OPEN
7308,N005368,N005373,R3654,44.0545485169992,OPEN
7309,N005362,N005373,R3655,257.7863539085214,OPEN
7310,N005373,N005362,R3655,257.7863539085214,OPEN
7311,N005374,N005315,R3656,50.605480893203904,OPEN
7312,N005315,N005374,R3656,50.605480893203904,OPEN
7313,N005367,N005374,R3657,755.921957369862,OPEN
7314,N005374,N005367,R3657,755.921957369862,OPEN
7315,N005375,N005376,R3658,40.404030473053204,OPEN
7316,N005376,N005375,R3658,40.404030473053204,OPEN
7317,N005377,N005375,R3659,406.9389287833346,OPEN
7318,N005375,N005377,R3659,406.9389287833346,OPEN
7319,N005378,N005377,R3660,25.7894361079039,OPEN
7320,N005377,N005378,R3660,25.7894361079039,OPEN
7321,N002788,N005378,R3661,83.0411143665769,OPEN
7322,N005378,N002788,R3661,83.0411143665769,OPEN
7323,N001715,N001895,R3662,3127.7287456861695,OPEN
7324,N001895,N001715,R3662,3127.7287456861695,OPEN
7325,N005379,N005380,R3663,2432.6471919401883,OPEN
7326,N005380,N005379,R3663,2432.6471919401883,OPEN
7327,N005379,N005380,R3664,2432.6471919401883,OPEN
7328,N005380,N005379,R3664,2432.6471919401883,OPEN
7329,N005381,N005382,R3665,5232.933780473112,OPEN
7330,N005382,N005381,R3665,5232.933780473112,OPEN
7331,N002962,N005381,R3666,101.12819366239529,OPEN
7332,N005381,N002962,R3666,101.12819366239529,OPEN
7333,N005383,N005277,R3667,1232.2508504010218,OPEN
7334,N005277,N005383,R3667,1232.2508504010218,OPEN
7335,N004278,N005277,R3668,76.3578551416546,OPEN
7336,N005277,N004278,R3668,76.3578551416546,OPEN
7337,N004686,N005383,R3669,363.82700352563654,OPEN
7338,N005383,N004686,R3669,363.82700352563654,OPEN
7339,N001887,N005384,R3670,27.3238809277,OPEN
7340,N005384,N001887,R3670,27.3238809277,OPEN
7341,N004117,N004118,R3671,23.5966990496849,OPEN
7342,N004118,N004117,R3671,23.5966990496849,OPEN
7343,N005385,N005300,R3672,714.411781406093,OPEN
7344,N005300,N005385,R3672,714.411781406093,OPEN
7345,N005386,N005385,R3673,47.661194518325104,OPEN
7346,N005385,N005386,R3673,47.661194518325104,OPEN
7347,N005387,N005386,R3674,244.0495478387382,OPEN
7348,N005386,N005387,R3674,244.0495478387382,OPEN
7349,N001713,N005387,R3675,66.1642289213636,OPEN
7350,N005387,N001713,R3675,66.1642289213636,OPEN
7351,N001711,N005388,R3676,573.2434322702333,OPEN
7352,N005388,N001711,R3676,573.2434322702333,OPEN
7353,N005388,N001712,R3677,21.0444576953192,OPEN
7354,N001712,N005388,R3677,21.0444576953192,OPEN
7355,N005389,N001908,R3678,2264.972601308457,OPEN
7356,N001908,N005389,R3678,2264.972601308457,OPEN
7357,N001912,N005389,R3679,766.650707537036,OPEN
7358,N005389,N001912,R3679,766.650707537036,OPEN
7359,N005390,N005391,R3680,608.7481391788718,OPEN
7360,N005391,N005390,R3680,608.7481391788718,OPEN
7361,N005238,N005390,R3681,83.7775146693044,OPEN
7362,N005390,N005238,R3681,83.7775146693044,OPEN
7363,N005392,N005393,R3682,97.9786908502777,OPEN
7364,N005393,N005392,R3682,97.9786908502777,OPEN
7365,N005394,N005395,R3683,87.3073109734306,OPEN
7366,N005395,N005394,R3683,87.3073109734306,OPEN
7367,N005393,N005394,R3684,95.9637872036472,OPEN
7368,N005394,N005393,R3684,95.9637872036472,OPEN
7369,N005396,N004177,R3685,10.6957124714432,OPEN
7370,N004177,N005396,R3685,10.6957124714432,OPEN
7371,N005397,N005396,R3686,447.8627710748575,OPEN
7372,N005396,N005397,R3686,447.8627710748575,OPEN
7373,N005398,N002413,R3687,37.0526786416665,OPEN
7374,N002413,N005398,R3687,37.0526786416665,OPEN
7375,N002416,N005398,R3688,17.7796750088573,OPEN
7376,N005398,N002416,R3688,17.7796750088573,OPEN
7377,N004328,N001470,R3689,304.90334700592894,OPEN
7378,N001470,N004328,R3689,304.90334700592894,OPEN
7379,N005399,N004076,R3690,13.3915540664897,OPEN
7380,N004076,N005399,R3690,13.3915540664897,OPEN
7381,N005292,N005399,R3691,590.3755958586358,OPEN
7382,N005399,N005292,R3691,590.3755958586358,OPEN
7383,N005400,N001910,R3692,880.8053283477713,OPEN
7384,N001910,N005400,R3692,880.8053283477713,OPEN
7385,N005401,N005402,R3693,2073.19852112323,OPEN
7386,N005402,N005401,R3693,2073.19852112323,OPEN
7387,N001881,N005401,R3694,59.8328647272398,OPEN
7388,N005401,N001881,R3694,59.8328647272398,OPEN
7389,N004269,N005403,R3695,2635.8099225832157,OPEN
7390,N005403,N004269,R3695,2635.8099225832157,OPEN
7391,N005403,N004267,R3696,37.9466557371885,OPEN
7392,N004267,N005403,R3696,37.9466557371885,OPEN
7393,N005404,N005405,R3697,36.7095117418887,OPEN
7394,N005405,N005404,R3697,36.7095117418887,OPEN
7395,N005405,N004270,R3698,265.2430833355307,OPEN
7396,N004270,N005405,R3698,265.2430833355307,OPEN
7397,N005406,N002070,R3699,642.3831738863975,OPEN
7398,N002070,N005406,R3699,642.3831738863975,OPEN
7399,N004106,N005407,R3700,33.7832570907718,OPEN
7400,N005407,N004106,R3700,33.7832570907718,OPEN
7401,N005407,N004064,R3701,3.5191391911259,OPEN
7402,N004064,N005407,R3701,3.5191391911259,OPEN
7403,N005408,N005409,R3702,31.891919532296697,OPEN
7404,N005409,N005408,R3702,31.891919532296697,OPEN
7405,N005410,N005408,R3703,537.4391107529252,OPEN
7406,N005408,N005410,R3703,537.4391107529252,OPEN
7407,N005411,N005412,R3704,1858.4567185142998,OPEN
7408,N005412,N005411,R3704,1858.4567185142998,OPEN
7409,N003528,N005411,R3705,37.598238467478296,OPEN
7410,N005411,N003528,R3705,37.598238467478296,OPEN
7411,N005413,N003527,R3706,55.337710267258,OPEN
7412,N003527,N005413,R3706,55.337710267258,OPEN
7413,N005340,N005413,R3707,3011.5348262895354,OPEN
7414,N005413,N005340,R3707,3011.5348262895354,OPEN
7415,N005414,N004089,R3708,1581.5281478937823,OPEN
7416,N004089,N005414,R3708,1581.5281478937823,OPEN
7417,N005415,N005414,R3709,175.5828689137319,OPEN
7418,N005414,N005415,R3709,175.5828689137319,OPEN
7419,N005412,N005410,R3710,43.14353198436871,OPEN
7420,N005410,N005412,R3710,43.14353198436871,OPEN
7421,N005409,N005415,R3711,1335.1289851283395,OPEN
7422,N005415,N005409,R3711,1335.1289851283395,OPEN
7423,N005416,N005250,R3712,16.0457895675898,OPEN
7424,N005250,N005416,R3712,16.0457895675898,OPEN
7425,N005252,N005416,R3713,154.6511430258803,OPEN
7426,N005416,N005252,R3713,154.6511430258803,OPEN
7427,N005417,N005418,R3714,38.4890840410914,OPEN
7428,N005418,N005417,R3714,38.4890840410914,OPEN
7429,N005419,N005339,R3715,356.2035297377861,OPEN
7430,N005339,N005419,R3715,356.2035297377861,OPEN
7431,N005420,N005419,R3716,62.760868538146596,OPEN
7432,N005419,N005420,R3716,62.760868538146596,OPEN
7433,N005421,N002570,R3717,16.064840886189103,OPEN
7434,N002570,N005421,R3717,16.064840886189103,OPEN
7435,N005376,N005421,R3718,987.5735913709556,OPEN
7436,N005421,N005376,R3718,987.5735913709556,OPEN
7437,N005422,N005423,R3719,293.8442300431914,OPEN
7438,N005423,N005422,R3719,293.8442300431914,OPEN
7439,N002571,N005422,R3720,36.139591971843906,OPEN
7440,N005422,N002571,R3720,36.139591971843906,OPEN
7441,N005424,N005425,R3721,532.8637278811701,OPEN
7442,N005425,N005424,R3721,532.8637278811701,OPEN
7443,N005423,N005424,R3722,24.5167192315652,OPEN
7444,N005424,N005423,R3722,24.5167192315652,OPEN
7445,N005426,N005427,R3723,3900.3342742643813,OPEN
7446,N005427,N005426,R3723,3900.3342742643813,OPEN
7447,N005425,N005426,R3724,18.743309215457998,OPEN
7448,N005426,N005425,R3724,18.743309215457998,OPEN
7449,N005428,N005429,R3725,130.6883472612153,OPEN
7450,N005429,N005428,R3725,130.6883472612153,OPEN
7451,N005427,N005428,R3726,60.7661053672223,OPEN
7452,N005428,N005427,R3726,60.7661053672223,OPEN
7453,N005430,N005431,R3727,59.8375610602818,OPEN
7454,N005431,N005430,R3727,59.8375610602818,OPEN
7455,N005429,N005430,R3728,25.5502697380005,OPEN
7456,N005430,N005429,R3728,25.5502697380005,OPEN
7457,N005432,N005433,R3729,5119.349678559914,OPEN
7458,N005433,N005432,R3729,5119.349678559914,OPEN
7459,N005431,N005432,R3730,17.662266993712002,OPEN
7460,N005432,N005431,R3730,17.662266993712002,OPEN
7461,N005434,N004077,R3731,69.3922588132227,OPEN
7462,N004077,N005434,R3731,69.3922588132227,OPEN
7463,N005435,N005404,R3732,1218.5674016693622,OPEN
7464,N005404,N005435,R3732,1218.5674016693622,OPEN
7465,N001631,N005435,R3733,49.255820654387705,OPEN
7466,N005435,N001631,R3733,49.255820654387705,OPEN
7467,N005436,N002589,R3734,1526.826234830119,OPEN
7468,N002589,N005436,R3734,1526.826234830119,OPEN
7469,N001393,N005436,R3735,33.6872792829604,OPEN
7470,N005436,N001393,R3735,33.6872792829604,OPEN
7471,N005437,N005438,R3736,5723.259361227466,OPEN
7472,N005438,N005437,R3736,5723.259361227466,OPEN
7473,N005439,N001392,R3737,68.8328454702928,OPEN
7474,N001392,N005439,R3737,68.8328454702928,OPEN
7475,N005440,N005439,R3738,533.1581796974483,OPEN
7476,N005439,N005440,R3738,533.1581796974483,OPEN
7477,N005441,N005442,R3739,55.8660692008326,OPEN
7478,N005442,N005441,R3739,55.8660692008326,OPEN
7479,N005442,N001705,R3740,168.68838730257391,OPEN
7480,N001705,N005442,R3740,168.68838730257391,OPEN
7481,N005443,N005444,R3741,1399.9670836717637,OPEN
7482,N005444,N005443,R3741,1399.9670836717637,OPEN
7483,N005445,N005446,R3742,475.0078669232448,OPEN
7484,N005446,N005445,R3742,475.0078669232448,OPEN
7485,N001623,N005447,R3743,581.7136484853239,OPEN
7486,N005447,N001623,R3743,581.7136484853239,OPEN
7487,N005447,N001632,R3744,63.97190190052909,OPEN
7488,N001632,N005447,R3744,63.97190190052909,OPEN
7489,N005448,N005449,R3745,44.636607406606004,OPEN
7490,N005449,N005448,R3745,44.636607406606004,OPEN
7491,N005450,N005451,R3746,1251.204625185309,OPEN
7492,N005451,N005450,R3746,1251.204625185309,OPEN
7493,N005452,N005453,R3747,1536.5256921681494,OPEN
7494,N005453,N005452,R3747,1536.5256921681494,OPEN
7495,N005454,N005454,R3748,74.9456246138313,OPEN
7496,N005454,N005454,R3748,74.9456246138313,OPEN
7497,N005455,N005456,R3749,1027.5955218241236,OPEN
7498,N005456,N005455,R3749,1027.5955218241236,OPEN
7499,N005457,N005458,R3750,1027.338743641558,OPEN
7500,N005458,N005457,R3750,1027.338743641558,OPEN
7501,N005334,N005459,R3751,55.0758773771069,OPEN
7502,N005459,N005334,R3751,55.0758773771069,OPEN
7503,N005460,N005461,R3752,52.912302117794106,OPEN
7504,N005461,N005460,R3752,52.912302117794106,OPEN
7505,N005462,N005462,R3753,132.6539784679827,OPEN
7506,N005462,N005462,R3753,132.6539784679827,OPEN
7507,N005463,N005464,R3754,54.4217118060596,OPEN
7508,N005464,N005463,R3754,54.4217118060596,OPEN
7509,N005465,N005466,R3755,202.2107743334564,OPEN
7510,N005466,N005465,R3755,202.2107743334564,OPEN
7511,N005467,N005329,R3756,956.5893772748892,OPEN
7512,N005329,N005467,R3756,956.5893772748892,OPEN
7513,N005468,N005329,R3757,240.8718651105784,OPEN
7514,N005329,N005468,R3757,240.8718651105784,OPEN
7515,N005461,N005469,R3758,900.2429437597805,OPEN
7516,N005469,N005461,R3758,900.2429437597805,OPEN
7517,N005470,N005467,R3759,96.40750895369119,OPEN
7518,N005467,N005470,R3759,96.40750895369119,OPEN
7519,N005471,N005472,R3760,627.3031411722819,OPEN
7520,N005472,N005471,R3760,627.3031411722819,OPEN
7521,N005330,N005471,R3761,97.0976763158443,OPEN
7522,N005471,N005330,R3761,97.0976763158443,OPEN
7523,N005473,N005470,R3762,627.4196596953394,OPEN
7524,N005470,N005473,R3762,627.4196596953394,OPEN
7525,N005474,N005455,R3763,85.0791818635709,OPEN
7526,N005455,N005474,R3763,85.0791818635709,OPEN
7527,N005453,N005474,R3764,158.31473203284997,OPEN
7528,N005474,N005453,R3764,158.31473203284997,OPEN
7529,N005475,N005476,R3765,157.6023793267242,OPEN
7530,N005476,N005475,R3765,157.6023793267242,OPEN
7531,N005458,N005475,R3766,86.5776036468743,OPEN
7532,N005475,N005458,R3766,86.5776036468743,OPEN
7533,N001909,N001910,R3767,2095.3520507305184,OPEN
7534,N001910,N001909,R3767,2095.3520507305184,OPEN
7535,N005477,N002538,R3768,3212.805185370944,OPEN
7536,N002538,N005477,R3768,3212.805185370944,OPEN
7537,N005478,N005479,R3769,48.4020595959404,OPEN
7538,N005479,N005478,R3769,48.4020595959404,OPEN
7539,N005480,N005478,R3770,303.85234112203466,OPEN
7540,N005478,N005480,R3770,303.85234112203466,OPEN
7541,N005481,N005482,R3771,322.70770079204095,OPEN
7542,N005482,N005481,R3771,322.70770079204095,OPEN
7543,N005483,N005481,R3772,35.749576857966005,OPEN
7544,N005481,N005483,R3772,35.749576857966005,OPEN
7545,N005482,N005484,R3773,76.4756929413965,OPEN
7546,N005484,N005482,R3773,76.4756929413965,OPEN
7547,N005479,N005483,R3774,269.8795489105031,OPEN
7548,N005483,N005479,R3774,269.8795489105031,OPEN
7549,N005485,N004285,R3775,558.9756884951312,OPEN
7550,N004285,N005485,R3775,558.9756884951312,OPEN
7551,N005486,N005480,R3776,93.89862510818631,OPEN
7552,N005480,N005486,R3776,93.89862510818631,OPEN
7553,N005487,N001443,R3777,60.855920580884096,OPEN
7554,N001443,N005487,R3777,60.855920580884096,OPEN
7555,N001465,N005487,R3778,354.3976144513285,OPEN
7556,N005487,N001465,R3778,354.3976144513285,OPEN
7557,N005488,N004601,R3779,806.1412194142011,OPEN
7558,N004601,N005488,R3779,806.1412194142011,OPEN
7559,N005489,N005489,R3780,81.7311458762221,OPEN
7560,N005489,N005489,R3780,81.7311458762221,OPEN
7561,N005490,N001458,R3781,959.5842871903873,OPEN
7562,N001458,N005490,R3781,959.5842871903873,OPEN
7563,N001467,N005490,R3782,9.0335425654813,OPEN
7564,N005490,N001467,R3782,9.0335425654813,OPEN
7565,N005491,N004309,R3783,26.940508650724798,OPEN
7566,N004309,N005491,R3783,26.940508650724798,OPEN
7567,N004312,N005491,R3784,1012.6663407107817,OPEN
7568,N005491,N004312,R3784,1012.6663407107817,OPEN
7569,N005492,N005493,R3785,1769.873830670003,OPEN
7570,N005493,N005492,R3785,1769.873830670003,OPEN
7571,N005494,N005495,R3786,1782.044340004713,OPEN
7572,N005495,N005494,R3786,1782.044340004713,OPEN
7573,N001877,N004542,R3787,7038.581237477012,OPEN
7574,N004542,N001877,R3787,7038.581237477012,OPEN
7575,N001877,N004542,R3788,7038.581237477012,OPEN
7576,N004542,N001877,R3788,7038.581237477012,OPEN
7577,N001877,N004542,R3789,7038.581237477012,OPEN
7578,N004542,N001877,R3789,7038.581237477012,OPEN
7579,N001161,N001683,R3790,5285.881624012295,OPEN
7580,N001683,N001161,R3790,5285.881624012295,OPEN
7581,N003930,N001492,R3791,265.88958838356393,OPEN
7582,N001492,N003930,R3791,265.88958838356393,OPEN
7583,N003930,N005496,R3792,101.8217750952477,OPEN
7584,N005496,N003930,R3792,101.8217750952477,OPEN
7585,N001448,N005497,R3793,91.9200233013697,OPEN
7586,N005497,N001448,R3793,91.9200233013697,OPEN
7587,N005497,N004507,R3794,15.024402480843401,OPEN
7588,N004507,N005497,R3794,15.024402480843401,OPEN
7589,N001457,N005498,R3795,55.0877863897869,OPEN
7590,N005498,N001457,R3795,55.0877863897869,OPEN
7591,N005498,N001447,R3796,135.4524217445009,OPEN
7592,N001447,N005498,R3796,135.4524217445009,OPEN
7593,N005499,N003043,R3797,603.5823249579465,OPEN
7594,N003043,N005499,R3797,603.5823249579465,OPEN
7595,N005500,N005499,R3798,71.5514011946734,OPEN
7596,N005499,N005500,R3798,71.5514011946734,OPEN
7597,N005501,N005500,R3799,602.5697402168122,OPEN
7598,N005500,N005501,R3799,602.5697402168122,OPEN
7599,N004284,N005501,R3800,67.450330020283,OPEN
7600,N005501,N004284,R3800,67.450330020283,OPEN
7601,N005502,N005503,R3801,3246.240788592018,OPEN
7602,N005503,N005502,R3801,3246.240788592018,OPEN
7603,N002061,N005504,R3802,884.6733161230063,OPEN
7604,N005504,N002061,R3802,884.6733161230063,OPEN
7605,N005505,N005506,R3803,57.6899327492548,OPEN
7606,N005506,N005505,R3803,57.6899327492548,OPEN
7607,N005507,N005508,R3804,131.5553201376167,OPEN
7608,N005508,N005507,R3804,131.5553201376167,OPEN
7609,N001484,N001518,R3805,454.01128880880196,OPEN
7610,N001518,N001484,R3805,454.01128880880196,OPEN
7611,N002783,N004685,R3806,282.6473405360922,OPEN
7612,N004685,N002783,R3806,282.6473405360922,OPEN
7613,N002117,N005509,R3807,19.9858568339547,OPEN
7614,N005509,N002117,R3807,19.9858568339547,OPEN
7615,N005509,N002857,R3808,1462.3757501384334,OPEN
7616,N002857,N005509,R3808,1462.3757501384334,OPEN
7617,N005510,N005511,R3809,819.8332693627384,OPEN
7618,N005511,N005510,R3809,819.8332693627384,OPEN
7619,N005512,N005510,R3810,21.5767574506602,OPEN
7620,N005510,N005512,R3810,21.5767574506602,OPEN
7621,N004581,N005513,R3811,439.7227641488139,OPEN
7622,N005513,N004581,R3811,439.7227641488139,OPEN
7623,N001813,N005514,R3812,57.7260249905039,OPEN
7624,N005514,N001813,R3812,57.7260249905039,OPEN
7625,N001776,N001813,R3813,42.3207797733264,OPEN
7626,N001813,N001776,R3813,42.3207797733264,OPEN
7627,N005514,N005515,R3814,62.390273377516,OPEN
7628,N005515,N005514,R3814,62.390273377516,OPEN
7629,N001811,N005515,R3815,99.8572341819452,OPEN
7630,N005515,N001811,R3815,99.8572341819452,OPEN
7631,N005515,N001776,R3816,63.859950897004495,OPEN
7632,N001776,N005515,R3816,63.859950897004495,OPEN
7633,N005516,N005322,R3817,35.1155105671836,OPEN
7634,N005322,N005516,R3817,35.1155105671836,OPEN
7635,N005323,N005516,R3818,1695.4942798574368,OPEN
7636,N005516,N005323,R3818,1695.4942798574368,OPEN
7637,N005517,N001606,R3819,59.8471840952054,OPEN
7638,N001606,N005517,R3819,59.8471840952054,OPEN
7639,N005518,N005517,R3820,69.72431732186921,OPEN
7640,N005517,N005518,R3820,69.72431732186921,OPEN
7641,N001820,N001828,R3821,54.6733074993006,OPEN
7642,N001828,N001820,R3821,54.6733074993006,OPEN
7643,N005239,N005237,R3822,1433.2832089827175,OPEN
7644,N005237,N005239,R3822,1433.2832089827175,OPEN
7645,N001830,N005519,R3823,237.4353879171224,OPEN
7646,N005519,N001830,R3823,237.4353879171224,OPEN
7647,N005519,N005520,R3824,16.0798102291824,OPEN
7648,N005520,N005519,R3824,16.0798102291824,OPEN
7649,N005520,N001219,R3825,13.372813553123201,OPEN
7650,N001219,N005520,R3825,13.372813553123201,OPEN
7651,N005521,N001404,R3826,610.8349651150278,OPEN
7652,N001404,N005521,R3826,610.8349651150278,OPEN
7653,N002261,N001404,R3827,29.6322545628759,OPEN
7654,N001404,N002261,R3827,29.6322545628759,OPEN
7655,N005522,N002064,R3828,31.2914661903672,OPEN
7656,N002064,N005522,R3828,31.2914661903672,OPEN
7657,N002065,N002064,R3829,306.7154587687676,OPEN
7658,N002064,N002065,R3829,306.7154587687676,OPEN
7659,N001222,N002065,R3830,697.7563345008447,OPEN
7660,N002065,N001222,R3830,697.7563345008447,OPEN
7661,N002065,N001221,R3831,197.1651840470528,OPEN
7662,N001221,N002065,R3831,197.1651840470528,OPEN
7663,N005523,N005524,R3832,17.7192788112733,OPEN
7664,N005524,N005523,R3832,17.7192788112733,OPEN
7665,N005525,N001004,R3833,371.726021133389,OPEN
7666,N001004,N005525,R3833,371.726021133389,OPEN
7667,N001005,N005526,R3834,360.4761810534433,OPEN
7668,N005526,N001005,R3834,360.4761810534433,OPEN
7669,N001004,N002260,R3835,15.9947127019235,OPEN
7670,N002260,N001004,R3835,15.9947127019235,OPEN
7671,N005527,N005528,R3836,1402.431970793354,OPEN
7672,N005528,N005527,R3836,1402.431970793354,OPEN
7673,N002066,N003562,R3837,232.4671478351251,OPEN
7674,N003562,N002066,R3837,232.4671478351251,OPEN
7675,N001011,N003562,R3838,65.49456685123239,OPEN
7676,N003562,N001011,R3838,65.49456685123239,OPEN
7677,N002257,N005525,R3839,357.4102053907244,OPEN
7678,N005525,N002257,R3839,357.4102053907244,OPEN
7679,N005529,N002961,R3840,18.611542178693,OPEN
7680,N002961,N005529,R3840,18.611542178693,OPEN
7681,N005530,N005529,R3841,2283.470320435608,OPEN
7682,N005529,N005530,R3841,2283.470320435608,OPEN
7683,N005531,N002983,R3842,24.695813454692,OPEN
7684,N002983,N005531,R3842,24.695813454692,OPEN
7685,N002416,N005531,R3843,541.8657068477153,OPEN
7686,N005531,N002416,R3843,541.8657068477153,OPEN
7687,N005532,N005512,R3844,780.373383486723,OPEN
7688,N005512,N005532,R3844,780.373383486723,OPEN
7689,N002985,N005532,R3845,50.554426977931,OPEN
7690,N005532,N002985,R3845,50.554426977931,OPEN
7691,N004036,N001806,R3846,202.3192205517242,OPEN
7692,N001806,N004036,R3846,202.3192205517242,OPEN
7693,N004036,N001809,R3847,14.661042487961,OPEN
7694,N001809,N004036,R3847,14.661042487961,OPEN
7695,N001845,N005533,R3848,55.4102045398015,OPEN
7696,N005533,N001845,R3848,55.4102045398015,OPEN
7697,N005534,N001845,R3849,52.319125852571,OPEN
7698,N001845,N005534,R3849,52.319125852571,OPEN
7699,N005535,N002958,R3850,194.53559741692231,OPEN
7700,N002958,N005535,R3850,194.53559741692231,OPEN
7701,N002943,N005535,R3851,244.92537598642681,OPEN
7702,N005535,N002943,R3851,244.92537598642681,OPEN
7703,N002787,N004160,R3852,1753.4943755784982,OPEN
7704,N004160,N002787,R3852,1753.4943755784982,OPEN
7705,N005536,N002949,R3853,221.5002388801467,OPEN
7706,N002949,N005536,R3853,221.5002388801467,OPEN
7707,N002950,N005537,R3854,1123.6937136003776,OPEN
7708,N005537,N002950,R3854,1123.6937136003776,OPEN
7709,N005538,N005537,R3855,422.2599663492838,OPEN
7710,N005537,N005538,R3855,422.2599663492838,OPEN
7711,N002957,N005538,R3856,416.8817847349271,OPEN
7712,N005538,N002957,R3856,416.8817847349271,OPEN
7713,N001009,N005539,R3857,500.6989391814096,OPEN
7714,N005539,N001009,R3857,500.6989391814096,OPEN
7715,N005539,N002066,R3858,650.0602523314806,OPEN
7716,N002066,N005539,R3858,650.0602523314806,OPEN
7717,N002549,N005540,R3859,585.1765624029816,OPEN
7718,N005540,N002549,R3859,585.1765624029816,OPEN
7719,N005541,N004259,R3860,11.3190148447851,OPEN
7720,N004259,N005541,R3860,11.3190148447851,OPEN
7721,N004261,N005541,R3861,981.416714442244,OPEN
7722,N005541,N004261,R3861,981.416714442244,OPEN
7723,N005542,N004262,R3862,183.368101887452,OPEN
7724,N004262,N005542,R3862,183.368101887452,OPEN
7725,N004264,N005542,R3863,1053.4198741228906,OPEN
7726,N005542,N004264,R3863,1053.4198741228906,OPEN
7727,N005543,N005544,R3864,320.2942820300516,OPEN
7728,N005544,N005543,R3864,320.2942820300516,OPEN
7729,N001641,N005543,R3865,42.492241020082105,OPEN
7730,N005543,N001641,R3865,42.492241020082105,OPEN
7731,N005545,N005546,R3866,21.839887194351398,OPEN
7732,N005546,N005545,R3866,21.839887194351398,OPEN
7733,N005547,N005545,R3867,1125.7103040495892,OPEN
7734,N005545,N005547,R3867,1125.7103040495892,OPEN
7735,N005546,N001627,R3868,3887.2566709775424,OPEN
7736,N001627,N005546,R3868,3887.2566709775424,OPEN
7737,N005544,N005547,R3869,44.3984963506388,OPEN
7738,N005547,N005544,R3869,44.3984963506388,OPEN
7739,N005548,N005549,R3870,1663.9084922783832,OPEN
7740,N005549,N005548,R3870,1663.9084922783832,OPEN
7741,N001636,N005548,R3871,44.5449502083236,OPEN
7742,N005548,N001636,R3871,44.5449502083236,OPEN
7743,N005550,N005551,R3872,368.7533351315986,OPEN
7744,N005551,N005550,R3872,368.7533351315986,OPEN
7745,N005549,N005550,R3873,27.0485447988118,OPEN
7746,N005550,N005549,R3873,27.0485447988118,OPEN
7747,N005552,N005553,R3874,41.5399454506534,OPEN
7748,N005553,N005552,R3874,41.5399454506534,OPEN
7749,N005554,N005552,R3875,363.219254545942,OPEN
7750,N005552,N005554,R3875,363.219254545942,OPEN
7751,N005555,N005554,R3876,33.0810152980358,OPEN
7752,N005554,N005555,R3876,33.0810152980358,OPEN
7753,N005556,N005555,R3877,298.12980168930943,OPEN
7754,N005555,N005556,R3877,298.12980168930943,OPEN
7755,N005557,N005558,R3878,703.1405272792089,OPEN
7756,N005558,N005557,R3878,703.1405272792089,OPEN
7757,N005551,N005557,R3879,48.918927936585696,OPEN
7758,N005557,N005551,R3879,48.918927936585696,OPEN
7759,N005553,N001625,R3880,1201.6809236567585,OPEN
7760,N001625,N005553,R3880,1201.6809236567585,OPEN
7761,N005558,N005556,R3881,33.956562159854,OPEN
7762,N005556,N005558,R3881,33.956562159854,OPEN
7763,N005559,N005560,R3882,1933.137140077909,OPEN
7764,N005560,N005559,R3882,1933.137140077909,OPEN
7765,N005561,N005559,R3883,39.9702375874825,OPEN
7766,N005559,N005561,R3883,39.9702375874825,OPEN
7767,N005560,N001635,R3884,229.9338307424365,OPEN
7768,N001635,N005560,R3884,229.9338307424365,OPEN
7769,N005159,N005562,R3885,3764.6410260031075,OPEN
7770,N005562,N005159,R3885,3764.6410260031075,OPEN
7771,N005563,N002945,R3886,120.5459554597355,OPEN
7772,N002945,N005563,R3886,120.5459554597355,OPEN
7773,N002948,N005563,R3887,9.6288042043824,OPEN
7774,N005563,N002948,R3887,9.6288042043824,OPEN
7775,N005564,N001281,R3888,20.2969404546217,OPEN
7776,N001281,N005564,R3888,20.2969404546217,OPEN
7777,N005565,N005564,R3889,618.8156220817555,OPEN
7778,N005564,N005565,R3889,618.8156220817555,OPEN
7779,N005566,N005565,R3890,21.9589836894526,OPEN
7780,N005565,N005566,R3890,21.9589836894526,OPEN
7781,N005290,N005566,R3891,132.41841260095,OPEN
7782,N005566,N005290,R3891,132.41841260095,OPEN
7783,N002939,N005536,R3892,82.971291030767,OPEN
7784,N005536,N002939,R3892,82.971291030767,OPEN
7785,N005567,N002936,R3893,572.4826808922769,OPEN
7786,N002936,N005567,R3893,572.4826808922769,OPEN
7787,N001282,N005567,R3894,45.4813160050289,OPEN
7788,N005567,N001282,R3894,45.4813160050289,OPEN
7789,N005568,N002721,R3895,389.45553475260857,OPEN
7790,N002721,N005568,R3895,389.45553475260857,OPEN
7791,N002525,N005568,R3896,26.2525764421365,OPEN
7792,N005568,N002525,R3896,26.2525764421365,OPEN
7793,N005569,N004163,R3897,193.4877882788727,OPEN
7794,N004163,N005569,R3897,193.4877882788727,OPEN
7795,N004164,N005569,R3898,43.6474520927348,OPEN
7796,N005569,N004164,R3898,43.6474520927348,OPEN
7797,N005570,N005571,R3899,93.652728231031,OPEN
7798,N005571,N005570,R3899,93.652728231031,OPEN
7799,N005220,N005570,R3900,17.7374866069866,OPEN
7800,N005570,N005220,R3900,17.7374866069866,OPEN
7801,N001640,N005221,R3901,18.538215641700802,OPEN
7802,N005221,N001640,R3901,18.538215641700802,OPEN
7803,N005338,N005572,R3902,30.8576430582378,OPEN
7804,N005572,N005338,R3902,30.8576430582378,OPEN
7805,N005572,N005573,R3903,1701.9798124202111,OPEN
7806,N005573,N005572,R3903,1701.9798124202111,OPEN
7807,N005574,N002718,R3904,39.743013715179096,OPEN
7808,N002718,N005574,R3904,39.743013715179096,OPEN
7809,N005575,N005576,R3905,1569.5099558731808,OPEN
7810,N005576,N005575,R3905,1569.5099558731808,OPEN
7811,N005576,N005577,R3906,11.6855829740381,OPEN
7812,N005577,N005576,R3906,11.6855829740381,OPEN
7813,N005577,N005574,R3907,286.31065283862,OPEN
7814,N005574,N005577,R3907,286.31065283862,OPEN
7815,N005578,N005502,R3908,16.654264270961402,OPEN
7816,N005502,N005578,R3908,16.654264270961402,OPEN
7817,N005579,N005578,R3909,1207.238015866516,OPEN
7818,N005578,N005579,R3909,1207.238015866516,OPEN
7819,N005580,N005581,R3910,56.1163976270095,OPEN
7820,N005581,N005580,R3910,56.1163976270095,OPEN
7821,N005503,N005580,R3911,49.79182889418,OPEN
7822,N005580,N005503,R3911,49.79182889418,OPEN
7823,N005573,N005582,R3912,179.9089532785437,OPEN
7824,N005582,N005573,R3912,179.9089532785437,OPEN
7825,N005582,N005583,R3913,74.2832832725421,OPEN
7826,N005583,N005582,R3913,74.2832832725421,OPEN
7827,N005583,N005420,R3914,1412.9196917609158,OPEN
7828,N005420,N005583,R3914,1412.9196917609158,OPEN
7829,N005584,N003200,R3915,17.016073061997602,OPEN
7830,N003200,N005584,R3915,17.016073061997602,OPEN
7831,N005585,N005584,R3916,5512.3754153516065,OPEN
7832,N005584,N005585,R3916,5512.3754153516065,OPEN
7833,N004153,N004151,R3917,42.9497120501003,OPEN
7834,N004151,N004153,R3917,42.9497120501003,OPEN
7835,N001864,N001866,R3918,0.8526117322615,OPEN
7836,N001866,N001864,R3918,0.8526117322615,OPEN
7837,N001860,N001853,R3919,1.1209240476274,OPEN
7838,N001853,N001860,R3919,1.1209240476274,OPEN
7839,N005586,N002849,R3920,73.0655844548693,OPEN
7840,N002849,N005586,R3920,73.0655844548693,OPEN
7841,N005587,N005586,R3921,729.7507491043469,OPEN
7842,N005586,N005587,R3921,729.7507491043469,OPEN
7843,N004179,N005588,R3922,2517.502866425265,OPEN
7844,N005588,N004179,R3922,2517.502866425265,OPEN
7845,N005589,N005590,R3923,2598.653273368965,OPEN
7846,N005590,N005589,R3923,2598.653273368965,OPEN
7847,N005591,N005589,R3924,63.7606967936771,OPEN
7848,N005589,N005591,R3924,63.7606967936771,OPEN
7849,N005590,N002563,R3925,26.7413801226226,OPEN
7850,N002563,N005590,R3925,26.7413801226226,OPEN
7851,N005592,N005591,R3926,5923.067356236457,OPEN
7852,N005591,N005592,R3926,5923.067356236457,OPEN
7853,N005593,N002887,R3927,19.2300573210387,OPEN
7854,N002887,N005593,R3927,19.2300573210387,OPEN
7855,N005594,N002885,R3928,3092.7699844468643,OPEN
7856,N002885,N005594,R3928,3092.7699844468643,OPEN
7857,N005595,N003088,R3929,18.1735464062293,OPEN
7858,N003088,N005595,R3929,18.1735464062293,OPEN
7859,N002772,N001038,R3930,1609.0304668289903,OPEN
7860,N001038,N002772,R3930,1609.0304668289903,OPEN
7861,N005596,N004078,R3931,306.5280108757384,OPEN
7862,N004078,N005596,R3931,306.5280108757384,OPEN
7863,N004508,N005596,R3932,7.7479923030955,OPEN
7864,N005596,N004508,R3932,7.7479923030955,OPEN
7865,N005597,N004400,R3933,1218.027051719634,OPEN
7866,N004400,N005597,R3933,1218.027051719634,OPEN
7867,N005597,N004400,R3934,1218.027051719634,OPEN
7868,N004400,N005597,R3934,1218.027051719634,OPEN
7869,N004399,N005597,R3935,30.9100867564824,OPEN
7870,N005597,N004399,R3935,30.9100867564824,OPEN
7871,N005598,N005599,R3936,118.1496345561381,OPEN
7872,N005599,N005598,R3936,118.1496345561381,OPEN
7873,N005380,N005598,R3937,21.697061375225,OPEN
7874,N005598,N005380,R3937,21.697061375225,OPEN
7875,N005600,N005601,R3938,3242.506137448806,OPEN
7876,N005601,N005600,R3938,3242.506137448806,OPEN
7877,N005599,N005600,R3939,116.16802272934581,OPEN
7878,N005600,N005599,R3939,116.16802272934581,OPEN
7879,N005602,N002056,R3940,26.9388667233754,OPEN
7880,N002056,N005602,R3940,26.9388667233754,OPEN
7881,N005506,N005602,R3941,952.5930595618277,OPEN
7882,N005602,N005506,R3941,952.5930595618277,OPEN
7883,N005603,N005486,R3942,640.3657089349701,OPEN
7884,N005486,N005603,R3942,640.3657089349701,OPEN
7885,N002057,N005603,R3943,52.5317033259266,OPEN
7886,N005603,N002057,R3943,52.5317033259266,OPEN
7887,N005604,N005505,R3944,2643.3619119894774,OPEN
7888,N005505,N005604,R3944,2643.3619119894774,OPEN
7889,N005504,N005604,R3945,39.071981406896896,OPEN
7890,N005604,N005504,R3945,39.071981406896896,OPEN
7891,N005605,N001217,R3946,18.5728412874463,OPEN
7892,N001217,N005605,R3946,18.5728412874463,OPEN
7893,N005606,N005605,R3947,848.9692630499718,OPEN
7894,N005605,N005606,R3947,848.9692630499718,OPEN
7895,N005607,N005606,R3948,13.3568523860882,OPEN
7896,N005606,N005607,R3948,13.3568523860882,OPEN
7897,N002952,N005607,R3949,337.327348959938,OPEN
7898,N005607,N002952,R3949,337.327348959938,OPEN
7899,N005608,N004251,R3950,2903.969138916644,OPEN
7900,N004251,N005608,R3950,2903.969138916644,OPEN
7901,N004254,N005608,R3951,40.9136570013042,OPEN
7902,N005608,N004254,R3951,40.9136570013042,OPEN
7903,N005609,N005610,R3952,442.160068916438,OPEN
7904,N005610,N005609,R3952,442.160068916438,OPEN
7905,N005611,N005609,R3953,64.6160303503149,OPEN
7906,N005609,N005611,R3953,64.6160303503149,OPEN
7907,N005610,N005485,R3954,67.08022914412929,OPEN
7908,N005485,N005610,R3954,67.08022914412929,OPEN
7909,N005484,N005611,R3955,350.3503012570659,OPEN
7910,N005611,N005484,R3955,350.3503012570659,OPEN
7911,N005612,N004283,R3956,66.0291439738453,OPEN
7912,N004283,N005612,R3956,66.0291439738453,OPEN
7913,N004286,N005612,R3957,303.9036368806582,OPEN
7914,N005612,N004286,R3957,303.9036368806582,OPEN
7915,N005613,N004290,R3958,26.6148853683849,OPEN
7916,N004290,N005613,R3958,26.6148853683849,OPEN
7917,N005614,N005613,R3959,528.4703498434933,OPEN
7918,N005613,N005614,R3959,528.4703498434933,OPEN
7919,N005615,N005614,R3960,26.9414161565668,OPEN
7920,N005614,N005615,R3960,26.9414161565668,OPEN
7921,N004288,N005615,R3961,905.11258315711,OPEN
7922,N005615,N004288,R3961,905.11258315711,OPEN
7923,N005616,N005617,R3962,708.64857217633,OPEN
7924,N005617,N005616,R3962,708.64857217633,OPEN
7925,N004291,N005616,R3963,29.6152949713907,OPEN
7926,N005616,N004291,R3963,29.6152949713907,OPEN
7927,N005618,N005619,R3964,213.598618245705,OPEN
7928,N005619,N005618,R3964,213.598618245705,OPEN
7929,N005617,N005618,R3965,20.428770074321903,OPEN
7930,N005618,N005617,R3965,20.428770074321903,OPEN
7931,N005620,N005328,R3966,145.3623086581191,OPEN
7932,N005328,N005620,R3966,145.3623086581191,OPEN
7933,N005621,N005620,R3967,23.712418521421903,OPEN
7934,N005620,N005621,R3967,23.712418521421903,OPEN
7935,N005622,N005621,R3968,60.5768280758589,OPEN
7936,N005621,N005622,R3968,60.5768280758589,OPEN
7937,N005619,N005622,R3969,25.9924075787597,OPEN
7938,N005622,N005619,R3969,25.9924075787597,OPEN
7939,N003533,N003532,R3970,16.6903014479764,OPEN
7940,N003532,N003533,R3970,16.6903014479764,OPEN
7941,N003517,N002448,R3971,1249.2396256399938,OPEN
7942,N002448,N003517,R3971,1249.2396256399938,OPEN
7943,N005623,N002572,R3972,144.1272777100823,OPEN
7944,N002572,N005623,R3972,144.1272777100823,OPEN
7945,N002848,N005623,R3973,16.8212926557849,OPEN
7946,N005623,N002848,R3973,16.8212926557849,OPEN
7947,N005624,N002847,R3974,198.5671462529951,OPEN
7948,N002847,N005624,R3974,198.5671462529951,OPEN
7949,N002586,N005624,R3975,47.5429239366929,OPEN
7950,N005624,N002586,R3975,47.5429239366929,OPEN
7951,N005625,N002585,R3976,63.4716081873572,OPEN
7952,N002585,N005625,R3976,63.4716081873572,OPEN
7953,N005626,N005625,R3977,660.618725433478,OPEN
7954,N005625,N005626,R3977,660.618725433478,OPEN
7955,N005627,N005626,R3978,46.4391514947056,OPEN
7956,N005626,N005627,R3978,46.4391514947056,OPEN
7957,N002589,N005627,R3979,2046.197423473854,OPEN
7958,N005627,N002589,R3979,2046.197423473854,OPEN
7959,N005628,N005629,R3980,43.8427823929854,OPEN
7960,N005629,N005628,R3980,43.8427823929854,OPEN
7961,N001626,N005630,R3981,2667.4742467964084,OPEN
7962,N005630,N001626,R3981,2667.4742467964084,OPEN
7963,N001626,N005630,R3982,2667.4742467964084,OPEN
7964,N005630,N001626,R3982,2667.4742467964084,OPEN
7965,N005631,N001630,R3983,32.9388398348312,OPEN
7966,N001630,N005631,R3983,32.9388398348312,OPEN
7967,N005632,N005631,R3984,627.8264287327714,OPEN
7968,N005631,N005632,R3984,627.8264287327714,OPEN
7969,N005633,N005632,R3985,44.871935633265,OPEN
7970,N005632,N005633,R3985,44.871935633265,OPEN
7971,N005634,N005635,R3986,31.485157914132202,OPEN
7972,N005635,N005634,R3986,31.485157914132202,OPEN
7973,N005636,N005637,R3987,1080.1114561277675,OPEN
7974,N005637,N005636,R3987,1080.1114561277675,OPEN
7975,N005638,N005636,R3988,18.4267884237281,OPEN
7976,N005636,N005638,R3988,18.4267884237281,OPEN
7977,N005639,N005638,R3989,179.7603021236445,OPEN
7978,N005638,N005639,R3989,179.7603021236445,OPEN
7979,N005640,N005639,R3990,7.6054918480033,OPEN
7980,N005639,N005640,R3990,7.6054918480033,OPEN
7981,N005637,N001637,R3991,31.8540335633368,OPEN
7982,N001637,N005637,R3991,31.8540335633368,OPEN
7983,N005629,N005640,R3992,6228.625850767246,OPEN
7984,N005640,N005629,R3992,6228.625850767246,OPEN
7985,N005641,N002886,R3993,53.9701112473792,OPEN
7986,N002886,N005641,R3993,53.9701112473792,OPEN
7987,N005642,N005641,R3994,2623.0297337033576,OPEN
7988,N005641,N005642,R3994,2623.0297337033576,OPEN
7989,N005643,N005642,R3995,12.9310961154421,OPEN
7990,N005642,N005643,R3995,12.9310961154421,OPEN
7991,N005644,N005643,R3996,2377.3891044884845,OPEN
7992,N005643,N005644,R3996,2377.3891044884845,OPEN
7993,N005433,N005350,R3997,326.478397844464,OPEN
7994,N005350,N005433,R3997,326.478397844464,OPEN
7995,N004035,N005207,R3998,2191.417730170229,OPEN
7996,N005207,N004035,R3998,2191.417730170229,OPEN
7997,N005645,N005646,R3999,13.386487482886299,OPEN
7998,N005646,N005645,R3999,13.386487482886299,OPEN
7999,N001686,N005645,R4000,350.7885263938445,OPEN
8000,N005645,N001686,R4000,350.7885263938445,OPEN
8001,N005647,N003568,R4001,11.4803601795234,OPEN
8002,N003568,N005647,R4001,11.4803601795234,OPEN
8003,N005646,N005647,R4002,980.5861720947686,OPEN
8004,N005647,N005646,R4002,980.5861720947686,OPEN
8005,N005648,N002917,R4003,819.245390110886,OPEN
8006,N002917,N005648,R4003,819.245390110886,OPEN
8007,N001205,N001436,R4004,149.9979171713298,OPEN
8008,N001436,N001205,R4004,149.9979171713298,OPEN
8009,N002780,N005649,R4005,107.0041283372653,OPEN
8010,N005649,N002780,R4005,107.0041283372653,OPEN
8011,N005650,N003646,R4006,34.4101128198722,OPEN
8012,N003646,N005650,R4006,34.4101128198722,OPEN
8013,N005651,N005650,R4007,1809.7531789564077,OPEN
8014,N005650,N005651,R4007,1809.7531789564077,OPEN
8015,N001528,N005652,R4008,17.4664804379509,OPEN
8016,N005652,N001528,R4008,17.4664804379509,OPEN
8017,N005653,N002424,R4009,954.2363905058444,OPEN
8018,N002424,N005653,R4009,954.2363905058444,OPEN
8019,N005654,N005655,R4010,65.0630145985311,OPEN
8020,N005655,N005654,R4010,65.0630145985311,OPEN
8021,N003415,N005654,R4011,683.8815652920333,OPEN
8022,N005654,N003415,R4011,683.8815652920333,OPEN
8023,N005656,N005657,R4012,1489.8782822890892,OPEN
8024,N005657,N005656,R4012,1489.8782822890892,OPEN
8025,N003417,N005658,R4013,2668.8290561126146,OPEN
8026,N005658,N003417,R4013,2668.8290561126146,OPEN
8027,N005655,N005659,R4014,3404.114879496277,OPEN
8028,N005659,N005655,R4014,3404.114879496277,OPEN
8029,N005659,N003412,R4015,32.1918821097516,OPEN
8030,N003412,N005659,R4015,32.1918821097516,OPEN
8031,N005660,N005656,R4016,37.416402824808,OPEN
8032,N005656,N005660,R4016,37.416402824808,OPEN
8033,N003571,N005661,R4017,6.3916278094840004,OPEN
8034,N005661,N003571,R4017,6.3916278094840004,OPEN
8035,N005661,N002424,R4018,200.6664731454909,OPEN
8036,N002424,N005661,R4018,200.6664731454909,OPEN
8037,N004504,N003570,R4019,114.9522872641858,OPEN
8038,N003570,N004504,R4019,114.9522872641858,OPEN
8039,N004506,N004503,R4020,60.8964072836157,OPEN
8040,N004503,N004506,R4020,60.8964072836157,OPEN
8041,N003894,N004854,R4021,33.1384988294226,OPEN
8042,N004854,N003894,R4021,33.1384988294226,OPEN
8043,N003896,N004808,R4022,111.86991027296659,OPEN
8044,N004808,N003896,R4022,111.86991027296659,OPEN
8045,N005662,N004341,R4023,19.294547366600497,OPEN
8046,N004341,N005662,R4023,19.294547366600497,OPEN
8047,N005663,N005662,R4024,726.4499095476124,OPEN
8048,N005662,N005663,R4024,726.4499095476124,OPEN
8049,N005664,N001366,R4025,7280.081867059028,OPEN
8050,N001366,N005664,R4025,7280.081867059028,OPEN
8051,N001062,N001053,R4026,74.0182425833686,OPEN
8052,N001053,N001062,R4026,74.0182425833686,OPEN
8053,N001053,N003557,R4027,858.138953472875,OPEN
8054,N003557,N001053,R4027,858.138953472875,OPEN
8055,N004669,N005665,R4028,65.83558394952111,OPEN
8056,N005665,N004669,R4028,65.83558394952111,OPEN
8057,N005666,N005667,R4029,58.259571991284304,OPEN
8058,N005667,N005666,R4029,58.259571991284304,OPEN
8059,N005668,N005666,R4030,26.697251944771402,OPEN
8060,N005666,N005668,R4030,26.697251944771402,OPEN
8061,N005669,N005668,R4031,166.5931748888394,OPEN
8062,N005668,N005669,R4031,166.5931748888394,OPEN
8063,N005670,N005671,R4032,19.838032405195698,OPEN
8064,N005671,N005670,R4032,19.838032405195698,OPEN
8065,N005672,N005670,R4033,101.32801456513229,OPEN
8066,N005670,N005672,R4033,101.32801456513229,OPEN
8067,N005671,N005673,R4034,144.4335458993098,OPEN
8068,N005673,N005671,R4034,144.4335458993098,OPEN
8069,N003071,N003124,R4035,56.1083297040175,OPEN
8070,N003124,N003071,R4035,56.1083297040175,OPEN
8071,N001577,N005674,R4036,78.1106958571836,OPEN
8072,N005674,N001577,R4036,78.1106958571836,OPEN
8073,N005674,N003518,R4037,80.77181570633759,OPEN
8074,N003518,N005674,R4037,80.77181570633759,OPEN
8075,N003518,N001577,R4038,146.18914732909948,OPEN
8076,N001577,N003518,R4038,146.18914732909948,OPEN
8077,N002443,N002445,R4039,30.576207605859903,OPEN
8078,N002445,N002443,R4039,30.576207605859903,OPEN
8079,N005675,N003520,R4040,774.7560202286857,OPEN
8080,N003520,N005675,R4040,774.7560202286857,OPEN
8081,N005676,N005675,R4041,46.165782086880796,OPEN
8082,N005675,N005676,R4041,46.165782086880796,OPEN
8083,N005677,N005678,R4042,342.5418067654336,OPEN
8084,N005678,N005677,R4042,342.5418067654336,OPEN
8085,N003522,N005677,R4043,60.8442063378436,OPEN
8086,N005677,N003522,R4043,60.8442063378436,OPEN
8087,N005679,N005676,R4044,647.4933377122755,OPEN
8088,N005676,N005679,R4044,647.4933377122755,OPEN
8089,N001174,N005679,R4045,49.844772359273,OPEN
8090,N005679,N001174,R4045,49.844772359273,OPEN
8091,N005680,N002439,R4046,48.6833750470554,OPEN
8092,N002439,N005680,R4046,48.6833750470554,OPEN
8093,N005678,N005680,R4047,289.2815283689722,OPEN
8094,N005680,N005678,R4047,289.2815283689722,OPEN
8095,N005681,N002253,R4048,80.3193182907488,OPEN
8096,N002253,N005681,R4048,80.3193182907488,OPEN
8097,N005682,N005681,R4049,8014.167281649689,OPEN
8098,N005681,N005682,R4049,8014.167281649689,OPEN
8099,N005683,N004594,R4050,22.8509213616429,OPEN
8100,N004594,N005683,R4050,22.8509213616429,OPEN
8101,N005684,N005683,R4051,3158.229310647398,OPEN
8102,N005683,N005684,R4051,3158.229310647398,OPEN
8103,N005685,N005686,R4052,3155.007707614895,OPEN
8104,N005686,N005685,R4052,3155.007707614895,OPEN
8105,N004597,N005685,R4053,25.5046770083427,OPEN
8106,N005685,N004597,R4053,25.5046770083427,OPEN
8107,N005687,N002198,R4054,30.0164983331714,OPEN
8108,N002198,N005687,R4054,30.0164983331714,OPEN
8109,N005686,N005688,R4055,1537.457933577819,OPEN
8110,N005688,N005686,R4055,1537.457933577819,OPEN
8111,N005689,N005684,R4056,1540.0977406081556,OPEN
8112,N005684,N005689,R4056,1540.0977406081556,OPEN
8113,N002201,N005690,R4057,33.1250183464867,OPEN
8114,N005690,N002201,R4057,33.1250183464867,OPEN
8115,N005691,N003167,R4058,22.9770578042846,OPEN
8116,N003167,N005691,R4058,22.9770578042846,OPEN
8117,N005692,N005691,R4059,37.6301454643861,OPEN
8118,N005691,N005692,R4059,37.6301454643861,OPEN
8119,N005693,N005694,R4060,749.9676751716802,OPEN
8120,N005694,N005693,R4060,749.9676751716802,OPEN
8121,N002754,N001417,R4061,15.0157183472058,OPEN
8122,N001417,N002754,R4061,15.0157183472058,OPEN
8123,N001734,N005695,R4062,801.9310544817938,OPEN
8124,N005695,N001734,R4062,801.9310544817938,OPEN
8125,N005696,N001734,R4063,758.7207542158909,OPEN
8126,N001734,N005696,R4063,758.7207542158909,OPEN
8127,N005697,N002921,R4064,24.9072707844233,OPEN
8128,N002921,N005697,R4064,24.9072707844233,OPEN
8129,N005698,N005699,R4065,113.06634696033049,OPEN
8130,N005699,N005698,R4065,113.06634696033049,OPEN
8131,N005700,N003205,R4066,2902.592418460939,OPEN
8132,N003205,N005700,R4066,2902.592418460939,OPEN
8133,N005701,N005702,R4067,149.5048757601514,OPEN
8134,N005702,N005701,R4067,149.5048757601514,OPEN
8135,N005703,N005701,R4068,37.0613307132458,OPEN
8136,N005701,N005703,R4068,37.0613307132458,OPEN
8137,N005704,N002735,R4069,329.47239978355293,OPEN
8138,N002735,N005704,R4069,329.47239978355293,OPEN
8139,N005705,N004407,R4070,728.5612040068925,OPEN
8140,N004407,N005705,R4070,728.5612040068925,OPEN
8141,N005706,N005707,R4071,56.3118806623122,OPEN
8142,N005707,N005706,R4071,56.3118806623122,OPEN
8143,N005706,N005708,R4072,56.2906057424339,OPEN
8144,N005708,N005706,R4072,56.2906057424339,OPEN
8145,N005707,N005709,R4073,38.1503599597153,OPEN
8146,N005709,N005707,R4073,38.1503599597153,OPEN
8147,N005710,N005706,R4074,62.2884528263766,OPEN
8148,N005706,N005710,R4074,62.2884528263766,OPEN
8149,N005711,N002769,R4075,57.3645267931318,OPEN
8150,N002769,N005711,R4075,57.3645267931318,OPEN
8151,N002891,N005712,R4076,188.0981848819163,OPEN
8152,N005712,N002891,R4076,188.0981848819163,OPEN
8153,N001315,N004217,R4077,10.5597763146364,OPEN
8154,N004217,N001315,R4077,10.5597763146364,OPEN
8155,N001199,N001291,R4078,18.9919740982394,OPEN
8156,N001291,N001199,R4078,18.9919740982394,OPEN
8157,N005713,N004449,R4079,5.5923219942446,OPEN
8158,N004449,N005713,R4079,5.5923219942446,OPEN
8159,N003134,N005713,R4080,23.5254957899336,OPEN
8160,N005713,N003134,R4080,23.5254957899336,OPEN
8161,N005713,N004672,R4081,24.1918097579444,OPEN
8162,N004672,N005713,R4081,24.1918097579444,OPEN
8163,N003062,N003070,R4082,264.9126030233825,OPEN
8164,N003070,N003062,R4082,264.9126030233825,OPEN
8165,N003069,N003062,R4083,267.4835658202705,OPEN
8166,N003062,N003069,R4083,267.4835658202705,OPEN
8167,N003070,N005714,R4084,616.4041991469785,OPEN
8168,N005714,N003070,R4084,616.4041991469785,OPEN
8169,N005715,N002765,R4085,502.0185585582956,OPEN
8170,N002765,N005715,R4085,502.0185585582956,OPEN
8171,N002766,N002169,R4086,168.0754632828329,OPEN
8172,N002169,N002766,R4086,168.0754632828329,OPEN
8173,N001317,N005716,R4087,613.4971427555057,OPEN
8174,N005716,N001317,R4087,613.4971427555057,OPEN
8175,N005716,N005717,R4088,514.7112255211998,OPEN
8176,N005717,N005716,R4088,514.7112255211998,OPEN
8177,N005716,N001317,R4089,611.8400587942676,OPEN
8178,N001317,N005716,R4089,611.8400587942676,OPEN
8179,N005718,N001075,R4090,558.1509140820433,OPEN
8180,N001075,N005718,R4090,558.1509140820433,OPEN
8181,N001078,N005718,R4091,72.9223709118085,OPEN
8182,N005718,N001078,R4091,72.9223709118085,OPEN
8183,N005719,N002156,R4092,13.6978736654924,OPEN
8184,N002156,N005719,R4092,13.6978736654924,OPEN
8185,N005720,N005719,R4093,8848.35800456727,OPEN
8186,N005719,N005720,R4093,8848.35800456727,OPEN
8187,N005721,N003594,R4094,4074.9030231708502,OPEN
8188,N003594,N005721,R4094,4074.9030231708502,OPEN
8189,N001587,N005721,R4095,17.839180512621002,OPEN
8190,N005721,N001587,R4095,17.839180512621002,OPEN
8191,N005722,N002621,R4096,778.1613600348672,OPEN
8192,N002621,N005722,R4096,778.1613600348672,OPEN
8193,N005723,N005722,R4097,36.7851891092634,OPEN
8194,N005722,N005723,R4097,36.7851891092634,OPEN
8195,N005724,N005723,R4098,957.9722303223645,OPEN
8196,N005723,N005724,R4098,957.9722303223645,OPEN
8197,N002617,N005724,R4099,53.143109722957796,OPEN
8198,N005724,N002617,R4099,53.143109722957796,OPEN
8199,N005725,N002616,R4100,36.2141040349686,OPEN
8200,N002616,N005725,R4100,36.2141040349686,OPEN
8201,N002618,N005725,R4101,449.4145565608885,OPEN
8202,N005725,N002618,R4101,449.4145565608885,OPEN
8203,N005726,N002619,R4102,12.1983063102501,OPEN
8204,N002619,N005726,R4102,12.1983063102501,OPEN
8205,N002622,N005726,R4103,3996.493343279619,OPEN
8206,N005726,N002622,R4103,3996.493343279619,OPEN
8207,N001072,N005727,R4104,33.944135775788695,OPEN
8208,N005727,N001072,R4104,33.944135775788695,OPEN
8209,N005728,N003604,R4105,41.599189734481904,OPEN
8210,N003604,N005728,R4105,41.599189734481904,OPEN
8211,N003603,N005728,R4106,385.35087984211,OPEN
8212,N005728,N003603,R4106,385.35087984211,OPEN
8213,N005729,N003596,R4107,36.775410555262496,OPEN
8214,N003596,N005729,R4107,36.775410555262496,OPEN
8215,N005730,N005729,R4108,553.5980355012175,OPEN
8216,N005729,N005730,R4108,553.5980355012175,OPEN
8217,N005731,N005730,R4109,34.6089309012469,OPEN
8218,N005730,N005731,R4109,34.6089309012469,OPEN
8219,N005732,N005731,R4110,965.7835478988151,OPEN
8220,N005731,N005732,R4110,965.7835478988151,OPEN
8221,N005733,N005734,R4111,4384.217406485886,OPEN
8222,N005734,N005733,R4111,4384.217406485886,OPEN
8223,N005734,N001044,R4112,13.3999024573573,OPEN
8224,N001044,N005734,R4112,13.3999024573573,OPEN
8225,N005735,N005736,R4113,630.364104690171,OPEN
8226,N005736,N005735,R4113,630.364104690171,OPEN
8227,N005737,N002777,R4114,141.4034824713259,OPEN
8228,N002777,N005737,R4114,141.4034824713259,OPEN
8229,N005738,N005739,R4115,27.4492828696131,OPEN
8230,N005739,N005738,R4115,27.4492828696131,OPEN
8231,N005740,N005741,R4116,4441.1399285110265,OPEN
8232,N005741,N005740,R4116,4441.1399285110265,OPEN
8233,N005742,N005743,R4117,4441.667176173134,OPEN
8234,N005743,N005742,R4117,4441.667176173134,OPEN
8235,N005744,N005745,R4118,26.7721435936654,OPEN
8236,N005745,N005744,R4118,26.7721435936654,OPEN
8237,N005746,N001900,R4119,38.0871339575962,OPEN
8238,N001900,N005746,R4119,38.0871339575962,OPEN
8239,N005747,N005746,R4120,749.2165297583529,OPEN
8240,N005746,N005747,R4120,749.2165297583529,OPEN
8241,N005748,N005749,R4121,745.4573327318672,OPEN
8242,N005749,N005748,R4121,745.4573327318672,OPEN
8243,N001699,N005748,R4122,44.4698147033795,OPEN
8244,N005748,N001699,R4122,44.4698147033795,OPEN
8245,N005750,N005747,R4123,39.0704490377374,OPEN
8246,N005747,N005750,R4123,39.0704490377374,OPEN
8247,N005751,N005750,R4124,415.511007616624,OPEN
8248,N005750,N005751,R4124,415.511007616624,OPEN
8249,N005752,N005753,R4125,411.9671984138033,OPEN
8250,N005753,N005752,R4125,411.9671984138033,OPEN
8251,N005749,N005752,R4126,43.785408572045796,OPEN
8252,N005752,N005749,R4126,43.785408572045796,OPEN
8253,N005754,N005751,R4127,28.9785918569909,OPEN
8254,N005751,N005754,R4127,28.9785918569909,OPEN
8255,N005755,N005754,R4128,3094.2647966471086,OPEN
8256,N005754,N005755,R4128,3094.2647966471086,OPEN
8257,N005756,N005757,R4129,3097.1080977248102,OPEN
8258,N005757,N005756,R4129,3097.1080977248102,OPEN
8259,N005753,N005756,R4130,34.829060678751596,OPEN
8260,N005756,N005753,R4130,34.829060678751596,OPEN
8261,N005758,N005755,R4131,30.8458980040288,OPEN
8262,N005755,N005758,R4131,30.8458980040288,OPEN
8263,N005739,N005759,R4132,2571.9508462823587,OPEN
8264,N005759,N005739,R4132,2571.9508462823587,OPEN
8265,N005760,N005744,R4133,2576.6152472588683,OPEN
8266,N005744,N005760,R4133,2576.6152472588683,OPEN
8267,N005757,N005761,R4134,30.8532912859736,OPEN
8268,N005761,N005757,R4134,30.8532912859736,OPEN
8269,N005762,N005763,R4135,207.2082980623431,OPEN
8270,N005763,N005762,R4135,207.2082980623431,OPEN
8271,N005763,N005764,R4136,10.4413795918387,OPEN
8272,N005764,N005763,R4136,10.4413795918387,OPEN
8273,N005764,N005765,R4137,931.8893408512342,OPEN
8274,N005765,N005764,R4137,931.8893408512342,OPEN
8275,N005765,N005766,R4138,12.0716064823765,OPEN
8276,N005766,N005765,R4138,12.0716064823765,OPEN
8277,N005766,N005767,R4139,240.615702399849,OPEN
8278,N005767,N005766,R4139,240.615702399849,OPEN
8279,N005767,N004674,R4140,16.1193377372676,OPEN
8280,N004674,N005767,R4140,16.1193377372676,OPEN
8281,N003168,N005768,R4141,603.9560240406583,OPEN
8282,N005768,N003168,R4141,603.9560240406583,OPEN
8283,N005768,N005733,R4142,9.9964810559623,OPEN
8284,N005733,N005768,R4142,9.9964810559623,OPEN
8285,N005769,N004675,R4143,3487.3193279298403,OPEN
8286,N004675,N005769,R4143,3487.3193279298403,OPEN
8287,N002459,N005770,R4144,2235.182209939086,OPEN
8288,N005770,N002459,R4144,2235.182209939086,OPEN
8289,N005770,N002462,R4145,26.0045873883935,OPEN
8290,N002462,N005770,R4145,26.0045873883935,OPEN
8291,N004407,N005771,R4146,70.9449370104805,OPEN
8292,N005771,N004407,R4146,70.9449370104805,OPEN
8293,N005771,N003376,R4147,25.2268548552241,OPEN
8294,N003376,N005771,R4147,25.2268548552241,OPEN
8295,N002460,N002461,R4148,31.908409489609998,OPEN
8296,N002461,N002460,R4148,31.908409489609998,OPEN
8297,N005772,N005773,R4149,1955.031032965494,OPEN
8298,N005773,N005772,R4149,1955.031032965494,OPEN
8299,N005774,N005775,R4150,6.2486985631535,OPEN
8300,N005775,N005774,R4150,6.2486985631535,OPEN
8301,N002008,N005774,R4151,1694.0979793099104,OPEN
8302,N005774,N002008,R4151,1694.0979793099104,OPEN
8303,N002188,N005776,R4152,4231.6797737205125,OPEN
8304,N005776,N002188,R4152,4231.6797737205125,OPEN
8305,N005776,N005682,R4153,12.4928315708852,OPEN
8306,N005682,N005776,R4153,12.4928315708852,OPEN
8307,N005777,N002189,R4154,4255.784781151292,OPEN
8308,N002189,N005777,R4154,4255.784781151292,OPEN
8309,N002196,N005777,R4155,12.3304531187103,OPEN
8310,N005777,N002196,R4155,12.3304531187103,OPEN
8311,N005778,N005779,R4156,95.94513958717039,OPEN
8312,N005779,N005778,R4156,95.94513958717039,OPEN
8313,N005779,N005705,R4157,30.6132375767038,OPEN
8314,N005705,N005779,R4157,30.6132375767038,OPEN
8315,N005775,N005780,R4158,1532.1260167149524,OPEN
8316,N005780,N005775,R4158,1532.1260167149524,OPEN
8317,N005780,N005772,R4159,23.5747617795709,OPEN
8318,N005772,N005780,R4159,23.5747617795709,OPEN
8319,N005781,N005736,R4160,3390.6083192908245,OPEN
8320,N005736,N005781,R4160,3390.6083192908245,OPEN
8321,N005782,N005783,R4161,87.5971000463849,OPEN
8322,N005783,N005782,R4161,87.5971000463849,OPEN
8323,N002895,N005782,R4162,23.5263561291239,OPEN
8324,N005782,N002895,R4162,23.5263561291239,OPEN
8325,N005784,N005785,R4163,850.2992714857562,OPEN
8326,N005785,N005784,R4163,850.2992714857562,OPEN
8327,N005786,N005787,R4164,5483.863997510265,OPEN
8328,N005787,N005786,R4164,5483.863997510265,OPEN
8329,N002187,N005788,R4165,1774.5213515409757,OPEN
8330,N005788,N002187,R4165,1774.5213515409757,OPEN
8331,N005788,N002200,R4166,16.3888888346559,OPEN
8332,N002200,N005788,R4166,16.3888888346559,OPEN
8333,N005789,N002186,R4167,1785.213301589298,OPEN
8334,N002186,N005789,R4167,1785.213301589298,OPEN
8335,N002199,N005789,R4168,17.707122748703,OPEN
8336,N005789,N002199,R4168,17.707122748703,OPEN
8337,N005790,N005791,R4169,722.6182937663618,OPEN
8338,N005791,N005790,R4169,722.6182937663618,OPEN
8339,N005792,N005793,R4170,745.8126234134895,OPEN
8340,N005793,N005792,R4170,745.8126234134895,OPEN
8341,N002654,N002651,R4171,154.73457643423149,OPEN
8342,N002651,N002654,R4171,154.73457643423149,OPEN
8343,N005794,N005738,R4172,1154.0233606842094,OPEN
8344,N005738,N005794,R4172,1154.0233606842094,OPEN
8345,N005795,N005794,R4173,21.6721083528106,OPEN
8346,N005794,N005795,R4173,21.6721083528106,OPEN
8347,N005796,N005797,R4174,21.1867724102482,OPEN
8348,N005797,N005796,R4174,21.1867724102482,OPEN
8349,N005745,N005796,R4175,1152.9798779534192,OPEN
8350,N005796,N005745,R4175,1152.9798779534192,OPEN
8351,N005690,N005798,R4176,543.1950008580291,OPEN
8352,N005798,N005690,R4176,543.1950008580291,OPEN
8353,N005799,N005687,R4177,541.6546744494186,OPEN
8354,N005687,N005799,R4177,541.6546744494186,OPEN
8355,N005688,N005799,R4178,676.1829618565461,OPEN
8356,N005799,N005688,R4178,676.1829618565461,OPEN
8357,N005798,N005689,R4179,667.6177224603377,OPEN
8358,N005689,N005798,R4179,667.6177224603377,OPEN
8359,N002611,N002653,R4180,7379.2082397361855,OPEN
8360,N002653,N002611,R4180,7379.2082397361855,OPEN
8361,N001597,N005800,R4181,15031.834264516894,OPEN
8362,N005800,N001597,R4181,15031.834264516894,OPEN
8363,N001597,N005800,R4182,15031.834264516894,OPEN
8364,N005800,N001597,R4182,15031.834264516894,OPEN
8365,N005801,N001065,R4183,921.6542865856277,OPEN
8366,N001065,N005801,R4183,921.6542865856277,OPEN
8367,N005801,N001065,R4184,921.6542865856277,OPEN
8368,N001065,N005801,R4184,921.6542865856277,OPEN
8369,N001067,N005801,R4185,29.8683932216837,OPEN
8370,N005801,N001067,R4185,29.8683932216837,OPEN
8371,N005802,N003346,R4186,16.6178224517509,OPEN
8372,N003346,N005802,R4186,16.6178224517509,OPEN
8373,N005803,N005802,R4187,3890.2120078839584,OPEN
8374,N005802,N005803,R4187,3890.2120078839584,OPEN
8375,N005804,N003352,R4188,567.5638697635266,OPEN
8376,N003352,N005804,R4188,567.5638697635266,OPEN
8377,N003355,N005804,R4189,16.857007676379503,OPEN
8378,N005804,N003355,R4189,16.857007676379503,OPEN
8379,N005805,N005735,R4190,592.0427508567353,OPEN
8380,N005735,N005805,R4190,592.0427508567353,OPEN
8381,N005805,N005737,R4191,349.09147440015107,OPEN
8382,N005737,N005805,R4191,349.09147440015107,OPEN
8383,N005781,N002877,R4192,342.6793789174746,OPEN
8384,N002877,N005781,R4192,342.6793789174746,OPEN
8385,N005806,N005807,R4193,589.7497628726849,OPEN
8386,N005807,N005806,R4193,589.7497628726849,OPEN
8387,N005807,N003354,R4194,17.4881134456849,OPEN
8388,N003354,N005807,R4194,17.4881134456849,OPEN
8389,N003353,N005808,R4195,214.56858027592142,OPEN
8390,N005808,N003353,R4195,214.56858027592142,OPEN
8391,N005809,N005810,R4196,8.0375432539703,OPEN
8392,N005810,N005809,R4196,8.0375432539703,OPEN
8393,N005810,N005811,R4197,60.311698361023595,OPEN
8394,N005811,N005810,R4197,60.311698361023595,OPEN
8395,N005811,N003358,R4198,8.4811840588848,OPEN
8396,N003358,N005811,R4198,8.4811840588848,OPEN
8397,N005812,N005809,R4199,33.6899863145421,OPEN
8398,N005809,N005812,R4199,33.6899863145421,OPEN
8399,N005808,N005812,R4200,9.639293184156,OPEN
8400,N005812,N005808,R4200,9.639293184156,OPEN
8401,N005709,N005813,R4201,3513.36233202453,OPEN
8402,N005813,N005709,R4201,3513.36233202453,OPEN
8403,N005813,N001368,R4202,38.8917497156458,OPEN
8404,N001368,N005813,R4202,38.8917497156458,OPEN
8405,N005814,N005815,R4203,364.1392143525153,OPEN
8406,N005815,N005814,R4203,364.1392143525153,OPEN
8407,N002601,N005814,R4204,7.5617864124450005,OPEN
8408,N005814,N002601,R4204,7.5617864124450005,OPEN
8409,N005816,N002601,R4205,375.4877263499191,OPEN
8410,N002601,N005816,R4205,375.4877263499191,OPEN
8411,N002992,N005817,R4206,3618.04971287428,OPEN
8412,N005817,N002992,R4206,3618.04971287428,OPEN
8413,N005818,N005819,R4207,846.6872355111088,OPEN
8414,N005819,N005818,R4207,846.6872355111088,OPEN
8415,N005820,N003076,R4208,1158.4231846259308,OPEN
8416,N003076,N005820,R4208,1158.4231846259308,OPEN
8417,N001195,N002797,R4209,368.5694654354752,OPEN
8418,N002797,N001195,R4209,368.5694654354752,OPEN
8419,N005821,N002794,R4210,24.9283703464984,OPEN
8420,N002794,N005821,R4210,24.9283703464984,OPEN
8421,N005822,N005823,R4211,128.4501107575731,OPEN
8422,N005823,N005822,R4211,128.4501107575731,OPEN
8423,N002795,N001107,R4212,285.9864696717103,OPEN
8424,N001107,N002795,R4212,285.9864696717103,OPEN
8425,N002796,N005824,R4213,462.3081190259688,OPEN
8426,N005824,N002796,R4213,462.3081190259688,OPEN
8427,N003234,N003463,R4214,570.2311414465771,OPEN
8428,N003463,N003234,R4214,570.2311414465771,OPEN
8429,N005825,N005826,R4215,3864.9775496102434,OPEN
8430,N005826,N005825,R4215,3864.9775496102434,OPEN
8431,N005827,N002791,R4216,4551.812743606288,OPEN
8432,N002791,N005827,R4216,4551.812743606288,OPEN
8433,N001035,N005827,R4217,9.1067012284703,OPEN
8434,N005827,N001035,R4217,9.1067012284703,OPEN
8435,N005823,N002793,R4218,23.692906145825198,OPEN
8436,N002793,N005823,R4218,23.692906145825198,OPEN
8437,N005452,N005594,R4219,4313.006434189645,OPEN
8438,N005594,N005452,R4219,4313.006434189645,OPEN
8439,N005828,N001718,R4220,164.80811437741292,OPEN
8440,N001718,N005828,R4220,164.80811437741292,OPEN
8441,N002884,N002881,R4221,24.1810394190341,OPEN
8442,N002881,N002884,R4221,24.1810394190341,OPEN
8443,N001755,N005829,R4222,689.0784245570453,OPEN
8444,N005829,N001755,R4222,689.0784245570453,OPEN
8445,N005634,N005628,R4223,379.7496397365402,OPEN
8446,N005628,N005634,R4223,379.7496397365402,OPEN
8447,N003386,N001208,R4224,74.4621475598186,OPEN
8448,N001208,N003386,R4224,74.4621475598186,OPEN
8449,N001436,N001431,R4225,259.6254460107738,OPEN
8450,N001431,N001436,R4225,259.6254460107738,OPEN
8451,N001076,N001081,R4226,349.67320052466886,OPEN
8452,N001081,N001076,R4226,349.67320052466886,OPEN
8453,N005830,N003586,R4227,698.3064968781324,OPEN
8454,N003586,N005830,R4227,698.3064968781324,OPEN
8455,N005831,N005832,R4228,437.03147486148606,OPEN
8456,N005832,N005831,R4228,437.03147486148606,OPEN
8457,N005833,N003583,R4229,862.5695367347245,OPEN
8458,N003583,N005833,R4229,862.5695367347245,OPEN
8459,N001379,N001378,R4230,322.6685136656588,OPEN
8460,N001378,N001379,R4230,322.6685136656588,OPEN
8461,N001378,N005834,R4231,566.3769699376206,OPEN
8462,N005834,N001378,R4231,566.3769699376206,OPEN
8463,N004457,N004580,R4232,391.9249567935844,OPEN
8464,N004580,N004457,R4232,391.9249567935844,OPEN
8465,N003385,N005047,R4233,9.627961581309199,OPEN
8466,N005047,N003385,R4233,9.627961581309199,OPEN
8467,N005835,N005047,R4234,7.278436132956401,OPEN
8468,N005047,N005835,R4234,7.278436132956401,OPEN
8469,N003130,N003131,R4235,131.8747871796354,OPEN
8470,N003131,N003130,R4235,131.8747871796354,OPEN
8471,N005836,N001226,R4236,23.588227818636,OPEN
8472,N001226,N005836,R4236,23.588227818636,OPEN
8473,N001227,N005819,R4237,12.3732038542208,OPEN
8474,N005819,N001227,R4237,12.3732038542208,OPEN
8475,N003099,N001554,R4238,206.07266137623432,OPEN
8476,N001554,N003099,R4238,206.07266137623432,OPEN
8477,N004222,N005837,R4239,29.940766561430202,OPEN
8478,N005837,N004222,R4239,29.940766561430202,OPEN
8479,N001144,N005838,R4240,1166.8333465006642,OPEN
8480,N005838,N001144,R4240,1166.8333465006642,OPEN
8481,N005838,N001145,R4241,50.0133608643928,OPEN
8482,N001145,N005838,R4241,50.0133608643928,OPEN
8483,N005839,N005840,R4242,52.5784765384399,OPEN
8484,N005840,N005839,R4242,52.5784765384399,OPEN
8485,N001575,N005841,R4243,1025.9178902090923,OPEN
8486,N005841,N001575,R4243,1025.9178902090923,OPEN
8487,N005842,N005843,R4244,150.78910671327301,OPEN
8488,N005843,N005842,R4244,150.78910671327301,OPEN
8489,N002753,N002754,R4245,159.4624062552954,OPEN
8490,N002754,N002753,R4245,159.4624062552954,OPEN
8491,N005844,N002428,R4246,1689.0818210880063,OPEN
8492,N002428,N005844,R4246,1689.0818210880063,OPEN
8493,N003046,N005844,R4247,147.72902479611292,OPEN
8494,N005844,N003046,R4247,147.72902479611292,OPEN
8495,N005845,N003504,R4248,796.7436284321714,OPEN
8496,N003504,N005845,R4248,796.7436284321714,OPEN
8497,N002512,N005846,R4249,1914.4923385473028,OPEN
8498,N005846,N002512,R4249,1914.4923385473028,OPEN
8499,N005847,N003494,R4250,1309.7212161833231,OPEN
8500,N003494,N005847,R4250,1309.7212161833231,OPEN
8501,N005848,N004102,R4251,130.4111259103279,OPEN
8502,N004102,N005848,R4251,130.4111259103279,OPEN
8503,N001429,N002805,R4252,863.3551784865367,OPEN
8504,N002805,N001429,R4252,863.3551784865367,OPEN
8505,N002429,N005849,R4253,1343.4396548758418,OPEN
8506,N005849,N002429,R4253,1343.4396548758418,OPEN
8507,N002063,N001008,R4254,533.9360896779685,OPEN
8508,N001008,N002063,R4254,533.9360896779685,OPEN
8509,N002055,N005850,R4255,195.07603626266427,OPEN
8510,N005850,N002055,R4255,195.07603626266427,OPEN
8511,N005851,N002959,R4256,7.4725423281498005,OPEN
8512,N002959,N005851,R4256,7.4725423281498005,OPEN
8513,N004687,N005851,R4257,14.529756968266401,OPEN
8514,N005851,N004687,R4257,14.529756968266401,OPEN
8515,N002960,N005530,R4258,281.4389094423811,OPEN
8516,N005530,N002960,R4258,281.4389094423811,OPEN
8517,N005852,N004668,R4259,132.7852572159442,OPEN
8518,N004668,N005852,R4259,132.7852572159442,OPEN
8519,N005853,N001989,R4260,3008.4668784321047,OPEN
8520,N001989,N005853,R4260,3008.4668784321047,OPEN
8521,N001567,N005854,R4261,441.8153239242864,OPEN
8522,N005854,N001567,R4261,441.8153239242864,OPEN
8523,N001323,N005855,R4262,332.55468257766603,OPEN
8524,N005855,N001323,R4262,332.55468257766603,OPEN
8525,N001547,N005831,R4263,390.6020589817592,OPEN
8526,N005831,N001547,R4263,390.6020589817592,OPEN
8527,N005856,N004098,R4264,13.7982517168602,OPEN
8528,N004098,N005856,R4264,13.7982517168602,OPEN
8529,N005857,N001122,R4265,829.9407473823303,OPEN
8530,N001122,N005857,R4265,829.9407473823303,OPEN
8531,N001122,N005858,R4266,423.5913264641684,OPEN
8532,N005858,N001122,R4266,423.5913264641684,OPEN
8533,N005859,N005860,R4267,1237.3615144740315,OPEN
8534,N005860,N005859,R4267,1237.3615144740315,OPEN
8535,N005861,N001739,R4268,349.22636660595913,OPEN
8536,N001739,N005861,R4268,349.22636660595913,OPEN
8537,N001965,N005862,R4269,6583.156811101378,OPEN
8538,N005862,N001965,R4269,6583.156811101378,OPEN
8539,N005863,N005864,R4270,58.5572015758487,OPEN
8540,N005864,N005863,R4270,58.5572015758487,OPEN
8541,N004002,N005865,R4271,1142.8437763218594,OPEN
8542,N005865,N004002,R4271,1142.8437763218594,OPEN
8543,N004995,N005863,R4272,1268.1161173542491,OPEN
8544,N005863,N004995,R4272,1268.1161173542491,OPEN
8545,N002236,N005866,R4273,506.9983339011355,OPEN
8546,N005866,N002236,R4273,506.9983339011355,OPEN
8547,N003626,N005867,R4274,2379.6099616206766,OPEN
8548,N005867,N003626,R4274,2379.6099616206766,OPEN
8549,N003626,N005867,R4275,2379.6099616206766,OPEN
8550,N005867,N003626,R4275,2379.6099616206766,OPEN
8551,N005868,N005869,R4276,166.4928888330692,OPEN
8552,N005869,N005868,R4276,166.4928888330692,OPEN
8553,N005869,N005870,R4277,9.2166223388947,OPEN
8554,N005870,N005869,R4277,9.2166223388947,OPEN
8555,N005871,N002398,R4278,21.608542183651,OPEN
8556,N002398,N005871,R4278,21.608542183651,OPEN
8557,N002401,N002403,R4279,16.830998962636503,OPEN
8558,N002403,N002401,R4279,16.830998962636503,OPEN
8559,N005872,N002401,R4280,25.909951986515402,OPEN
8560,N002401,N005872,R4280,25.909951986515402,OPEN
8561,N001232,N002566,R4281,812.4422377792747,OPEN
8562,N002566,N001232,R4281,812.4422377792747,OPEN
8563,N005873,N002566,R4282,462.1427808275891,OPEN
8564,N002566,N005873,R4282,462.1427808275891,OPEN
8565,N005874,N005875,R4283,97.9622861826653,OPEN
8566,N005875,N005874,R4283,97.9622861826653,OPEN
8567,N003197,N005874,R4284,9.010028421441701,OPEN
8568,N005874,N003197,R4284,9.010028421441701,OPEN
8569,N001232,N003383,R4285,9.0088820927821,OPEN
8570,N003383,N001232,R4285,9.0088820927821,OPEN
8571,N001342,N001338,R4286,11.968313097421701,OPEN
8572,N001338,N001342,R4286,11.968313097421701,OPEN
8573,N005876,N001728,R4287,26.3092898031788,OPEN
8574,N001728,N005876,R4287,26.3092898031788,OPEN
8575,N002566,N005876,R4288,3.7916539039107997,OPEN
8576,N005876,N002566,R4288,3.7916539039107997,OPEN
8577,N001197,N001198,R4289,15.5985443454289,OPEN
8578,N001198,N001197,R4289,15.5985443454289,OPEN
8579,N005877,N002396,R4290,1341.428802487482,OPEN
8580,N002396,N005877,R4290,1341.428802487482,OPEN
8581,N005878,N001722,R4291,45.1865105684793,OPEN
8582,N001722,N005878,R4291,45.1865105684793,OPEN
8583,N005879,N005879,R4292,58.2306403449058,OPEN
8584,N005879,N005879,R4292,58.2306403449058,OPEN
8585,N001433,N005880,R4293,41.9324166777496,OPEN
8586,N005880,N001433,R4293,41.9324166777496,OPEN
8587,N001722,N005881,R4294,44.2256923089979,OPEN
8588,N005881,N001722,R4294,44.2256923089979,OPEN
8589,N005882,N001433,R4295,43.100361076255,OPEN
8590,N001433,N005882,R4295,43.100361076255,OPEN
8591,N005883,N002602,R4296,18.2531712272642,OPEN
8592,N002602,N005883,R4296,18.2531712272642,OPEN
8593,N005884,N005885,R4297,509.0193007245924,OPEN
8594,N005885,N005884,R4297,509.0193007245924,OPEN
8595,N005886,N005887,R4298,13.2476684341591,OPEN
8596,N005887,N005886,R4298,13.2476684341591,OPEN
8597,N005887,N005884,R4299,27.6585161868813,OPEN
8598,N005884,N005887,R4299,27.6585161868813,OPEN
8599,N005888,N005883,R4300,511.59047574543337,OPEN
8600,N005883,N005888,R4300,511.59047574543337,OPEN
8601,N005889,N005889,R4301,39.8354716303133,OPEN
8602,N005889,N005889,R4301,39.8354716303133,OPEN
8603,N005890,N001201,R4302,49.557220758198305,OPEN
8604,N001201,N005890,R4302,49.557220758198305,OPEN
8605,N001201,N005891,R4303,47.448350964135,OPEN
8606,N005891,N001201,R4303,47.448350964135,OPEN
8607,N005892,N005893,R4304,824.0683452703051,OPEN
8608,N005893,N005892,R4304,824.0683452703051,OPEN
8609,N005894,N005893,R4305,9.9527241947799,OPEN
8610,N005893,N005894,R4305,9.9527241947799,OPEN
8611,N002601,N005892,R4306,18.938507766681102,OPEN
8612,N005892,N002601,R4306,18.938507766681102,OPEN
8613,N005895,N005896,R4307,485.5889937832413,OPEN
8614,N005896,N005895,R4307,485.5889937832413,OPEN
8615,N005897,N005898,R4308,505.5251087593502,OPEN
8616,N005898,N005897,R4308,505.5251087593502,OPEN
8617,N005899,N005895,R4309,20.4866497013157,OPEN
8618,N005895,N005899,R4309,20.4866497013157,OPEN
8619,N005900,N005898,R4310,17.7831878341891,OPEN
8620,N005898,N005900,R4310,17.7831878341891,OPEN
8621,N005901,N005902,R4311,1120.9703910011472,OPEN
8622,N005902,N005901,R4311,1120.9703910011472,OPEN
8623,N005901,N005902,R4312,1120.9703910011472,OPEN
8624,N005902,N005901,R4312,1120.9703910011472,OPEN
8625,N005903,N001077,R4313,417.9204737270442,OPEN
8626,N001077,N005903,R4313,417.9204737270442,OPEN
8627,N001551,N005904,R4314,414.4284719093734,OPEN
8628,N005904,N001551,R4314,414.4284719093734,OPEN
8629,N004356,N004359,R4315,14.9045929831945,OPEN
8630,N004359,N004356,R4315,14.9045929831945,OPEN
8631,N005695,N005698,R4316,56.9486919661865,OPEN
8632,N005698,N005695,R4316,56.9486919661865,OPEN
8633,N003081,N005821,R4317,404.8306859367605,OPEN
8634,N005821,N003081,R4317,404.8306859367605,OPEN
8635,N005905,N004398,R4318,269.748871019426,OPEN
8636,N004398,N005905,R4318,269.748871019426,OPEN
8637,N001564,N005906,R4319,695.602184962464,OPEN
8638,N005906,N001564,R4319,695.602184962464,OPEN
8639,N005907,N001563,R4320,357.28485434718937,OPEN
8640,N001563,N005907,R4320,357.28485434718937,OPEN
8641,N005908,N005907,R4321,31.563449718630196,OPEN
8642,N005907,N005908,R4321,31.563449718630196,OPEN
8643,N005854,N005908,R4322,28.3153410513818,OPEN
8644,N005908,N005854,R4322,28.3153410513818,OPEN
8645,N004360,N004357,R4323,400.6460269076033,OPEN
8646,N004357,N004360,R4323,400.6460269076033,OPEN
8647,N001105,N003203,R4324,291.1489590634833,OPEN
8648,N003203,N001105,R4324,291.1489590634833,OPEN
8649,N005909,N005910,R4325,613.4227418381078,OPEN
8650,N005910,N005909,R4325,613.4227418381078,OPEN
8651,N002677,N001283,R4326,29.0054695769165,OPEN
8652,N001283,N002677,R4326,29.0054695769165,OPEN
8653,N005911,N005912,R4327,107.33000638125539,OPEN
8654,N005912,N005911,R4327,107.33000638125539,OPEN
8655,N003089,N005911,R4328,22.914015293970202,OPEN
8656,N005911,N003089,R4328,22.914015293970202,OPEN
8657,N005913,N004582,R4329,231.6580326278108,OPEN
8658,N004582,N005913,R4329,231.6580326278108,OPEN
8659,N005513,N003094,R4330,35.4655020812838,OPEN
8660,N003094,N005513,R4330,35.4655020812838,OPEN
8661,N002175,N005914,R4331,44.4590803506859,OPEN
8662,N005914,N002175,R4331,44.4590803506859,OPEN
8663,N005914,N003394,R4332,130.56523039984972,OPEN
8664,N003394,N005914,R4332,130.56523039984972,OPEN
8665,N005630,N005634,R4333,39.172327321111105,OPEN
8666,N005634,N005630,R4333,39.172327321111105,OPEN
8667,N005915,N005633,R4334,647.6230197264003,OPEN
8668,N005633,N005915,R4334,647.6230197264003,OPEN
8669,N005915,N005633,R4335,647.6230197264003,OPEN
8670,N005633,N005915,R4335,647.6230197264003,OPEN
8671,N005635,N005915,R4336,15.2992980102195,OPEN
8672,N005915,N005635,R4336,15.2992980102195,OPEN
8673,N001724,N005916,R4337,5.6344094641721,OPEN
8674,N005916,N001724,R4337,5.6344094641721,OPEN
8675,N004127,N004128,R4338,19.6878319196305,OPEN
8676,N004128,N004127,R4338,19.6878319196305,OPEN
8677,N004667,N001302,R4339,28.569509077409702,OPEN
8678,N001302,N004667,R4339,28.569509077409702,OPEN
8679,N003050,N005917,R4340,28.356891387504998,OPEN
8680,N005917,N003050,R4340,28.356891387504998,OPEN
8681,N002185,N005918,R4341,1555.8948048024643,OPEN
8682,N005918,N002185,R4341,1555.8948048024643,OPEN
8683,N005918,N002252,R4342,8.5632586923374,OPEN
8684,N002252,N005918,R4342,8.5632586923374,OPEN
8685,N005919,N005920,R4343,1571.3322262013828,OPEN
8686,N005920,N005919,R4343,1571.3322262013828,OPEN
8687,N002191,N005919,R4344,9.1282026023505,OPEN
8688,N005919,N002191,R4344,9.1282026023505,OPEN
8689,N001571,N005921,R4345,9.417345661643798,OPEN
8690,N005921,N001571,R4345,9.417345661643798,OPEN
8691,N005922,N005923,R4346,87.63013767662301,OPEN
8692,N005923,N005922,R4346,87.63013767662301,OPEN
8693,N004692,N004682,R4347,29.887791685196298,OPEN
8694,N004682,N004692,R4347,29.887791685196298,OPEN
8695,N005924,N004692,R4348,34.0162294830765,OPEN
8696,N004692,N005924,R4348,34.0162294830765,OPEN
8697,N005925,N005926,R4349,32.7159127615991,OPEN
8698,N005926,N005925,R4349,32.7159127615991,OPEN
8699,N005927,N005928,R4350,27.2477832041239,OPEN
8700,N005928,N005927,R4350,27.2477832041239,OPEN
8701,N001555,N005925,R4351,64.72493609287041,OPEN
8702,N005925,N001555,R4351,64.72493609287041,OPEN
8703,N005928,N001552,R4352,65.0058001963818,OPEN
8704,N001552,N005928,R4352,65.0058001963818,OPEN
8705,N003069,N003070,R4353,8.2664035608848,OPEN
8706,N003070,N003069,R4353,8.2664035608848,OPEN
8707,N005929,N005852,R4354,59.873285332977105,OPEN
8708,N005852,N005929,R4354,59.873285332977105,OPEN
8709,N005714,N005929,R4355,34.5966973968183,OPEN
8710,N005929,N005714,R4355,34.5966973968183,OPEN
8711,N005930,N005931,R4356,1000.6675007740098,OPEN
8712,N005931,N005930,R4356,1000.6675007740098,OPEN
8713,N004494,N004492,R4357,1346.8598163917393,OPEN
8714,N004492,N004494,R4357,1346.8598163917393,OPEN
8715,N005932,N005933,R4358,16.3374121036274,OPEN
8716,N005933,N005932,R4358,16.3374121036274,OPEN
8717,N001298,N005867,R4359,17.5549592619355,OPEN
8718,N005867,N001298,R4359,17.5549592619355,OPEN
8719,N005933,N005934,R4360,2320.2230242861506,OPEN
8720,N005934,N005933,R4360,2320.2230242861506,OPEN
8721,N005933,N005934,R4361,2320.2230242861506,OPEN
8722,N005934,N005933,R4361,2320.2230242861506,OPEN
8723,N005935,N005936,R4362,9.2978316450418,OPEN
8724,N005936,N005935,R4362,9.2978316450418,OPEN
8725,N005937,N005935,R4363,2.5224446223409998,OPEN
8726,N005935,N005937,R4363,2.5224446223409998,OPEN
8727,N005936,N001179,R4364,287.3263199210049,OPEN
8728,N001179,N005936,R4364,287.3263199210049,OPEN
8729,N005938,N005939,R4365,320.0646745759871,OPEN
8730,N005939,N005938,R4365,320.0646745759871,OPEN
8731,N005939,N005940,R4366,300.6749750674771,OPEN
8732,N005940,N005939,R4366,300.6749750674771,OPEN
8733,N005941,N005942,R4367,500.0089195800852,OPEN
8734,N005942,N005941,R4367,500.0089195800852,OPEN
8735,N005943,N005944,R4368,803.8796040979624,OPEN
8736,N005944,N005943,R4368,803.8796040979624,OPEN
8737,N005945,N005946,R4369,496.98389963085447,OPEN
8738,N005946,N005945,R4369,496.98389963085447,OPEN
8739,N005947,N005948,R4370,823.7341864404735,OPEN
8740,N005948,N005947,R4370,823.7341864404735,OPEN
8741,N005949,N005950,R4371,98.31500291875061,OPEN
8742,N005950,N005949,R4371,98.31500291875061,OPEN
8743,N005951,N005952,R4372,975.800408470454,OPEN
8744,N005952,N005951,R4372,975.800408470454,OPEN
8745,N005953,N005952,R4373,185.14430663963492,OPEN
8746,N005952,N005953,R4373,185.14430663963492,OPEN
8747,N004595,N004593,R4374,669.8954265511626,OPEN
8748,N004593,N004595,R4374,669.8954265511626,OPEN
8749,N005954,N004001,R4375,310.6215097683082,OPEN
8750,N004001,N005954,R4375,310.6215097683082,OPEN
8751,N005649,N001204,R4376,82.6295584963497,OPEN
8752,N001204,N005649,R4376,82.6295584963497,OPEN
8753,N005955,N001277,R4377,92.9574593130762,OPEN
8754,N001277,N005955,R4377,92.9574593130762,OPEN
8755,N005956,N005848,R4378,1101.0123201862966,OPEN
8756,N005848,N005956,R4378,1101.0123201862966,OPEN
8757,N003582,N005956,R4379,1177.9371582834465,OPEN
8758,N005956,N003582,R4379,1177.9371582834465,OPEN
8759,N003101,N005818,R4380,748.4853872241661,OPEN
8760,N005818,N003101,R4380,748.4853872241661,OPEN
8761,N005665,N003100,R4381,1089.9456611313287,OPEN
8762,N003100,N005665,R4381,1089.9456611313287,OPEN
8763,N005957,N005958,R4382,905.9378084653092,OPEN
8764,N005958,N005957,R4382,905.9378084653092,OPEN
8765,N001553,N005959,R4383,1379.8922181044368,OPEN
8766,N005959,N001553,R4383,1379.8922181044368,OPEN
8767,N005960,N005961,R4384,900.9912478834916,OPEN
8768,N005961,N005960,R4384,900.9912478834916,OPEN
8769,N001207,N001371,R4385,140.8401092718064,OPEN
8770,N001371,N001207,R4385,140.8401092718064,OPEN
8771,N001324,N004099,R4386,75.7138138466361,OPEN
8772,N004099,N001324,R4386,75.7138138466361,OPEN
8773,N005923,N005507,R4387,118.827326766592,OPEN
8774,N005507,N005923,R4387,118.827326766592,OPEN
8775,N001903,N005962,R4388,10.0356306785423,OPEN
8776,N005962,N001903,R4388,10.0356306785423,OPEN
8777,N005963,N005964,R4389,6753.160386590826,OPEN
8778,N005964,N005963,R4389,6753.160386590826,OPEN
8779,N005965,N005693,R4390,606.483168762089,OPEN
8780,N005693,N005965,R4390,606.483168762089,OPEN
8781,N005694,N001428,R4391,92.07312045102759,OPEN
8782,N001428,N005694,R4391,92.07312045102759,OPEN
8783,N002250,N005965,R4392,24.4055069658518,OPEN
8784,N005965,N002250,R4392,24.4055069658518,OPEN
8785,N005966,N005967,R4393,693.2748852876264,OPEN
8786,N005967,N005966,R4393,693.2748852876264,OPEN
8787,N005968,N002250,R4394,674.2904388362817,OPEN
8788,N002250,N005968,R4394,674.2904388362817,OPEN
8789,N005967,N005968,R4395,32.7866604728346,OPEN
8790,N005968,N005967,R4395,32.7866604728346,OPEN
8791,N005969,N005970,R4396,1322.433133133809,OPEN
8792,N005970,N005969,R4396,1322.433133133809,OPEN
8793,N005971,N005972,R4397,1313.1434341968616,OPEN
8794,N005972,N005971,R4397,1313.1434341968616,OPEN
8795,N005973,N005971,R4398,68.94317497893721,OPEN
8796,N005971,N005973,R4398,68.94317497893721,OPEN
8797,N005974,N005975,R4399,327.99488473250386,OPEN
8798,N005975,N005974,R4399,327.99488473250386,OPEN
8799,N005976,N005977,R4400,321.6530813721728,OPEN
8800,N005977,N005976,R4400,321.6530813721728,OPEN
8801,N005978,N003133,R4401,676.0762201572398,OPEN
8802,N003133,N005978,R4401,676.0762201572398,OPEN
8803,N005972,N005978,R4402,20.1457332889017,OPEN
8804,N005978,N005972,R4402,20.1457332889017,OPEN
8805,N004673,N005979,R4403,685.3780755096852,OPEN
8806,N005979,N004673,R4403,685.3780755096852,OPEN
8807,N005979,N005969,R4404,16.471347806263,OPEN
8808,N005969,N005979,R4404,16.471347806263,OPEN
8809,N005980,N002785,R4405,92.9439786358125,OPEN
8810,N002785,N005980,R4405,92.9439786358125,OPEN
8811,N002805,N001337,R4406,65.5064645743324,OPEN
8812,N001337,N002805,R4406,65.5064645743324,OPEN
8813,N005981,N005982,R4407,25.651397531128698,OPEN
8814,N005982,N005981,R4407,25.651397531128698,OPEN
8815,N005982,N004216,R4408,6.5210429804122,OPEN
8816,N004216,N005982,R4408,6.5210429804122,OPEN
8817,N005983,N005700,R4409,359.4535997224797,OPEN
8818,N005700,N005983,R4409,359.4535997224797,OPEN
8819,N002925,N005984,R4410,346.5696645934138,OPEN
8820,N005984,N002925,R4410,346.5696645934138,OPEN
8821,N001738,N002761,R4411,589.411706323694,OPEN
8822,N002761,N001738,R4411,589.411706323694,OPEN
8823,N001416,N005985,R4412,13.9363726214551,OPEN
8824,N005985,N001416,R4412,13.9363726214551,OPEN
8825,N001209,N005955,R4413,112.2586086406391,OPEN
8826,N005955,N001209,R4413,112.2586086406391,OPEN
8827,N001209,N005986,R4414,7.761594451344401,OPEN
8828,N005986,N001209,R4414,7.761594451344401,OPEN
8829,N003114,N003382,R4415,324.401066655112,OPEN
8830,N003382,N003114,R4415,324.401066655112,OPEN
8831,N005987,N004104,R4416,266.9406052684738,OPEN
8832,N004104,N005987,R4416,266.9406052684738,OPEN
8833,N001733,N005980,R4417,175.64317296944932,OPEN
8834,N005980,N001733,R4417,175.64317296944932,OPEN
8835,N005988,N001369,R4418,328.4722464752829,OPEN
8836,N001369,N005988,R4418,328.4722464752829,OPEN
8837,N001088,N001089,R4419,250.03793018086768,OPEN
8838,N001089,N001088,R4419,250.03793018086768,OPEN
8839,N002736,N005989,R4420,627.8137843967024,OPEN
8840,N005989,N002736,R4420,627.8137843967024,OPEN
8841,N005990,N003444,R4421,83.2730195246777,OPEN
8842,N003444,N005990,R4421,83.2730195246777,OPEN
8843,N002503,N005990,R4422,35.1440366315296,OPEN
8844,N005990,N002503,R4422,35.1440366315296,OPEN
8845,N005991,N005992,R4423,113.6926393644857,OPEN
8846,N005992,N005991,R4423,113.6926393644857,OPEN
8847,N005993,N002151,R4424,7751.4672794183225,OPEN
8848,N002151,N005993,R4424,7751.4672794183225,OPEN
8849,N005993,N005993,R4425,69.9232654439581,OPEN
8850,N005993,N005993,R4425,69.9232654439581,OPEN
8851,N003948,N003952,R4426,107.4013332925159,OPEN
8852,N003952,N003948,R4426,107.4013332925159,OPEN
8853,N003948,N003952,R4427,107.4013332925159,OPEN
8854,N003952,N003948,R4427,107.4013332925159,OPEN
8855,N002233,N005994,R4428,24.1527357176932,OPEN
8856,N005994,N002233,R4428,24.1527357176932,OPEN
8857,N001412,N002237,R4429,628.3297066960322,OPEN
8858,N002237,N001412,R4429,628.3297066960322,OPEN
8859,N005995,N003956,R4430,7.3889089893976,OPEN
8860,N003956,N005995,R4430,7.3889089893976,OPEN
8861,N002231,N005995,R4431,220.47470881362648,OPEN
8862,N005995,N002231,R4431,220.47470881362648,OPEN
8863,N002844,N005996,R4432,5.2066224352981,OPEN
8864,N005996,N002844,R4432,5.2066224352981,OPEN
8865,N005996,N002231,R4433,1343.24718120347,OPEN
8866,N002231,N005996,R4433,1343.24718120347,OPEN
8867,N002842,N005997,R4434,6.8325226955819,OPEN
8868,N005997,N002842,R4434,6.8325226955819,OPEN
8869,N005997,N002838,R4435,1349.1677868274553,OPEN
8870,N002838,N005997,R4435,1349.1677868274553,OPEN
8871,N003613,N005998,R4436,6.7231070765059,OPEN
8872,N005998,N003613,R4436,6.7231070765059,OPEN
8873,N005999,N002492,R4437,2823.374825164476,OPEN
8874,N002492,N005999,R4437,2823.374825164476,OPEN
8875,N005866,N003612,R4438,34.4649202806441,OPEN
8876,N003612,N005866,R4438,34.4649202806441,OPEN
8877,N006000,N006001,R4439,54.9990268402304,OPEN
8878,N006001,N006000,R4439,54.9990268402304,OPEN
8879,N005998,N006000,R4440,939.1419488452196,OPEN
8880,N006000,N005998,R4440,939.1419488452196,OPEN
8881,N002492,N006002,R4441,380.9358146958361,OPEN
8882,N006002,N002492,R4441,380.9358146958361,OPEN
8883,N006003,N006004,R4442,354.7986393980806,OPEN
8884,N006004,N006003,R4442,354.7986393980806,OPEN
8885,N006005,N006006,R4443,23.2912275001341,OPEN
8886,N006006,N006005,R4443,23.2912275001341,OPEN
8887,N006007,N006008,R4444,27.185676306545897,OPEN
8888,N006008,N006007,R4444,27.185676306545897,OPEN
8889,N006008,N002092,R4445,150.47505510611418,OPEN
8890,N002092,N006008,R4445,150.47505510611418,OPEN
8891,N002098,N006005,R4446,154.128343135415,OPEN
8892,N006005,N002098,R4446,154.128343135415,OPEN
8893,N006009,N006010,R4447,30.599494912130098,OPEN
8894,N006010,N006009,R4447,30.599494912130098,OPEN
8895,N006011,N006012,R4448,31.4971497860773,OPEN
8896,N006012,N006011,R4448,31.4971497860773,OPEN
8897,N002093,N006011,R4449,630.512139497881,OPEN
8898,N006011,N002093,R4449,630.512139497881,OPEN
8899,N006010,N002097,R4450,639.4654972086203,OPEN
8900,N002097,N006010,R4450,639.4654972086203,OPEN
8901,N006013,N006014,R4451,21.927495657530798,OPEN
8902,N006014,N006013,R4451,21.927495657530798,OPEN
8903,N006015,N006013,R4452,1387.288360722503,OPEN
8904,N006013,N006015,R4452,1387.288360722503,OPEN
8905,N006016,N006017,R4453,28.3335034216185,OPEN
8906,N006017,N006016,R4453,28.3335034216185,OPEN
8907,N006017,N006018,R4454,1391.609164682423,OPEN
8908,N006018,N006017,R4454,1391.609164682423,OPEN
8909,N001901,N006015,R4455,22.8651407795845,OPEN
8910,N006015,N001901,R4455,22.8651407795845,OPEN
8911,N006014,N006019,R4456,1875.110479382293,OPEN
8912,N006019,N006014,R4456,1875.110479382293,OPEN
8913,N006018,N001698,R4457,22.5833760629321,OPEN
8914,N001698,N006018,R4457,22.5833760629321,OPEN
8915,N006020,N006016,R4458,1858.7389514214417,OPEN
8916,N006016,N006020,R4458,1858.7389514214417,OPEN
8917,N006021,N006022,R4459,31.927770611679904,OPEN
8918,N006022,N006021,R4459,31.927770611679904,OPEN
8919,N006023,N005760,R4460,25.330323767057,OPEN
8920,N005760,N006023,R4460,25.330323767057,OPEN
8921,N005761,N006023,R4461,1318.9542506973899,OPEN
8922,N006023,N005761,R4461,1318.9542506973899,OPEN
8923,N005759,N006024,R4462,20.4355394584707,OPEN
8924,N006024,N005759,R4462,20.4355394584707,OPEN
8925,N006024,N005758,R4463,1321.9503116688516,OPEN
8926,N005758,N006024,R4463,1321.9503116688516,OPEN
8927,N006025,N002096,R4464,32.9433125335464,OPEN
8928,N002096,N006025,R4464,32.9433125335464,OPEN
8929,N001678,N006026,R4465,31.726956214898802,OPEN
8930,N006026,N001678,R4465,31.726956214898802,OPEN
8931,N006026,N006027,R4466,525.5594497243874,OPEN
8932,N006027,N006026,R4466,525.5594497243874,OPEN
8933,N006028,N006025,R4467,522.5400503563266,OPEN
8934,N006025,N006028,R4467,522.5400503563266,OPEN
8935,N006029,N006028,R4468,25.3598699641358,OPEN
8936,N006028,N006029,R4468,25.3598699641358,OPEN
8937,N006030,N006029,R4469,648.3029807245696,OPEN
8938,N006029,N006030,R4469,648.3029807245696,OPEN
8939,N006027,N006031,R4470,29.8456391184896,OPEN
8940,N006031,N006027,R4470,29.8456391184896,OPEN
8941,N006031,N006032,R4471,645.9619225260219,OPEN
8942,N006032,N006031,R4471,645.9619225260219,OPEN
8943,N006033,N002491,R4472,10.1921001355847,OPEN
8944,N002491,N006033,R4472,10.1921001355847,OPEN
8945,N006034,N006033,R4473,2338.3930214141624,OPEN
8946,N006033,N006034,R4473,2338.3930214141624,OPEN
8947,N006035,N006036,R4474,37.846206607614,OPEN
8948,N006036,N006035,R4474,37.846206607614,OPEN
8949,N002455,N006035,R4475,1115.9520631915675,OPEN
8950,N006035,N002455,R4475,1115.9520631915675,OPEN
8951,N006036,N006037,R4476,1412.9075669058725,OPEN
8952,N006037,N006036,R4476,1412.9075669058725,OPEN
8953,N003229,N006038,R4477,15.0023675960492,OPEN
8954,N006038,N003229,R4477,15.0023675960492,OPEN
8955,N006039,N003227,R4478,18.0500489173642,OPEN
8956,N003227,N006039,R4478,18.0500489173642,OPEN
8957,N006006,N006039,R4479,1334.3296303766404,OPEN
8958,N006039,N006006,R4479,1334.3296303766404,OPEN
8959,N006038,N006007,R4480,1332.6678384801849,OPEN
8960,N006007,N006038,R4480,1332.6678384801849,OPEN
8961,N006040,N003611,R4481,634.112108889346,OPEN
8962,N003611,N006040,R4481,634.112108889346,OPEN
8963,N006041,N006034,R4482,7.3728948684715,OPEN
8964,N006034,N006041,R4482,7.3728948684715,OPEN
8965,N006042,N006041,R4483,939.6391171369676,OPEN
8966,N006041,N006042,R4483,939.6391171369676,OPEN
8967,N003437,N006043,R4484,11.2592930312519,OPEN
8968,N006043,N003437,R4484,11.2592930312519,OPEN
8969,N006043,N006044,R4485,2396.821700882991,OPEN
8970,N006044,N006043,R4485,2396.821700882991,OPEN
8971,N006045,N005999,R4486,8.4147335804732,OPEN
8972,N005999,N006045,R4486,8.4147335804732,OPEN
8973,N006001,N006045,R4487,2830.0091109820996,OPEN
8974,N006045,N006001,R4487,2830.0091109820996,OPEN
8975,N006046,N006047,R4488,7.2296659011646005,OPEN
8976,N006047,N006046,R4488,7.2296659011646005,OPEN
8977,N002495,N006046,R4489,727.3844216072514,OPEN
8978,N006046,N002495,R4489,727.3844216072514,OPEN
8979,N006048,N006049,R4490,6.425036079465,OPEN
8980,N006049,N006048,R4490,6.425036079465,OPEN
8981,N002494,N006048,R4491,261.4614592879717,OPEN
8982,N006048,N002494,R4491,261.4614592879717,OPEN
8983,N006050,N006042,R4492,6.0242167797694,OPEN
8984,N006042,N006050,R4492,6.0242167797694,OPEN
8985,N002494,N006050,R4493,216.8231189260506,OPEN
8986,N006050,N002494,R4493,216.8231189260506,OPEN
8987,N006032,N006051,R4494,10.9707820025157,OPEN
8988,N006051,N006032,R4494,10.9707820025157,OPEN
8989,N006052,N006030,R4495,11.524108787671501,OPEN
8990,N006030,N006052,R4495,11.524108787671501,OPEN
8991,N006012,N006052,R4496,1092.2894959828295,OPEN
8992,N006052,N006012,R4496,1092.2894959828295,OPEN
8993,N006051,N006009,R4497,1090.3359432855204,OPEN
8994,N006009,N006051,R4497,1090.3359432855204,OPEN
8995,N006053,N003610,R4498,12.004758246502,OPEN
8996,N003610,N006053,R4498,12.004758246502,OPEN
8997,N006049,N006053,R4499,2030.541976231959,OPEN
8998,N006053,N006049,R4499,2030.541976231959,OPEN
8999,N006047,N006054,R4500,1612.6806453869167,OPEN
9000,N006054,N006047,R4500,1612.6806453869167,OPEN
9001,N006055,N004999,R4501,10.0676864556685,OPEN
9002,N004999,N006055,R4501,10.0676864556685,OPEN
9003,N006056,N006055,R4502,71.0756037235494,OPEN
9004,N006055,N006056,R4502,71.0756037235494,OPEN
9005,N006057,N006056,R4503,31.114493810069,OPEN
9006,N006056,N006057,R4503,31.114493810069,OPEN
9007,N005864,N006057,R4504,180.4693218424838,OPEN
9008,N006057,N005864,R4504,180.4693218424838,OPEN
9009,N005904,N001557,R4505,28.7407915693307,OPEN
9010,N001557,N005904,R4505,28.7407915693307,OPEN
9011,N005902,N005903,R4506,27.0675323203503,OPEN
9012,N005903,N005902,R4506,27.0675323203503,OPEN
9013,N001558,N001544,R4507,64.4835177132965,OPEN
9014,N001544,N001558,R4507,64.4835177132965,OPEN
9015,N001039,N005901,R4508,61.341381954605204,OPEN
9016,N005901,N001039,R4508,61.341381954605204,OPEN
9017,N006058,N005820,R4509,359.5822661137529,OPEN
9018,N005820,N006058,R4509,359.5822661137529,OPEN
9019,N001319,N003080,R4510,1414.0764703944499,OPEN
9020,N003080,N001319,R4510,1414.0764703944499,OPEN
9021,N005958,N003098,R4511,107.74194769587241,OPEN
9022,N003098,N005958,R4511,107.74194769587241,OPEN
9023,N005959,N005960,R4512,119.7451011226841,OPEN
9024,N005960,N005959,R4512,119.7451011226841,OPEN
9025,N003584,N005957,R4513,171.32363951048112,OPEN
9026,N005957,N003584,R4513,171.32363951048112,OPEN
9027,N005961,N001546,R4514,168.4503776231828,OPEN
9028,N001546,N005961,R4514,168.4503776231828,OPEN
9029,N003067,N005928,R4515,64.23574565938179,OPEN
9030,N005928,N003067,R4515,64.23574565938179,OPEN
9031,N005925,N001548,R4516,63.532222958608806,OPEN
9032,N001548,N005925,R4516,63.532222958608806,OPEN
9033,N001549,N003064,R4517,503.9353222263728,OPEN
9034,N003064,N001549,R4517,503.9353222263728,OPEN
9035,N003125,N004667,R4518,305.5427428900482,OPEN
9036,N004667,N003125,R4518,305.5427428900482,OPEN
9037,N003065,N006059,R4519,159.6300924536709,OPEN
9038,N006059,N003065,R4519,159.6300924536709,OPEN
9039,N006059,N002197,R4520,127.1642204557718,OPEN
9040,N002197,N006059,R4520,127.1642204557718,OPEN
9041,N005920,N002192,R4521,78.51721870253179,OPEN
9042,N002192,N005920,R4521,78.51721870253179,OPEN
9043,N002193,N001079,R4522,36.8136227115185,OPEN
9044,N001079,N002193,R4522,36.8136227115185,OPEN
9045,N002421,N006060,R4523,120.9633920346178,OPEN
9046,N006060,N002421,R4523,120.9633920346178,OPEN
9047,N006061,N002418,R4524,118.2929598056726,OPEN
9048,N002418,N006061,R4524,118.2929598056726,OPEN
9049,N003095,N006061,R4525,53.1295040859032,OPEN
9050,N006061,N003095,R4525,53.1295040859032,OPEN
9051,N006060,N002422,R4526,51.497783459526495,OPEN
9052,N002422,N006060,R4526,51.497783459526495,OPEN
9053,N002419,N001110,R4527,27.3023416241565,OPEN
9054,N001110,N002419,R4527,27.3023416241565,OPEN
9055,N001115,N002420,R4528,25.3303423756508,OPEN
9056,N002420,N001115,R4528,25.3303423756508,OPEN
9057,N004583,N005513,R4529,6.8893182841658,OPEN
9058,N005513,N004583,R4529,6.8893182841658,OPEN
9059,N004457,N005913,R4530,63.269461270375594,OPEN
9060,N005913,N004457,R4530,63.269461270375594,OPEN
9061,N004455,N003089,R4531,18.5116902969608,OPEN
9062,N003089,N004455,R4531,18.5116902969608,OPEN
9063,N001103,N002898,R4532,17.1865800097092,OPEN
9064,N002898,N001103,R4532,17.1865800097092,OPEN
9065,N002901,N001112,R4533,17.0355800575761,OPEN
9066,N001112,N002901,R4533,17.0355800575761,OPEN
9067,N003093,N001102,R4534,11.5181472577858,OPEN
9068,N001102,N003093,R4534,11.5181472577858,OPEN
9069,N001113,N005922,R4535,8.4307322543123,OPEN
9070,N005922,N001113,R4535,8.4307322543123,OPEN
9071,N003134,N006062,R4536,430.0336243958893,OPEN
9072,N006062,N003134,R4536,430.0336243958893,OPEN
9073,N006063,N004672,R4537,436.7160922460614,OPEN
9074,N004672,N006063,R4537,436.7160922460614,OPEN
9075,N002905,N005828,R4538,17.626509473694497,OPEN
9076,N005828,N002905,R4538,17.626509473694497,OPEN
9077,N002913,N002906,R4539,18.4195800520097,OPEN
9078,N002906,N002913,R4539,18.4195800520097,OPEN
9079,N001105,N002904,R4540,18.7740749464704,OPEN
9080,N002904,N001105,R4540,18.7740749464704,OPEN
9081,N002907,N002900,R4541,22.4779906944493,OPEN
9082,N002900,N002907,R4541,22.4779906944493,OPEN
9083,N001288,N003183,R4542,18.4269772755674,OPEN
9084,N003183,N001288,R4542,18.4269772755674,OPEN
9085,N003105,N002911,R4543,16.0247554875269,OPEN
9086,N002911,N003105,R4543,16.0247554875269,OPEN
9087,N002914,N004227,R4544,21.6871876879508,OPEN
9088,N004227,N002914,R4544,21.6871876879508,OPEN
9089,N002912,N001292,R4545,15.910258893077401,OPEN
9090,N001292,N002912,R4545,15.910258893077401,OPEN
9091,N001184,N001196,R4546,21.2843558683256,OPEN
9092,N001196,N001184,R4546,21.2843558683256,OPEN
9093,N005971,N002926,R4547,16.1316372165977,OPEN
9094,N002926,N005971,R4547,16.1316372165977,OPEN
9095,N001307,N005970,R4548,27.2231092380766,OPEN
9096,N005970,N001307,R4548,27.2231092380766,OPEN
9097,N004673,N001306,R4549,24.063286283063,OPEN
9098,N001306,N004673,R4549,24.063286283063,OPEN
9099,N002927,N003133,R4550,19.5332721153911,OPEN
9100,N003133,N002927,R4550,19.5332721153911,OPEN
9101,N002923,N005973,R4551,102.4485290872775,OPEN
9102,N005973,N002923,R4551,102.4485290872775,OPEN
9103,N005970,N002928,R4552,162.7679706528279,OPEN
9104,N002928,N005970,R4552,162.7679706528279,OPEN
9105,N002925,N005976,R4553,18.736586989983003,OPEN
9106,N005976,N002925,R4553,18.736586989983003,OPEN
9107,N005975,N005700,R4554,16.6395220389458,OPEN
9108,N005700,N005975,R4554,16.6395220389458,OPEN
9109,N002931,N006064,R4555,130.7967915452248,OPEN
9110,N006064,N002931,R4555,130.7967915452248,OPEN
9111,N006065,N001737,R4556,129.1826691854105,OPEN
9112,N001737,N006065,R4556,129.1826691854105,OPEN
9113,N002121,N002922,R4557,34.8146799792896,OPEN
9114,N002922,N002121,R4557,34.8146799792896,OPEN
9115,N002929,N002932,R4558,34.779164425961,OPEN
9116,N002932,N002929,R4558,34.779164425961,OPEN
9117,N001738,N002120,R4559,71.4628671859436,OPEN
9118,N002120,N001738,R4559,71.4628671859436,OPEN
9119,N004361,N001181,R4560,29.4468470522933,OPEN
9120,N001181,N004361,R4560,29.4468470522933,OPEN
9121,N001188,N001182,R4561,30.511217873497,OPEN
9122,N001182,N001188,R4561,30.511217873497,OPEN
9123,N005934,N002249,R4562,29.673638471853,OPEN
9124,N002249,N005934,R4562,29.673638471853,OPEN
9125,N003626,N001297,R4563,31.759781113275903,OPEN
9126,N001297,N003626,R4563,31.759781113275903,OPEN
9127,N002779,N005932,R4564,8.0971630555433,OPEN
9128,N005932,N002779,R4564,8.0971630555433,OPEN
9129,N005867,N001073,R4565,8.0992362229007,OPEN
9130,N001073,N005867,R4565,8.0992362229007,OPEN
9131,N005727,N002778,R4566,9.1774933734064,OPEN
9132,N002778,N005727,R4566,9.1774933734064,OPEN
9133,N001074,N001070,R4567,10.0631667524701,OPEN
9134,N001070,N001074,R4567,10.0631667524701,OPEN
9135,N002774,N004510,R4568,139.6158055388264,OPEN
9136,N004510,N002774,R4568,139.6158055388264,OPEN
9137,N004513,N002775,R4569,270.1364842900509,OPEN
9138,N002775,N004513,R4569,270.1364842900509,OPEN
9139,N006066,N003563,R4570,33.603634769215304,OPEN
9140,N003563,N006066,R4570,33.603634769215304,OPEN
9141,N003664,N006066,R4571,1275.2446432008005,OPEN
9142,N006066,N003664,R4571,1275.2446432008005,OPEN
9143,N002167,N002162,R4572,758.2799098124129,OPEN
9144,N002162,N002167,R4572,758.2799098124129,OPEN
9145,N006067,N002160,R4573,7815.39656620916,OPEN
9146,N002160,N006067,R4573,7815.39656620916,OPEN
9147,N003679,N006068,R4574,545.6587716754159,OPEN
9148,N006068,N003679,R4574,545.6587716754159,OPEN
9149,N006069,N003678,R4575,18079.63300431772,OPEN
9150,N003678,N006069,R4575,18079.63300431772,OPEN
9151,N006070,N006069,R4576,5285.219297160328,OPEN
9152,N006069,N006070,R4576,5285.219297160328,OPEN
9153,N006067,N006070,R4577,1563.8755548640213,OPEN
9154,N006070,N006067,R4577,1563.8755548640213,OPEN
9155,N002160,N002161,R4578,835.6017017315454,OPEN
9156,N002161,N002160,R4578,835.6017017315454,OPEN
9157,N006071,N006072,R4579,91.9431677493314,OPEN
9158,N006072,N006071,R4579,91.9431677493314,OPEN
9159,N003768,N006071,R4580,3233.5305781132665,OPEN
9160,N006071,N003768,R4580,3233.5305781132665,OPEN
9161,N006072,N002000,R4581,90.4079343731268,OPEN
9162,N002000,N006072,R4581,90.4079343731268,OPEN
9163,N001421,N001959,R4582,8.189400006064501,OPEN
9164,N001959,N001421,R4582,8.189400006064501,OPEN
9165,N005190,N001420,R4583,3.8036498921492,OPEN
9166,N001420,N005190,R4583,3.8036498921492,OPEN
9167,N006073,N006074,R4584,2305.9759584186295,OPEN
9168,N006074,N006073,R4584,2305.9759584186295,OPEN
9169,N006074,N003712,R4585,1592.0139729356877,OPEN
9170,N003712,N006074,R4585,1592.0139729356877,OPEN
9171,N003180,N006075,R4586,118.7272926101197,OPEN
9172,N006075,N003180,R4586,118.7272926101197,OPEN
9173,N006075,N006076,R4587,350.03927173591035,OPEN
9174,N006076,N006075,R4587,350.03927173591035,OPEN
9175,N006077,N003547,R4588,19.4672727976287,OPEN
9176,N003547,N006077,R4588,19.4672727976287,OPEN
9177,N006078,N003547,R4589,288.8796709930855,OPEN
9178,N003547,N006078,R4589,288.8796709930855,OPEN
9179,N006076,N006079,R4590,34.080716374781304,OPEN
9180,N006079,N006076,R4590,34.080716374781304,OPEN
9181,N006080,N006077,R4591,91.2215305321365,OPEN
9182,N006077,N006080,R4591,91.2215305321365,OPEN
9183,N006076,N006080,R4592,20.7357637212526,OPEN
9184,N006080,N006076,R4592,20.7357637212526,OPEN
9185,N006079,N006081,R4593,94.3193119291581,OPEN
9186,N006081,N006079,R4593,94.3193119291581,OPEN
9187,N006081,N006082,R4594,1759.840049085551,OPEN
9188,N006082,N006081,R4594,1759.840049085551,OPEN
9189,N002285,N006083,R4595,15186.910712140367,OPEN
9190,N006083,N002285,R4595,15186.910712140367,OPEN
9191,N001489,N003274,R4596,169.6592571465235,OPEN
9192,N003274,N001489,R4596,169.6592571465235,OPEN
9193,N001486,N003485,R4597,278.7941987694065,OPEN
9194,N003485,N001486,R4597,278.7941987694065,OPEN
9195,N003273,N001485,R4598,578.0035346267479,OPEN
9196,N001485,N003273,R4598,578.0035346267479,OPEN
9197,N006084,N006085,R4599,12.9072026379257,OPEN
9198,N006085,N006084,R4599,12.9072026379257,OPEN
9199,N006086,N006084,R4600,96.19746362504459,OPEN
9200,N006084,N006086,R4600,96.19746362504459,OPEN
9201,N002822,N006087,R4601,935.9490875189628,OPEN
9202,N006087,N002822,R4601,935.9490875189628,OPEN
9203,N006087,N005172,R4602,1194.3821260006468,OPEN
9204,N005172,N006087,R4602,1194.3821260006468,OPEN
9205,N006088,N006089,R4603,17.762225152863,OPEN
9206,N006089,N006088,R4603,17.762225152863,OPEN
9207,N006090,N006091,R4604,17.954351455007,OPEN
9208,N006091,N006090,R4604,17.954351455007,OPEN
9209,N006092,N006093,R4605,98.6945946029139,OPEN
9210,N006093,N006092,R4605,98.6945946029139,OPEN
9211,N006093,N006090,R4606,97.3763343020931,OPEN
9212,N006090,N006093,R4606,97.3763343020931,OPEN
9213,N006089,N006092,R4607,75.9545175700206,OPEN
9214,N006092,N006089,R4607,75.9545175700206,OPEN
9215,N006094,N006091,R4608,1173.2014573341467,OPEN
9216,N006091,N006094,R4608,1173.2014573341467,OPEN
9217,N001668,N006095,R4609,13.8197150863876,OPEN
9218,N006095,N001668,R4609,13.8197150863876,OPEN
9219,N006095,N003662,R4610,3446.898509685332,OPEN
9220,N003662,N006095,R4610,3446.898509685332,OPEN
9221,N005000,N006096,R4611,18.4042950678093,OPEN
9222,N006096,N005000,R4611,18.4042950678093,OPEN
9223,N006096,N003667,R4612,781.6368567124498,OPEN
9224,N003667,N006096,R4612,781.6368567124498,OPEN
9225,N006097,N003673,R4613,27.3070053787778,OPEN
9226,N003673,N006097,R4613,27.3070053787778,OPEN
9227,N006098,N003673,R4614,24.8419454640335,OPEN
9228,N003673,N006098,R4614,24.8419454640335,OPEN
9229,N003669,N003669,R4615,62.467826086867,OPEN
9230,N003669,N003669,R4615,62.467826086867,OPEN
9231,N006099,N003676,R4616,14.0819112614146,OPEN
9232,N003676,N006099,R4616,14.0819112614146,OPEN
9233,N006100,N006099,R4617,512.724304592515,OPEN
9234,N006099,N006100,R4617,512.724304592515,OPEN
9235,N006101,N006086,R4618,666.4991814511015,OPEN
9236,N006086,N006101,R4618,666.4991814511015,OPEN
9237,N006102,N006103,R4619,27.8884755050202,OPEN
9238,N006103,N006102,R4619,27.8884755050202,OPEN
9239,N006103,N005211,R4620,51.9520181299317,OPEN
9240,N005211,N006103,R4620,51.9520181299317,OPEN
9241,N006104,N006102,R4621,72.5168458854288,OPEN
9242,N006102,N006104,R4621,72.5168458854288,OPEN
9243,N006105,N006106,R4622,424.5472778357629,OPEN
9244,N006106,N006105,R4622,424.5472778357629,OPEN
9245,N005169,N006105,R4623,35.3304101186121,OPEN
9246,N006105,N005169,R4623,35.3304101186121,OPEN
9247,N005003,N006107,R4624,437.8333741467009,OPEN
9248,N006107,N005003,R4624,437.8333741467009,OPEN
9249,N006108,N006109,R4625,260.8746056442775,OPEN
9250,N006109,N006108,R4625,260.8746056442775,OPEN
9251,N005209,N006110,R4626,94.6977472422074,OPEN
9252,N006110,N005209,R4626,94.6977472422074,OPEN
9253,N006111,N006108,R4627,226.9605436416648,OPEN
9254,N006108,N006111,R4627,226.9605436416648,OPEN
9255,N006110,N006111,R4628,64.8002235661653,OPEN
9256,N006111,N006110,R4628,64.8002235661653,OPEN
9257,N006112,N005208,R4629,69.92893517065869,OPEN
9258,N005208,N006112,R4629,69.92893517065869,OPEN
9259,N006112,N005042,R4630,633.1339817163848,OPEN
9260,N005042,N006112,R4630,633.1339817163848,OPEN
9261,N006113,N006109,R4631,32.8387576460958,OPEN
9262,N006109,N006113,R4631,32.8387576460958,OPEN
9263,N001918,N006113,R4632,457.8265900244406,OPEN
9264,N006113,N001918,R4632,457.8265900244406,OPEN
9265,N006114,N006115,R4633,29.032171239116202,OPEN
9266,N006115,N006114,R4633,29.032171239116202,OPEN
9267,N006115,N005862,R4634,31.873990368229002,OPEN
9268,N005862,N006115,R4634,31.873990368229002,OPEN
9269,N006115,N005305,R4635,360.5449011529339,OPEN
9270,N005305,N006115,R4635,360.5449011529339,OPEN
9271,N006116,N006117,R4636,24.697706763051002,OPEN
9272,N006117,N006116,R4636,24.697706763051002,OPEN
9273,N006118,N006116,R4637,545.5616259388271,OPEN
9274,N006116,N006118,R4637,545.5616259388271,OPEN
9275,N006119,N006120,R4638,47.254297001229,OPEN
9276,N006120,N006119,R4638,47.254297001229,OPEN
9277,N006120,N006121,R4639,1084.1541339864852,OPEN
9278,N006121,N006120,R4639,1084.1541339864852,OPEN
9279,N006121,N006122,R4640,38.3983314164734,OPEN
9280,N006122,N006121,R4640,38.3983314164734,OPEN
9281,N006122,N006123,R4641,1443.7259694088648,OPEN
9282,N006123,N006122,R4641,1443.7259694088648,OPEN
9283,N006117,N006119,R4642,1005.93131210027,OPEN
9284,N006119,N006117,R4642,1005.93131210027,OPEN
9285,N006124,N006125,R4643,1273.6695854232828,OPEN
9286,N006125,N006124,R4643,1273.6695854232828,OPEN
9287,N006126,N006127,R4644,34.501577505159304,OPEN
9288,N006127,N006126,R4644,34.501577505159304,OPEN
9289,N006128,N006126,R4645,48.8006533891003,OPEN
9290,N006126,N006128,R4645,48.8006533891003,OPEN
9291,N006127,N006129,R4646,331.80900565988344,OPEN
9292,N006129,N006127,R4646,331.80900565988344,OPEN
9293,N006130,N006131,R4647,42.8596767211227,OPEN
9294,N006131,N006130,R4647,42.8596767211227,OPEN
9295,N006132,N006130,R4648,662.3005744901869,OPEN
9296,N006130,N006132,R4648,662.3005744901869,OPEN
9297,N006125,N006128,R4649,119.8102833533829,OPEN
9298,N006128,N006125,R4649,119.8102833533829,OPEN
9299,N006129,N006132,R4650,88.2747478070034,OPEN
9300,N006132,N006129,R4650,88.2747478070034,OPEN
9301,N006131,N006133,R4651,818.651134267315,OPEN
9302,N006133,N006131,R4651,818.651134267315,OPEN
9303,N006123,N006134,R4652,296.3198181609249,OPEN
9304,N006134,N006123,R4652,296.3198181609249,OPEN
9305,N006133,N005002,R4653,192.6987144521579,OPEN
9306,N005002,N006133,R4653,192.6987144521579,OPEN
9307,N006107,N005004,R4654,129.1473760070494,OPEN
9308,N005004,N006107,R4654,129.1473760070494,OPEN
9309,N005064,N005065,R4655,286.2653431971272,OPEN
9310,N005065,N005064,R4655,286.2653431971272,OPEN
9311,N006135,N006136,R4656,17.3615604959909,OPEN
9312,N006136,N006135,R4656,17.3615604959909,OPEN
9313,N006137,N006135,R4657,291.35465997153244,OPEN
9314,N006135,N006137,R4657,291.35465997153244,OPEN
9315,N006138,N006139,R4658,16.2406032478111,OPEN
9316,N006139,N006138,R4658,16.2406032478111,OPEN
9317,N006139,N006140,R4659,263.99595682903237,OPEN
9318,N006140,N006139,R4659,263.99595682903237,OPEN
9319,N006141,N006142,R4660,32.7734850424692,OPEN
9320,N006142,N006141,R4660,32.7734850424692,OPEN
9321,N006143,N006141,R4661,643.9541181720047,OPEN
9322,N006141,N006143,R4661,643.9541181720047,OPEN
9323,N006144,N006143,R4662,28.2850144297676,OPEN
9324,N006143,N006144,R4662,28.2850144297676,OPEN
9325,N006145,N006144,R4663,157.0911656893332,OPEN
9326,N006144,N006145,R4663,157.0911656893332,OPEN
9327,N006146,N006145,R4664,23.0651139856544,OPEN
9328,N006145,N006146,R4664,23.0651139856544,OPEN
9329,N006147,N006146,R4665,127.62402063586082,OPEN
9330,N006146,N006147,R4665,127.62402063586082,OPEN
9331,N006148,N006147,R4666,21.091052651046603,OPEN
9332,N006147,N006148,R4666,21.091052651046603,OPEN
9333,N006149,N006148,R4667,180.1315536271404,OPEN
9334,N006148,N006149,R4667,180.1315536271404,OPEN
9335,N006150,N005025,R4668,21.726639618024,OPEN
9336,N005025,N006150,R4668,21.726639618024,OPEN
9337,N005179,N006150,R4669,188.3830128916211,OPEN
9338,N006150,N005179,R4669,188.3830128916211,OPEN
9339,N006151,N006149,R4670,20.3496250676642,OPEN
9340,N006149,N006151,R4670,20.3496250676642,OPEN
9341,N006152,N006151,R4671,352.04340769676566,OPEN
9342,N006151,N006152,R4671,352.04340769676566,OPEN
9343,N006153,N006152,R4672,16.0099659533814,OPEN
9344,N006152,N006153,R4672,16.0099659533814,OPEN
9345,N005021,N006153,R4673,130.13978562123592,OPEN
9346,N006153,N005021,R4673,130.13978562123592,OPEN
9347,N006142,N006138,R4674,846.1472963488415,OPEN
9348,N006138,N006142,R4674,846.1472963488415,OPEN
9349,N006136,N005182,R4675,818.6348387679742,OPEN
9350,N005182,N006136,R4675,818.6348387679742,OPEN
9351,N003140,N005022,R4676,1342.1308866714833,OPEN
9352,N005022,N003140,R4676,1342.1308866714833,OPEN
9353,N005017,N003141,R4677,1345.9776720805103,OPEN
9354,N003141,N005017,R4677,1345.9776720805103,OPEN
9355,N006154,N006155,R4678,74.95608355972381,OPEN
9356,N006155,N006154,R4678,74.95608355972381,OPEN
9357,N006156,N006154,R4679,40.462438489614,OPEN
9358,N006154,N006156,R4679,40.462438489614,OPEN
9359,N006157,N006158,R4680,74.1475742059427,OPEN
9360,N006158,N006157,R4680,74.1475742059427,OPEN
9361,N006158,N006159,R4681,53.3948434269618,OPEN
9362,N006159,N006158,R4681,53.3948434269618,OPEN
9363,N006160,N006157,R4682,71.2560145119973,OPEN
9364,N006157,N006160,R4682,71.2560145119973,OPEN
9365,N006159,N006161,R4683,416.9096908040671,OPEN
9366,N006161,N006159,R4683,416.9096908040671,OPEN
9367,N006159,N006160,R4684,232.8196579230429,OPEN
9368,N006160,N006159,R4684,232.8196579230429,OPEN
9369,N006155,N006162,R4685,62.4915014892234,OPEN
9370,N006162,N006155,R4685,62.4915014892234,OPEN
9371,N006163,N006156,R4686,435.7575769446375,OPEN
9372,N006156,N006163,R4686,435.7575769446375,OPEN
9373,N006164,N006163,R4687,40.5207788616246,OPEN
9374,N006163,N006164,R4687,40.5207788616246,OPEN
9375,N006165,N006164,R4688,472.2111512778383,OPEN
9376,N006164,N006165,R4688,472.2111512778383,OPEN
9377,N006161,N006166,R4689,42.6155116776425,OPEN
9378,N006166,N006161,R4689,42.6155116776425,OPEN
9379,N006166,N006167,R4690,482.1694182336495,OPEN
9380,N006167,N006166,R4690,482.1694182336495,OPEN
9381,N006168,N006169,R4691,12.6185670276398,OPEN
9382,N006169,N006168,R4691,12.6185670276398,OPEN
9383,N006170,N006168,R4692,496.9232636364203,OPEN
9384,N006168,N006170,R4692,496.9232636364203,OPEN
9385,N006171,N006172,R4693,14.9228446250759,OPEN
9386,N006172,N006171,R4693,14.9228446250759,OPEN
9387,N006172,N006173,R4694,474.95799684932297,OPEN
9388,N006173,N006172,R4694,474.95799684932297,OPEN
9389,N006173,N006174,R4695,13.6442356544776,OPEN
9390,N006174,N006173,R4695,13.6442356544776,OPEN
9391,N006175,N006176,R4696,41.904536825515194,OPEN
9392,N006176,N006175,R4696,41.904536825515194,OPEN
9393,N006177,N006178,R4697,42.6124386194661,OPEN
9394,N006178,N006177,R4697,42.6124386194661,OPEN
9395,N006178,N006165,R4698,34.3468644639917,OPEN
9396,N006165,N006178,R4698,34.3468644639917,OPEN
9397,N006167,N006175,R4699,24.3032643391353,OPEN
9398,N006175,N006167,R4699,24.3032643391353,OPEN
9399,N006179,N006180,R4700,40.689419654915206,OPEN
9400,N006180,N006179,R4700,40.689419654915206,OPEN
9401,N006181,N006179,R4701,43.0489434088484,OPEN
9402,N006179,N006181,R4701,43.0489434088484,OPEN
9403,N006182,N006183,R4702,41.3764765803906,OPEN
9404,N006183,N006182,R4702,41.3764765803906,OPEN
9405,N006184,N006182,R4703,29.6403080794625,OPEN
9406,N006182,N006184,R4703,29.6403080794625,OPEN
9407,N006140,N006181,R4704,55.6771141596573,OPEN
9408,N006181,N006140,R4704,55.6771141596573,OPEN
9409,N006183,N006137,R4705,46.310485840927704,OPEN
9410,N006137,N006183,R4705,46.310485840927704,OPEN
9411,N006185,N006186,R4706,29.4164016978249,OPEN
9412,N006186,N006185,R4706,29.4164016978249,OPEN
9413,N006186,N006187,R4707,177.44617558987218,OPEN
9414,N006187,N006186,R4707,177.44617558987218,OPEN
9415,N006188,N006189,R4708,30.174939350366003,OPEN
9416,N006189,N006188,R4708,30.174939350366003,OPEN
9417,N006190,N006188,R4709,183.3051708641944,OPEN
9418,N006188,N006190,R4709,183.3051708641944,OPEN
9419,N006187,N006191,R4710,46.0759054786129,OPEN
9420,N006191,N006187,R4710,46.0759054786129,OPEN
9421,N006191,N006192,R4711,403.1576246631567,OPEN
9422,N006192,N006191,R4711,403.1576246631567,OPEN
9423,N006193,N006190,R4712,45.7372604946768,OPEN
9424,N006190,N006193,R4712,45.7372604946768,OPEN
9425,N006194,N006193,R4713,447.2484949076739,OPEN
9426,N006193,N006194,R4713,447.2484949076739,OPEN
9427,N006192,N006177,R4714,72.2739223272957,OPEN
9428,N006177,N006192,R4714,72.2739223272957,OPEN
9429,N006176,N006194,R4715,30.3533348173756,OPEN
9430,N006194,N006176,R4715,30.3533348173756,OPEN
9431,N006169,N006160,R4716,1726.3230339867384,OPEN
9432,N006160,N006169,R4716,1726.3230339867384,OPEN
9433,N006162,N006171,R4717,1753.2390870192735,OPEN
9434,N006171,N006162,R4717,1753.2390870192735,OPEN
9435,N006192,N006165,R4718,161.36785579791902,OPEN
9436,N006165,N006192,R4718,161.36785579791902,OPEN
9437,N006195,N006165,R4719,11.2151192628991,OPEN
9438,N006165,N006195,R4719,11.2151192628991,OPEN
9439,N006167,N006194,R4720,106.7747443858121,OPEN
9440,N006194,N006167,R4720,106.7747443858121,OPEN
9441,N006140,N006180,R4721,158.42401800819832,OPEN
9442,N006180,N006140,R4721,158.42401800819832,OPEN
9443,N006180,N006185,R4722,914.5891847841056,OPEN
9444,N006185,N006180,R4722,914.5891847841056,OPEN
9445,N006189,N006184,R4723,928.418171769308,OPEN
9446,N006184,N006189,R4723,928.418171769308,OPEN
9447,N005019,N005016,R4724,365.0334060095847,OPEN
9448,N005016,N005019,R4724,365.0334060095847,OPEN
9449,N005176,N005178,R4725,41.5014461554792,OPEN
9450,N005178,N005176,R4725,41.5014461554792,OPEN
9451,N005183,N005180,R4726,276.5892573904673,OPEN
9452,N005180,N005183,R4726,276.5892573904673,OPEN
9453,N005181,N005026,R4727,41.2480721031926,OPEN
9454,N005026,N005181,R4727,41.2480721031926,OPEN
9455,N006196,N006197,R4728,370.2800787021823,OPEN
9456,N006197,N006196,R4728,370.2800787021823,OPEN
9457,N006198,N006199,R4729,247.4949387629341,OPEN
9458,N006199,N006198,R4729,247.4949387629341,OPEN
9459,N006200,N006201,R4730,163.59929494427018,OPEN
9460,N006201,N006200,R4730,163.59929494427018,OPEN
9461,N006202,N006203,R4731,28.360591969070597,OPEN
9462,N006203,N006202,R4731,28.360591969070597,OPEN
9463,N006203,N006204,R4732,76.0026181038419,OPEN
9464,N006204,N006203,R4732,76.0026181038419,OPEN
9465,N006205,N006206,R4733,30.9087224818443,OPEN
9466,N006206,N006205,R4733,30.9087224818443,OPEN
9467,N005009,N006205,R4734,105.67477440977919,OPEN
9468,N006205,N005009,R4734,105.67477440977919,OPEN
9469,N006199,N006200,R4735,1106.810400655684,OPEN
9470,N006200,N006199,R4735,1106.810400655684,OPEN
9471,N006197,N006124,R4736,655.745627542401,OPEN
9472,N006124,N006197,R4736,655.745627542401,OPEN
9473,N006207,N006196,R4737,244.722578153206,OPEN
9474,N006196,N006207,R4737,244.722578153206,OPEN
9475,N006206,N006207,R4738,1053.0879357351816,OPEN
9476,N006207,N006206,R4738,1053.0879357351816,OPEN
9477,N006201,N006202,R4739,494.3436998954597,OPEN
9478,N006202,N006201,R4739,494.3436998954597,OPEN
9479,N006208,N005006,R4740,528.7296015094615,OPEN
9480,N005006,N006208,R4740,528.7296015094615,OPEN
9481,N004998,N006209,R4741,85.0694380906286,OPEN
9482,N006209,N004998,R4741,85.0694380906286,OPEN
9483,N006210,N004998,R4742,408.2674249927946,OPEN
9484,N004998,N006210,R4742,408.2674249927946,OPEN
9485,N005001,N006210,R4743,282.9784749706186,OPEN
9486,N006210,N005001,R4743,282.9784749706186,OPEN
9487,N006211,N006212,R4744,33.6438224568753,OPEN
9488,N006212,N006211,R4744,33.6438224568753,OPEN
9489,N006212,N006213,R4745,793.9596193254464,OPEN
9490,N006213,N006212,R4745,793.9596193254464,OPEN
9491,N006214,N006215,R4746,23.1200463547752,OPEN
9492,N006215,N006214,R4746,23.1200463547752,OPEN
9493,N006216,N006214,R4747,283.1638994073221,OPEN
9494,N006214,N006216,R4747,283.1638994073221,OPEN
9495,N006217,N006218,R4748,49.876275488559,OPEN
9496,N006218,N006217,R4748,49.876275488559,OPEN
9497,N006219,N006217,R4749,75.43254552188749,OPEN
9498,N006217,N006219,R4749,75.43254552188749,OPEN
9499,N006220,N006221,R4750,93.6457171447832,OPEN
9500,N006221,N006220,R4750,93.6457171447832,OPEN
9501,N006213,N006220,R4751,27.1129804739051,OPEN
9502,N006220,N006213,R4751,27.1129804739051,OPEN
9503,N006221,N006219,R4752,96.8643871121631,OPEN
9504,N006219,N006221,R4752,96.8643871121631,OPEN
9505,N006218,N006170,R4753,39.2314408301987,OPEN
9506,N006170,N006218,R4753,39.2314408301987,OPEN
9507,N006222,N006223,R4754,99.10105469152771,OPEN
9508,N006223,N006222,R4754,99.10105469152771,OPEN
9509,N006204,N006208,R4755,578.5708694068096,OPEN
9510,N006208,N006204,R4755,578.5708694068096,OPEN
9511,N006215,N006211,R4756,1197.3501184750419,OPEN
9512,N006211,N006215,R4756,1197.3501184750419,OPEN
9513,N006224,N006225,R4757,35.0634814678303,OPEN
9514,N006225,N006224,R4757,35.0634814678303,OPEN
9515,N006223,N006224,R4758,727.4647299702624,OPEN
9516,N006224,N006223,R4758,727.4647299702624,OPEN
9517,N006226,N006227,R4759,24.8512545724318,OPEN
9518,N006227,N006226,R4759,24.8512545724318,OPEN
9519,N006227,N006228,R4760,283.7757232701274,OPEN
9520,N006228,N006227,R4760,283.7757232701274,OPEN
9521,N006228,N006229,R4761,21.800043192861903,OPEN
9522,N006229,N006228,R4761,21.800043192861903,OPEN
9523,N006229,N005008,R4762,578.7898940267788,OPEN
9524,N005008,N006229,R4762,578.7898940267788,OPEN
9525,N006230,N006231,R4763,77.6318660701195,OPEN
9526,N006231,N006230,R4763,77.6318660701195,OPEN
9527,N006231,N006232,R4764,109.0507570527279,OPEN
9528,N006232,N006231,R4764,109.0507570527279,OPEN
9529,N006232,N006222,R4765,93.0818293512098,OPEN
9530,N006222,N006232,R4765,93.0818293512098,OPEN
9531,N006173,N006230,R4766,93.3573216524078,OPEN
9532,N006230,N006173,R4766,93.3573216524078,OPEN
9533,N005007,N006216,R4767,14.119636318692299,OPEN
9534,N006216,N005007,R4767,14.119636318692299,OPEN
9535,N006225,N006226,R4768,1203.3851353273678,OPEN
9536,N006226,N006225,R4768,1203.3851353273678,OPEN
9537,N006233,N004987,R4769,483.5596834656933,OPEN
9538,N004987,N006233,R4769,483.5596834656933,OPEN
9539,N006234,N006233,R4770,10.806557247006001,OPEN
9540,N006233,N006234,R4770,10.806557247006001,OPEN
9541,N004986,N006234,R4771,1236.3873336627162,OPEN
9542,N006234,N004986,R4771,1236.3873336627162,OPEN
9543,N005147,N005496,R4772,285.1149044869074,OPEN
9544,N005496,N005147,R4772,285.1149044869074,OPEN
9545,N004447,N005147,R4773,867.566340113045,OPEN
9546,N005147,N004447,R4773,867.566340113045,OPEN
9547,N002808,N004446,R4774,302.1010024576621,OPEN
9548,N004446,N002808,R4774,302.1010024576621,OPEN
9549,N006235,N006236,R4775,134.4840019368878,OPEN
9550,N006236,N006235,R4775,134.4840019368878,OPEN
9551,N006237,N006238,R4776,148.14792232596068,OPEN
9552,N006238,N006237,R4776,148.14792232596068,OPEN
9553,N006236,N006237,R4777,11.276944518719601,OPEN
9554,N006237,N006236,R4777,11.276944518719601,OPEN
9555,N006239,N006240,R4778,959.5327543104576,OPEN
9556,N006240,N006239,R4778,959.5327543104576,OPEN
9557,N006238,N006241,R4779,1527.3312492336115,OPEN
9558,N006241,N006238,R4779,1527.3312492336115,OPEN
9559,N005198,N001987,R4780,423.9883377742072,OPEN
9560,N001987,N005198,R4780,423.9883377742072,OPEN
9561,N001988,N005853,R4781,257.9457420390127,OPEN
9562,N005853,N001988,R4781,257.9457420390127,OPEN
9563,N003500,N006242,R4782,65.9308527136927,OPEN
9564,N006242,N003500,R4782,65.9308527136927,OPEN
9565,N006243,N006242,R4783,52.819743499664796,OPEN
9566,N006242,N006243,R4783,52.819743499664796,OPEN
9567,N006244,N006245,R4784,2098.071233500368,OPEN
9568,N006245,N006244,R4784,2098.071233500368,OPEN
9569,N006245,N001250,R4785,40.9057589604913,OPEN
9570,N001250,N006245,R4785,40.9057589604913,OPEN
9571,N001252,N006246,R4786,167.63214195831318,OPEN
9572,N006246,N001252,R4786,167.63214195831318,OPEN
9573,N006246,N003300,R4787,71.5811928510782,OPEN
9574,N003300,N006246,R4787,71.5811928510782,OPEN
9575,N001942,N001945,R4788,426.54743326244335,OPEN
9576,N001945,N001942,R4788,426.54743326244335,OPEN
9577,N006247,N005205,R4789,683.9126674299695,OPEN
9578,N005205,N006247,R4789,683.9126674299695,OPEN
9579,N006248,N001137,R4790,120.875512605799,OPEN
9580,N001137,N006248,R4790,120.875512605799,OPEN
9581,N001972,N006248,R4791,2278.268045956128,OPEN
9582,N006248,N001972,R4791,2278.268045956128,OPEN
9583,N006249,N001511,R4792,1178.4812573865247,OPEN
9584,N001511,N006249,R4792,1178.4812573865247,OPEN
9585,N006250,N005060,R4793,847.3770377338758,OPEN
9586,N005060,N006250,R4793,847.3770377338758,OPEN
9587,N002404,N006250,R4794,2637.6664319942265,OPEN
9588,N006250,N002404,R4794,2637.6664319942265,OPEN
9589,N005073,N006251,R4795,19.9084144236001,OPEN
9590,N006251,N005073,R4795,19.9084144236001,OPEN
9591,N006251,N005092,R4796,2570.1418837811752,OPEN
9592,N005092,N006251,R4796,2570.1418837811752,OPEN
9593,N005093,N005088,R4797,70.3954919441264,OPEN
9594,N005088,N005093,R4797,70.3954919441264,OPEN
9595,N005061,N005071,R4798,753.5136971534746,OPEN
9596,N005071,N005061,R4798,753.5136971534746,OPEN
9597,N003575,N005124,R4799,749.045355784265,OPEN
9598,N005124,N003575,R4799,749.045355784265,OPEN
9599,N005124,N006252,R4800,1598.0994628013746,OPEN
9600,N006252,N005124,R4800,1598.0994628013746,OPEN
9601,N006253,N001519,R4801,1202.288443235361,OPEN
9602,N001519,N006253,R4801,1202.288443235361,OPEN
9603,N001520,N006254,R4802,484.6301993852859,OPEN
9604,N006254,N001520,R4802,484.6301993852859,OPEN
9605,N006254,N001923,R4803,2684.140286148478,OPEN
9606,N001923,N006254,R4803,2684.140286148478,OPEN
9607,N003923,N003651,R4804,85.36147849047481,OPEN
9608,N003651,N003923,R4804,85.36147849047481,OPEN
9609,N005862,N006255,R4805,2063.0096644067644,OPEN
9610,N006255,N005862,R4805,2063.0096644067644,OPEN
9611,N006255,N006256,R4806,740.3492141651204,OPEN
9612,N006256,N006255,R4806,740.3492141651204,OPEN
9613,N001530,N006257,R4807,94.9981742344476,OPEN
9614,N006257,N001530,R4807,94.9981742344476,OPEN
9615,N006256,N005170,R4808,1234.517736260211,OPEN
9616,N005170,N006256,R4808,1234.517736260211,OPEN
9617,N003559,N006258,R4809,54.929511496755495,OPEN
9618,N006258,N003559,R4809,54.929511496755495,OPEN
9619,N005174,N001422,R4810,510.2367185990053,OPEN
9620,N001422,N005174,R4810,510.2367185990053,OPEN
9621,N001970,N001966,R4811,1092.3358278470441,OPEN
9622,N001966,N001970,R4811,1092.3358278470441,OPEN
9623,N006106,N001968,R4812,291.65596661876145,OPEN
9624,N001968,N006106,R4812,291.65596661876145,OPEN
9625,N002768,N005715,R4813,31.490438273889698,OPEN
9626,N005715,N002768,R4813,31.490438273889698,OPEN
9627,N006259,N004517,R4814,180.9188867050859,OPEN
9628,N004517,N006259,R4814,180.9188867050859,OPEN
9629,N002172,N006259,R4815,33.1550309939094,OPEN
9630,N006259,N002172,R4815,33.1550309939094,OPEN
9631,N006260,N006261,R4816,16701.442015237662,OPEN
9632,N006261,N006260,R4816,16701.442015237662,OPEN
9633,N006262,N006263,R4817,13251.321737201519,OPEN
9634,N006263,N006262,R4817,13251.321737201519,OPEN
9635,N006264,N006265,R4818,4880.899848166211,OPEN
9636,N006265,N006264,R4818,4880.899848166211,OPEN
9637,N006266,N006267,R4819,2794.8367905367263,OPEN
9638,N006267,N006266,R4819,2794.8367905367263,OPEN
9639,N006267,N006264,R4820,47.622954435400395,OPEN
9640,N006264,N006267,R4820,47.622954435400395,OPEN
9641,N006268,N006265,R4821,573.11158879187,OPEN
9642,N006265,N006268,R4821,573.11158879187,OPEN
9643,N001002,N006269,R4822,268.5221670980586,OPEN
9644,N006269,N001002,R4822,268.5221670980586,OPEN
9645,N006270,N006268,R4823,49.9318853507831,OPEN
9646,N006268,N006270,R4823,49.9318853507831,OPEN
9647,N006271,N006270,R4824,52.4954224304728,OPEN
9648,N006270,N006271,R4824,52.4954224304728,OPEN
9649,N006269,N006271,R4825,11.998904167786,OPEN
9650,N006271,N006269,R4825,11.998904167786,OPEN
9651,N006272,N006273,R4826,6100.176612538871,OPEN
9652,N006273,N006272,R4826,6100.176612538871,OPEN
9653,N001494,N006274,R4827,44.5812819383917,OPEN
9654,N006274,N001494,R4827,44.5812819383917,OPEN
9655,N006274,N006275,R4828,1277.7599005412915,OPEN
9656,N006275,N006274,R4828,1277.7599005412915,OPEN
9657,N003413,N006276,R4829,585.6157772301365,OPEN
9658,N006276,N003413,R4829,585.6157772301365,OPEN
9659,N006277,N006278,R4830,96.3619552323776,OPEN
9660,N006278,N006277,R4830,96.3619552323776,OPEN
9661,N006279,N006280,R4831,103.549356306101,OPEN
9662,N006280,N006279,R4831,103.549356306101,OPEN
9663,N006280,N006281,R4832,103.2211425266148,OPEN
9664,N006281,N006280,R4832,103.2211425266148,OPEN
9665,N006282,N006277,R4833,97.0564738950164,OPEN
9666,N006277,N006282,R4833,97.0564738950164,OPEN
9667,N006281,N006282,R4834,82.033255466974,OPEN
9668,N006282,N006281,R4834,82.033255466974,OPEN
9669,N006280,N006283,R4835,38.9093603128655,OPEN
9670,N006283,N006280,R4835,38.9093603128655,OPEN
9671,N003489,N006277,R4836,34.7627504868612,OPEN
9672,N006277,N003489,R4836,34.7627504868612,OPEN
9673,N006278,N006279,R4837,82.5083198822512,OPEN
9674,N006279,N006278,R4837,82.5083198822512,OPEN
9675,N006283,N001489,R4838,826.2553741309451,OPEN
9676,N001489,N006283,R4838,826.2553741309451,OPEN
9677,N003415,N006284,R4839,3213.194503285187,OPEN
9678,N006284,N003415,R4839,3213.194503285187,OPEN
9679,N001267,N001829,R4840,101.9907766609119,OPEN
9680,N001829,N001267,R4840,101.9907766609119,OPEN
9681,N001273,N006285,R4841,21.7889351875003,OPEN
9682,N006285,N001273,R4841,21.7889351875003,OPEN
9683,N006285,N001135,R4842,240.3751492627847,OPEN
9684,N001135,N006285,R4842,240.3751492627847,OPEN
9685,N005652,N005653,R4843,683.2874662314059,OPEN
9686,N005653,N005652,R4843,683.2874662314059,OPEN
9687,N005658,N005660,R4844,481.2600124676175,OPEN
9688,N005660,N005658,R4844,481.2600124676175,OPEN
9689,N005657,N001527,R4845,2916.676741706529,OPEN
9690,N001527,N005657,R4845,2916.676741706529,OPEN
9691,N003417,N003413,R4846,1308.4788995831004,OPEN
9692,N003413,N003417,R4846,1308.4788995831004,OPEN
9693,N006286,N003505,R4847,74.0696758534637,OPEN
9694,N003505,N006286,R4847,74.0696758534637,OPEN
9695,N006287,N006286,R4848,345.69901642582977,OPEN
9696,N006286,N006287,R4848,345.69901642582977,OPEN
9697,N001133,N001502,R4849,12.7638683512073,OPEN
9698,N001502,N001133,R4849,12.7638683512073,OPEN
9699,N006288,N001490,R4850,15.5235008463564,OPEN
9700,N001490,N006288,R4850,15.5235008463564,OPEN
9701,N006289,N006290,R4851,16.357574267095902,OPEN
9702,N006290,N006289,R4851,16.357574267095902,OPEN
9703,N006291,N006291,R4852,39.3110832788149,OPEN
9704,N006291,N006291,R4852,39.3110832788149,OPEN
9705,N006292,N001493,R4853,25.4681692521782,OPEN
9706,N001493,N006292,R4853,25.4681692521782,OPEN
9707,N006293,N006292,R4854,2283.7210804660317,OPEN
9708,N006292,N006293,R4854,2283.7210804660317,OPEN
9709,N006294,N003416,R4855,98.6369196275309,OPEN
9710,N003416,N006294,R4855,98.6369196275309,OPEN
9711,N001135,N006294,R4856,949.3583817434902,OPEN
9712,N006294,N001135,R4856,949.3583817434902,OPEN
9713,N001692,N001157,R4857,419.5462632661557,OPEN
9714,N001157,N001692,R4857,419.5462632661557,OPEN
9715,N001156,N006295,R4858,28.3849594195556,OPEN
9716,N006295,N001156,R4858,28.3849594195556,OPEN
9717,N006295,N006296,R4859,63.812509490562,OPEN
9718,N006296,N006295,R4859,63.812509490562,OPEN
9719,N006297,N005034,R4860,16.3977378902573,OPEN
9720,N005034,N006297,R4860,16.3977378902573,OPEN
9721,N006295,N006297,R4861,38.4326614489415,OPEN
9722,N006297,N006295,R4861,38.4326614489415,OPEN
9723,N001702,N006296,R4862,39.06971295885079,OPEN
9724,N006296,N001702,R4862,39.06971295885079,OPEN
9725,N005033,N001272,R4863,71.6525366760808,OPEN
9726,N001272,N005033,R4863,71.6525366760808,OPEN
9727,N006296,N006297,R4864,41.0699947405407,OPEN
9728,N006297,N006296,R4864,41.0699947405407,OPEN
9729,N002544,N002545,R4865,4603.851567255358,OPEN
9730,N002545,N002544,R4865,4603.851567255358,OPEN
9731,N002546,N006298,R4866,939.4276595394988,OPEN
9732,N006298,N002546,R4866,939.4276595394988,OPEN
9733,N006298,N006299,R4867,2331.463980928619,OPEN
9734,N006299,N006298,R4867,2331.463980928619,OPEN
9735,N001705,N005440,R4868,625.2558862258037,OPEN
9736,N005440,N001705,R4868,625.2558862258037,OPEN
9737,N006300,N005441,R4869,164.2671863364327,OPEN
9738,N005441,N006300,R4869,164.2671863364327,OPEN
9739,N006299,N006300,R4870,540.6476218175152,OPEN
9740,N006300,N006299,R4870,540.6476218175152,OPEN
9741,N006301,N003496,R4871,10.2681610954522,OPEN
9742,N003496,N006301,R4871,10.2681610954522,OPEN
9743,N003492,N006301,R4872,1807.4940223996136,OPEN
9744,N006301,N003492,R4872,1807.4940223996136,OPEN
9745,N003495,N006302,R4873,26.1037935838529,OPEN
9746,N006302,N003495,R4873,26.1037935838529,OPEN
9747,N006302,N003492,R4874,773.2699752950409,OPEN
9748,N003492,N006302,R4874,773.2699752950409,OPEN
9749,N006303,N003494,R4875,165.7319920091554,OPEN
9750,N003494,N006303,R4875,165.7319920091554,OPEN
9751,N005846,N006303,R4876,30.4133995190299,OPEN
9752,N006303,N005846,R4876,30.4133995190299,OPEN
9753,N006304,N006305,R4877,22.7641924941246,OPEN
9754,N006305,N006304,R4877,22.7641924941246,OPEN
9755,N006305,N005845,R4878,336.2210113000292,OPEN
9756,N005845,N006305,R4878,336.2210113000292,OPEN
9757,N005226,N006306,R4879,34.4419760041608,OPEN
9758,N006306,N005226,R4879,34.4419760041608,OPEN
9759,N006306,N006304,R4880,2409.323122004172,OPEN
9760,N006304,N006306,R4880,2409.323122004172,OPEN
9761,N006307,N006239,R4881,25.145557007565902,OPEN
9762,N006239,N006307,R4881,25.145557007565902,OPEN
9763,N006308,N006307,R4882,1516.2653947585081,OPEN
9764,N006307,N006308,R4882,1516.2653947585081,OPEN
9765,N006309,N006310,R4883,29.2183132027337,OPEN
9766,N006310,N006309,R4883,29.2183132027337,OPEN
9767,N004448,N001915,R4884,173.77728248582088,OPEN
9768,N001915,N004448,R4884,173.77728248582088,OPEN
9769,N001915,N006311,R4885,67.092851155627,OPEN
9770,N006311,N001915,R4885,67.092851155627,OPEN
9771,N006311,N004448,R4886,106.3773400994868,OPEN
9772,N004448,N006311,R4886,106.3773400994868,OPEN
9773,N006312,N002900,R4887,349.51992713479467,OPEN
9774,N002900,N006312,R4887,349.51992713479467,OPEN
9775,N006312,N003204,R4888,24.4976587708607,OPEN
9776,N003204,N006312,R4888,24.4976587708607,OPEN
9777,N003204,N005697,R4889,8.1256041134686,OPEN
9778,N005697,N003204,R4889,8.1256041134686,OPEN
9779,N006313,N005828,R4890,225.1683655365929,OPEN
9780,N005828,N006313,R4890,225.1683655365929,OPEN
9781,N005697,N006313,R4891,22.5316326102696,OPEN
9782,N006313,N005697,R4891,22.5316326102696,OPEN
9783,N002921,N006312,R4892,6.4597221701856995,OPEN
9784,N006312,N002921,R4892,6.4597221701856995,OPEN
9785,N002921,N005698,R4893,124.8295610254258,OPEN
9786,N005698,N002921,R4893,124.8295610254258,OPEN
9787,N006240,N006314,R4894,37.7858253332531,OPEN
9788,N006314,N006240,R4894,37.7858253332531,OPEN
9789,N006314,N006235,R4895,43.8235935090393,OPEN
9790,N006235,N006314,R4895,43.8235935090393,OPEN
9791,N002107,N002105,R4896,864.7779808067405,OPEN
9792,N002105,N002107,R4896,864.7779808067405,OPEN
9793,N005952,N005946,R4897,401.2344094907126,OPEN
9794,N005946,N005952,R4897,401.2344094907126,OPEN
9795,N005946,N005947,R4898,281.18534655397633,OPEN
9796,N005947,N005946,R4898,281.18534655397633,OPEN
9797,N005072,N005069,R4899,34.359079745289804,OPEN
9798,N005069,N005072,R4899,34.359079745289804,OPEN
9799,N002514,N006315,R4900,2066.4789225677955,OPEN
9800,N006315,N002514,R4900,2066.4789225677955,OPEN
9801,N006316,N005210,R4901,14.2747710847757,OPEN
9802,N005210,N006316,R4901,14.2747710847757,OPEN
9803,N006209,N006316,R4902,49.630604494323904,OPEN
9804,N006316,N006209,R4902,49.630604494323904,OPEN
9805,N006134,N006198,R4903,15.250832272295,OPEN
9806,N006198,N006134,R4903,15.250832272295,OPEN
9807,N005870,N001299,R4904,2013.3736498791802,OPEN
9808,N001299,N005870,R4904,2013.3736498791802,OPEN
9809,N005893,N006317,R4905,9.3396288309235,OPEN
9810,N006317,N005893,R4905,9.3396288309235,OPEN
9811,N006318,N006319,R4906,7585.864965593371,OPEN
9812,N006319,N006318,R4906,7585.864965593371,OPEN
9813,N006319,N006320,R4907,14793.679690102328,OPEN
9814,N006320,N006319,R4907,14793.679690102328,OPEN
9815,N005005,N006118,R4908,2479.7597861745453,OPEN
9816,N006118,N005005,R4908,2479.7597861745453,OPEN
9817,N006104,N005005,R4909,1328.525073047607,OPEN
9818,N005005,N006104,R4909,1328.525073047607,OPEN
9819,N006321,N006322,R4910,58.2984530028373,OPEN
9820,N006322,N006321,R4910,58.2984530028373,OPEN
9821,N003986,N006323,R4911,541.9000700782312,OPEN
9822,N006323,N003986,R4911,541.9000700782312,OPEN
9823,N006321,N004529,R4912,83.18785953830279,OPEN
9824,N004529,N006321,R4912,83.18785953830279,OPEN
9825,N001674,N001409,R4913,8907.237671689802,OPEN
9826,N001409,N001674,R4913,8907.237671689802,OPEN
9827,N001410,N001409,R4914,10227.761815039417,OPEN
9828,N001409,N001410,R4914,10227.761815039417,OPEN
9829,N006324,N006325,R4915,133.89294094623972,OPEN
9830,N006325,N006324,R4915,133.89294094623972,OPEN
9831,N006326,N006327,R4916,923.4714102440108,OPEN
9832,N006327,N006326,R4916,923.4714102440108,OPEN
9833,N006328,N006329,R4917,533.998492505664,OPEN
9834,N006329,N006328,R4917,533.998492505664,OPEN
9835,N006324,N006326,R4918,1795.2160070316725,OPEN
9836,N006326,N006324,R4918,1795.2160070316725,OPEN
9837,N006326,N006328,R4919,669.4750734007844,OPEN
9838,N006328,N006326,R4919,669.4750734007844,OPEN
9839,N006330,N006331,R4920,476.90931124091003,OPEN
9840,N006331,N006330,R4920,476.90931124091003,OPEN
9841,N006328,N006330,R4921,2532.3943354556004,OPEN
9842,N006330,N006328,R4921,2532.3943354556004,OPEN
9843,N006330,N003430,R4922,358.9501735794264,OPEN
9844,N003430,N006330,R4922,358.9501735794264,OPEN
9845,N002088,N002087,R4923,174.6654969946505,OPEN
9846,N002087,N002088,R4923,174.6654969946505,OPEN
9847,N002086,N002088,R4924,387.5568278239675,OPEN
9848,N002088,N002086,R4924,387.5568278239675,OPEN
9849,N003297,N003294,R4925,32.0267990062284,OPEN
9850,N003294,N003297,R4925,32.0267990062284,OPEN
9851,N003295,N006332,R4926,1279.04250572206,OPEN
9852,N006332,N003295,R4926,1279.04250572206,OPEN
9853,N003295,N006333,R4927,514.3501957285982,OPEN
9854,N006333,N003295,R4927,514.3501957285982,OPEN
9855,N001775,N006334,R4928,73.2117965868085,OPEN
9856,N006334,N001775,R4928,73.2117965868085,OPEN
9857,N006335,N001772,R4929,53.6490042430033,OPEN
9858,N001772,N006335,R4929,53.6490042430033,OPEN
9859,N001778,N001774,R4930,36.9287231512698,OPEN
9860,N001774,N001778,R4930,36.9287231512698,OPEN
9861,N003172,N006336,R4931,12.7031969850278,OPEN
9862,N006336,N003172,R4931,12.7031969850278,OPEN
9863,N006336,N003173,R4932,11.028598150995698,OPEN
9864,N003173,N006336,R4932,11.028598150995698,OPEN
9865,N003681,N006337,R4933,1237.7173414605536,OPEN
9866,N006337,N003681,R4933,1237.7173414605536,OPEN
9867,N001499,N006338,R4934,686.1536068281283,OPEN
9868,N006338,N001499,R4934,686.1536068281283,OPEN
9869,N006339,N003593,R4935,32.3725952512564,OPEN
9870,N003593,N006339,R4935,32.3725952512564,OPEN
9871,N003593,N006340,R4936,39.8983269870077,OPEN
9872,N006340,N003593,R4936,39.8983269870077,OPEN
9873,N006341,N006342,R4937,66.94038019414671,OPEN
9874,N006342,N006341,R4937,66.94038019414671,OPEN
9875,N006343,N002157,R4938,93.0570518309602,OPEN
9876,N002157,N006343,R4938,93.0570518309602,OPEN
9877,N006342,N006343,R4939,56.662666006606905,OPEN
9878,N006343,N006342,R4939,56.662666006606905,OPEN
9879,N002150,N006341,R4940,12076.769687871778,OPEN
9880,N006341,N002150,R4940,12076.769687871778,OPEN
9881,N006344,N005304,R4941,155.357968847981,OPEN
9882,N005304,N006344,R4941,155.357968847981,OPEN
9883,N006345,N006345,R4942,91.46142661955541,OPEN
9884,N006345,N006345,R4942,91.46142661955541,OPEN
9885,N006346,N005942,R4943,93.41402704385659,OPEN
9886,N005942,N006346,R4943,93.41402704385659,OPEN
9887,N003865,N003845,R4944,852.7260471424951,OPEN
9888,N003845,N003865,R4944,852.7260471424951,OPEN
9889,N006347,N006348,R4945,662.8102726013369,OPEN
9890,N006348,N006347,R4945,662.8102726013369,OPEN
9891,N006349,N006350,R4946,837.5670032445197,OPEN
9892,N006350,N006349,R4946,837.5670032445197,OPEN
9893,N003860,N003863,R4947,680.2906739015751,OPEN
9894,N003863,N003860,R4947,680.2906739015751,OPEN
9895,N003438,N006351,R4948,4191.1094907071065,OPEN
9896,N006351,N003438,R4948,4191.1094907071065,OPEN
9897,N002238,N006352,R4949,3994.1280583668754,OPEN
9898,N006352,N002238,R4949,3994.1280583668754,OPEN
9899,N006353,N006354,R4950,4637.097146982555,OPEN
9900,N006354,N006353,R4950,4637.097146982555,OPEN
9901,N006355,N006356,R4951,1255.2781720243916,OPEN
9902,N006356,N006355,R4951,1255.2781720243916,OPEN
9903,N006357,N006358,R4952,3108.3031691160895,OPEN
9904,N006358,N006357,R4952,3108.3031691160895,OPEN
9905,N006359,N006360,R4953,899.8035987671884,OPEN
9906,N006360,N006359,R4953,899.8035987671884,OPEN
9907,N005837,N001314,R4954,42.4227762440097,OPEN
9908,N001314,N005837,R4954,42.4227762440097,OPEN
9909,N001315,N003203,R4955,203.43590430288262,OPEN
9910,N003203,N001315,R4955,203.43590430288262,OPEN
9911,N006361,N006362,R4956,1059.032557748355,OPEN
9912,N006362,N006361,R4956,1059.032557748355,OPEN
9913,N006363,N003745,R4957,9.350181579377,OPEN
9914,N003745,N006363,R4957,9.350181579377,OPEN
9915,N003743,N006363,R4958,223.8479732382229,OPEN
9916,N006363,N003743,R4958,223.8479732382229,OPEN
9917,N002582,N006364,R4959,23455.946595811336,OPEN
9918,N006364,N002582,R4959,23455.946595811336,OPEN
9919,N001730,N001202,R4960,29.219221316957,OPEN
9920,N001202,N001730,R4960,29.219221316957,OPEN
9921,N002782,N006365,R4961,28.913441217493702,OPEN
9922,N006365,N002782,R4961,28.913441217493702,OPEN
9923,N003387,N001208,R4962,13.3309230712125,OPEN
9924,N001208,N003387,R4962,13.3309230712125,OPEN
9925,N003386,N001424,R4963,9.398379582823,OPEN
9926,N001424,N003386,R4963,9.398379582823,OPEN
9927,N005699,N006312,R4964,14.735682936865901,OPEN
9928,N006312,N005699,R4964,14.735682936865901,OPEN
9929,N006366,N001114,R4965,18.4202717635643,OPEN
9930,N001114,N006366,R4965,18.4202717635643,OPEN
9931,N001502,N006367,R4966,10.6633306065063,OPEN
9932,N006367,N001502,R4966,10.6633306065063,OPEN
9933,N001490,N006368,R4967,13.5281406598713,OPEN
9934,N006368,N001490,R4967,13.5281406598713,OPEN
9935,N003077,N006369,R4968,302.67789790280943,OPEN
9936,N006369,N003077,R4968,302.67789790280943,OPEN
9937,N005787,N006370,R4969,1451.6676649039011,OPEN
9938,N006370,N005787,R4969,1451.6676649039011,OPEN
9939,N002876,N005786,R4970,2761.9259284804384,OPEN
9940,N005786,N002876,R4970,2761.9259284804384,OPEN
9941,N006371,N006371,R4971,65.2805436620366,OPEN
9942,N006371,N006371,R4971,65.2805436620366,OPEN
9943,N006372,N006373,R4972,17.408280855423502,OPEN
9944,N006373,N006372,R4972,17.408280855423502,OPEN
9945,N006373,N006374,R4973,17.235095756891102,OPEN
9946,N006374,N006373,R4973,17.235095756891102,OPEN
9947,N006373,N001264,R4974,155.4204793391828,OPEN
9948,N001264,N006373,R4974,155.4204793391828,OPEN
9949,N001264,N001263,R4975,580.1362754304189,OPEN
9950,N001263,N001264,R4975,580.1362754304189,OPEN
9951,N003611,N006375,R4976,1094.01522629536,OPEN
9952,N006375,N003611,R4976,1094.01522629536,OPEN
9953,N006375,N006376,R4977,337.6689059957395,OPEN
9954,N006376,N006375,R4977,337.6689059957395,OPEN
9955,N006376,N006377,R4978,1652.4474581656023,OPEN
9956,N006377,N006376,R4978,1652.4474581656023,OPEN
9957,N001414,N006377,R4979,32.1012318692834,OPEN
9958,N006377,N001414,R4979,32.1012318692834,OPEN
9959,N002920,N004218,R4980,20.9698033528452,OPEN
9960,N004218,N002920,R4980,20.9698033528452,OPEN
9961,N005562,N005561,R4981,17.7325322518307,OPEN
9962,N005561,N005562,R4981,17.7325322518307,OPEN
9963,N002453,N006378,R4982,81.31041562691931,OPEN
9964,N006378,N002453,R4982,81.31041562691931,OPEN
9965,N006379,N002453,R4983,85.606812732367,OPEN
9966,N002453,N006379,R4983,85.606812732367,OPEN
9967,N001673,N006380,R4984,71.1692226524643,OPEN
9968,N006380,N001673,R4984,71.1692226524643,OPEN
9969,N006381,N001673,R4985,74.6351011617498,OPEN
9970,N001673,N006381,R4985,74.6351011617498,OPEN
9971,N006382,N006382,R4986,134.963001971472,OPEN
9972,N006382,N006382,R4986,134.963001971472,OPEN
9973,N006383,N006384,R4987,5329.136826730224,OPEN
9974,N006384,N006383,R4987,5329.136826730224,OPEN
9975,N006385,N005795,R4988,366.7390219450484,OPEN
9976,N005795,N006385,R4988,366.7390219450484,OPEN
9977,N005797,N006386,R4989,367.05314218227943,OPEN
9978,N006386,N005797,R4989,367.05314218227943,OPEN
9979,N005741,N006385,R4990,1255.2654692688757,OPEN
9980,N006385,N005741,R4990,1255.2654692688757,OPEN
9981,N006386,N005742,R4991,1264.714517661497,OPEN
9982,N005742,N006386,R4991,1264.714517661497,OPEN
9983,N006387,N006388,R4992,353.52483419662576,OPEN
9984,N006388,N006387,R4992,353.52483419662576,OPEN
9985,N006389,N006390,R4993,2531.554604489206,OPEN
9986,N006390,N006389,R4993,2531.554604489206,OPEN
9987,N006391,N006392,R4994,7491.9093753836905,OPEN
9988,N006392,N006391,R4994,7491.9093753836905,OPEN
9989,N002207,N006393,R4995,508.97319577250397,OPEN
9990,N006393,N002207,R4995,508.97319577250397,OPEN
9991,N006394,N006395,R4996,9820.737974439176,OPEN
9992,N006395,N006394,R4996,9820.737974439176,OPEN
9993,N004625,N002202,R4997,594.4461234024718,OPEN
9994,N002202,N004625,R4997,594.4461234024718,OPEN
9995,N006396,N006260,R4998,27.2381409549328,OPEN
9996,N006260,N006396,R4998,27.2381409549328,OPEN
9997,N006397,N006396,R4999,598.2595716608528,OPEN
9998,N006396,N006397,R4999,598.2595716608528,OPEN
9999,N006398,N006397,R5000,54.688407922161204,OPEN
10000,N006397,N006398,R5000,54.688407922161204,OPEN
10001,N004530,N006398,R5001,10765.338012933236,OPEN
10002,N006398,N004530,R5001,10765.338012933236,OPEN
10003,N006364,N006399,R5002,3203.5242541290895,OPEN
10004,N006399,N006364,R5002,3203.5242541290895,OPEN
10005,N006400,N006401,R5003,1320.192882269928,OPEN
10006,N006401,N006400,R5003,1320.192882269928,OPEN
10007,N006399,N006400,R5004,19.1838876075395,OPEN
10008,N006400,N006399,R5004,19.1838876075395,OPEN
10009,N006402,N006403,R5005,16637.7032881363,OPEN
10010,N006403,N006402,R5005,16637.7032881363,OPEN
10011,N006404,N006405,R5006,3282.3628370166107,OPEN
10012,N006405,N006404,R5006,3282.3628370166107,OPEN
10013,N006403,N006404,R5007,13.9657788392745,OPEN
10014,N006404,N006403,R5007,13.9657788392745,OPEN
10015,N006406,N006407,R5008,9509.875256983092,OPEN
10016,N006407,N006406,R5008,9509.875256983092,OPEN
10017,N006405,N006406,R5009,6.6565815236993995,OPEN
10018,N006406,N006405,R5009,6.6565815236993995,OPEN
10019,N003844,N003656,R5010,26.7363884459002,OPEN
10020,N003656,N003844,R5010,26.7363884459002,OPEN
10021,N006408,N006409,R5011,11256.53935774037,OPEN
10022,N006409,N006408,R5011,11256.53935774037,OPEN
10023,N006410,N006411,R5012,3245.59457472179,OPEN
10024,N006411,N006410,R5012,3245.59457472179,OPEN
10025,N006409,N006410,R5013,24.1360710235942,OPEN
10026,N006410,N006409,R5013,24.1360710235942,OPEN
10027,N006412,N006413,R5014,901.2900425881224,OPEN
10028,N006413,N006412,R5014,901.2900425881224,OPEN
10029,N006414,N006415,R5015,11754.497399171501,OPEN
10030,N006415,N006414,R5015,11754.497399171501,OPEN
10031,N006413,N006414,R5016,14.7076029723064,OPEN
10032,N006414,N006413,R5016,14.7076029723064,OPEN
10033,N006407,N004603,R5017,23.8610085174166,OPEN
10034,N004603,N006407,R5017,23.8610085174166,OPEN
10035,N006416,N006417,R5018,2281.491440691017,OPEN
10036,N006417,N006416,R5018,2281.491440691017,OPEN
10037,N006418,N006419,R5019,780.8558163452045,OPEN
10038,N006419,N006418,R5019,780.8558163452045,OPEN
10039,N006420,N006421,R5020,1262.9241529830333,OPEN
10040,N006421,N006420,R5020,1262.9241529830333,OPEN
10041,N003331,N003736,R5021,30.691501818771698,OPEN
10042,N003736,N003331,R5021,30.691501818771698,OPEN
10043,N006422,N006423,R5022,6408.12129320851,OPEN
10044,N006423,N006422,R5022,6408.12129320851,OPEN
10045,N006424,N006422,R5023,45.412091992286996,OPEN
10046,N006422,N006424,R5023,45.412091992286996,OPEN
10047,N003747,N006424,R5024,19.0993827741758,OPEN
10048,N006424,N003747,R5024,19.0993827741758,OPEN
10049,N006425,N006426,R5025,5814.737934464519,OPEN
10050,N006426,N006425,R5025,5814.737934464519,OPEN
10051,N006427,N006428,R5026,14141.995486548356,OPEN
10052,N006428,N006427,R5026,14141.995486548356,OPEN
10053,N006429,N006427,R5027,79.1329176488538,OPEN
10054,N006427,N006429,R5027,79.1329176488538,OPEN
10055,N006430,N006429,R5028,21137.73635438451,OPEN
10056,N006429,N006430,R5028,21137.73635438451,OPEN
10057,N006430,N006429,R5029,21137.73635438451,OPEN
10058,N006429,N006430,R5029,21137.73635438451,OPEN
10059,N006431,N006432,R5030,10787.29152791392,OPEN
10060,N006432,N006431,R5030,10787.29152791392,OPEN
10061,N006433,N006263,R5031,13667.52036719225,OPEN
10062,N006263,N006433,R5031,13667.52036719225,OPEN
10063,N006433,N006263,R5032,13667.52036719225,OPEN
10064,N006263,N006433,R5032,13667.52036719225,OPEN
10065,N005266,N006433,R5033,24.6247866301319,OPEN
10066,N006433,N005266,R5033,24.6247866301319,OPEN
10067,N006434,N004637,R5034,995.0201273867432,OPEN
10068,N004637,N006434,R5034,995.0201273867432,OPEN
10069,N001001,N006434,R5035,13.9732461913508,OPEN
10070,N006434,N001001,R5035,13.9732461913508,OPEN
10071,N006435,N006436,R5036,4125.175767036193,OPEN
10072,N006436,N006435,R5036,4125.175767036193,OPEN
10073,N006437,N006438,R5037,710.5304582142107,OPEN
10074,N006438,N006437,R5037,710.5304582142107,OPEN
10075,N006436,N006437,R5038,33.467499479164196,OPEN
10076,N006437,N006436,R5038,33.467499479164196,OPEN
10077,N006439,N006440,R5039,2066.208872061227,OPEN
10078,N006440,N006439,R5039,2066.208872061227,OPEN
10079,N006438,N006439,R5040,13.079211308697099,OPEN
10080,N006439,N006438,R5040,13.079211308697099,OPEN
10081,N006441,N006442,R5041,174.7702079589387,OPEN
10082,N006442,N006441,R5041,174.7702079589387,OPEN
10083,N006440,N006441,R5042,13.510947971053898,OPEN
10084,N006441,N006440,R5042,13.510947971053898,OPEN
10085,N006443,N006444,R5043,3785.939816255608,OPEN
10086,N006444,N006443,R5043,3785.939816255608,OPEN
10087,N006442,N006443,R5044,13.881037103529101,OPEN
10088,N006443,N006442,R5044,13.881037103529101,OPEN
10089,N006445,N006446,R5045,7592.312320294244,OPEN
10090,N006446,N006445,R5045,7592.312320294244,OPEN
10091,N006444,N006445,R5046,13.6780948910293,OPEN
10092,N006445,N006444,R5046,13.6780948910293,OPEN
10093,N006447,N006448,R5047,8745.420312706188,OPEN
10094,N006448,N006447,R5047,8745.420312706188,OPEN
10095,N006449,N006450,R5048,3377.726257691147,OPEN
10096,N006450,N006449,R5048,3377.726257691147,OPEN
10097,N006451,N006452,R5049,25.027247804045,OPEN
10098,N006452,N006451,R5049,25.027247804045,OPEN
10099,N006453,N006454,R5050,1234.0247160004908,OPEN
10100,N006454,N006453,R5050,1234.0247160004908,OPEN
10101,N006454,N006455,R5051,32.487115378049,OPEN
10102,N006455,N006454,R5051,32.487115378049,OPEN
10103,N006456,N006457,R5052,3339.3310838370576,OPEN
10104,N006457,N006456,R5052,3339.3310838370576,OPEN
10105,N006458,N006459,R5053,398.7644207569918,OPEN
10106,N006459,N006458,R5053,398.7644207569918,OPEN
10107,N006460,N006458,R5054,28.517363383291702,OPEN
10108,N006458,N006460,R5054,28.517363383291702,OPEN
10109,N006461,N006460,R5055,1769.0408624348966,OPEN
10110,N006460,N006461,R5055,1769.0408624348966,OPEN
10111,N006462,N006461,R5056,32.1167220518681,OPEN
10112,N006461,N006462,R5056,32.1167220518681,OPEN
10113,N006463,N006462,R5057,1732.7880259128817,OPEN
10114,N006462,N006463,R5057,1732.7880259128817,OPEN
10115,N006464,N006465,R5058,189.2787965162579,OPEN
10116,N006465,N006464,R5058,189.2787965162579,OPEN
10117,N006465,N006466,R5059,710.3214146860242,OPEN
10118,N006466,N006465,R5059,710.3214146860242,OPEN
10119,N006465,N006467,R5060,3208.54007148658,OPEN
10120,N006467,N006465,R5060,3208.54007148658,OPEN
10121,N006455,N006468,R5061,14620.585148845077,OPEN
10122,N006468,N006455,R5061,14620.585148845077,OPEN
10123,N006469,N006470,R5062,14210.911931863877,OPEN
10124,N006470,N006469,R5062,14210.911931863877,OPEN
10125,N002506,N006471,R5063,40.9903985276474,OPEN
10126,N006471,N002506,R5063,40.9903985276474,OPEN
10127,N006471,N002610,R5064,4083.6075868353764,OPEN
10128,N002610,N006471,R5064,4083.6075868353764,OPEN
10129,N006472,N006473,R5065,23605.49430172592,OPEN
10130,N006473,N006472,R5065,23605.49430172592,OPEN
10131,N006472,N006473,R5066,23605.49430172592,OPEN
10132,N006473,N006472,R5066,23605.49430172592,OPEN
10133,N002584,N006474,R5067,3824.757498873046,OPEN
10134,N006474,N002584,R5067,3824.757498873046,OPEN
10135,N003462,N006475,R5068,8724.477607883899,OPEN
10136,N006475,N003462,R5068,8724.477607883899,OPEN
10137,N006475,N003765,R5069,18.035800926817398,OPEN
10138,N003765,N006475,R5069,18.035800926817398,OPEN
10139,N006476,N006477,R5070,553.7260905967079,OPEN
10140,N006477,N006476,R5070,553.7260905967079,OPEN
10141,N006478,N006476,R5071,151.5990991196832,OPEN
10142,N006476,N006478,R5071,151.5990991196832,OPEN
10143,N006479,N006478,R5072,12822.915619294688,OPEN
10144,N006478,N006479,R5072,12822.915619294688,OPEN
10145,N006480,N006481,R5073,19218.654375205027,OPEN
10146,N006481,N006480,R5073,19218.654375205027,OPEN
10147,N006482,N006483,R5074,8072.013121362236,OPEN
10148,N006483,N006482,R5074,8072.013121362236,OPEN
10149,N006484,N006485,R5075,2732.4173941929384,OPEN
10150,N006485,N006484,R5075,2732.4173941929384,OPEN
10151,N006486,N006487,R5076,3207.668522037605,OPEN
10152,N006487,N006486,R5076,3207.668522037605,OPEN
10153,N006488,N006489,R5077,1839.0768299653819,OPEN
10154,N006489,N006488,R5077,1839.0768299653819,OPEN
10155,N006490,N006491,R5078,6815.507873324555,OPEN
10156,N006491,N006490,R5078,6815.507873324555,OPEN
10157,N006492,N006262,R5079,56.263230384810704,OPEN
10158,N006262,N006492,R5079,56.263230384810704,OPEN
10159,N006493,N006492,R5080,1295.3372044827938,OPEN
10160,N006492,N006493,R5080,1295.3372044827938,OPEN
10161,N006494,N006495,R5081,10390.583172142666,OPEN
10162,N006495,N006494,R5081,10390.583172142666,OPEN
10163,N006494,N006495,R5082,10390.583172142666,OPEN
10164,N006495,N006494,R5082,10390.583172142666,OPEN
10165,N006496,N002354,R5083,25.7836704777427,OPEN
10166,N002354,N006496,R5083,25.7836704777427,OPEN
10167,N006497,N006496,R5084,5249.328591175698,OPEN
10168,N006496,N006497,R5084,5249.328591175698,OPEN
10169,N004405,N004402,R5085,52.4771568549562,OPEN
10170,N004402,N004405,R5085,52.4771568549562,OPEN
10171,N006498,N006499,R5086,6424.168366066688,OPEN
10172,N006499,N006498,R5086,6424.168366066688,OPEN
10173,N006500,N006501,R5087,2155.9452174102385,OPEN
10174,N006501,N006500,R5087,2155.9452174102385,OPEN
10175,N006502,N006503,R5088,10136.270791122823,OPEN
10176,N006503,N006502,R5088,10136.270791122823,OPEN
10177,N006504,N006505,R5089,120.6053776545067,OPEN
10178,N006505,N006504,R5089,120.6053776545067,OPEN
10179,N006506,N006504,R5090,18.4696941306488,OPEN
10180,N006504,N006506,R5090,18.4696941306488,OPEN
10181,N006507,N006506,R5091,3483.334266033845,OPEN
10182,N006506,N006507,R5091,3483.334266033845,OPEN
10183,N006508,N006507,R5092,36.9714118326864,OPEN
10184,N006507,N006508,R5092,36.9714118326864,OPEN
10185,N006509,N006510,R5093,28.637428341256502,OPEN
10186,N006510,N006509,R5093,28.637428341256502,OPEN
10187,N006511,N006509,R5094,2172.49677122276,OPEN
10188,N006509,N006511,R5094,2172.49677122276,OPEN
10189,N006510,N006508,R5095,5043.216854412223,OPEN
10190,N006508,N006510,R5095,5043.216854412223,OPEN
10191,N006369,N003074,R5096,269.936494967637,OPEN
10192,N003074,N006369,R5096,269.936494967637,OPEN
10193,N006401,N006512,R5097,486.41563592462813,OPEN
10194,N006512,N006401,R5097,486.41563592462813,OPEN
10195,N006513,N006514,R5098,6041.77835009125,OPEN
10196,N006514,N006513,R5098,6041.77835009125,OPEN
10197,N006515,N006516,R5099,11968.806336424388,OPEN
10198,N006516,N006515,R5099,11968.806336424388,OPEN
10199,N006517,N003305,R5100,2849.8668135608023,OPEN
10200,N003305,N006517,R5100,2849.8668135608023,OPEN
10201,N006518,N006519,R5101,50.7150271519969,OPEN
10202,N006519,N006518,R5101,50.7150271519969,OPEN
10203,N006520,N006521,R5102,382.50506279235503,OPEN
10204,N006521,N006520,R5102,382.50506279235503,OPEN
10205,N006522,N006523,R5103,3169.4244986562435,OPEN
10206,N006523,N006522,R5103,3169.4244986562435,OPEN
10207,N006523,N006524,R5104,20.1489772007236,OPEN
10208,N006524,N006523,R5104,20.1489772007236,OPEN
10209,N006524,N006525,R5105,6318.961846131246,OPEN
10210,N006525,N006524,R5105,6318.961846131246,OPEN
10211,N006526,N006527,R5106,648.6556636452209,OPEN
10212,N006527,N006526,R5106,648.6556636452209,OPEN
10213,N006528,N006529,R5107,16029.45747405715,OPEN
10214,N006529,N006528,R5107,16029.45747405715,OPEN
10215,N006530,N006531,R5108,3909.0320501977,OPEN
10216,N006531,N006530,R5108,3909.0320501977,OPEN
10217,N006532,N006533,R5109,4368.527490803131,OPEN
10218,N006533,N006532,R5109,4368.527490803131,OPEN
10219,N006469,N006432,R5110,334.9589409672331,OPEN
10220,N006432,N006469,R5110,334.9589409672331,OPEN
10221,N004075,N002940,R5111,476.59737076647116,OPEN
10222,N002940,N004075,R5111,476.59737076647116,OPEN
10223,N006534,N002574,R5112,6.242570371978,OPEN
10224,N002574,N006534,R5112,6.242570371978,OPEN
10225,N001610,N006535,R5113,2648.687551795609,OPEN
10226,N006535,N001610,R5113,2648.687551795609,OPEN
10227,N005587,N006535,R5114,402.7009227448835,OPEN
10228,N006535,N005587,R5114,402.7009227448835,OPEN
10229,N006535,N001610,R5115,2652.701822683187,OPEN
10230,N001610,N006535,R5115,2652.701822683187,OPEN
10231,N001846,N002256,R5116,9.173434505155301,OPEN
10232,N002256,N001846,R5116,9.173434505155301,OPEN
10233,N005526,N002256,R5117,110.4112367335115,OPEN
10234,N002256,N005526,R5117,110.4112367335115,OPEN
10235,N001758,N006536,R5118,818.9367356685824,OPEN
10236,N006536,N001758,R5118,818.9367356685824,OPEN
10237,N001757,N003623,R5119,158.2232442937366,OPEN
10238,N003623,N001757,R5119,158.2232442937366,OPEN
10239,N003623,N001758,R5120,308.7637088653214,OPEN
10240,N001758,N003623,R5120,308.7637088653214,OPEN
10241,N005906,N003581,R5121,162.1532924236281,OPEN
10242,N003581,N005906,R5121,162.1532924236281,OPEN
10243,N006537,N005830,R5122,63.396305779982804,OPEN
10244,N005830,N006537,R5122,63.396305779982804,OPEN
10245,N005832,N006537,R5123,36.6787857182004,OPEN
10246,N006537,N005832,R5123,36.6787857182004,OPEN
10247,N006538,N005833,R5124,39.721352790757194,OPEN
10248,N005833,N006538,R5124,39.721352790757194,OPEN
10249,N001082,N006538,R5125,56.7573947122455,OPEN
10250,N006538,N001082,R5125,56.7573947122455,OPEN
10251,N002759,N006539,R5126,16.0522185701313,OPEN
10252,N006539,N002759,R5126,16.0522185701313,OPEN
10253,N005819,N002759,R5127,13.3733812626263,OPEN
10254,N002759,N005819,R5127,13.3733812626263,OPEN
10255,N006539,N006540,R5128,10.4277017161647,OPEN
10256,N006540,N006539,R5128,10.4277017161647,OPEN
10257,N006540,N006541,R5129,13.1367280968957,OPEN
10258,N006541,N006540,R5129,13.1367280968957,OPEN
10259,N006541,N005906,R5130,25.7444988765426,OPEN
10260,N005906,N006541,R5130,25.7444988765426,OPEN
10261,N005906,N003585,R5131,189.8211866322847,OPEN
10262,N003585,N005906,R5131,189.8211866322847,OPEN
10263,N003585,N005836,R5132,190.0671292032373,OPEN
10264,N005836,N003585,R5132,190.0671292032373,OPEN
10265,N001045,N005703,R5133,1626.5086967632344,OPEN
10266,N005703,N001045,R5133,1626.5086967632344,OPEN
10267,N003536,N001010,R5134,47.7588928071086,OPEN
10268,N001010,N003536,R5134,47.7588928071086,OPEN
10269,N006542,N003536,R5135,46.6762201623356,OPEN
10270,N003536,N006542,R5135,46.6762201623356,OPEN
10271,N001406,N001218,R5136,16.8945361199141,OPEN
10272,N001218,N001406,R5136,16.8945361199141,OPEN
10273,N006543,N001406,R5137,844.4001209393319,OPEN
10274,N001406,N006543,R5137,844.4001209393319,OPEN
10275,N001407,N006544,R5138,35.4241943060666,OPEN
10276,N006544,N001407,R5138,35.4241943060666,OPEN
10277,N005469,N005457,R5139,104.2866180644312,OPEN
10278,N005457,N005469,R5139,104.2866180644312,OPEN
10279,N005456,N006545,R5140,103.00306263859541,OPEN
10280,N006545,N005456,R5140,103.00306263859541,OPEN
10281,N002887,N005452,R5141,74.7104463019652,OPEN
10282,N005452,N002887,R5141,74.7104463019652,OPEN
10283,N005451,N002887,R5142,210.9136252834195,OPEN
10284,N002887,N005451,R5142,210.9136252834195,OPEN
10285,N006545,N005333,R5143,204.5972193496641,OPEN
10286,N005333,N006545,R5143,204.5972193496641,OPEN
10287,N006546,N006547,R5144,278.4070182287668,OPEN
10288,N006547,N006546,R5144,278.4070182287668,OPEN
10289,N005860,N006546,R5145,10.593488831726301,OPEN
10290,N006546,N005860,R5145,10.593488831726301,OPEN
10291,N006548,N001830,R5146,70.1763332806538,OPEN
10292,N001830,N006548,R5146,70.1763332806538,OPEN
