timestamp,location,latitude,longitude,rainfall_mm,temperature_c,humidity_percent,wind_speed_kmh,season,data_source,scenario,note
2023-01-01T00:00:00,Guwahati,26.18,91.75,11.283554616280421,20.870284600370553,90.9838148258584,11.13147898376959,DRY,HISTORICAL,HISTORICAL,Historical data
2023-01-01T00:00:00,Nagaon,26.15,92.72,9.589058994457794,19.52667456777734,67.32594661412615,11.789989272074608,DRY,HISTORICAL,HISTORICAL,Historical data
2023-01-01T00:00:00,Lumding,25.28,92.84,35.445030013276835,21.033829742813317,65.0171271815025,16.843330854958342,DRY,HISTORICAL,HISTORICAL,Historical data
2023-01-01T00:00:00,Silchar,24.82,92.8,13.991253798653581,25.875807791505125,80.43783438172566,23.208526825284345,DRY,HISTORICAL,HISTORICAL,Historical data
2023-01-02T00:00:00,Guwahati,26.18,91.75,20.310365759925812,20.960172721424918,74.346435983383,29.898255159256042,DRY,HISTORICAL,HISTORICAL,Historical data
2023-01-02T00:00:00,Nagaon,26.15,92.72,25.01922959716623,18.524540517731314,76.64923128598622,8.348015823641145,DRY,HISTORICAL,HISTORICAL,Historical data
2023-01-02T00:00:00,Lumding,25.28,92.84,29.89569013378538,20.691806349470397,68.11586213811539,25.634247453856435,DRY,HISTORICAL,HISTORICAL,Historical data
2023-01-02T00:00:00,Silchar,24.82,92.8,17.61891922134328,19.82624018703351,69.48919618776868,10.125280859287232,DRY,HISTORICAL,HISTORICAL,Historical data
2023-01-03T00:00:00,Guwahati,26.18,91.75,9.233354313269471,21.15113564409637,93.0425096136058,23.5511342682631,DRY,HISTORICAL,HISTORICAL,Historical data
2023-01-03T00:00:00,Nagaon,26.15,92.72,16.03317356896676,19.516883936597818,74.80458475998658,29.120124442632022,DRY,HISTORICAL,HISTORICAL,Historical data
2023-01-03T00:00:00,Lumding,25.28,92.84,26.78216252985706,19.7984434340531,90.22333752706183,17.509858527662658,DRY,HISTORICAL,HISTORICAL,Historical data
2023-01-03T00:00:00,Silchar,24.82,92.8,11.647440272166069,17.606947496946564,79.34479388206456,13.398543750415179,DRY,HISTORICAL,HISTORICAL,Historical data
2023-01-04T00:00:00,Guwahati,26.18,91.75,14.722989148918604,21.8807170550768,65.64187078686486,26.259732542539282,DRY,HISTORICAL,HISTORICAL,Historical data
2023-01-04T00:00:00,Nagaon,26.15,92.72,27.410417177974068,21.502430822859488,82.75211942990018,14.28604523673293,DRY,HISTORICAL,HISTORICAL,Historical data
2023-01-04T00:00:00,Lumding,25.28,92.84,35.68252777303908,21.958503655772457,81.28363233488447,21.07900644626753,DRY,HISTORICAL,HISTORICAL,Historical data
2023-01-04T00:00:00,Silchar,24.82,92.8,45.68035728570114,20.817593884224213,66.15593392678252,26.379721496914524,DRY,HISTORICAL,HISTORICAL,Historical data
2023-01-05T00:00:00,Guwahati,26.18,91.75,25.13229366154591,21.72699055095946,72.18567974702079,23.26379109242733,DRY,HISTORICAL,HISTORICAL,Historical data
2023-01-05T00:00:00,Nagaon,26.15,92.72,36.97172266330864,21.976785853464506,81.46809945187243,8.28364288632853,DRY,HISTORICAL,HISTORICAL,Historical data
2023-01-05T00:00:00,Lumding,25.28,92.84,34.62980375653829,20.71803455586735,79.2478960354443,8.514079253321412,DRY,HISTORICAL,HISTORICAL,Historical data
2023-01-05T00:00:00,Silchar,24.82,92.8,24.155204241898353,22.4660812323322,69.13246717045448,19.796683042602595,DRY,HISTORICAL,HISTORICAL,Historical data
2023-01-06T00:00:00,Guwahati,26.18,91.75,11.635978955514215,18.66822591517758,86.38579968270881,27.89348549661937,DRY,HISTORICAL,HISTORICAL,Historical data
2023-01-06T00:00:00,Nagaon,26.15,92.72,12.974305813320866,19.06231108248969,85.78631738653569,14.689791380683548,DRY,HISTORICAL,HISTORICAL,Historical data
2023-01-06T00:00:00,Lumding,25.28,92.84,0.0,23.551251929719477,90.19726189763,11.794766403141884,DRY,HISTORICAL,HISTORICAL,Historical data
2023-01-06T00:00:00,Silchar,24.82,92.8,18.523808674079042,23.262846923293775,72.8505911764735,10.841581878437289,DRY,HISTORICAL,HISTORICAL,Historical data
2023-01-07T00:00:00,Guwahati,26.18,91.75,9.749320765736844,21.52017801499129,72.92541449992177,24.550871748624072,DRY,HISTORICAL,HISTORICAL,Historical data
2023-01-07T00:00:00,Nagaon,26.15,92.72,7.430773251362693,21.54150975857516,87.6610871617152,24.70975859368938,DRY,HISTORICAL,HISTORICAL,Historical data
2023-01-07T00:00:00,Lumding,25.28,92.84,18.27984716776268,15.772450531907324,88.41349490998931,13.614684131254311,DRY,HISTORICAL,HISTORICAL,Historical data
2023-01-07T00:00:00,Silchar,24.82,92.8,19.447886894553363,19.863068279998892,77.77858799849669,12.868935277681894,DRY,HISTORICAL,HISTORICAL,Historical data
2023-01-08T00:00:00,Guwahati,26.18,91.75,9.536410274744519,14.64366058025546,68.79765410873762,12.273266195283691,DRY,HISTORICAL,HISTORICAL,Historical data
2023-01-08T00:00:00,Nagaon,26.15,92.72,24.468657798380562,21.601629512771897,73.36080008725199,16.56368907089241,DRY,HISTORICAL,HISTORICAL,Historical data
2023-01-08T00:00:00,Lumding,25.28,92.84,19.037481171907196,18.726718131669827,71.29861744675257,16.14344621923399,DRY,HISTORICAL,HISTORICAL,Historical data
2023-01-08T00:00:00,Silchar,24.82,92.8,44.70296744602363,22.737730038386943,70.42933786608738,20.6226205322121,DRY,HISTORICAL,HISTORICAL,Historical data
2023-01-09T00:00:00,Guwahati,26.18,91.75,12.993874645318613,19.42191206255225,90.18282600004048,28.79165960267096,DRY,HISTORICAL,HISTORICAL,Historical data
2023-01-09T00:00:00,Nagaon,26.15,92.72,12.444204826490905,23.275000113146483,80.76154611689455,26.586210512037866,DRY,HISTORICAL,HISTORICAL,Historical data
2023-01-09T00:00:00,Lumding,25.28,92.84,33.36230550092546,21.56701443852694,65.55633944759644,24.538183566839074,DRY,HISTORICAL,HISTORICAL,Historical data
2023-01-09T00:00:00,Silchar,24.82,92.8,34.732563730408,20.149988155527303,74.45915978628575,10.76053587284608,DRY,HISTORICAL,HISTORICAL,Historical data
2023-01-10T00:00:00,Guwahati,26.18,91.75,28.78964811285744,19.940586209831345,78.01548103946071,19.35412170505666,DRY,HISTORICAL,HISTORICAL,Historical data
2023-01-10T00:00:00,Nagaon,26.15,92.72,20.789142382813914,17.40825042173429,82.84404801829687,20.206734103965125,DRY,HISTORICAL,HISTORICAL,Historical data
2023-01-10T00:00:00,Lumding,25.28,92.84,25.486826384093725,18.34576330443301,93.0478302610671,21.276846082284536,DRY,HISTORICAL,HISTORICAL,Historical data
2023-01-10T00:00:00,Silchar,24.82,92.8,22.632238265693903,21.99749211621396,92.17692485818776,13.565750009478592,DRY,HISTORICAL,HISTORICAL,Historical data
2023-01-11T00:00:00,Guwahati,26.18,91.75,16.08095998998758,18.119549360011412,83.17629622614915,22.83318232666088,DRY,HISTORICAL,HISTORICAL,Historical data
2023-01-11T00:00:00,Nagaon,26.15,92.72,29.508329347203365,17.859682668237394,75.71166705068369,27.53473916146331,DRY,HISTORICAL,HISTORICAL,Historical data
2023-01-11T00:00:00,Lumding,25.28,92.84,39.2936477677432,23.09838719183826,68.36394597748402,17.034164521809995,DRY,HISTORICAL,HISTORICAL,Historical data
2023-01-11T00:00:00,Silchar,24.82,92.8,21.735243158772292,23.119200053709626,76.63712067207385,17.419040747633694,DRY,HISTORICAL,HISTORICAL,Historical data
2023-01-12T00:00:00,Guwahati,26.18,91.75,6.086139960150586,18.98855470946242,69.07588271853938,17.60961487847312,DRY,HISTORICAL,HISTORICAL,Historical data
2023-01-12T00:00:00,Nagaon,26.15,92.72,8.333406400322719,21.780176411798106,86.18644152142676,9.229543302029228,DRY,HISTORICAL,HISTORICAL,Historical data
2023-01-12T00:00:00,Lumding,25.28,92.84,19.051609579385676,19.947524572615784,91.83161408920236,10.194570834255629,DRY,HISTORICAL,HISTORICAL,Historical data
2023-01-12T00:00:00,Silchar,24.82,92.8,24.01516664565724,18.66044518986548,82.00198775936296,15.658503320189244,DRY,HISTORICAL,HISTORICAL,Historical data
2023-01-13T00:00:00,Guwahati,26.18,91.75,14.089748371566445,23.37763091837591,67.34697722595509,15.369255601871295,DRY,HISTORICAL,HISTORICAL,Historical data
2023-01-13T00:00:00,Nagaon,26.15,92.72,0.2620823287251923,22.53052784718763,93.38875223831597,19.52021931622865,DRY,HISTORICAL,HISTORICAL,Historical data
2023-01-13T00:00:00,Lumding,25.28,92.84,27.769211563761612,15.389996000987086,72.16044054985622,14.373369890724673,DRY,HISTORICAL,HISTORICAL,Historical data
2023-01-13T00:00:00,Silchar,24.82,92.8,23.505819809092493,20.913386020311055,76.76470109153024,11.539348047021669,DRY,HISTORICAL,HISTORICAL,Historical data
2023-01-14T00:00:00,Guwahati,26.18,91.75,17.393159607491295,17.732611405996607,67.95014073347434,18.84488864555622,DRY,HISTORICAL,HISTORICAL,Historical data
2023-01-14T00:00:00,Nagaon,26.15,92.72,16.37072092951226,22.104859174894376,94.93087691404575,27.796866786963424,DRY,HISTORICAL,HISTORICAL,Historical data
2023-01-14T00:00:00,Lumding,25.28,92.84,38.88495860054788,22.665503628427654,68.77419312872355,25.745495811047224,DRY,HISTORICAL,HISTORICAL,Historical data
2023-01-14T00:00:00,Silchar,24.82,92.8,22.609030443876335,22.47649411953759,73.18530448174101,16.90012058028189,DRY,HISTORICAL,HISTORICAL,Historical data
2023-01-15T00:00:00,Guwahati,26.18,91.75,20.707631200803835,19.51586731740713,69.22615992025135,14.840921342837367,DRY,HISTORICAL,HISTORICAL,Historical data
2023-01-15T00:00:00,Nagaon,26.15,92.72,22.72098841218452,20.24959925838896,71.38469973567192,22.29619712109745,DRY,HISTORICAL,HISTORICAL,Historical data
2023-01-15T00:00:00,Lumding,25.28,92.84,18.917258959563014,14.847276778306952,75.31805816474659,21.598351434565657,DRY,HISTORICAL,HISTORICAL,Historical data
2023-01-15T00:00:00,Silchar,24.82,92.8,26.32220508924118,18.598146959791052,83.33075325538933,9.244099076928283,DRY,HISTORICAL,HISTORICAL,Historical data
2023-01-16T00:00:00,Guwahati,26.18,91.75,0.0,18.56600393221288,86.96930584929741,16.973224493738936,DRY,HISTORICAL,HISTORICAL,Historical data
2023-01-16T00:00:00,Nagaon,26.15,92.72,10.425328148132879,19.874966152938434,85.11841869427795,22.371346465453982,DRY,HISTORICAL,HISTORICAL,Historical data
2023-01-16T00:00:00,Lumding,25.28,92.84,37.181303904420645,22.8347151798799,69.08361544029773,26.10166321750456,DRY,HISTORICAL,HISTORICAL,Historical data
2023-01-16T00:00:00,Silchar,24.82,92.8,32.13890488458289,22.20659286490983,88.26064908595505,18.269835424758984,DRY,HISTORICAL,HISTORICAL,Historical data
2023-01-17T00:00:00,Guwahati,26.18,91.75,18.30300404226376,19.698229982390178,89.1929004698382,24.292395430763726,DRY,HISTORICAL,HISTORICAL,Historical data
2023-01-17T00:00:00,Nagaon,26.15,92.72,4.910634371368696,17.63687610998441,94.91805708100851,20.399271608597836,DRY,HISTORICAL,HISTORICAL,Historical data
2023-01-17T00:00:00,Lumding,25.28,92.84,32.40802050385756,19.76336836652995,94.80996241770475,25.045325715879002,DRY,HISTORICAL,HISTORICAL,Historical data
2023-01-17T00:00:00,Silchar,24.82,92.8,36.96935852538963,19.401717082890357,66.69000929698791,21.738930006549534,DRY,HISTORICAL,HISTORICAL,Historical data
2023-01-18T00:00:00,Guwahati,26.18,91.75,17.54083575432933,20.596390612314703,81.38931729537718,15.821413960637376,DRY,HISTORICAL,HISTORICAL,Historical data
2023-01-18T00:00:00,Nagaon,26.15,92.72,30.20048603150925,20.350312278971998,85.322435991058,12.312471279764793,DRY,HISTORICAL,HISTORICAL,Historical data
2023-01-18T00:00:00,Lumding,25.28,92.84,2.812713829561467,21.106891702437835,90.48659514714578,10.084828183507081,DRY,HISTORICAL,HISTORICAL,Historical data
2023-01-18T00:00:00,Silchar,24.82,92.8,28.609877728341097,19.62466397136433,66.75087714077304,15.792730449242615,DRY,HISTORICAL,HISTORICAL,Historical data
2023-01-19T00:00:00,Guwahati,26.18,91.75,8.529607125363365,23.802473283069396,72.52716572805878,25.314993322201058,DRY,HISTORICAL,HISTORICAL,Historical data
2023-01-19T00:00:00,Nagaon,26.15,92.72,43.75207042501291,19.150951459662586,72.66277282424365,22.840785788452006,DRY,HISTORICAL,HISTORICAL,Historical data
2023-01-19T00:00:00,Lumding,25.28,92.84,29.717448388395212,16.693264732971517,66.97344940536492,17.329828894405964,DRY,HISTORICAL,HISTORICAL,Historical data
2023-01-19T00:00:00,Silchar,24.82,92.8,31.968304088242913,20.651347643934592,66.34210873147265,19.99300054957806,DRY,HISTORICAL,HISTORICAL,Historical data
2023-01-20T00:00:00,Guwahati,26.18,91.75,19.95858451779103,23.992220519678412,83.29686972333013,21.77161854755455,DRY,HISTORICAL,HISTORICAL,Historical data
2023-01-20T00:00:00,Nagaon,26.15,92.72,8.368625297564641,21.13038335581903,77.92488014321701,17.863855808836096,DRY,HISTORICAL,HISTORICAL,Historical data
2023-01-20T00:00:00,Lumding,25.28,92.84,47.6790752317596,20.62671616457923,71.47794027702759,21.02516751865358,DRY,HISTORICAL,HISTORICAL,Historical data
2023-01-20T00:00:00,Silchar,24.82,92.8,23.71099193397212,21.792370571985675,65.20137935775296,9.774684347989913,DRY,HISTORICAL,HISTORICAL,Historical data
2023-01-21T00:00:00,Guwahati,26.18,91.75,24.454933286422808,20.999639324506727,67.38676195102074,8.852708413681452,DRY,HISTORICAL,HISTORICAL,Historical data
2023-01-21T00:00:00,Nagaon,26.15,92.72,20.240901685266312,23.219020027056786,77.71123736384685,24.258227832562838,DRY,HISTORICAL,HISTORICAL,Historical data
2023-01-21T00:00:00,Lumding,25.28,92.84,36.82381014939658,19.877305379643314,72.17209477889647,17.60346522358435,DRY,HISTORICAL,HISTORICAL,Historical data
2023-01-21T00:00:00,Silchar,24.82,92.8,30.899249287644412,23.552638256435262,67.05663348672613,29.786898241369162,DRY,HISTORICAL,HISTORICAL,Historical data
2023-01-22T00:00:00,Guwahati,26.18,91.75,11.425701548811523,19.495289532893768,69.90754522589177,26.777803309468634,DRY,HISTORICAL,HISTORICAL,Historical data
2023-01-22T00:00:00,Nagaon,26.15,92.72,7.512183365074021,18.613736783019736,67.20678615332461,22.992399370682563,DRY,HISTORICAL,HISTORICAL,Historical data
2023-01-22T00:00:00,Lumding,25.28,92.84,33.69925246114035,22.18415219649044,73.98228873556285,8.095403035899553,DRY,HISTORICAL,HISTORICAL,Historical data
2023-01-22T00:00:00,Silchar,24.82,92.8,38.53869778344653,21.494188839706318,66.46871341070333,17.749094538160595,DRY,HISTORICAL,HISTORICAL,Historical data
2023-01-23T00:00:00,Guwahati,26.18,91.75,4.665323778391919,21.42733091535634,65.99822630436556,28.92851500587591,DRY,HISTORICAL,HISTORICAL,Historical data
2023-01-23T00:00:00,Nagaon,26.15,92.72,10.758234955880036,16.88736915243029,79.39335728689117,11.077952211168277,DRY,HISTORICAL,HISTORICAL,Historical data
2023-01-23T00:00:00,Lumding,25.28,92.84,26.757025756321806,24.490201806090788,84.35230819557962,28.90130811125652,DRY,HISTORICAL,HISTORICAL,Historical data
2023-01-23T00:00:00,Silchar,24.82,92.8,17.013493241016242,23.661079044279404,76.77124535056991,10.549425516891976,DRY,HISTORICAL,HISTORICAL,Historical data
2023-01-24T00:00:00,Guwahati,26.18,91.75,32.50254046517875,19.45376335621335,70.88645654599574,12.44022258466765,DRY,HISTORICAL,HISTORICAL,Historical data
2023-01-24T00:00:00,Nagaon,26.15,92.72,31.784009713700165,19.0839425490623,69.49423267363582,29.830892060016485,DRY,HISTORICAL,HISTORICAL,Historical data
2023-01-24T00:00:00,Lumding,25.28,92.84,25.558961163829434,21.735125450616792,84.08690069211973,15.410684819697773,DRY,HISTORICAL,HISTORICAL,Historical data
2023-01-24T00:00:00,Silchar,24.82,92.8,32.86670428390771,20.549807583274443,94.63900274127808,24.94860425380629,DRY,HISTORICAL,HISTORICAL,Historical data
2023-01-25T00:00:00,Guwahati,26.18,91.75,16.812433938014856,19.83869065127656,85.30772614041943,20.73197500893258,DRY,HISTORICAL,HISTORICAL,Historical data
2023-01-25T00:00:00,Nagaon,26.15,92.72,17.756564449099887,22.083960586813294,91.65605256561702,21.054591981704437,DRY,HISTORICAL,HISTORICAL,Historical data
2023-01-25T00:00:00,Lumding,25.28,92.84,25.09311958602805,21.30990303973903,68.01705712902361,10.984388879481138,DRY,HISTORICAL,HISTORICAL,Historical data
2023-01-25T00:00:00,Silchar,24.82,92.8,35.640467803529496,27.015608511280004,67.67423147785773,22.98918901139725,DRY,HISTORICAL,HISTORICAL,Historical data
2023-01-26T00:00:00,Guwahati,26.18,91.75,15.669595978529179,21.284371762009474,78.80917077177465,22.4136923035495,DRY,HISTORICAL,HISTORICAL,Historical data
2023-01-26T00:00:00,Nagaon,26.15,92.72,5.434761989915113,22.31754694574151,87.30211297317442,9.96025590513747,DRY,HISTORICAL,HISTORICAL,Historical data
2023-01-26T00:00:00,Lumding,25.28,92.84,21.61898462741831,20.849277490216576,65.09196755954976,25.921459630698106,DRY,HISTORICAL,HISTORICAL,Historical data
2023-01-26T00:00:00,Silchar,24.82,92.8,28.768020340844867,17.368722359287666,72.68097065111635,26.457676177696275,DRY,HISTORICAL,HISTORICAL,Historical data
2023-01-27T00:00:00,Guwahati,26.18,91.75,20.236957834888457,21.75973502674392,81.35022643613839,17.44436190205288,DRY,HISTORICAL,HISTORICAL,Historical data
2023-01-27T00:00:00,Nagaon,26.15,92.72,4.109227739578829,20.278970334520427,79.09037216499742,23.630872342520544,DRY,HISTORICAL,HISTORICAL,Historical data
2023-01-27T00:00:00,Lumding,25.28,92.84,14.038418500402567,16.68068231803483,89.67209637733392,27.056239466170723,DRY,HISTORICAL,HISTORICAL,Historical data
2023-01-27T00:00:00,Silchar,24.82,92.8,34.14233925027146,21.883100513284173,70.66541007621153,20.649597973865696,DRY,HISTORICAL,HISTORICAL,Historical data
2023-01-28T00:00:00,Guwahati,26.18,91.75,13.494833431309466,19.17761909081567,85.22488982159328,20.684573059926908,DRY,HISTORICAL,HISTORICAL,Historical data
2023-01-28T00:00:00,Nagaon,26.15,92.72,24.323600988064,22.30817080167546,88.69475714848379,15.774197922443047,DRY,HISTORICAL,HISTORICAL,Historical data
2023-01-28T00:00:00,Lumding,25.28,92.84,20.73960825503669,19.392750751747673,92.00292295274205,25.504329733344825,DRY,HISTORICAL,HISTORICAL,Historical data
2023-01-28T00:00:00,Silchar,24.82,92.8,40.808302965297834,20.54273047801276,79.20469211095764,15.489433735477736,DRY,HISTORICAL,HISTORICAL,Historical data
2023-01-29T00:00:00,Guwahati,26.18,91.75,26.993250081550887,16.524123743654513,91.86082315420406,19.846625676421812,DRY,HISTORICAL,HISTORICAL,Historical data
2023-01-29T00:00:00,Nagaon,26.15,92.72,22.52196569708899,21.185813016039912,88.33730424043632,29.34280846575178,DRY,HISTORICAL,HISTORICAL,Historical data
2023-01-29T00:00:00,Lumding,25.28,92.84,14.302992344107064,21.413841593931018,69.07508216975577,26.31921123121551,DRY,HISTORICAL,HISTORICAL,Historical data
2023-01-29T00:00:00,Silchar,24.82,92.8,19.55961986924965,19.6477868888149,87.03113469903246,10.43373377312031,DRY,HISTORICAL,HISTORICAL,Historical data
2023-01-30T00:00:00,Guwahati,26.18,91.75,0.19590431916909168,20.43422687000247,79.80332045159501,11.364759150870174,DRY,HISTORICAL,HISTORICAL,Historical data
2023-01-30T00:00:00,Nagaon,26.15,92.72,22.033722425974815,19.45454159587408,87.83833688978716,26.367239108243297,DRY,HISTORICAL,HISTORICAL,Historical data
2023-01-30T00:00:00,Lumding,25.28,92.84,25.711067974821063,19.880714854331153,65.7647510590941,29.62686757056411,DRY,HISTORICAL,HISTORICAL,Historical data
2023-01-30T00:00:00,Silchar,24.82,92.8,41.12982615189959,19.111741365297828,71.33228575475886,10.455116964022817,DRY,HISTORICAL,HISTORICAL,Historical data
2023-01-31T00:00:00,Guwahati,26.18,91.75,8.28751181805061,21.91309074924049,77.3553409006243,10.209372408611939,DRY,HISTORICAL,HISTORICAL,Historical data
2023-01-31T00:00:00,Nagaon,26.15,92.72,11.809808505492631,20.291245985252612,87.06083961532087,26.453748675668884,DRY,HISTORICAL,HISTORICAL,Historical data
2023-01-31T00:00:00,Lumding,25.28,92.84,41.8642543904203,21.1945685747575,65.28869505051013,16.66328068877363,DRY,HISTORICAL,HISTORICAL,Historical data
2023-01-31T00:00:00,Silchar,24.82,92.8,31.99726871697838,21.659953010071764,75.96378475230352,20.76169471691657,DRY,HISTORICAL,HISTORICAL,Historical data
2023-02-01T00:00:00,Guwahati,26.18,91.75,20.924740613644744,20.804261333940893,93.86073808217881,10.17729407336522,DRY,HISTORICAL,HISTORICAL,Historical data
2023-02-01T00:00:00,Nagaon,26.15,92.72,14.290317697968941,16.75868866344313,93.56995548552497,22.388950429725828,DRY,HISTORICAL,HISTORICAL,Historical data
2023-02-01T00:00:00,Lumding,25.28,92.84,28.015733986703488,20.645299568362606,93.70514472312965,23.42372390996819,DRY,HISTORICAL,HISTORICAL,Historical data
2023-02-01T00:00:00,Silchar,24.82,92.8,40.12588992723818,19.23896551989694,70.97926310646065,8.948115377403386,DRY,HISTORICAL,HISTORICAL,Historical data
2023-02-02T00:00:00,Guwahati,26.18,91.75,8.380932244542699,20.17373153510386,92.6796816071301,22.495168586373385,DRY,HISTORICAL,HISTORICAL,Historical data
2023-02-02T00:00:00,Nagaon,26.15,92.72,30.181448059747968,19.914183903648382,73.9604596717321,23.50069446110087,DRY,HISTORICAL,HISTORICAL,Historical data
2023-02-02T00:00:00,Lumding,25.28,92.84,20.50473531313658,24.497663737419735,66.11164678025466,24.67742338721007,DRY,HISTORICAL,HISTORICAL,Historical data
2023-02-02T00:00:00,Silchar,24.82,92.8,30.222971624455457,19.104147352782466,73.83750132202546,8.653474851154597,DRY,HISTORICAL,HISTORICAL,Historical data
2023-02-03T00:00:00,Guwahati,26.18,91.75,15.880274512936364,19.901361979056826,90.99068837515762,29.328813653422305,DRY,HISTORICAL,HISTORICAL,Historical data
2023-02-03T00:00:00,Nagaon,26.15,92.72,0.0,18.9472671984442,72.1366947937598,19.66218020661841,DRY,HISTORICAL,HISTORICAL,Historical data
2023-02-03T00:00:00,Lumding,25.28,92.84,22.207694074721324,17.980042056539567,73.24514200285681,9.553736292160147,DRY,HISTORICAL,HISTORICAL,Historical data
2023-02-03T00:00:00,Silchar,24.82,92.8,31.75812200470315,21.236486422080006,87.00446264702259,26.834868167234863,DRY,HISTORICAL,HISTORICAL,Historical data
2023-02-04T00:00:00,Guwahati,26.18,91.75,14.932679472436513,19.80887885093052,85.99577188995858,25.161237784349034,DRY,HISTORICAL,HISTORICAL,Historical data
2023-02-04T00:00:00,Nagaon,26.15,92.72,32.85394987494669,19.26456244306219,89.25515527075648,21.223021609256534,DRY,HISTORICAL,HISTORICAL,Historical data
2023-02-04T00:00:00,Lumding,25.28,92.84,30.291879073325095,22.973654701558146,76.08372979628507,20.279691654060745,DRY,HISTORICAL,HISTORICAL,Historical data
2023-02-04T00:00:00,Silchar,24.82,92.8,45.5695618253983,20.39193773065874,89.3280449072543,27.236151353071868,DRY,HISTORICAL,HISTORICAL,Historical data
2023-02-05T00:00:00,Guwahati,26.18,91.75,16.413336506151122,22.113120032974102,72.75000484927628,25.392176145491852,DRY,HISTORICAL,HISTORICAL,Historical data
2023-02-05T00:00:00,Nagaon,26.15,92.72,20.74351578051235,23.669017506303298,79.56480172218753,28.346418222515837,DRY,HISTORICAL,HISTORICAL,Historical data
2023-02-05T00:00:00,Lumding,25.28,92.84,19.276328628359842,22.362168020755934,82.72912711905889,15.82028986818569,DRY,HISTORICAL,HISTORICAL,Historical data
2023-02-05T00:00:00,Silchar,24.82,92.8,38.24879376173278,19.63183399446813,74.72771059258825,27.699009960139602,DRY,HISTORICAL,HISTORICAL,Historical data
2023-02-06T00:00:00,Guwahati,26.18,91.75,13.891216893294388,20.012065467979717,83.69076844979304,19.592268835227465,DRY,HISTORICAL,HISTORICAL,Historical data
2023-02-06T00:00:00,Nagaon,26.15,92.72,6.343586995697624,20.05224642380566,81.13105307522996,27.913316031165344,DRY,HISTORICAL,HISTORICAL,Historical data
2023-02-06T00:00:00,Lumding,25.28,92.84,31.951724887974212,18.722474847825904,79.57998886157208,12.10235887482968,DRY,HISTORICAL,HISTORICAL,Historical data
2023-02-06T00:00:00,Silchar,24.82,92.8,33.253951810463306,19.63806760107363,82.51276329825889,19.05492605009998,DRY,HISTORICAL,HISTORICAL,Historical data
2023-02-07T00:00:00,Guwahati,26.18,91.75,17.29417210828621,21.24915939528488,84.6472355696973,20.679927353101174,DRY,HISTORICAL,HISTORICAL,Historical data
2023-02-07T00:00:00,Nagaon,26.15,92.72,32.14497016410061,17.530286064919935,66.77492695312198,16.01149230154678,DRY,HISTORICAL,HISTORICAL,Historical data
2023-02-07T00:00:00,Lumding,25.28,92.84,16.728852717423543,20.71913243529679,88.71843236999212,15.44731612365663,DRY,HISTORICAL,HISTORICAL,Historical data
2023-02-07T00:00:00,Silchar,24.82,92.8,38.66153020507069,17.89315493679087,74.43844629992641,23.137880893677995,DRY,HISTORICAL,HISTORICAL,Historical data
2023-02-08T00:00:00,Guwahati,26.18,91.75,14.779116570818001,21.04937441755136,86.88562977332687,8.554994378581279,DRY,HISTORICAL,HISTORICAL,Historical data
2023-02-08T00:00:00,Nagaon,26.15,92.72,9.284521836275982,20.735451404388044,68.23338852273962,13.140981817463354,DRY,HISTORICAL,HISTORICAL,Historical data
2023-02-08T00:00:00,Lumding,25.28,92.84,24.866742092784865,21.637523499587925,88.60152187819928,8.711213751666577,DRY,HISTORICAL,HISTORICAL,Historical data
2023-02-08T00:00:00,Silchar,24.82,92.8,17.763107784886863,24.120081265128878,81.54822300551318,14.096479739212404,DRY,HISTORICAL,HISTORICAL,Historical data
2023-02-09T00:00:00,Guwahati,26.18,91.75,4.321058466717368,22.366453712220125,92.07747105852918,29.047663132333113,DRY,HISTORICAL,HISTORICAL,Historical data
2023-02-09T00:00:00,Nagaon,26.15,92.72,19.998752086776726,18.42639705173155,79.14169136948554,19.044244301011062,DRY,HISTORICAL,HISTORICAL,Historical data
2023-02-09T00:00:00,Lumding,25.28,92.84,20.67278450121147,19.290879413250313,71.7826934541989,10.359186362637752,DRY,HISTORICAL,HISTORICAL,Historical data
2023-02-09T00:00:00,Silchar,24.82,92.8,56.79251295639211,19.33553328769631,68.80929775112882,28.692190496722702,DRY,HISTORICAL,HISTORICAL,Historical data
2023-02-10T00:00:00,Guwahati,26.18,91.75,42.766352551554185,22.328915700396873,85.05218370462921,10.720480343948138,DRY,HISTORICAL,HISTORICAL,Historical data
2023-02-10T00:00:00,Nagaon,26.15,92.72,12.091793893500252,19.546986692349122,65.24440873567283,10.783867087091561,DRY,HISTORICAL,HISTORICAL,Historical data
2023-02-10T00:00:00,Lumding,25.28,92.84,19.05711173292726,17.288758457566335,78.16049909288392,22.08296977408665,DRY,HISTORICAL,HISTORICAL,Historical data
2023-02-10T00:00:00,Silchar,24.82,92.8,11.013438900563418,17.680340199273218,70.2283425078343,19.426360339810614,DRY,HISTORICAL,HISTORICAL,Historical data
2023-02-11T00:00:00,Guwahati,26.18,91.75,5.581237776489953,18.646762781012455,71.30272905881284,27.19262135974039,DRY,HISTORICAL,HISTORICAL,Historical data
2023-02-11T00:00:00,Nagaon,26.15,92.72,31.74105555554269,17.412534683789644,88.65638087531919,16.508708174251456,DRY,HISTORICAL,HISTORICAL,Historical data
2023-02-11T00:00:00,Lumding,25.28,92.84,23.1672106683927,21.017471252899227,78.7865620006211,15.396913666670091,DRY,HISTORICAL,HISTORICAL,Historical data
2023-02-11T00:00:00,Silchar,24.82,92.8,30.736984849192222,23.64314039739646,76.27479624768444,13.871374249625244,DRY,HISTORICAL,HISTORICAL,Historical data
2023-02-12T00:00:00,Guwahati,26.18,91.75,6.9110605328493655,16.87093887477424,66.20713559382874,25.539313432612445,DRY,HISTORICAL,HISTORICAL,Historical data
2023-02-12T00:00:00,Nagaon,26.15,92.72,20.729719988164085,18.557462534655865,81.61255130185951,21.941297477441573,DRY,HISTORICAL,HISTORICAL,Historical data
2023-02-12T00:00:00,Lumding,25.28,92.84,38.23388832227944,19.165696678530104,72.38057710494775,21.16579054797907,DRY,HISTORICAL,HISTORICAL,Historical data
2023-02-12T00:00:00,Silchar,24.82,92.8,34.43016450078028,19.775773230515842,94.8204051825529,24.66624765224255,DRY,HISTORICAL,HISTORICAL,Historical data
2023-02-13T00:00:00,Guwahati,26.18,91.75,11.185458319886473,17.61281102435073,71.62078059285652,23.597934923797073,DRY,HISTORICAL,HISTORICAL,Historical data
2023-02-13T00:00:00,Nagaon,26.15,92.72,4.815945005554189,20.612510766264183,92.16835223946069,20.764847914159905,DRY,HISTORICAL,HISTORICAL,Historical data
2023-02-13T00:00:00,Lumding,25.28,92.84,26.948769435048533,20.40848734565653,85.52500180764292,28.92061000254093,DRY,HISTORICAL,HISTORICAL,Historical data
2023-02-13T00:00:00,Silchar,24.82,92.8,11.941490893034064,19.66207098544406,72.4724946191466,23.364489003424936,DRY,HISTORICAL,HISTORICAL,Historical data
2023-02-14T00:00:00,Guwahati,26.18,91.75,16.77106875467719,21.34515716077594,78.08679530009147,13.42483444131695,DRY,HISTORICAL,HISTORICAL,Historical data
2023-02-14T00:00:00,Nagaon,26.15,92.72,12.70506528207087,22.683006591503347,70.98168276751149,20.634699214242616,DRY,HISTORICAL,HISTORICAL,Historical data
2023-02-14T00:00:00,Lumding,25.28,92.84,28.52112972052285,23.015201195384726,74.14747336087827,29.035728903423934,DRY,HISTORICAL,HISTORICAL,Historical data
2023-02-14T00:00:00,Silchar,24.82,92.8,28.247782563474466,21.012582346052742,66.99513205014698,25.595233548387835,DRY,HISTORICAL,HISTORICAL,Historical data
2023-02-15T00:00:00,Guwahati,26.18,91.75,19.386637177594796,19.326592223002805,73.81074755022031,20.234564331363988,DRY,HISTORICAL,HISTORICAL,Historical data
2023-02-15T00:00:00,Nagaon,26.15,92.72,41.06614773820827,21.26226112680452,73.76700681041183,9.21085897951425,DRY,HISTORICAL,HISTORICAL,Historical data
2023-02-15T00:00:00,Lumding,25.28,92.84,29.15686303631691,16.43247259430897,77.29363008069264,10.608738677416266,DRY,HISTORICAL,HISTORICAL,Historical data
2023-02-15T00:00:00,Silchar,24.82,92.8,24.639176391065185,21.227430143890434,85.21041013667055,19.259824086584164,DRY,HISTORICAL,HISTORICAL,Historical data
2023-02-16T00:00:00,Guwahati,26.18,91.75,0.0,18.874885742627246,89.44477142396492,10.852212667063133,DRY,HISTORICAL,HISTORICAL,Historical data
2023-02-16T00:00:00,Nagaon,26.15,92.72,17.24608196658173,15.986768044420549,90.98399668386905,24.812915135227737,DRY,HISTORICAL,HISTORICAL,Historical data
2023-02-16T00:00:00,Lumding,25.28,92.84,18.931323418418362,20.622292034869975,78.14957984165375,20.21356845120621,DRY,HISTORICAL,HISTORICAL,Historical data
2023-02-16T00:00:00,Silchar,24.82,92.8,34.409381474110084,19.555136568939393,79.46491593419599,9.219093982203962,DRY,HISTORICAL,HISTORICAL,Historical data
2023-02-17T00:00:00,Guwahati,26.18,91.75,31.672594454340658,17.270039189475387,69.62329278749658,18.819121894321867,DRY,HISTORICAL,HISTORICAL,Historical data
2023-02-17T00:00:00,Nagaon,26.15,92.72,30.25145976313155,17.52769694308972,83.87550196755079,14.94956024379008,DRY,HISTORICAL,HISTORICAL,Historical data
2023-02-17T00:00:00,Lumding,25.28,92.84,19.8546249254435,21.412466058668773,90.84856540475295,19.610058517383056,DRY,HISTORICAL,HISTORICAL,Historical data
2023-02-17T00:00:00,Silchar,24.82,92.8,23.399069566739755,17.56406475080491,88.78676053894905,11.096861950956058,DRY,HISTORICAL,HISTORICAL,Historical data
2023-02-18T00:00:00,Guwahati,26.18,91.75,23.143375699384855,21.23232948500411,75.68987766288586,28.069107644614704,DRY,HISTORICAL,HISTORICAL,Historical data
2023-02-18T00:00:00,Nagaon,26.15,92.72,17.886795871799112,19.05485957752493,84.34937600087322,26.48747663614573,DRY,HISTORICAL,HISTORICAL,Historical data
2023-02-18T00:00:00,Lumding,25.28,92.84,19.286559178539434,23.5381878986117,73.15261303970695,16.843048290568415,DRY,HISTORICAL,HISTORICAL,Historical data
2023-02-18T00:00:00,Silchar,24.82,92.8,12.92679565280422,20.710079605492684,90.69766102945226,28.158175243019173,DRY,HISTORICAL,HISTORICAL,Historical data
2023-02-19T00:00:00,Guwahati,26.18,91.75,8.842958161226546,18.53599660004914,71.71190986667287,25.098231767791688,DRY,HISTORICAL,HISTORICAL,Historical data
2023-02-19T00:00:00,Nagaon,26.15,92.72,29.65329047232557,17.705360449642978,69.49597540242571,12.217375741387661,DRY,HISTORICAL,HISTORICAL,Historical data
2023-02-19T00:00:00,Lumding,25.28,92.84,11.835479041334855,17.606570177651772,68.95896206413148,29.46550370372328,DRY,HISTORICAL,HISTORICAL,Historical data
2023-02-19T00:00:00,Silchar,24.82,92.8,28.423655660817918,20.809790286783485,84.26908922873945,25.157521585870448,DRY,HISTORICAL,HISTORICAL,Historical data
2023-02-20T00:00:00,Guwahati,26.18,91.75,11.991468294639644,17.352202401326966,85.16959619627761,26.252973685635627,DRY,HISTORICAL,HISTORICAL,Historical data
2023-02-20T00:00:00,Nagaon,26.15,92.72,31.05779141916362,21.56672996820757,86.59903525619158,15.793370429668272,DRY,HISTORICAL,HISTORICAL,Historical data
2023-02-20T00:00:00,Lumding,25.28,92.84,22.4494573007619,21.39295481405671,77.31356804766926,20.30504529757125,DRY,HISTORICAL,HISTORICAL,Historical data
2023-02-20T00:00:00,Silchar,24.82,92.8,45.45177244066143,21.46204858756353,66.62350051353943,15.434425138743727,DRY,HISTORICAL,HISTORICAL,Historical data
2023-02-21T00:00:00,Guwahati,26.18,91.75,13.370680078872612,18.906736365338013,94.33864550392768,12.386927822211712,DRY,HISTORICAL,HISTORICAL,Historical data
2023-02-21T00:00:00,Nagaon,26.15,92.72,20.239870580693953,19.942401491864437,79.87640055483153,26.41325576473901,DRY,HISTORICAL,HISTORICAL,Historical data
2023-02-21T00:00:00,Lumding,25.28,92.84,43.594560233864925,20.585730808606506,85.72332631850857,9.182105900033385,DRY,HISTORICAL,HISTORICAL,Historical data
2023-02-21T00:00:00,Silchar,24.82,92.8,10.174222946838292,22.446922525749542,88.99615085285821,27.548169885999876,DRY,HISTORICAL,HISTORICAL,Historical data
2023-02-22T00:00:00,Guwahati,26.18,91.75,25.321120658162837,19.41464736016669,89.85121500618932,13.309130090743457,DRY,HISTORICAL,HISTORICAL,Historical data
2023-02-22T00:00:00,Nagaon,26.15,92.72,0.0,23.00143669704231,69.96771784215403,14.328926607395509,DRY,HISTORICAL,HISTORICAL,Historical data
2023-02-22T00:00:00,Lumding,25.28,92.84,36.41273952285753,16.930192771203245,85.00915517974393,13.943306933147205,DRY,HISTORICAL,HISTORICAL,Historical data
2023-02-22T00:00:00,Silchar,24.82,92.8,36.73580277228418,21.480462965747385,90.94085458981678,26.663709487062388,DRY,HISTORICAL,HISTORICAL,Historical data
2023-02-23T00:00:00,Guwahati,26.18,91.75,31.277374069483745,17.93758865535429,85.75567139610132,22.310975178348073,DRY,HISTORICAL,HISTORICAL,Historical data
2023-02-23T00:00:00,Nagaon,26.15,92.72,9.318503381113564,19.60162150609514,69.90299416587025,10.887412077122383,DRY,HISTORICAL,HISTORICAL,Historical data
2023-02-23T00:00:00,Lumding,25.28,92.84,12.673410294794333,18.85944263783876,80.10220621012992,28.101250344091397,DRY,HISTORICAL,HISTORICAL,Historical data
2023-02-23T00:00:00,Silchar,24.82,92.8,46.968526564372155,20.19457369617761,94.89688547905155,18.99168108574686,DRY,HISTORICAL,HISTORICAL,Historical data
2023-02-24T00:00:00,Guwahati,26.18,91.75,13.128180188035511,22.18199293200347,78.05666093444712,26.848614416502112,DRY,HISTORICAL,HISTORICAL,Historical data
2023-02-24T00:00:00,Nagaon,26.15,92.72,0.0,16.755718144760777,66.08006548482815,19.87673813821659,DRY,HISTORICAL,HISTORICAL,Historical data
2023-02-24T00:00:00,Lumding,25.28,92.84,3.836270226892399,16.299321946369858,73.10513457930357,24.712388165419174,DRY,HISTORICAL,HISTORICAL,Historical data
2023-02-24T00:00:00,Silchar,24.82,92.8,35.79216087619231,20.872461223413293,83.90847841238806,13.390136991959976,DRY,HISTORICAL,HISTORICAL,Historical data
2023-02-25T00:00:00,Guwahati,26.18,91.75,21.064683904917132,20.624971105004317,65.45551762841893,11.956467578246889,DRY,HISTORICAL,HISTORICAL,Historical data
2023-02-25T00:00:00,Nagaon,26.15,92.72,16.201118103622,20.682675248114567,81.18311522306726,25.955325642809644,DRY,HISTORICAL,HISTORICAL,Historical data
2023-02-25T00:00:00,Lumding,25.28,92.84,35.301240607959116,20.25528553296579,72.10293861427638,9.88884541550194,DRY,HISTORICAL,HISTORICAL,Historical data
2023-02-25T00:00:00,Silchar,24.82,92.8,24.51368651077543,22.287512687390155,68.90026641894403,24.165602821437165,DRY,HISTORICAL,HISTORICAL,Historical data
2023-02-26T00:00:00,Guwahati,26.18,91.75,0.0,17.719876051720814,75.7442413249739,13.036032643138654,DRY,HISTORICAL,HISTORICAL,Historical data
2023-02-26T00:00:00,Nagaon,26.15,92.72,15.021962197126136,22.119285275356003,69.0885607076481,11.70728127398901,DRY,HISTORICAL,HISTORICAL,Historical data
2023-02-26T00:00:00,Lumding,25.28,92.84,37.72578314365185,19.519417403714804,80.04863835424219,19.26466398908091,DRY,HISTORICAL,HISTORICAL,Historical data
2023-02-26T00:00:00,Silchar,24.82,92.8,28.103209101140724,21.84928813070459,68.96983894463624,12.923879172940678,DRY,HISTORICAL,HISTORICAL,Historical data
2023-02-27T00:00:00,Guwahati,26.18,91.75,14.898289972511561,20.28394767433071,93.9711801355863,16.81667596049901,DRY,HISTORICAL,HISTORICAL,Historical data
2023-02-27T00:00:00,Nagaon,26.15,92.72,15.075851787217797,20.977783511370966,93.60326884418392,23.887818087354447,DRY,HISTORICAL,HISTORICAL,Historical data
2023-02-27T00:00:00,Lumding,25.28,92.84,26.89471189775039,17.689118510922462,86.71646445035198,14.639557273618946,DRY,HISTORICAL,HISTORICAL,Historical data
2023-02-27T00:00:00,Silchar,24.82,92.8,27.773737327341866,20.47534466570962,67.52860185716226,21.813543176062986,DRY,HISTORICAL,HISTORICAL,Historical data
2023-02-28T00:00:00,Guwahati,26.18,91.75,22.21020347343874,18.39184442473259,78.63494891150084,24.734589439006083,DRY,HISTORICAL,HISTORICAL,Historical data
2023-02-28T00:00:00,Nagaon,26.15,92.72,37.77950490679426,20.270676077134674,83.6311933223799,17.71187115516831,DRY,HISTORICAL,HISTORICAL,Historical data
2023-02-28T00:00:00,Lumding,25.28,92.84,30.469508615598603,23.30944771961069,71.45035327365854,20.31316668521553,DRY,HISTORICAL,HISTORICAL,Historical data
2023-02-28T00:00:00,Silchar,24.82,92.8,8.279576837607184,19.015451509958748,75.76437182991025,20.742064670479003,DRY,HISTORICAL,HISTORICAL,Historical data
2023-03-01T00:00:00,Guwahati,26.18,91.75,54.982066474094864,36.287428277279176,92.14642447429497,21.45512005758179,PRE_MONSOON,HISTORICAL,HISTORICAL,Historical data
2023-03-01T00:00:00,Nagaon,26.15,92.72,38.391899740850135,31.39244333972772,81.61084650683043,23.696436592091167,PRE_MONSOON,HISTORICAL,HISTORICAL,Historical data
2023-03-01T00:00:00,Lumding,25.28,92.84,39.08370168353194,35.486210653380574,70.5702315985321,28.430897105821515,PRE_MONSOON,HISTORICAL,HISTORICAL,Historical data
2023-03-01T00:00:00,Silchar,24.82,92.8,25.5174185680507,30.186276729937966,74.15830753089142,14.133244629082743,PRE_MONSOON,HISTORICAL,HISTORICAL,Historical data
2023-03-02T00:00:00,Guwahati,26.18,91.75,56.27225668846994,31.597217205531965,74.95457705779434,27.398026627251287,PRE_MONSOON,HISTORICAL,HISTORICAL,Historical data
2023-03-02T00:00:00,Nagaon,26.15,92.72,77.94757294773027,31.99924065658893,70.42225267116798,19.299683171697104,PRE_MONSOON,HISTORICAL,HISTORICAL,Historical data
2023-03-02T00:00:00,Lumding,25.28,92.84,35.20361655900237,34.76743207790382,77.51758679601828,28.405096031409546,PRE_MONSOON,HISTORICAL,HISTORICAL,Historical data
2023-03-02T00:00:00,Silchar,24.82,92.8,13.649768461078978,31.84908821869829,76.72281017924455,18.326367145674087,PRE_MONSOON,HISTORICAL,HISTORICAL,Historical data
2023-03-03T00:00:00,Guwahati,26.18,91.75,50.950089857770536,33.415136394729075,90.55290488485437,17.41072642607409,PRE_MONSOON,HISTORICAL,HISTORICAL,Historical data
2023-03-03T00:00:00,Nagaon,26.15,92.72,79.19058042193646,28.550890949720582,93.92779832760027,12.849157046041581,PRE_MONSOON,HISTORICAL,HISTORICAL,Historical data
2023-03-03T00:00:00,Lumding,25.28,92.84,99.51854135419728,31.928851874095887,80.47114792588492,9.724454588644052,PRE_MONSOON,HISTORICAL,HISTORICAL,Historical data
2023-03-03T00:00:00,Silchar,24.82,92.8,55.59717176892904,33.56468348632607,84.11384449407241,20.01778754396867,PRE_MONSOON,HISTORICAL,HISTORICAL,Historical data
2023-03-04T00:00:00,Guwahati,26.18,91.75,40.405281270345185,33.18781603616283,78.18204292187123,11.50671657876855,PRE_MONSOON,HISTORICAL,HISTORICAL,Historical data
2023-03-04T00:00:00,Nagaon,26.15,92.72,60.3212061535792,33.11930252828504,83.45008884633707,22.08092358202826,PRE_MONSOON,HISTORICAL,HISTORICAL,Historical data
2023-03-04T00:00:00,Lumding,25.28,92.84,70.22880943123803,31.37905514554976,89.73574037984649,16.147359444673324,PRE_MONSOON,HISTORICAL,HISTORICAL,Historical data
2023-03-04T00:00:00,Silchar,24.82,92.8,43.6440547771099,29.052866329121116,74.74650726075936,28.810500229563434,PRE_MONSOON,HISTORICAL,HISTORICAL,Historical data
2023-03-05T00:00:00,Guwahati,26.18,91.75,43.36443183443296,32.72624453821513,84.25447945066993,28.389645641947492,PRE_MONSOON,HISTORICAL,HISTORICAL,Historical data
2023-03-05T00:00:00,Nagaon,26.15,92.72,18.246203737746136,28.081418011049223,71.963639797994,20.456129442308885,PRE_MONSOON,HISTORICAL,HISTORICAL,Historical data
2023-03-05T00:00:00,Lumding,25.28,92.84,109.87036168304044,30.389284501581006,89.55113998114173,14.022157884295446,PRE_MONSOON,HISTORICAL,HISTORICAL,Historical data
2023-03-05T00:00:00,Silchar,24.82,92.8,68.48612325802557,32.332653190184104,69.93243595101663,9.029551826771016,PRE_MONSOON,HISTORICAL,HISTORICAL,Historical data
2023-03-06T00:00:00,Guwahati,26.18,91.75,51.83457332998554,30.9335616211863,73.46398665415632,20.05916790873251,PRE_MONSOON,HISTORICAL,HISTORICAL,Historical data
2023-03-06T00:00:00,Nagaon,26.15,92.72,59.774697968893236,32.30502397652079,93.2502730499616,29.86752229979308,PRE_MONSOON,HISTORICAL,HISTORICAL,Historical data
2023-03-06T00:00:00,Lumding,25.28,92.84,64.90203481504251,35.38024485288061,84.09274865345857,11.44009110458373,PRE_MONSOON,HISTORICAL,HISTORICAL,Historical data
2023-03-06T00:00:00,Silchar,24.82,92.8,54.76125915474482,30.405168614041216,82.07345020274492,10.205786446359323,PRE_MONSOON,HISTORICAL,HISTORICAL,Historical data
2023-03-07T00:00:00,Guwahati,26.18,91.75,49.017194396550785,34.161751391064634,66.35062928630919,28.872033619671374,PRE_MONSOON,HISTORICAL,HISTORICAL,Historical data
2023-03-07T00:00:00,Nagaon,26.15,92.72,37.21804267525297,33.50741398891038,65.30035887386889,20.776614821395604,PRE_MONSOON,HISTORICAL,HISTORICAL,Historical data
2023-03-07T00:00:00,Lumding,25.28,92.84,61.301384617330335,30.136214675659815,76.20149683549238,14.84403863827878,PRE_MONSOON,HISTORICAL,HISTORICAL,Historical data
2023-03-07T00:00:00,Silchar,24.82,92.8,69.45401271382822,33.47614540003448,80.48150204023065,25.148828624740485,PRE_MONSOON,HISTORICAL,HISTORICAL,Historical data
2023-03-08T00:00:00,Guwahati,26.18,91.75,76.19356163138553,31.282192581730705,90.8823931308192,17.665624036801375,PRE_MONSOON,HISTORICAL,HISTORICAL,Historical data
2023-03-08T00:00:00,Nagaon,26.15,92.72,77.26306166466642,35.6671025072838,80.18309734792452,23.368120728117848,PRE_MONSOON,HISTORICAL,HISTORICAL,Historical data
2023-03-08T00:00:00,Lumding,25.28,92.84,48.72370555627618,32.4570392825638,87.02763910150387,8.693550356694663,PRE_MONSOON,HISTORICAL,HISTORICAL,Historical data
2023-03-08T00:00:00,Silchar,24.82,92.8,36.59929979044179,34.310495100620365,94.05503336053091,12.276991508626946,PRE_MONSOON,HISTORICAL,HISTORICAL,Historical data
2023-03-09T00:00:00,Guwahati,26.18,91.75,90.99881882862292,32.29038245591622,94.23314529306141,29.83438860073082,PRE_MONSOON,HISTORICAL,HISTORICAL,Historical data
2023-03-09T00:00:00,Nagaon,26.15,92.72,27.800128498883822,32.409601386924855,78.72863762769073,14.068734190863381,PRE_MONSOON,HISTORICAL,HISTORICAL,Historical data
2023-03-09T00:00:00,Lumding,25.28,92.84,42.96609248986517,31.461016379337583,79.30462612482731,21.84341445149886,PRE_MONSOON,HISTORICAL,HISTORICAL,Historical data
2023-03-09T00:00:00,Silchar,24.82,92.8,60.95718815317684,30.20358587609029,81.8442163073157,8.818516496752679,PRE_MONSOON,HISTORICAL,HISTORICAL,Historical data
2023-03-10T00:00:00,Guwahati,26.18,91.75,104.02403943472024,29.014876691249615,78.56887811284092,23.941791749210772,PRE_MONSOON,HISTORICAL,HISTORICAL,Historical data
2023-03-10T00:00:00,Nagaon,26.15,92.72,34.652738453983034,32.64683615637921,84.79361832511114,28.10592559812768,PRE_MONSOON,HISTORICAL,HISTORICAL,Historical data
2023-03-10T00:00:00,Lumding,25.28,92.84,50.10906602997591,36.2618352430783,73.74647521667181,9.296703158355582,PRE_MONSOON,HISTORICAL,HISTORICAL,Historical data
2023-03-10T00:00:00,Silchar,24.82,92.8,47.11904128359383,33.78726791453537,77.04648362348173,9.984000909662106,PRE_MONSOON,HISTORICAL,HISTORICAL,Historical data
2023-03-11T00:00:00,Guwahati,26.18,91.75,63.62013115420574,31.56398645643799,94.19076846828574,17.097937322913506,PRE_MONSOON,HISTORICAL,HISTORICAL,Historical data
2023-03-11T00:00:00,Nagaon,26.15,92.72,42.12176885768183,31.882679542752783,82.62040350988534,14.449214603082137,PRE_MONSOON,HISTORICAL,HISTORICAL,Historical data
2023-03-11T00:00:00,Lumding,25.28,92.84,55.18796601018203,29.553347905697265,78.99343893580492,11.88965808543884,PRE_MONSOON,HISTORICAL,HISTORICAL,Historical data
2023-03-11T00:00:00,Silchar,24.82,92.8,48.70760845306311,32.18640934589225,87.6963433164722,10.09580229393261,PRE_MONSOON,HISTORICAL,HISTORICAL,Historical data
2023-03-12T00:00:00,Guwahati,26.18,91.75,55.34031702296046,29.5672782170777,81.04848312920737,16.94263143384014,PRE_MONSOON,HISTORICAL,HISTORICAL,Historical data
2023-03-12T00:00:00,Nagaon,26.15,92.72,44.895917647079855,28.798174603487542,74.29652045565176,27.483586758173935,PRE_MONSOON,HISTORICAL,HISTORICAL,Historical data
2023-03-12T00:00:00,Lumding,25.28,92.84,48.5743559407784,31.225393019820846,68.10669769014952,9.348296855057306,PRE_MONSOON,HISTORICAL,HISTORICAL,Historical data
2023-03-12T00:00:00,Silchar,24.82,92.8,48.449033067000194,30.646478281288175,73.89777733850869,17.88611030536671,PRE_MONSOON,HISTORICAL,HISTORICAL,Historical data
2023-03-13T00:00:00,Guwahati,26.18,91.75,46.91647753884924,30.20852151924648,91.87541335922128,14.26818329448912,PRE_MONSOON,HISTORICAL,HISTORICAL,Historical data
2023-03-13T00:00:00,Nagaon,26.15,92.72,52.396565526011905,31.4151955838407,69.86189410921406,9.745016771864888,PRE_MONSOON,HISTORICAL,HISTORICAL,Historical data
2023-03-13T00:00:00,Lumding,25.28,92.84,41.97821247419058,32.72155735083601,81.08999758419873,15.058260523658193,PRE_MONSOON,HISTORICAL,HISTORICAL,Historical data
2023-03-13T00:00:00,Silchar,24.82,92.8,65.80372212220531,29.61690731371982,81.28311448433664,12.757391951028058,PRE_MONSOON,HISTORICAL,HISTORICAL,Historical data
2023-03-14T00:00:00,Guwahati,26.18,91.75,32.1640373735169,31.88638590353976,73.59834708346662,22.208983063746444,PRE_MONSOON,HISTORICAL,HISTORICAL,Historical data
2023-03-14T00:00:00,Nagaon,26.15,92.72,57.758276042195014,30.87277925647372,88.41956573842224,19.91871622146919,PRE_MONSOON,HISTORICAL,HISTORICAL,Historical data
2023-03-14T00:00:00,Lumding,25.28,92.84,29.38570594774646,34.75183774688865,74.10797103938408,29.692753200771666,PRE_MONSOON,HISTORICAL,HISTORICAL,Historical data
2023-03-14T00:00:00,Silchar,24.82,92.8,83.40143912144362,30.734071445554882,76.80130719732789,19.814231105508004,PRE_MONSOON,HISTORICAL,HISTORICAL,Historical data
2023-03-15T00:00:00,Guwahati,26.18,91.75,51.44944347649218,36.51286748502504,66.9386761253661,13.588049734982423,PRE_MONSOON,HISTORICAL,HISTORICAL,Historical data
2023-03-15T00:00:00,Nagaon,26.15,92.72,75.0679309709326,32.76478128507599,65.50833083948699,27.132525374662617,PRE_MONSOON,HISTORICAL,HISTORICAL,Historical data
2023-03-15T00:00:00,Lumding,25.28,92.84,93.15214241833183,30.59672767378809,68.18903917226464,19.872055399531025,PRE_MONSOON,HISTORICAL,HISTORICAL,Historical data
2023-03-15T00:00:00,Silchar,24.82,92.8,33.806079858106585,31.89375596440559,75.63978582906842,8.291458998764245,PRE_MONSOON,HISTORICAL,HISTORICAL,Historical data
2023-03-16T00:00:00,Guwahati,26.18,91.75,61.10233997563061,33.115249588006336,79.24624220612658,21.213226291220415,PRE_MONSOON,HISTORICAL,HISTORICAL,Historical data
2023-03-16T00:00:00,Nagaon,26.15,92.72,27.113917213116395,31.97117486565344,69.95198346673826,8.89454206779415,PRE_MONSOON,HISTORICAL,HISTORICAL,Historical data
2023-03-16T00:00:00,Lumding,25.28,92.84,80.47360739960638,30.914354048949694,81.3504503503569,23.04546517951678,PRE_MONSOON,HISTORICAL,HISTORICAL,Historical data
2023-03-16T00:00:00,Silchar,24.82,92.8,44.559221487116616,34.31671279870479,80.40810294696318,27.197198932881506,PRE_MONSOON,HISTORICAL,HISTORICAL,Historical data
2023-03-17T00:00:00,Guwahati,26.18,91.75,73.11330604001749,33.84977110365705,73.79554208526834,10.803055465709914,PRE_MONSOON,HISTORICAL,HISTORICAL,Historical data
2023-03-17T00:00:00,Nagaon,26.15,92.72,52.73108731736325,31.34859732587721,72.51263312676525,19.923817779869005,PRE_MONSOON,HISTORICAL,HISTORICAL,Historical data
2023-03-17T00:00:00,Lumding,25.28,92.84,38.05341484588563,29.790131666438572,67.47436579648569,10.672791973980498,PRE_MONSOON,HISTORICAL,HISTORICAL,Historical data
2023-03-17T00:00:00,Silchar,24.82,92.8,44.80919298098483,27.734222717645526,88.88956048496853,15.98633301882048,PRE_MONSOON,HISTORICAL,HISTORICAL,Historical data
2023-03-18T00:00:00,Guwahati,26.18,91.75,69.2645306868346,30.191582195377585,66.68180491368304,16.587208022817283,PRE_MONSOON,HISTORICAL,HISTORICAL,Historical data
2023-03-18T00:00:00,Nagaon,26.15,92.72,65.6959937004847,29.91363962378447,72.12840545595641,21.978352649104483,PRE_MONSOON,HISTORICAL,HISTORICAL,Historical data
2023-03-18T00:00:00,Lumding,25.28,92.84,94.7114291059871,33.069171463889624,81.01371952461932,21.588990827176698,PRE_MONSOON,HISTORICAL,HISTORICAL,Historical data
2023-03-18T00:00:00,Silchar,24.82,92.8,31.114613878410495,34.40575696310677,72.38703950266847,29.65107847686749,PRE_MONSOON,HISTORICAL,HISTORICAL,Historical data
2023-03-19T00:00:00,Guwahati,26.18,91.75,7.703656023252464,30.400106989547066,68.29577034127882,19.003207268123454,PRE_MONSOON,HISTORICAL,HISTORICAL,Historical data
2023-03-19T00:00:00,Nagaon,26.15,92.72,19.389759927658176,34.42693182047933,72.57963604780946,17.947375107072272,PRE_MONSOON,HISTORICAL,HISTORICAL,Historical data
2023-03-19T00:00:00,Lumding,25.28,92.84,34.24301867986476,29.69172837363651,78.66620086661214,11.884696540861992,PRE_MONSOON,HISTORICAL,HISTORICAL,Historical data
2023-03-19T00:00:00,Silchar,24.82,92.8,10.633456352189583,31.88509665400547,80.84088463127951,17.008233745222835,PRE_MONSOON,HISTORICAL,HISTORICAL,Historical data
2023-03-20T00:00:00,Guwahati,26.18,91.75,56.70845855466784,32.14752632268242,81.69308331950826,14.177157684903506,PRE_MONSOON,HISTORICAL,HISTORICAL,Historical data
2023-03-20T00:00:00,Nagaon,26.15,92.72,77.4412401841079,30.629248154011773,65.16325538359514,24.863440311401828,PRE_MONSOON,HISTORICAL,HISTORICAL,Historical data
2023-03-20T00:00:00,Lumding,25.28,92.84,45.82517745849949,34.64683397662553,84.8497037085731,20.401526992173906,PRE_MONSOON,HISTORICAL,HISTORICAL,Historical data
2023-03-20T00:00:00,Silchar,24.82,92.8,20.3418365558542,32.47994833470574,76.09025574490299,10.895084731282127,PRE_MONSOON,HISTORICAL,HISTORICAL,Historical data
2023-03-21T00:00:00,Guwahati,26.18,91.75,38.347352925640735,33.951337983596346,83.13105989094743,26.381195865647697,PRE_MONSOON,HISTORICAL,HISTORICAL,Historical data
2023-03-21T00:00:00,Nagaon,26.15,92.72,0.0,29.62790842681042,70.63816863746474,19.149812771668447,PRE_MONSOON,HISTORICAL,HISTORICAL,Historical data
2023-03-21T00:00:00,Lumding,25.28,92.84,48.422781859586024,34.41071907493373,66.32801042311365,21.18809914059925,PRE_MONSOON,HISTORICAL,HISTORICAL,Historical data
2023-03-21T00:00:00,Silchar,24.82,92.8,35.42493325495015,34.54380601860484,87.40797705871255,19.89151076751581,PRE_MONSOON,HISTORICAL,HISTORICAL,Historical data
2023-03-22T00:00:00,Guwahati,26.18,91.75,62.14947905777949,31.441930297613272,67.03370189240428,23.19076337282991,PRE_MONSOON,HISTORICAL,HISTORICAL,Historical data
2023-03-22T00:00:00,Nagaon,26.15,92.72,47.23986052874944,32.57920533009181,91.91930407836605,26.399019493082548,PRE_MONSOON,HISTORICAL,HISTORICAL,Historical data
2023-03-22T00:00:00,Lumding,25.28,92.84,68.58577216886002,31.107072572699696,65.86725926901991,28.381815090658744,PRE_MONSOON,HISTORICAL,HISTORICAL,Historical data
2023-03-22T00:00:00,Silchar,24.82,92.8,56.91113959436646,35.0150060242258,94.1808649895309,16.63990161379908,PRE_MONSOON,HISTORICAL,HISTORICAL,Historical data
2023-03-23T00:00:00,Guwahati,26.18,91.75,14.916286123221582,32.125052422987835,68.18132402057047,24.619959768579044,PRE_MONSOON,HISTORICAL,HISTORICAL,Historical data
2023-03-23T00:00:00,Nagaon,26.15,92.72,19.489707044404668,31.602454975056922,69.41468817556833,17.113183014251685,PRE_MONSOON,HISTORICAL,HISTORICAL,Historical data
2023-03-23T00:00:00,Lumding,25.28,92.84,86.0114299789819,32.00423662448578,80.67241995907942,13.138584753233923,PRE_MONSOON,HISTORICAL,HISTORICAL,Historical data
2023-03-23T00:00:00,Silchar,24.82,92.8,31.279828052727066,33.69028504141458,90.60484782568695,24.701423748887656,PRE_MONSOON,HISTORICAL,HISTORICAL,Historical data
2023-03-24T00:00:00,Guwahati,26.18,91.75,46.397453342005186,31.303655161686645,82.99719295741036,16.98036494221533,PRE_MONSOON,HISTORICAL,HISTORICAL,Historical data
2023-03-24T00:00:00,Nagaon,26.15,92.72,40.71542554578148,32.595824921696256,83.57918732107963,11.363631962087299,PRE_MONSOON,HISTORICAL,HISTORICAL,Historical data
2023-03-24T00:00:00,Lumding,25.28,92.84,67.02635920901217,30.365859551545373,73.11947790737771,9.520181473794121,PRE_MONSOON,HISTORICAL,HISTORICAL,Historical data
2023-03-24T00:00:00,Silchar,24.82,92.8,68.94571016558072,32.07648176344825,68.56566156587232,28.65573222881719,PRE_MONSOON,HISTORICAL,HISTORICAL,Historical data
2023-03-25T00:00:00,Guwahati,26.18,91.75,32.391424126573895,32.178828811211154,90.8367813521972,19.772710972151483,PRE_MONSOON,HISTORICAL,HISTORICAL,Historical data
2023-03-25T00:00:00,Nagaon,26.15,92.72,63.49875900318992,35.93365490750971,79.21363937177225,18.98729647336409,PRE_MONSOON,HISTORICAL,HISTORICAL,Historical data
2023-03-25T00:00:00,Lumding,25.28,92.84,49.49612900673357,33.7871027053569,76.89281699692386,22.297707078077874,PRE_MONSOON,HISTORICAL,HISTORICAL,Historical data
2023-03-25T00:00:00,Silchar,24.82,92.8,61.6152780396957,30.969285526078025,66.487156841096,13.520378373915452,PRE_MONSOON,HISTORICAL,HISTORICAL,Historical data
2023-03-26T00:00:00,Guwahati,26.18,91.75,71.04384972824612,28.957877987526864,94.55148000011116,13.16712862398742,PRE_MONSOON,HISTORICAL,HISTORICAL,Historical data
2023-03-26T00:00:00,Nagaon,26.15,92.72,23.279177949347115,31.689301498278773,66.41325548138164,26.361893232703963,PRE_MONSOON,HISTORICAL,HISTORICAL,Historical data
2023-03-26T00:00:00,Lumding,25.28,92.84,41.686264046561426,31.602557352589695,84.55623683133577,26.552909054938517,PRE_MONSOON,HISTORICAL,HISTORICAL,Historical data
2023-03-26T00:00:00,Silchar,24.82,92.8,76.00570547139633,36.0903972701872,70.87945139238774,10.020249449496493,PRE_MONSOON,HISTORICAL,HISTORICAL,Historical data
2023-03-27T00:00:00,Guwahati,26.18,91.75,55.78881766071702,32.11939004512582,94.78484265806931,8.458145019550036,PRE_MONSOON,HISTORICAL,HISTORICAL,Historical data
2023-03-27T00:00:00,Nagaon,26.15,92.72,16.281382491409893,27.512389216338562,93.94127191228154,24.598393408849315,PRE_MONSOON,HISTORICAL,HISTORICAL,Historical data
2023-03-27T00:00:00,Lumding,25.28,92.84,51.63235104782976,31.223377206453307,71.33872208202746,25.25457214164319,PRE_MONSOON,HISTORICAL,HISTORICAL,Historical data
2023-03-27T00:00:00,Silchar,24.82,92.8,28.951074514830747,31.164502368605365,86.11486253848604,20.630125671275607,PRE_MONSOON,HISTORICAL,HISTORICAL,Historical data
2023-03-28T00:00:00,Guwahati,26.18,91.75,37.723464317422696,32.48764200931598,65.94282083886017,10.417294572974164,PRE_MONSOON,HISTORICAL,HISTORICAL,Historical data
2023-03-28T00:00:00,Nagaon,26.15,92.72,31.320128554999748,34.44124298892467,89.00502364071941,19.78760808494312,PRE_MONSOON,HISTORICAL,HISTORICAL,Historical data
2023-03-28T00:00:00,Lumding,25.28,92.84,48.621184547263255,28.783766826320484,72.03509610625768,13.037685130640169,PRE_MONSOON,HISTORICAL,HISTORICAL,Historical data
2023-03-28T00:00:00,Silchar,24.82,92.8,21.96190716626768,32.90940071140616,81.48324083856335,9.665400917786444,PRE_MONSOON,HISTORICAL,HISTORICAL,Historical data
2023-03-29T00:00:00,Guwahati,26.18,91.75,43.80453982988206,35.9200276824551,87.68402853390636,26.94336769903212,PRE_MONSOON,HISTORICAL,HISTORICAL,Historical data
2023-03-29T00:00:00,Nagaon,26.15,92.72,67.7579163611108,33.11992102429152,79.71876333747817,20.972258772590838,PRE_MONSOON,HISTORICAL,HISTORICAL,Historical data
2023-03-29T00:00:00,Lumding,25.28,92.84,43.46647933215388,29.679697602105577,75.80318243655181,13.807582258146304,PRE_MONSOON,HISTORICAL,HISTORICAL,Historical data
2023-03-29T00:00:00,Silchar,24.82,92.8,41.76424400539161,32.09401833621051,70.80295368989347,23.38970783102513,PRE_MONSOON,HISTORICAL,HISTORICAL,Historical data
2023-03-30T00:00:00,Guwahati,26.18,91.75,23.266430828397905,33.277317923572454,72.22601322301547,14.773231705526264,PRE_MONSOON,HISTORICAL,HISTORICAL,Historical data
2023-03-30T00:00:00,Nagaon,26.15,92.72,66.58967738063897,32.766272861806875,69.88172300416869,14.936685453927936,PRE_MONSOON,HISTORICAL,HISTORICAL,Historical data
2023-03-30T00:00:00,Lumding,25.28,92.84,67.93307296924633,30.79212356931845,74.39499697977206,18.21583129357269,PRE_MONSOON,HISTORICAL,HISTORICAL,Historical data
2023-03-30T00:00:00,Silchar,24.82,92.8,48.76273538527786,32.31256410388333,67.68160007709348,11.6962062446477,PRE_MONSOON,HISTORICAL,HISTORICAL,Historical data
2023-03-31T00:00:00,Guwahati,26.18,91.75,34.961627302696556,31.605522271234655,78.28371207942641,14.10081682808867,PRE_MONSOON,HISTORICAL,HISTORICAL,Historical data
2023-03-31T00:00:00,Nagaon,26.15,92.72,27.54837543161336,31.047914553904597,85.04931000335705,13.84474446600448,PRE_MONSOON,HISTORICAL,HISTORICAL,Historical data
2023-03-31T00:00:00,Lumding,25.28,92.84,68.45812979715056,30.47060873744983,88.11040538371815,12.593934080057142,PRE_MONSOON,HISTORICAL,HISTORICAL,Historical data
2023-03-31T00:00:00,Silchar,24.82,92.8,64.53322333583179,33.21892453928605,81.32097760946452,25.252331108230692,PRE_MONSOON,HISTORICAL,HISTORICAL,Historical data
2023-04-01T00:00:00,Guwahati,26.18,91.75,75.99392393472662,33.71946130331201,88.42798464006486,11.266819194291598,PRE_MONSOON,HISTORICAL,HISTORICAL,Historical data
2023-04-01T00:00:00,Nagaon,26.15,92.72,8.961828347110014,32.500868013951646,85.16332083100198,12.897759044274581,PRE_MONSOON,HISTORICAL,HISTORICAL,Historical data
2023-04-01T00:00:00,Lumding,25.28,92.84,40.34200324339363,35.218583453941314,65.44547075975603,10.347003383549266,PRE_MONSOON,HISTORICAL,HISTORICAL,Historical data
2023-04-01T00:00:00,Silchar,24.82,92.8,72.9762117447838,34.32197317265892,88.32119057946979,10.87389726656077,PRE_MONSOON,HISTORICAL,HISTORICAL,Historical data
2023-04-02T00:00:00,Guwahati,26.18,91.75,72.56543953674046,34.105856635374955,68.23634182670985,25.114639550270354,PRE_MONSOON,HISTORICAL,HISTORICAL,Historical data
2023-04-02T00:00:00,Nagaon,26.15,92.72,23.60454381682843,28.536914339214363,74.8956117966851,18.90875331974916,PRE_MONSOON,HISTORICAL,HISTORICAL,Historical data
2023-04-02T00:00:00,Lumding,25.28,92.84,45.09198816741243,35.96315616099793,71.27021199715318,23.092446605029092,PRE_MONSOON,HISTORICAL,HISTORICAL,Historical data
2023-04-02T00:00:00,Silchar,24.82,92.8,90.5525783927903,33.746129404066636,88.27263570196467,12.584654739380657,PRE_MONSOON,HISTORICAL,HISTORICAL,Historical data
2023-04-03T00:00:00,Guwahati,26.18,91.75,37.39496140551509,31.428628815136857,88.94751089395409,20.930582075413184,PRE_MONSOON,HISTORICAL,HISTORICAL,Historical data
2023-04-03T00:00:00,Nagaon,26.15,92.72,29.895806924855023,31.786796160842094,87.42480231422847,17.831782932519403,PRE_MONSOON,HISTORICAL,HISTORICAL,Historical data
2023-04-03T00:00:00,Lumding,25.28,92.84,60.95922901931317,32.870124425036096,90.30848162519058,12.451864685315945,PRE_MONSOON,HISTORICAL,HISTORICAL,Historical data
2023-04-03T00:00:00,Silchar,24.82,92.8,41.35298714935919,31.57900270169001,80.03110049040806,10.705348746285555,PRE_MONSOON,HISTORICAL,HISTORICAL,Historical data
2023-04-04T00:00:00,Guwahati,26.18,91.75,49.20039512344184,32.04552349843599,76.85120757831936,24.475516320631915,PRE_MONSOON,HISTORICAL,HISTORICAL,Historical data
2023-04-04T00:00:00,Nagaon,26.15,92.72,69.33763207022007,31.89259421400365,72.79782144329377,28.087883082125046,PRE_MONSOON,HISTORICAL,HISTORICAL,Historical data
2023-04-04T00:00:00,Lumding,25.28,92.84,34.59496965472029,35.77811850410097,81.42097021464186,11.519040827297786,PRE_MONSOON,HISTORICAL,HISTORICAL,Historical data
2023-04-04T00:00:00,Silchar,24.82,92.8,37.040477650331496,28.710773636504015,80.9113655580161,19.344654420719188,PRE_MONSOON,HISTORICAL,HISTORICAL,Historical data
2023-04-05T00:00:00,Guwahati,26.18,91.75,48.36425758468219,31.808750915509297,71.09123701858461,15.754909106976061,PRE_MONSOON,HISTORICAL,HISTORICAL,Historical data
2023-04-05T00:00:00,Nagaon,26.15,92.72,26.19298686748422,34.114262505704204,91.16254337251395,16.416142865550317,PRE_MONSOON,HISTORICAL,HISTORICAL,Historical data
2023-04-05T00:00:00,Lumding,25.28,92.84,54.85410481159615,31.81447921505277,72.66072655418074,18.623876420238087,PRE_MONSOON,HISTORICAL,HISTORICAL,Historical data
2023-04-05T00:00:00,Silchar,24.82,92.8,32.98675098672874,30.71085077457217,80.54845710861098,28.078209391763117,PRE_MONSOON,HISTORICAL,HISTORICAL,Historical data
2023-04-06T00:00:00,Guwahati,26.18,91.75,24.72680083766101,34.83989915172068,75.3994948846506,18.155777118754713,PRE_MONSOON,HISTORICAL,HISTORICAL,Historical data
2023-04-06T00:00:00,Nagaon,26.15,92.72,50.175332117711264,29.878409172894838,83.86680255773753,25.791357649278616,PRE_MONSOON,HISTORICAL,HISTORICAL,Historical data
2023-04-06T00:00:00,Lumding,25.28,92.84,0.0,29.238147018226197,74.73312227372324,25.972300308100664,PRE_MONSOON,HISTORICAL,HISTORICAL,Historical data
2023-04-06T00:00:00,Silchar,24.82,92.8,65.55332420372487,33.40217998815483,68.72512041586917,25.17012032605983,PRE_MONSOON,HISTORICAL,HISTORICAL,Historical data
2023-04-07T00:00:00,Guwahati,26.18,91.75,74.17422825051067,35.916773410932635,76.48426793534173,29.533629012073845,PRE_MONSOON,HISTORICAL,HISTORICAL,Historical data
2023-04-07T00:00:00,Nagaon,26.15,92.72,62.74533080796006,30.62426159425113,84.71381847532946,22.12059331226607,PRE_MONSOON,HISTORICAL,HISTORICAL,Historical data
2023-04-07T00:00:00,Lumding,25.28,92.84,43.749252789411365,29.68852526827788,85.53472463880041,25.029078282159954,PRE_MONSOON,HISTORICAL,HISTORICAL,Historical data
2023-04-07T00:00:00,Silchar,24.82,92.8,59.46325905977733,35.26817190987034,68.47451215087095,8.529330493633118,PRE_MONSOON,HISTORICAL,HISTORICAL,Historical data
2023-04-08T00:00:00,Guwahati,26.18,91.75,44.45855038457727,33.169680940326785,68.05308656834757,17.23963505358868,PRE_MONSOON,HISTORICAL,HISTORICAL,Historical data
2023-04-08T00:00:00,Nagaon,26.15,92.72,42.02221589539931,34.78913969422953,75.67023278432127,22.768821069262238,PRE_MONSOON,HISTORICAL,HISTORICAL,Historical data
2023-04-08T00:00:00,Lumding,25.28,92.84,63.102890338183094,32.60437138656238,92.09575396851763,22.22484484291009,PRE_MONSOON,HISTORICAL,HISTORICAL,Historical data
2023-04-08T00:00:00,Silchar,24.82,92.8,39.13095239388933,31.3430819767994,89.73969076789378,8.025994265586169,PRE_MONSOON,HISTORICAL,HISTORICAL,Historical data
2023-04-09T00:00:00,Guwahati,26.18,91.75,48.22375266126448,33.751584517391954,72.68359717113401,9.96000637003268,PRE_MONSOON,HISTORICAL,HISTORICAL,Historical data
2023-04-09T00:00:00,Nagaon,26.15,92.72,56.118265496748926,32.32621306869035,89.41413196970282,15.869625426262356,PRE_MONSOON,HISTORICAL,HISTORICAL,Historical data
2023-04-09T00:00:00,Lumding,25.28,92.84,54.3715218794902,32.990425741771006,91.33990259912788,23.54260291679222,PRE_MONSOON,HISTORICAL,HISTORICAL,Historical data
2023-04-09T00:00:00,Silchar,24.82,92.8,53.17168494573455,31.513498037975666,82.07234863256062,13.338581337183964,PRE_MONSOON,HISTORICAL,HISTORICAL,Historical data
2023-04-10T00:00:00,Guwahati,26.18,91.75,63.28188111794214,30.371842989602662,73.06993640711198,27.45390143210102,PRE_MONSOON,HISTORICAL,HISTORICAL,Historical data
2023-04-10T00:00:00,Nagaon,26.15,92.72,50.18063412065651,29.89685383518119,86.36798392316328,29.588008237614574,PRE_MONSOON,HISTORICAL,HISTORICAL,Historical data
2023-04-10T00:00:00,Lumding,25.28,92.84,77.9931439416888,34.887207804029266,82.85344349226273,8.850297122662154,PRE_MONSOON,HISTORICAL,HISTORICAL,Historical data
2023-04-10T00:00:00,Silchar,24.82,92.8,23.13547286196571,31.737791056774398,92.99958018387295,15.531023184310053,PRE_MONSOON,HISTORICAL,HISTORICAL,Historical data
2023-04-11T00:00:00,Guwahati,26.18,91.75,76.74591021569279,32.35630940902549,85.20241933689928,12.424163975339756,PRE_MONSOON,HISTORICAL,HISTORICAL,Historical data
2023-04-11T00:00:00,Nagaon,26.15,92.72,46.21721349222841,34.361004837022925,83.91366667768048,19.106897332436102,PRE_MONSOON,HISTORICAL,HISTORICAL,Historical data
2023-04-11T00:00:00,Lumding,25.28,92.84,60.77833186845327,35.196566275844404,85.28444989348039,27.40883580961418,PRE_MONSOON,HISTORICAL,HISTORICAL,Historical data
2023-04-11T00:00:00,Silchar,24.82,92.8,23.086873288839243,33.10809175065312,65.3669584665058,23.702428506028625,PRE_MONSOON,HISTORICAL,HISTORICAL,Historical data
2023-04-12T00:00:00,Guwahati,26.18,91.75,9.252209226740604,31.66354038131341,66.93740005270857,22.191759760466134,PRE_MONSOON,HISTORICAL,HISTORICAL,Historical data
2023-04-12T00:00:00,Nagaon,26.15,92.72,64.31681516821658,36.312796542341474,94.86784145758517,23.237965192462,PRE_MONSOON,HISTORICAL,HISTORICAL,Historical data
2023-04-12T00:00:00,Lumding,25.28,92.84,67.14241579857327,31.996123914329377,93.35266903048144,8.22681574878456,PRE_MONSOON,HISTORICAL,HISTORICAL,Historical data
2023-04-12T00:00:00,Silchar,24.82,92.8,57.63760445701924,30.44234450425111,69.53597886495601,24.403862029305422,PRE_MONSOON,HISTORICAL,HISTORICAL,Historical data
2023-04-13T00:00:00,Guwahati,26.18,91.75,48.54896453108051,32.21793458258059,91.98410866361658,9.348097175547528,PRE_MONSOON,HISTORICAL,HISTORICAL,Historical data
2023-04-13T00:00:00,Nagaon,26.15,92.72,30.129217981091163,32.070183535731665,73.98256326418176,23.14775088554057,PRE_MONSOON,HISTORICAL,HISTORICAL,Historical data
2023-04-13T00:00:00,Lumding,25.28,92.84,77.76161359379533,31.041146558086005,87.28639251814391,19.072389814918527,PRE_MONSOON,HISTORICAL,HISTORICAL,Historical data
2023-04-13T00:00:00,Silchar,24.82,92.8,20.45311513143661,28.464976960363213,77.1358283259596,27.67453600286793,PRE_MONSOON,HISTORICAL,HISTORICAL,Historical data
2023-04-14T00:00:00,Guwahati,26.18,91.75,18.295445425202974,33.7834098127053,86.38540321440627,9.200066210116084,PRE_MONSOON,HISTORICAL,HISTORICAL,Historical data
2023-04-14T00:00:00,Nagaon,26.15,92.72,53.46356570903162,29.942129476248518,73.038967509308,22.925353326679854,PRE_MONSOON,HISTORICAL,HISTORICAL,Historical data
2023-04-14T00:00:00,Lumding,25.28,92.84,83.58775929379719,31.186206800038743,89.06517944492437,22.721050981909652,PRE_MONSOON,HISTORICAL,HISTORICAL,Historical data
2023-04-14T00:00:00,Silchar,24.82,92.8,13.577662048681319,33.722261254636734,80.09294933331678,10.563543037446737,PRE_MONSOON,HISTORICAL,HISTORICAL,Historical data
2023-04-15T00:00:00,Guwahati,26.18,91.75,72.96896638575984,34.75169798495071,75.55945684229117,9.733027435307791,PRE_MONSOON,HISTORICAL,HISTORICAL,Historical data
2023-04-15T00:00:00,Nagaon,26.15,92.72,58.3035567888531,30.1899274706252,65.01397409453939,26.442379477458374,PRE_MONSOON,HISTORICAL,HISTORICAL,Historical data
2023-04-15T00:00:00,Lumding,25.28,92.84,84.59226006107164,31.534647435434714,87.5542535889813,25.681773984740158,PRE_MONSOON,HISTORICAL,HISTORICAL,Historical data
2023-04-15T00:00:00,Silchar,24.82,92.8,52.59710917246968,31.514718530800835,78.6196100515754,23.31729154719317,PRE_MONSOON,HISTORICAL,HISTORICAL,Historical data
2023-04-16T00:00:00,Guwahati,26.18,91.75,25.545422895991226,33.49160980707777,65.043507426809,23.717626889409562,PRE_MONSOON,HISTORICAL,HISTORICAL,Historical data
2023-04-16T00:00:00,Nagaon,26.15,92.72,68.06968934119864,33.479195738109546,69.88982549935967,27.029172374442865,PRE_MONSOON,HISTORICAL,HISTORICAL,Historical data
2023-04-16T00:00:00,Lumding,25.28,92.84,37.33790067452742,29.449255813518107,89.4076104793276,15.903880494365424,PRE_MONSOON,HISTORICAL,HISTORICAL,Historical data
2023-04-16T00:00:00,Silchar,24.82,92.8,48.53806785582324,30.815525933697508,69.98456637915609,23.59344943852535,PRE_MONSOON,HISTORICAL,HISTORICAL,Historical data
2023-04-17T00:00:00,Guwahati,26.18,91.75,34.68636808234049,32.44050064099096,85.71793620913321,29.785094245953925,PRE_MONSOON,HISTORICAL,HISTORICAL,Historical data
2023-04-17T00:00:00,Nagaon,26.15,92.72,84.82322459333605,30.059638204178835,72.41971745445784,16.05093742086742,PRE_MONSOON,HISTORICAL,HISTORICAL,Historical data
2023-04-17T00:00:00,Lumding,25.28,92.84,0.0,33.74291206448685,82.42712723326322,12.366277307146017,PRE_MONSOON,HISTORICAL,HISTORICAL,Historical data
2023-04-17T00:00:00,Silchar,24.82,92.8,21.76366524728281,35.813369288763234,66.10788879970973,13.805405623141258,PRE_MONSOON,HISTORICAL,HISTORICAL,Historical data
2023-04-18T00:00:00,Guwahati,26.18,91.75,41.27237604116027,31.418422507329165,86.56650660274886,10.326434788745932,PRE_MONSOON,HISTORICAL,HISTORICAL,Historical data
2023-04-18T00:00:00,Nagaon,26.15,92.72,14.371501944968884,33.85016192394396,94.42273385793918,10.549980445577782,PRE_MONSOON,HISTORICAL,HISTORICAL,Historical data
2023-04-18T00:00:00,Lumding,25.28,92.84,50.575967363709886,36.097092475633985,75.28753515012558,8.115270193597027,PRE_MONSOON,HISTORICAL,HISTORICAL,Historical data
2023-04-18T00:00:00,Silchar,24.82,92.8,19.261873208819516,29.468647357408425,90.95737821382954,28.931300946714853,PRE_MONSOON,HISTORICAL,HISTORICAL,Historical data
2023-04-19T00:00:00,Guwahati,26.18,91.75,60.95056011834086,32.51893890891988,67.21374366869976,19.4553569550081,PRE_MONSOON,HISTORICAL,HISTORICAL,Historical data
2023-04-19T00:00:00,Nagaon,26.15,92.72,52.47711342857876,34.04016682794569,80.35995353016953,12.203243227596095,PRE_MONSOON,HISTORICAL,HISTORICAL,Historical data
2023-04-19T00:00:00,Lumding,25.28,92.84,64.03157549108252,32.81030937453338,85.14424714631753,27.70802830353004,PRE_MONSOON,HISTORICAL,HISTORICAL,Historical data
2023-04-19T00:00:00,Silchar,24.82,92.8,51.17310394183178,32.222921170439484,71.09335508844535,16.838787556648555,PRE_MONSOON,HISTORICAL,HISTORICAL,Historical data
2023-04-20T00:00:00,Guwahati,26.18,91.75,69.03367222606866,32.08811654279506,94.97306327200066,18.64299515205319,PRE_MONSOON,HISTORICAL,HISTORICAL,Historical data
2023-04-20T00:00:00,Nagaon,26.15,92.72,52.80299211745261,29.117865860399892,72.88541232686973,17.67845039165422,PRE_MONSOON,HISTORICAL,HISTORICAL,Historical data
2023-04-20T00:00:00,Lumding,25.28,92.84,27.505315749463666,32.08862643466986,83.18400713020833,23.01389924355279,PRE_MONSOON,HISTORICAL,HISTORICAL,Historical data
2023-04-20T00:00:00,Silchar,24.82,92.8,52.97031534840793,31.995154277133505,66.67386651909628,23.696272481797276,PRE_MONSOON,HISTORICAL,HISTORICAL,Historical data
2023-04-21T00:00:00,Guwahati,26.18,91.75,81.8788896961465,32.34835420968,80.76123017504086,25.63343491189611,PRE_MONSOON,HISTORICAL,HISTORICAL,Historical data
2023-04-21T00:00:00,Nagaon,26.15,92.72,60.060200915144534,31.215495324748137,94.87624447104497,25.745373131397947,PRE_MONSOON,HISTORICAL,HISTORICAL,Historical data
2023-04-21T00:00:00,Lumding,25.28,92.84,40.764109303724254,32.32202748275902,65.78004053728488,11.721277762713179,PRE_MONSOON,HISTORICAL,HISTORICAL,Historical data
2023-04-21T00:00:00,Silchar,24.82,92.8,74.47641605031565,30.45320871889968,71.63200476227844,25.227823515385374,PRE_MONSOON,HISTORICAL,HISTORICAL,Historical data
2023-04-22T00:00:00,Guwahati,26.18,91.75,75.70536450751428,31.220329809212117,76.59283485710372,26.576121960287253,PRE_MONSOON,HISTORICAL,HISTORICAL,Historical data
2023-04-22T00:00:00,Nagaon,26.15,92.72,59.9177970069137,31.13542289031243,83.18337495701702,10.562286488070416,PRE_MONSOON,HISTORICAL,HISTORICAL,Historical data
2023-04-22T00:00:00,Lumding,25.28,92.84,38.02097532083883,33.685400084703765,90.58195159470893,11.487809479443982,PRE_MONSOON,HISTORICAL,HISTORICAL,Historical data
2023-04-22T00:00:00,Silchar,24.82,92.8,38.244383299160454,32.86557174279259,92.0762746181225,23.306614364707542,PRE_MONSOON,HISTORICAL,HISTORICAL,Historical data
2023-04-23T00:00:00,Guwahati,26.18,91.75,76.42336323869455,31.586916910955477,77.36817821928219,11.838307377082337,PRE_MONSOON,HISTORICAL,HISTORICAL,Historical data
2023-04-23T00:00:00,Nagaon,26.15,92.72,31.782510570412676,32.43299399625849,82.30986082283242,9.91234884062645,PRE_MONSOON,HISTORICAL,HISTORICAL,Historical data
2023-04-23T00:00:00,Lumding,25.28,92.84,50.002891813747134,35.295224946305375,77.46583391196955,16.984608780751426,PRE_MONSOON,HISTORICAL,HISTORICAL,Historical data
2023-04-23T00:00:00,Silchar,24.82,92.8,6.221492083278328,34.126721281986676,77.82135560143384,11.127681049966068,PRE_MONSOON,HISTORICAL,HISTORICAL,Historical data
2023-04-24T00:00:00,Guwahati,26.18,91.75,58.3896698384106,31.04178588192351,73.67572167992681,23.674913137578677,PRE_MONSOON,HISTORICAL,HISTORICAL,Historical data
2023-04-24T00:00:00,Nagaon,26.15,92.72,33.41208763578442,32.263661065198505,81.28459350222892,27.37133585394547,PRE_MONSOON,HISTORICAL,HISTORICAL,Historical data
2023-04-24T00:00:00,Lumding,25.28,92.84,40.62150755300982,33.851331106173085,72.34542501855844,28.64242128893845,PRE_MONSOON,HISTORICAL,HISTORICAL,Historical data
2023-04-24T00:00:00,Silchar,24.82,92.8,27.86418743628088,33.37500820308338,65.90102732661735,25.435998228114535,PRE_MONSOON,HISTORICAL,HISTORICAL,Historical data
2023-04-25T00:00:00,Guwahati,26.18,91.75,62.75596480007306,31.583918212004317,75.06914796817513,28.415943168902214,PRE_MONSOON,HISTORICAL,HISTORICAL,Historical data
2023-04-25T00:00:00,Nagaon,26.15,92.72,97.06018857772438,31.715439821212907,85.57965497724311,20.535319636069666,PRE_MONSOON,HISTORICAL,HISTORICAL,Historical data
2023-04-25T00:00:00,Lumding,25.28,92.84,29.4038775470261,33.291616361994926,94.64228476941075,23.990550094758486,PRE_MONSOON,HISTORICAL,HISTORICAL,Historical data
2023-04-25T00:00:00,Silchar,24.82,92.8,59.06157661297728,29.22704708043382,79.89579410579807,29.21923206096707,PRE_MONSOON,HISTORICAL,HISTORICAL,Historical data
2023-04-26T00:00:00,Guwahati,26.18,91.75,59.71370869297675,28.960427749553862,78.48252760206775,19.960145537409026,PRE_MONSOON,HISTORICAL,HISTORICAL,Historical data
2023-04-26T00:00:00,Nagaon,26.15,92.72,57.393993788693834,35.872981263874664,81.90258760720346,13.992670736652554,PRE_MONSOON,HISTORICAL,HISTORICAL,Historical data
2023-04-26T00:00:00,Lumding,25.28,92.84,25.036983995782126,28.47901226141601,65.9097609537893,18.726391000941295,PRE_MONSOON,HISTORICAL,HISTORICAL,Historical data
2023-04-26T00:00:00,Silchar,24.82,92.8,33.17321879570356,31.274346446247996,93.02337426603509,28.26661323989749,PRE_MONSOON,HISTORICAL,HISTORICAL,Historical data
2023-04-27T00:00:00,Guwahati,26.18,91.75,43.072963277490594,30.818613883374333,94.77355867733692,25.83998416929009,PRE_MONSOON,HISTORICAL,HISTORICAL,Historical data
2023-04-27T00:00:00,Nagaon,26.15,92.72,72.04621312992707,34.21930040636574,75.82439206662539,8.954379083889293,PRE_MONSOON,HISTORICAL,HISTORICAL,Historical data
2023-04-27T00:00:00,Lumding,25.28,92.84,67.49800179204959,35.39769041570051,90.97996859476771,27.321593655165454,PRE_MONSOON,HISTORICAL,HISTORICAL,Historical data
2023-04-27T00:00:00,Silchar,24.82,92.8,35.9861122154942,31.28958726466726,76.00097717812005,19.19966253034444,PRE_MONSOON,HISTORICAL,HISTORICAL,Historical data
2023-04-28T00:00:00,Guwahati,26.18,91.75,70.39028821819326,33.92442956755909,86.7757670214875,28.89980148044409,PRE_MONSOON,HISTORICAL,HISTORICAL,Historical data
2023-04-28T00:00:00,Nagaon,26.15,92.72,29.785390580611796,28.57963262477503,84.585555477635,26.45013203965032,PRE_MONSOON,HISTORICAL,HISTORICAL,Historical data
2023-04-28T00:00:00,Lumding,25.28,92.84,62.874786313845696,34.614254559130174,78.99534419748615,21.19910653645776,PRE_MONSOON,HISTORICAL,HISTORICAL,Historical data
2023-04-28T00:00:00,Silchar,24.82,92.8,57.04441822717585,35.2882765355261,65.3252325101294,11.672333843766124,PRE_MONSOON,HISTORICAL,HISTORICAL,Historical data
2023-04-29T00:00:00,Guwahati,26.18,91.75,9.918377423020601,31.43348369678774,80.42704262716921,24.05544726204349,PRE_MONSOON,HISTORICAL,HISTORICAL,Historical data
2023-04-29T00:00:00,Nagaon,26.15,92.72,52.636798171950566,29.75721198448821,79.3473102984643,23.15424198786824,PRE_MONSOON,HISTORICAL,HISTORICAL,Historical data
2023-04-29T00:00:00,Lumding,25.28,92.84,69.3231896237607,31.877279346886485,89.09160845066195,15.578036110841259,PRE_MONSOON,HISTORICAL,HISTORICAL,Historical data
2023-04-29T00:00:00,Silchar,24.82,92.8,30.524223381640226,29.689251585998207,82.9405624603745,12.106608016074295,PRE_MONSOON,HISTORICAL,HISTORICAL,Historical data
2023-04-30T00:00:00,Guwahati,26.18,91.75,45.493461833213466,33.66205608309695,87.80382837202404,28.241382673069094,PRE_MONSOON,HISTORICAL,HISTORICAL,Historical data
2023-04-30T00:00:00,Nagaon,26.15,92.72,37.08214741227113,33.0366744802601,91.53969585144081,28.733971519446932,PRE_MONSOON,HISTORICAL,HISTORICAL,Historical data
2023-04-30T00:00:00,Lumding,25.28,92.84,89.77526723294042,31.55260663965149,91.57615267565062,26.75351957305897,PRE_MONSOON,HISTORICAL,HISTORICAL,Historical data
2023-04-30T00:00:00,Silchar,24.82,92.8,47.24707247361129,32.26986161128582,86.02101570204836,8.987988360811151,PRE_MONSOON,HISTORICAL,HISTORICAL,Historical data
2023-05-01T00:00:00,Guwahati,26.18,91.75,67.8226575143522,25.995300387218087,87.90756565940377,29.242151460602805,MODERATE,HISTORICAL,HISTORICAL,Historical data
2023-05-01T00:00:00,Nagaon,26.15,92.72,90.13228036161034,29.975182003328865,93.32044504191765,25.416082665405135,MODERATE,HISTORICAL,HISTORICAL,Historical data
2023-05-01T00:00:00,Lumding,25.28,92.84,69.44568981029921,26.30824361823988,65.55999323684425,18.308531939044936,MODERATE,HISTORICAL,HISTORICAL,Historical data
2023-05-01T00:00:00,Silchar,24.82,92.8,57.88040043972565,30.257988342460088,75.14350904853704,22.567651971243468,MODERATE,HISTORICAL,HISTORICAL,Historical data
2023-05-02T00:00:00,Guwahati,26.18,91.75,66.85422482323399,28.4859176929958,73.49089904347852,8.803917733374153,MODERATE,HISTORICAL,HISTORICAL,Historical data
2023-05-02T00:00:00,Nagaon,26.15,92.72,65.30802960559907,30.873694091937377,75.26081234851607,17.38805464780972,MODERATE,HISTORICAL,HISTORICAL,Historical data
2023-05-02T00:00:00,Lumding,25.28,92.84,76.14140823331992,29.178861348266462,78.56221600310074,15.839246454949546,MODERATE,HISTORICAL,HISTORICAL,Historical data
2023-05-02T00:00:00,Silchar,24.82,92.8,42.17654438423415,29.423608506763845,89.66291035672418,8.912062487047553,MODERATE,HISTORICAL,HISTORICAL,Historical data
2023-05-03T00:00:00,Guwahati,26.18,91.75,100.27414752417528,30.919954634877794,87.86137261124492,9.407593735316675,MODERATE,HISTORICAL,HISTORICAL,Historical data
2023-05-03T00:00:00,Nagaon,26.15,92.72,102.75157765018706,28.714484564023817,84.4591221512975,10.3557138440211,MODERATE,HISTORICAL,HISTORICAL,Historical data
2023-05-03T00:00:00,Lumding,25.28,92.84,91.00868928980087,22.305458000660423,91.58035309224904,21.271509245709872,MODERATE,HISTORICAL,HISTORICAL,Historical data
2023-05-03T00:00:00,Silchar,24.82,92.8,101.24204059172506,29.13397351969882,85.48456013615319,23.061361612253833,MODERATE,HISTORICAL,HISTORICAL,Historical data
2023-05-04T00:00:00,Guwahati,26.18,91.75,90.71982123926817,25.807136245554954,65.50970366962221,19.315979798552103,MODERATE,HISTORICAL,HISTORICAL,Historical data
2023-05-04T00:00:00,Nagaon,26.15,92.72,102.52943359590888,28.103676560034028,87.65310150789487,13.76683593047751,MODERATE,HISTORICAL,HISTORICAL,Historical data
2023-05-04T00:00:00,Lumding,25.28,92.84,126.6584030650705,25.386164066706502,76.96823803265993,20.8620613974465,MODERATE,HISTORICAL,HISTORICAL,Historical data
2023-05-04T00:00:00,Silchar,24.82,92.8,119.34609577605875,28.537041145429967,82.46945290355892,20.01752662954711,MODERATE,HISTORICAL,HISTORICAL,Historical data
2023-05-05T00:00:00,Guwahati,26.18,91.75,46.164871245528126,28.852411241843505,73.06047616717767,12.805795268964195,MODERATE,HISTORICAL,HISTORICAL,Historical data
2023-05-05T00:00:00,Nagaon,26.15,92.72,55.50106339212027,28.1993028143324,91.80574482626945,8.586027857170365,MODERATE,HISTORICAL,HISTORICAL,Historical data
2023-05-05T00:00:00,Lumding,25.28,92.84,42.20014164454382,28.177575324492548,77.93553068104899,18.975728564991982,MODERATE,HISTORICAL,HISTORICAL,Historical data
2023-05-05T00:00:00,Silchar,24.82,92.8,70.79740896099045,29.06396296458824,77.25248519025556,11.191008646118364,MODERATE,HISTORICAL,HISTORICAL,Historical data
2023-05-06T00:00:00,Guwahati,26.18,91.75,10.523290934410426,30.09324067446991,86.59890589489538,28.317366776618112,MODERATE,HISTORICAL,HISTORICAL,Historical data
2023-05-06T00:00:00,Nagaon,26.15,92.72,90.78533819854901,28.441488228985673,75.67509023236651,16.931413207230012,MODERATE,HISTORICAL,HISTORICAL,Historical data
2023-05-06T00:00:00,Lumding,25.28,92.84,103.34146678268417,30.157732231410215,80.57715907974251,13.463820668530433,MODERATE,HISTORICAL,HISTORICAL,Historical data
2023-05-06T00:00:00,Silchar,24.82,92.8,60.94921225660991,30.78793890174136,84.45958180093764,10.283690563971371,MODERATE,HISTORICAL,HISTORICAL,Historical data
2023-05-07T00:00:00,Guwahati,26.18,91.75,68.44198123671606,28.578130919125883,88.36026748523417,14.6660453359121,MODERATE,HISTORICAL,HISTORICAL,Historical data
2023-05-07T00:00:00,Nagaon,26.15,92.72,84.90960818166582,30.030157655364032,72.95004612075486,18.650633232162356,MODERATE,HISTORICAL,HISTORICAL,Historical data
2023-05-07T00:00:00,Lumding,25.28,92.84,62.29183426744332,26.90548082897824,82.91161927063025,11.715781262000649,MODERATE,HISTORICAL,HISTORICAL,Historical data
2023-05-07T00:00:00,Silchar,24.82,92.8,89.51932740171343,26.773110683678063,78.34432165785341,21.655289152953383,MODERATE,HISTORICAL,HISTORICAL,Historical data
2023-05-08T00:00:00,Guwahati,26.18,91.75,55.03028154905749,25.15625291173958,80.02605705987274,28.74087714857396,MODERATE,HISTORICAL,HISTORICAL,Historical data
2023-05-08T00:00:00,Nagaon,26.15,92.72,68.16897482233591,28.1750437905601,76.51812484196275,22.481275267906636,MODERATE,HISTORICAL,HISTORICAL,Historical data
2023-05-08T00:00:00,Lumding,25.28,92.84,95.9520596445605,26.402351149616216,79.77725347873101,28.945710042671525,MODERATE,HISTORICAL,HISTORICAL,Historical data
2023-05-08T00:00:00,Silchar,24.82,92.8,95.8613323126223,26.651366171508162,86.45556494348368,22.911739316368408,MODERATE,HISTORICAL,HISTORICAL,Historical data
2023-05-09T00:00:00,Guwahati,26.18,91.75,81.47843914682008,24.958248651961526,71.82283533363271,10.00908931556749,MODERATE,HISTORICAL,HISTORICAL,Historical data
2023-05-09T00:00:00,Nagaon,26.15,92.72,67.94302947430005,27.945922206067365,65.8367565862003,8.64349912235224,MODERATE,HISTORICAL,HISTORICAL,Historical data
2023-05-09T00:00:00,Lumding,25.28,92.84,100.23016380615539,27.896449802414235,90.45615908491942,27.63528706885479,MODERATE,HISTORICAL,HISTORICAL,Historical data
2023-05-09T00:00:00,Silchar,24.82,92.8,94.29795219995063,28.57443685212395,68.35543623612837,12.841537700244615,MODERATE,HISTORICAL,HISTORICAL,Historical data
2023-05-10T00:00:00,Guwahati,26.18,91.75,77.02797620201235,28.897516085860083,72.84871897380711,16.6855212400356,MODERATE,HISTORICAL,HISTORICAL,Historical data
2023-05-10T00:00:00,Nagaon,26.15,92.72,56.87882790592509,27.162671746832302,93.05675433886123,28.67775667170444,MODERATE,HISTORICAL,HISTORICAL,Historical data
2023-05-10T00:00:00,Lumding,25.28,92.84,61.345140091864536,31.33811997406452,70.50186625372008,20.5254638664734,MODERATE,HISTORICAL,HISTORICAL,Historical data
2023-05-10T00:00:00,Silchar,24.82,92.8,83.18953884923486,28.459546043978506,83.846107037637,27.38274194530169,MODERATE,HISTORICAL,HISTORICAL,Historical data
2023-05-11T00:00:00,Guwahati,26.18,91.75,78.76141628589197,27.473068074675105,73.91720225640194,23.125962854074764,MODERATE,HISTORICAL,HISTORICAL,Historical data
2023-05-11T00:00:00,Nagaon,26.15,92.72,39.45067125463032,26.141338112309256,74.09161133927384,18.232228718857183,MODERATE,HISTORICAL,HISTORICAL,Historical data
2023-05-11T00:00:00,Lumding,25.28,92.84,57.32786684261379,29.34668116750801,74.42918381407038,24.759900494158163,MODERATE,HISTORICAL,HISTORICAL,Historical data
2023-05-11T00:00:00,Silchar,24.82,92.8,96.11732952930701,27.02303030079002,72.88458198613114,15.073382724565787,MODERATE,HISTORICAL,HISTORICAL,Historical data
2023-05-12T00:00:00,Guwahati,26.18,91.75,84.42851777405284,29.63568998746721,91.65051063824632,18.282005068878604,MODERATE,HISTORICAL,HISTORICAL,Historical data
2023-05-12T00:00:00,Nagaon,26.15,92.72,78.6461593487447,28.0512627431326,78.23456003044451,12.655286382594543,MODERATE,HISTORICAL,HISTORICAL,Historical data
2023-05-12T00:00:00,Lumding,25.28,92.84,83.93800184045847,26.155213851682696,67.75891318871975,9.375372730115782,MODERATE,HISTORICAL,HISTORICAL,Historical data
2023-05-12T00:00:00,Silchar,24.82,92.8,90.83295404707519,26.071795612332537,89.26382642025168,21.58108112784821,MODERATE,HISTORICAL,HISTORICAL,Historical data
2023-05-13T00:00:00,Guwahati,26.18,91.75,78.08523453298253,28.83792646352579,94.45248392316181,17.553466669994734,MODERATE,HISTORICAL,HISTORICAL,Historical data
2023-05-13T00:00:00,Nagaon,26.15,92.72,137.92757366404112,29.34711442995968,88.8322358702232,13.805954589006127,MODERATE,HISTORICAL,HISTORICAL,Historical data
2023-05-13T00:00:00,Lumding,25.28,92.84,47.6893259453859,27.668184022257837,66.56896961791895,17.680402644251046,MODERATE,HISTORICAL,HISTORICAL,Historical data
2023-05-13T00:00:00,Silchar,24.82,92.8,92.8425465753354,29.534805323654737,88.65279407383127,15.628949387299098,MODERATE,HISTORICAL,HISTORICAL,Historical data
2023-05-14T00:00:00,Guwahati,26.18,91.75,109.174604054778,28.376262554453493,73.6286347571202,21.670126648247084,MODERATE,HISTORICAL,HISTORICAL,Historical data
2023-05-14T00:00:00,Nagaon,26.15,92.72,85.65204935221347,29.411932827222333,66.42300261044323,11.45780535141623,MODERATE,HISTORICAL,HISTORICAL,Historical data
2023-05-14T00:00:00,Lumding,25.28,92.84,109.0145687536461,31.327092935381913,93.86198285652114,13.571695487460431,MODERATE,HISTORICAL,HISTORICAL,Historical data
2023-05-14T00:00:00,Silchar,24.82,92.8,91.85748864665837,24.5545141104153,92.70622486611968,8.100413378895809,MODERATE,HISTORICAL,HISTORICAL,Historical data
2023-05-15T00:00:00,Guwahati,26.18,91.75,68.88581246855536,25.915658619639665,67.30587758997827,27.17419448037928,MODERATE,HISTORICAL,HISTORICAL,Historical data
2023-05-15T00:00:00,Nagaon,26.15,92.72,96.77623256303198,26.081993476568446,75.05255496841644,9.048966133758626,MODERATE,HISTORICAL,HISTORICAL,Historical data
2023-05-15T00:00:00,Lumding,25.28,92.84,94.50845561144766,26.202235576468944,69.26517029032352,12.03341571392837,MODERATE,HISTORICAL,HISTORICAL,Historical data
2023-05-15T00:00:00,Silchar,24.82,92.8,68.92464528838454,29.984612078938042,80.59298704354705,23.50200011848478,MODERATE,HISTORICAL,HISTORICAL,Historical data
2023-05-16T00:00:00,Guwahati,26.18,91.75,71.91863414799245,25.731004199645902,72.94422606393655,18.937416183752475,MODERATE,HISTORICAL,HISTORICAL,Historical data
2023-05-16T00:00:00,Nagaon,26.15,92.72,94.05819258655912,30.392179409577018,80.06419484835718,15.236447004021903,MODERATE,HISTORICAL,HISTORICAL,Historical data
2023-05-16T00:00:00,Lumding,25.28,92.84,67.96257475744413,26.47875958710919,86.29091825222224,17.10376997691012,MODERATE,HISTORICAL,HISTORICAL,Historical data
2023-05-16T00:00:00,Silchar,24.82,92.8,95.0582706765332,27.450580590433802,87.0281355439168,13.104024639140704,MODERATE,HISTORICAL,HISTORICAL,Historical data
2023-05-17T00:00:00,Guwahati,26.18,91.75,83.83035257921827,27.729397782971393,94.93550509693569,10.940310172877515,MODERATE,HISTORICAL,HISTORICAL,Historical data
2023-05-17T00:00:00,Nagaon,26.15,92.72,98.35221534545683,25.25454651591351,72.99072705362994,23.255589298056233,MODERATE,HISTORICAL,HISTORICAL,Historical data
2023-05-17T00:00:00,Lumding,25.28,92.84,78.34662353066254,28.500659916249873,85.00342371791935,23.584938254476384,MODERATE,HISTORICAL,HISTORICAL,Historical data
2023-05-17T00:00:00,Silchar,24.82,92.8,54.8446644497711,25.886082906785187,68.78554100351401,19.435734696250442,MODERATE,HISTORICAL,HISTORICAL,Historical data
2023-05-18T00:00:00,Guwahati,26.18,91.75,102.28075447465736,29.51036617053651,94.68857762603402,23.588982144884554,MODERATE,HISTORICAL,HISTORICAL,Historical data
2023-05-18T00:00:00,Nagaon,26.15,92.72,94.61514128608536,28.107492711809595,67.01662780889335,8.414331477440665,MODERATE,HISTORICAL,HISTORICAL,Historical data
2023-05-18T00:00:00,Lumding,25.28,92.84,68.37452969671028,30.02689382914678,93.67444182367187,19.93073086753907,MODERATE,HISTORICAL,HISTORICAL,Historical data
2023-05-18T00:00:00,Silchar,24.82,92.8,97.80970492261851,27.565050736402195,70.14408879835548,13.33839896259064,MODERATE,HISTORICAL,HISTORICAL,Historical data
2023-05-19T00:00:00,Guwahati,26.18,91.75,66.57821776260849,26.630945130758,78.04351687047155,16.416530249662195,MODERATE,HISTORICAL,HISTORICAL,Historical data
2023-05-19T00:00:00,Nagaon,26.15,92.72,54.323381599415654,27.0257817247087,65.14751660272285,26.303534794190956,MODERATE,HISTORICAL,HISTORICAL,Historical data
2023-05-19T00:00:00,Lumding,25.28,92.84,60.785666936717405,25.1595107747562,69.11408832903459,23.286669692143644,MODERATE,HISTORICAL,HISTORICAL,Historical data
2023-05-19T00:00:00,Silchar,24.82,92.8,72.28414323268976,27.91706983695703,73.86731525355094,16.01479948276424,MODERATE,HISTORICAL,HISTORICAL,Historical data
2023-05-20T00:00:00,Guwahati,26.18,91.75,43.303102506806844,28.79937270857323,71.63973154756005,17.357770409694297,MODERATE,HISTORICAL,HISTORICAL,Historical data
2023-05-20T00:00:00,Nagaon,26.15,92.72,78.63704932267345,28.21989530418612,83.43722593012943,21.29169104343223,MODERATE,HISTORICAL,HISTORICAL,Historical data
2023-05-20T00:00:00,Lumding,25.28,92.84,68.09415132917934,27.465187032676305,86.91132438491162,21.267843098676575,MODERATE,HISTORICAL,HISTORICAL,Historical data
2023-05-20T00:00:00,Silchar,24.82,92.8,81.36573058060861,25.759542225737267,84.88843173614187,21.551700294352727,MODERATE,HISTORICAL,HISTORICAL,Historical data
2023-05-21T00:00:00,Guwahati,26.18,91.75,89.2035158130997,29.335837077817708,82.29866522918996,13.719022668181161,MODERATE,HISTORICAL,HISTORICAL,Historical data
2023-05-21T00:00:00,Nagaon,26.15,92.72,47.161278924659555,28.447892033464285,78.43231208314018,27.086741152475547,MODERATE,HISTORICAL,HISTORICAL,Historical data
2023-05-21T00:00:00,Lumding,25.28,92.84,74.80321328207681,27.57334474194928,77.27712152400255,9.093274086929098,MODERATE,HISTORICAL,HISTORICAL,Historical data
2023-05-21T00:00:00,Silchar,24.82,92.8,108.91587286441657,27.94331826890886,92.71006991822277,26.8332800461649,MODERATE,HISTORICAL,HISTORICAL,Historical data
2023-05-22T00:00:00,Guwahati,26.18,91.75,78.01930113998564,28.730068418588342,87.01178938214338,20.869230198131614,MODERATE,HISTORICAL,HISTORICAL,Historical data
2023-05-22T00:00:00,Nagaon,26.15,92.72,76.33117713240107,27.636586317500278,69.30934573515252,29.660111921032833,MODERATE,HISTORICAL,HISTORICAL,Historical data
2023-05-22T00:00:00,Lumding,25.28,92.84,78.84012316376752,27.66270952909762,88.7335890614233,23.40677570195512,MODERATE,HISTORICAL,HISTORICAL,Historical data
2023-05-22T00:00:00,Silchar,24.82,92.8,85.18418348432435,28.6012579864246,78.37091466389377,23.881164716889486,MODERATE,HISTORICAL,HISTORICAL,Historical data
2023-05-23T00:00:00,Guwahati,26.18,91.75,87.48774193541645,30.088985268804226,86.72358715529589,10.610044880377618,MODERATE,HISTORICAL,HISTORICAL,Historical data
2023-05-23T00:00:00,Nagaon,26.15,92.72,68.6919417448284,27.01225318634151,94.44837719220521,29.376989188971365,MODERATE,HISTORICAL,HISTORICAL,Historical data
2023-05-23T00:00:00,Lumding,25.28,92.84,100.83793544322985,25.53975518892769,90.9669698391832,16.172352904745402,MODERATE,HISTORICAL,HISTORICAL,Historical data
2023-05-23T00:00:00,Silchar,24.82,92.8,93.88444966800157,28.361663017811296,68.42146884194736,17.021378440426833,MODERATE,HISTORICAL,HISTORICAL,Historical data
2023-05-24T00:00:00,Guwahati,26.18,91.75,104.63528947720275,26.492173018364426,79.73499400473769,26.211484066097576,MODERATE,HISTORICAL,HISTORICAL,Historical data
2023-05-24T00:00:00,Nagaon,26.15,92.72,90.17069055022532,28.37057366403328,77.1790220054108,27.67270238687154,MODERATE,HISTORICAL,HISTORICAL,Historical data
2023-05-24T00:00:00,Lumding,25.28,92.84,74.89707984839892,30.482004307314337,81.5984033592669,10.959560164946248,MODERATE,HISTORICAL,HISTORICAL,Historical data
2023-05-24T00:00:00,Silchar,24.82,92.8,87.75526798832908,26.840556058851366,75.90859876959982,22.2109461240301,MODERATE,HISTORICAL,HISTORICAL,Historical data
2023-05-25T00:00:00,Guwahati,26.18,91.75,54.337240095408234,26.65685265901677,81.02126060336983,15.745232368715195,MODERATE,HISTORICAL,HISTORICAL,Historical data
2023-05-25T00:00:00,Nagaon,26.15,92.72,84.47512049858041,26.01477336655396,74.53724222310952,18.694504234316156,MODERATE,HISTORICAL,HISTORICAL,Historical data
2023-05-25T00:00:00,Lumding,25.28,92.84,75.1567347330784,26.45335160875889,66.94637570208167,26.42061646901438,MODERATE,HISTORICAL,HISTORICAL,Historical data
2023-05-25T00:00:00,Silchar,24.82,92.8,48.916281409469605,27.167956941598337,80.29953426834672,15.225025289243405,MODERATE,HISTORICAL,HISTORICAL,Historical data
2023-05-26T00:00:00,Guwahati,26.18,91.75,78.90394439663356,28.148680361896915,75.41467440369831,23.086234245824674,MODERATE,HISTORICAL,HISTORICAL,Historical data
2023-05-26T00:00:00,Nagaon,26.15,92.72,100.25337771875576,26.506090294931195,71.4328723998806,11.302207021294423,MODERATE,HISTORICAL,HISTORICAL,Historical data
2023-05-26T00:00:00,Lumding,25.28,92.84,70.31123179437789,22.104549331864106,77.1134036054167,14.560776195022678,MODERATE,HISTORICAL,HISTORICAL,Historical data
2023-05-26T00:00:00,Silchar,24.82,92.8,68.35336358325907,27.944002849907257,72.33594777260463,28.414900946300946,MODERATE,HISTORICAL,HISTORICAL,Historical data
2023-05-27T00:00:00,Guwahati,26.18,91.75,75.35647928061883,30.219157468026932,94.12614047923168,14.573647491868998,MODERATE,HISTORICAL,HISTORICAL,Historical data
2023-05-27T00:00:00,Nagaon,26.15,92.72,88.66413617407454,25.835091884138794,82.58194959063427,24.192172536608364,MODERATE,HISTORICAL,HISTORICAL,Historical data
2023-05-27T00:00:00,Lumding,25.28,92.84,78.10493747299034,29.437811208083183,90.49080935178621,12.935127861326242,MODERATE,HISTORICAL,HISTORICAL,Historical data
2023-05-27T00:00:00,Silchar,24.82,92.8,59.79381721664183,28.224735130559417,82.93056066381546,21.382715963017507,MODERATE,HISTORICAL,HISTORICAL,Historical data
2023-05-28T00:00:00,Guwahati,26.18,91.75,58.50262921442863,27.514068492644085,69.95836069934076,12.4041200478509,MODERATE,HISTORICAL,HISTORICAL,Historical data
2023-05-28T00:00:00,Nagaon,26.15,92.72,59.67706637758714,30.269354743280672,71.55549799888257,13.863516041671655,MODERATE,HISTORICAL,HISTORICAL,Historical data
2023-05-28T00:00:00,Lumding,25.28,92.84,42.926984145236446,29.61103418259594,83.48595546210605,8.04093783641379,MODERATE,HISTORICAL,HISTORICAL,Historical data
2023-05-28T00:00:00,Silchar,24.82,92.8,74.3585756346696,24.649563510399947,79.25851310440088,19.471707610677715,MODERATE,HISTORICAL,HISTORICAL,Historical data
2023-05-29T00:00:00,Guwahati,26.18,91.75,109.22154551142427,32.284154475601035,94.34878952222847,17.445324493086687,MODERATE,HISTORICAL,HISTORICAL,Historical data
2023-05-29T00:00:00,Nagaon,26.15,92.72,55.7778363825703,24.9929879997366,87.23567877246971,14.24620324037223,MODERATE,HISTORICAL,HISTORICAL,Historical data
2023-05-29T00:00:00,Lumding,25.28,92.84,123.5320744549432,30.936201655470732,68.72432972057727,21.511273941387053,MODERATE,HISTORICAL,HISTORICAL,Historical data
2023-05-29T00:00:00,Silchar,24.82,92.8,97.56281780455727,28.34268947423699,92.55042338802932,23.17434324191092,MODERATE,HISTORICAL,HISTORICAL,Historical data
2023-05-30T00:00:00,Guwahati,26.18,91.75,80.39194352899221,29.25942994075018,82.0410462204602,26.29027539502005,MODERATE,HISTORICAL,HISTORICAL,Historical data
2023-05-30T00:00:00,Nagaon,26.15,92.72,79.71979180362729,31.351232080400912,92.34354200794485,25.585570458502815,MODERATE,HISTORICAL,HISTORICAL,Historical data
2023-05-30T00:00:00,Lumding,25.28,92.84,44.24514209875586,32.21357964962949,71.9344264127929,14.626528218314682,MODERATE,HISTORICAL,HISTORICAL,Historical data
2023-05-30T00:00:00,Silchar,24.82,92.8,87.09638833221189,26.505373854418295,91.34106734417786,13.125848003107661,MODERATE,HISTORICAL,HISTORICAL,Historical data
2023-05-31T00:00:00,Guwahati,26.18,91.75,105.67519782823348,27.99085397823128,74.63895482443534,20.308152180038743,MODERATE,HISTORICAL,HISTORICAL,Historical data
2023-05-31T00:00:00,Nagaon,26.15,92.72,65.37755421200364,26.125504196010663,87.69207715271716,26.03051116090427,MODERATE,HISTORICAL,HISTORICAL,Historical data
2023-05-31T00:00:00,Lumding,25.28,92.84,62.61649014801772,28.58084219174895,78.55264189894325,13.08019307059053,MODERATE,HISTORICAL,HISTORICAL,Historical data
2023-05-31T00:00:00,Silchar,24.82,92.8,82.10553435168306,29.19573448178057,70.08430260724482,28.893751969256883,MODERATE,HISTORICAL,HISTORICAL,Historical data
2023-06-01T00:00:00,Guwahati,26.18,91.75,161.2039380247061,24.375790451032625,93.20930661192874,16.31548894672377,HEAVY_MONSOON,HISTORICAL,HISTORICAL,Historical data
2023-06-01T00:00:00,Nagaon,26.15,92.72,212.89681420802467,24.148385623306623,66.37916044287107,11.362863367427838,HEAVY_MONSOON,HISTORICAL,HISTORICAL,Historical data
2023-06-01T00:00:00,Lumding,25.28,92.84,286.33870131991966,22.046712831002132,77.4096358034473,29.726623659095814,HEAVY_MONSOON,HISTORICAL,HISTORICAL,Historical data
2023-06-01T00:00:00,Silchar,24.82,92.8,202.27245195157153,22.917313490526045,93.93410679884258,8.665891628738194,HEAVY_MONSOON,HISTORICAL,HISTORICAL,Historical data
2023-06-02T00:00:00,Guwahati,26.18,91.75,177.1115738524114,25.564253678325507,69.69079514866883,21.610465387569985,HEAVY_MONSOON,HISTORICAL,HISTORICAL,Historical data
2023-06-02T00:00:00,Nagaon,26.15,92.72,219.23116783376165,23.074810444014993,90.37412718404043,25.3573062481067,HEAVY_MONSOON,HISTORICAL,HISTORICAL,Historical data
2023-06-02T00:00:00,Lumding,25.28,92.84,270.78189067334665,25.835923080355123,69.72174455728306,22.440512208682176,HEAVY_MONSOON,HISTORICAL,HISTORICAL,Historical data
2023-06-02T00:00:00,Silchar,24.82,92.8,255.75666427981025,23.581460609655032,77.46751642214639,17.591773337936793,HEAVY_MONSOON,HISTORICAL,HISTORICAL,Historical data
2023-06-03T00:00:00,Guwahati,26.18,91.75,240.99075936770254,24.027561988754588,93.19292119047553,24.65336362347118,HEAVY_MONSOON,HISTORICAL,HISTORICAL,Historical data
2023-06-03T00:00:00,Nagaon,26.15,92.72,173.39846720380177,25.261053740279753,89.48333326634716,16.605733747325072,HEAVY_MONSOON,HISTORICAL,HISTORICAL,Historical data
2023-06-03T00:00:00,Lumding,25.28,92.84,270.92119066230185,22.85793411371006,83.71279132600141,18.878079463494434,HEAVY_MONSOON,HISTORICAL,HISTORICAL,Historical data
2023-06-03T00:00:00,Silchar,24.82,92.8,226.802716358294,22.837680627045778,92.27305758650478,24.4422041632994,HEAVY_MONSOON,HISTORICAL,HISTORICAL,Historical data
2023-06-04T00:00:00,Guwahati,26.18,91.75,235.26884282920554,24.0327173300305,91.81655818413377,20.31831165520383,HEAVY_MONSOON,HISTORICAL,HISTORICAL,Historical data
2023-06-04T00:00:00,Nagaon,26.15,92.72,235.57048867520356,25.811493813105137,72.9111824080717,8.958687493993706,HEAVY_MONSOON,HISTORICAL,HISTORICAL,Historical data
2023-06-04T00:00:00,Lumding,25.28,92.84,242.6537430094419,25.769558045844875,65.39465691313751,14.928289671272662,HEAVY_MONSOON,HISTORICAL,HISTORICAL,Historical data
2023-06-04T00:00:00,Silchar,24.82,92.8,349.5540369577652,23.833521622433178,68.42784108882915,19.62115099283221,HEAVY_MONSOON,HISTORICAL,HISTORICAL,Historical data
2023-06-05T00:00:00,Guwahati,26.18,91.75,224.26463512479643,25.36530603231019,79.08074664156926,11.153624274399267,HEAVY_MONSOON,HISTORICAL,HISTORICAL,Historical data
2023-06-05T00:00:00,Nagaon,26.15,92.72,196.67009042186214,26.055427518213264,89.73799204046504,27.227804841434548,HEAVY_MONSOON,HISTORICAL,HISTORICAL,Historical data
2023-06-05T00:00:00,Lumding,25.28,92.84,235.25275592643172,28.051514144342637,90.39666501124967,27.049446870147886,HEAVY_MONSOON,HISTORICAL,HISTORICAL,Historical data
2023-06-05T00:00:00,Silchar,24.82,92.8,248.91204132826275,24.537320287124285,90.62822627508785,24.067678768837137,HEAVY_MONSOON,HISTORICAL,HISTORICAL,Historical data
2023-06-06T00:00:00,Guwahati,26.18,91.75,153.7276457162728,25.727548382560208,88.10049146567042,16.659793303778297,HEAVY_MONSOON,HISTORICAL,HISTORICAL,Historical data
2023-06-06T00:00:00,Nagaon,26.15,92.72,236.308358835862,26.701013684055432,86.04893362856782,8.021860608479944,HEAVY_MONSOON,HISTORICAL,HISTORICAL,Historical data
2023-06-06T00:00:00,Lumding,25.28,92.84,195.33997237915267,24.6729321405969,75.01005789308797,28.761872461956624,HEAVY_MONSOON,HISTORICAL,HISTORICAL,Historical data
2023-06-06T00:00:00,Silchar,24.82,92.8,261.3637646526661,26.131331322465307,71.12032932580115,22.52424196588809,HEAVY_MONSOON,HISTORICAL,HISTORICAL,Historical data
2023-06-07T00:00:00,Guwahati,26.18,91.75,165.16654977088604,25.06925990861022,78.43354071441757,19.496282354190786,HEAVY_MONSOON,HISTORICAL,HISTORICAL,Historical data
2023-06-07T00:00:00,Nagaon,26.15,92.72,136.50108386025124,24.83022346405694,70.58509481074978,12.419885930437127,HEAVY_MONSOON,HISTORICAL,HISTORICAL,Historical data
2023-06-07T00:00:00,Lumding,25.28,92.84,165.92425894169315,24.383952610309798,65.78329048871224,13.101954567369095,HEAVY_MONSOON,HISTORICAL,HISTORICAL,Historical data
2023-06-07T00:00:00,Silchar,24.82,92.8,207.85267599920306,27.269175795543756,94.41223384390155,19.394117082027584,HEAVY_MONSOON,HISTORICAL,HISTORICAL,Historical data
2023-06-08T00:00:00,Guwahati,26.18,91.75,192.87176937830733,29.04324365826144,80.3842052851288,17.297399843508497,HEAVY_MONSOON,HISTORICAL,HISTORICAL,Historical data
2023-06-08T00:00:00,Nagaon,26.15,92.72,157.48805343758346,23.722666182445664,71.78901621589198,28.49816083337947,HEAVY_MONSOON,HISTORICAL,HISTORICAL,Historical data
2023-06-08T00:00:00,Lumding,25.28,92.84,210.60926876155597,24.60054591892479,70.92107563680324,29.82419522320506,HEAVY_MONSOON,HISTORICAL,HISTORICAL,Historical data
2023-06-08T00:00:00,Silchar,24.82,92.8,303.3712558091564,27.52848502812126,88.91913634663936,29.80163515418548,HEAVY_MONSOON,HISTORICAL,HISTORICAL,Historical data
2023-06-09T00:00:00,Guwahati,26.18,91.75,232.71102145700402,20.351203299825414,65.11797526515376,15.802610820668072,HEAVY_MONSOON,HISTORICAL,HISTORICAL,Historical data
2023-06-09T00:00:00,Nagaon,26.15,92.72,257.40789079761447,27.789744875141388,91.83457622149713,9.058757201942013,HEAVY_MONSOON,HISTORICAL,HISTORICAL,Historical data
2023-06-09T00:00:00,Lumding,25.28,92.84,198.01484865531958,25.3257141464191,68.0311037904059,24.167082469555822,HEAVY_MONSOON,HISTORICAL,HISTORICAL,Historical data
2023-06-09T00:00:00,Silchar,24.82,92.8,235.6450305053504,26.326267357249193,89.93487186953753,12.932715171918758,HEAVY_MONSOON,HISTORICAL,HISTORICAL,Historical data
2023-06-10T00:00:00,Guwahati,26.18,91.75,149.11734973691173,26.03629464808662,66.7931351501558,18.924570574032046,HEAVY_MONSOON,HISTORICAL,HISTORICAL,Historical data
2023-06-10T00:00:00,Nagaon,26.15,92.72,114.05913996085417,26.030241517436373,77.2091477303059,29.18125468183554,HEAVY_MONSOON,HISTORICAL,HISTORICAL,Historical data
2023-06-10T00:00:00,Lumding,25.28,92.84,226.8790521812479,26.055593813641007,89.24467525604236,17.48970061028681,HEAVY_MONSOON,HISTORICAL,HISTORICAL,Historical data
2023-06-10T00:00:00,Silchar,24.82,92.8,265.1412743101502,29.175157964796625,88.68236056128372,23.179190583319407,HEAVY_MONSOON,HISTORICAL,HISTORICAL,Historical data
2023-06-11T00:00:00,Guwahati,26.18,91.75,180.6360129985791,25.454793567564977,74.07835707964998,15.77208356131267,HEAVY_MONSOON,HISTORICAL,HISTORICAL,Historical data
2023-06-11T00:00:00,Nagaon,26.15,92.72,156.37194826468766,25.82636038649171,77.39457703371129,19.602628726658036,HEAVY_MONSOON,HISTORICAL,HISTORICAL,Historical data
2023-06-11T00:00:00,Lumding,25.28,92.84,211.79216200884102,21.49308083500924,73.49752436473987,13.843134154035345,HEAVY_MONSOON,HISTORICAL,HISTORICAL,Historical data
2023-06-11T00:00:00,Silchar,24.82,92.8,300.06022492296114,24.84382403064656,73.63171321028892,28.548576737976962,HEAVY_MONSOON,HISTORICAL,HISTORICAL,Historical data
2023-06-12T00:00:00,Guwahati,26.18,91.75,185.3106772876927,25.25591872736927,75.86971417309579,22.712925125697236,HEAVY_MONSOON,HISTORICAL,HISTORICAL,Historical data
2023-06-12T00:00:00,Nagaon,26.15,92.72,128.78994914690406,25.311737679372776,67.53885402827231,17.399526268115412,HEAVY_MONSOON,HISTORICAL,HISTORICAL,Historical data
2023-06-12T00:00:00,Lumding,25.28,92.84,189.87307359475213,24.461203638733952,72.80998016867993,24.813309269001692,HEAVY_MONSOON,HISTORICAL,HISTORICAL,Historical data
2023-06-12T00:00:00,Silchar,24.82,92.8,227.69121750471982,30.660338451656656,90.42002347674095,17.07187456672436,HEAVY_MONSOON,HISTORICAL,HISTORICAL,Historical data
2023-06-13T00:00:00,Guwahati,26.18,91.75,213.23090952864345,22.75146970858218,89.46840998018405,17.482003789599897,HEAVY_MONSOON,HISTORICAL,HISTORICAL,Historical data
2023-06-13T00:00:00,Nagaon,26.15,92.72,189.64999032684736,24.92104824666152,72.72812793443579,20.92173431789829,HEAVY_MONSOON,HISTORICAL,HISTORICAL,Historical data
2023-06-13T00:00:00,Lumding,25.28,92.84,212.9155551420379,22.58848458601055,78.15133115153373,19.155982536228418,HEAVY_MONSOON,HISTORICAL,HISTORICAL,Historical data
2023-06-13T00:00:00,Silchar,24.82,92.8,183.51329216597523,23.352761343556576,68.79828478066233,28.161003803776637,HEAVY_MONSOON,HISTORICAL,HISTORICAL,Historical data
2023-06-14T00:00:00,Guwahati,26.18,91.75,227.9387564679124,24.190716934636797,75.22148116185404,8.639223278216694,HEAVY_MONSOON,HISTORICAL,HISTORICAL,Historical data
2023-06-14T00:00:00,Nagaon,26.15,92.72,251.8942965830479,24.49918496613603,65.65249165591942,14.394735600408676,HEAVY_MONSOON,HISTORICAL,HISTORICAL,Historical data
2023-06-14T00:00:00,Lumding,25.28,92.84,198.2760609398745,28.154296365164207,91.2141783427137,25.551177283024202,HEAVY_MONSOON,HISTORICAL,HISTORICAL,Historical data
2023-06-14T00:00:00,Silchar,24.82,92.8,235.23167978771897,22.5618491988038,66.86022036762941,28.917327862284544,HEAVY_MONSOON,HISTORICAL,HISTORICAL,Historical data
2023-06-15T00:00:00,Guwahati,26.18,91.75,142.68936751107248,26.55108712476766,67.38764823989689,20.983013871200004,HEAVY_MONSOON,HISTORICAL,HISTORICAL,Historical data
2023-06-15T00:00:00,Nagaon,26.15,92.72,178.42106118204737,21.852458534679215,85.57546906768785,13.487128751108523,HEAVY_MONSOON,HISTORICAL,HISTORICAL,Historical data
2023-06-15T00:00:00,Lumding,25.28,92.84,136.49688768895044,25.719802994926017,94.12736330695405,19.51846636951712,HEAVY_MONSOON,HISTORICAL,HISTORICAL,Historical data
2023-06-15T00:00:00,Silchar,24.82,92.8,270.5856077729112,26.34339067451642,81.68616526626944,18.88058831727253,HEAVY_MONSOON,HISTORICAL,HISTORICAL,Historical data
2023-06-16T00:00:00,Guwahati,26.18,91.75,153.2902150050569,23.439280981575763,68.75861637908551,10.454216423755598,HEAVY_MONSOON,HISTORICAL,HISTORICAL,Historical data
2023-06-16T00:00:00,Nagaon,26.15,92.72,166.3348446865653,21.90614316014046,69.29350075133218,23.919403138236035,HEAVY_MONSOON,HISTORICAL,HISTORICAL,Historical data
2023-06-16T00:00:00,Lumding,25.28,92.84,229.1155894398117,26.668433732557315,93.23933061853965,15.038652931403877,HEAVY_MONSOON,HISTORICAL,HISTORICAL,Historical data
2023-06-16T00:00:00,Silchar,24.82,92.8,210.2636788583716,26.34858379092398,92.85296960426672,26.513866536228978,HEAVY_MONSOON,HISTORICAL,HISTORICAL,Historical data
2023-06-17T00:00:00,Guwahati,26.18,91.75,86.37410873585338,23.127073012725184,80.0615309986261,26.599770726558074,HEAVY_MONSOON,HISTORICAL,HISTORICAL,Historical data
2023-06-17T00:00:00,Nagaon,26.15,92.72,228.68898920450073,29.811937767834387,86.70995055673792,21.934329272736978,HEAVY_MONSOON,HISTORICAL,HISTORICAL,Historical data
2023-06-17T00:00:00,Lumding,25.28,92.84,230.96161222856392,22.133161887251784,78.39059570290598,21.123737711898617,HEAVY_MONSOON,HISTORICAL,HISTORICAL,Historical data
2023-06-17T00:00:00,Silchar,24.82,92.8,237.1125159391188,23.02420976080505,81.32322454920588,11.43192423019612,HEAVY_MONSOON,HISTORICAL,HISTORICAL,Historical data
2023-06-18T00:00:00,Guwahati,26.18,91.75,155.8274894119885,25.174280873663538,85.78367071186607,23.921124902907266,HEAVY_MONSOON,HISTORICAL,HISTORICAL,Historical data
2023-06-18T00:00:00,Nagaon,26.15,92.72,219.0264954459027,25.343740039628493,77.84036133964892,10.987503309349206,HEAVY_MONSOON,HISTORICAL,HISTORICAL,Historical data
2023-06-18T00:00:00,Lumding,25.28,92.84,179.30576318323514,24.169602054104196,69.58370040868627,24.748501694259833,HEAVY_MONSOON,HISTORICAL,HISTORICAL,Historical data
2023-06-18T00:00:00,Silchar,24.82,92.8,257.42721143191756,23.190550592578806,69.17137546418958,25.689795303273485,HEAVY_MONSOON,HISTORICAL,HISTORICAL,Historical data
2023-06-19T00:00:00,Guwahati,26.18,91.75,189.50616233821307,26.831476766896973,65.59557285847833,9.184133588586826,HEAVY_MONSOON,HISTORICAL,HISTORICAL,Historical data
2023-06-19T00:00:00,Nagaon,26.15,92.72,172.0205439680659,25.205524663281867,81.89289558895697,26.44054621119412,HEAVY_MONSOON,HISTORICAL,HISTORICAL,Historical data
2023-06-19T00:00:00,Lumding,25.28,92.84,232.86227960301946,29.370148325468747,67.94830302385836,25.6383751315934,HEAVY_MONSOON,HISTORICAL,HISTORICAL,Historical data
2023-06-19T00:00:00,Silchar,24.82,92.8,254.49670152978138,22.85002799222503,75.19002470625391,18.143494626790652,HEAVY_MONSOON,HISTORICAL,HISTORICAL,Historical data
2023-06-20T00:00:00,Guwahati,26.18,91.75,129.90435836316848,24.920212599376406,65.92855087301449,21.342525012070098,HEAVY_MONSOON,HISTORICAL,HISTORICAL,Historical data
2023-06-20T00:00:00,Nagaon,26.15,92.72,242.34443929055652,20.93001227831583,74.43095405204895,19.633578148492045,HEAVY_MONSOON,HISTORICAL,HISTORICAL,Historical data
2023-06-20T00:00:00,Lumding,25.28,92.84,214.54108646788634,28.095782125853766,92.50511345462735,18.205882113598523,HEAVY_MONSOON,HISTORICAL,HISTORICAL,Historical data
2023-06-20T00:00:00,Silchar,24.82,92.8,214.6610824030816,28.797429417672067,65.12148571379869,27.612478942578992,HEAVY_MONSOON,HISTORICAL,HISTORICAL,Historical data
2023-06-21T00:00:00,Guwahati,26.18,91.75,148.0929168176234,27.53992608201916,77.74811535563137,21.177405574407707,HEAVY_MONSOON,HISTORICAL,HISTORICAL,Historical data
2023-06-21T00:00:00,Nagaon,26.15,92.72,206.4422116258588,22.706955365809144,88.20021308214578,10.352286554629732,HEAVY_MONSOON,HISTORICAL,HISTORICAL,Historical data
2023-06-21T00:00:00,Lumding,25.28,92.84,178.03984950283024,24.585870948754827,74.15825485370188,9.25936703399924,HEAVY_MONSOON,HISTORICAL,HISTORICAL,Historical data
2023-06-21T00:00:00,Silchar,24.82,92.8,309.2766966773875,24.364885248594227,94.27978495635287,24.470938843312886,HEAVY_MONSOON,HISTORICAL,HISTORICAL,Historical data
2023-06-22T00:00:00,Guwahati,26.18,91.75,237.94015123521018,23.407827594109794,93.36223436218461,9.743388436289223,HEAVY_MONSOON,HISTORICAL,HISTORICAL,Historical data
2023-06-22T00:00:00,Nagaon,26.15,92.72,267.95741058146723,28.35214279370311,66.77614327571501,22.22698073628196,HEAVY_MONSOON,HISTORICAL,HISTORICAL,Historical data
2023-06-22T00:00:00,Lumding,25.28,92.84,259.31487779827484,25.44812682013404,68.62874453141154,19.71273729117899,HEAVY_MONSOON,HISTORICAL,HISTORICAL,Historical data
2023-06-22T00:00:00,Silchar,24.82,92.8,277.32487651007636,27.094636967785558,67.56820778436808,27.74177913726572,HEAVY_MONSOON,HISTORICAL,HISTORICAL,Historical data
2023-06-23T00:00:00,Guwahati,26.18,91.75,148.02014903460287,26.04937210039743,89.56231791548139,9.768359506947814,HEAVY_MONSOON,HISTORICAL,HISTORICAL,Historical data
2023-06-23T00:00:00,Nagaon,26.15,92.72,228.780505694719,29.214149307280415,68.54301422000833,18.214469861454173,HEAVY_MONSOON,HISTORICAL,HISTORICAL,Historical data
2023-06-23T00:00:00,Lumding,25.28,92.84,249.226862504361,21.990717456522805,72.10761148020123,9.20092946260177,HEAVY_MONSOON,HISTORICAL,HISTORICAL,Historical data
2023-06-23T00:00:00,Silchar,24.82,92.8,233.18821878599937,20.681835132117556,92.45100852077029,9.209495131866856,HEAVY_MONSOON,HISTORICAL,HISTORICAL,Historical data
2023-06-24T00:00:00,Guwahati,26.18,91.75,159.7923309331701,23.947545114933146,78.68259225314233,19.018405301753006,HEAVY_MONSOON,HISTORICAL,HISTORICAL,Historical data
2023-06-24T00:00:00,Nagaon,26.15,92.72,214.97599218427655,23.937809531549835,94.65418137538587,25.977049866828025,HEAVY_MONSOON,HISTORICAL,HISTORICAL,Historical data
2023-06-24T00:00:00,Lumding,25.28,92.84,238.23966897603583,22.92664409463285,80.81382375629033,25.68930610033968,HEAVY_MONSOON,HISTORICAL,HISTORICAL,Historical data
2023-06-24T00:00:00,Silchar,24.82,92.8,191.4826956042014,24.48225182916985,77.61729926558553,24.48936183060362,HEAVY_MONSOON,HISTORICAL,HISTORICAL,Historical data
2023-06-25T00:00:00,Guwahati,26.18,91.75,103.67757789668647,25.26369089044568,70.48993224641494,28.652603699182986,HEAVY_MONSOON,HISTORICAL,HISTORICAL,Historical data
2023-06-25T00:00:00,Nagaon,26.15,92.72,154.09816483855997,25.035623799954077,88.8740384089996,25.50650442986561,HEAVY_MONSOON,HISTORICAL,HISTORICAL,Historical data
2023-06-25T00:00:00,Lumding,25.28,92.84,279.4480866589902,28.584374216866347,80.94242387840706,25.338905123491312,HEAVY_MONSOON,HISTORICAL,HISTORICAL,Historical data
2023-06-25T00:00:00,Silchar,24.82,92.8,210.70790355035516,25.351613700655843,69.12911800697158,24.359047655374614,HEAVY_MONSOON,HISTORICAL,HISTORICAL,Historical data
2023-06-26T00:00:00,Guwahati,26.18,91.75,146.85413066737817,23.2625697135488,73.63824707322985,9.152574485901734,HEAVY_MONSOON,HISTORICAL,HISTORICAL,Historical data
2023-06-26T00:00:00,Nagaon,26.15,92.72,175.73148389317748,25.640152672520777,80.52431983760933,11.017444433394964,HEAVY_MONSOON,HISTORICAL,HISTORICAL,Historical data
2023-06-26T00:00:00,Lumding,25.28,92.84,257.6995967297357,27.25526746951696,77.51117639561167,10.883321945475755,HEAVY_MONSOON,HISTORICAL,HISTORICAL,Historical data
2023-06-26T00:00:00,Silchar,24.82,92.8,299.4412606121633,25.0020906229234,72.72256777189484,28.139522975925036,HEAVY_MONSOON,HISTORICAL,HISTORICAL,Historical data
2023-06-27T00:00:00,Guwahati,26.18,91.75,146.44120624983074,27.16470554916986,93.3642956735136,29.15369916882769,HEAVY_MONSOON,HISTORICAL,HISTORICAL,Historical data
2023-06-27T00:00:00,Nagaon,26.15,92.72,137.10772101465446,25.296174692533064,70.22156841840138,12.570004132856422,HEAVY_MONSOON,HISTORICAL,HISTORICAL,Historical data
2023-06-27T00:00:00,Lumding,25.28,92.84,325.0561633472056,24.79988676522888,90.01351020758028,21.5851271948527,HEAVY_MONSOON,HISTORICAL,HISTORICAL,Historical data
2023-06-27T00:00:00,Silchar,24.82,92.8,276.84493783062,23.461038512152165,67.43020929738411,28.746629886338155,HEAVY_MONSOON,HISTORICAL,HISTORICAL,Historical data
2023-06-28T00:00:00,Guwahati,26.18,91.75,126.37664015625836,22.63330785079504,78.02385984013067,19.944347144490976,HEAVY_MONSOON,HISTORICAL,HISTORICAL,Historical data
2023-06-28T00:00:00,Nagaon,26.15,92.72,178.3373055093507,26.777446011865727,89.04744426566906,12.476728339592034,HEAVY_MONSOON,HISTORICAL,HISTORICAL,Historical data
2023-06-28T00:00:00,Lumding,25.28,92.84,260.9656531718647,24.96343984506524,85.51695574162511,11.735581235900028,HEAVY_MONSOON,HISTORICAL,HISTORICAL,Historical data
2023-06-28T00:00:00,Silchar,24.82,92.8,212.46865247961935,24.878751442168756,69.86664426296726,19.002393594093892,HEAVY_MONSOON,HISTORICAL,HISTORICAL,Historical data
2023-06-29T00:00:00,Guwahati,26.18,91.75,261.9252402170755,24.491085297134767,76.9385158968678,23.85061920671142,HEAVY_MONSOON,HISTORICAL,HISTORICAL,Historical data
2023-06-29T00:00:00,Nagaon,26.15,92.72,175.0938264878833,21.420748873038107,78.80987803357895,8.339537661989237,HEAVY_MONSOON,HISTORICAL,HISTORICAL,Historical data
2023-06-29T00:00:00,Lumding,25.28,92.84,168.59918607000196,25.899868222134216,79.6165453072626,8.334392547848323,HEAVY_MONSOON,HISTORICAL,HISTORICAL,Historical data
2023-06-29T00:00:00,Silchar,24.82,92.8,308.89740993655727,23.6244501647777,93.4010925605216,16.12644048511111,HEAVY_MONSOON,HISTORICAL,HISTORICAL,Historical data
2023-06-30T00:00:00,Guwahati,26.18,91.75,204.85480307126318,24.413367119491298,81.74947399830592,25.16353354505362,HEAVY_MONSOON,HISTORICAL,HISTORICAL,Historical data
2023-06-30T00:00:00,Nagaon,26.15,92.72,179.07823546165562,26.704253062500655,65.39387764797577,29.331526225087863,HEAVY_MONSOON,HISTORICAL,HISTORICAL,Historical data
2023-06-30T00:00:00,Lumding,25.28,92.84,154.18954690623553,26.33889828819506,72.06970435824931,14.56372852031662,HEAVY_MONSOON,HISTORICAL,HISTORICAL,Historical data
2023-06-30T00:00:00,Silchar,24.82,92.8,269.4984148814028,24.936331317244697,81.55540974355371,14.765923405240207,HEAVY_MONSOON,HISTORICAL,HISTORICAL,Historical data
2023-07-01T00:00:00,Guwahati,26.18,91.75,184.20012935607244,22.306122623724768,92.4770614785394,9.641551487798605,HEAVY_MONSOON,HISTORICAL,HISTORICAL,Historical data
2023-07-01T00:00:00,Nagaon,26.15,92.72,186.27153621594974,28.14909603672092,79.94910491648213,13.564188715915522,HEAVY_MONSOON,HISTORICAL,HISTORICAL,Historical data
2023-07-01T00:00:00,Lumding,25.28,92.84,258.2390409117235,23.749547137825616,80.6112003868641,29.66678766658475,HEAVY_MONSOON,HISTORICAL,HISTORICAL,Historical data
2023-07-01T00:00:00,Silchar,24.82,92.8,277.0797748004889,26.817893027314803,74.99057838062426,17.57944574626611,HEAVY_MONSOON,HISTORICAL,HISTORICAL,Historical data
2023-07-02T00:00:00,Guwahati,26.18,91.75,171.4719444869005,23.972202511968895,85.65222157163342,14.884723785105848,HEAVY_MONSOON,HISTORICAL,HISTORICAL,Historical data
2023-07-02T00:00:00,Nagaon,26.15,92.72,225.78372807683368,23.65141410933743,78.81191279134339,26.98879059859225,HEAVY_MONSOON,HISTORICAL,HISTORICAL,Historical data
2023-07-02T00:00:00,Lumding,25.28,92.84,258.7041756349006,25.11496823314195,92.6376609673248,14.970123422713096,HEAVY_MONSOON,HISTORICAL,HISTORICAL,Historical data
2023-07-02T00:00:00,Silchar,24.82,92.8,264.7837688049685,23.358942808393508,71.14739441560613,17.816916290138693,HEAVY_MONSOON,HISTORICAL,HISTORICAL,Historical data
2023-07-03T00:00:00,Guwahati,26.18,91.75,183.55330324698542,24.37186689855105,87.19099328572146,16.17327227152945,HEAVY_MONSOON,HISTORICAL,HISTORICAL,Historical data
2023-07-03T00:00:00,Nagaon,26.15,92.72,206.17827196767624,23.61209215640013,75.43376913895418,23.980209365012072,HEAVY_MONSOON,HISTORICAL,HISTORICAL,Historical data
2023-07-03T00:00:00,Lumding,25.28,92.84,209.66190567914944,24.121833129823685,90.61214315169055,9.540812494345131,HEAVY_MONSOON,HISTORICAL,HISTORICAL,Historical data
2023-07-03T00:00:00,Silchar,24.82,92.8,227.6828167072146,25.939408584293716,81.48574248788002,29.975754003425767,HEAVY_MONSOON,HISTORICAL,HISTORICAL,Historical data
2023-07-04T00:00:00,Guwahati,26.18,91.75,125.7832941009689,23.654222912835277,83.5203440843225,16.4066426687429,HEAVY_MONSOON,HISTORICAL,HISTORICAL,Historical data
2023-07-04T00:00:00,Nagaon,26.15,92.72,175.3560107051212,24.514958718475476,76.41100817502787,11.894124380946808,HEAVY_MONSOON,HISTORICAL,HISTORICAL,Historical data
2023-07-04T00:00:00,Lumding,25.28,92.84,196.3019000328711,26.179564401126164,74.37489991295887,11.363570264499304,HEAVY_MONSOON,HISTORICAL,HISTORICAL,Historical data
2023-07-04T00:00:00,Silchar,24.82,92.8,252.9171750842262,26.719086498255194,83.74500421985694,18.092288365299858,HEAVY_MONSOON,HISTORICAL,HISTORICAL,Historical data
2023-07-05T00:00:00,Guwahati,26.18,91.75,194.56266108587755,21.793924941741366,83.17924540228043,24.90209491860074,HEAVY_MONSOON,HISTORICAL,HISTORICAL,Historical data
2023-07-05T00:00:00,Nagaon,26.15,92.72,154.7446194442477,25.866724769896635,88.68531498647454,10.81322597836493,HEAVY_MONSOON,HISTORICAL,HISTORICAL,Historical data
2023-07-05T00:00:00,Lumding,25.28,92.84,256.07557127244473,21.27210309348979,68.83796410803913,18.077931630097474,HEAVY_MONSOON,HISTORICAL,HISTORICAL,Historical data
2023-07-05T00:00:00,Silchar,24.82,92.8,318.01694440457607,26.191876222262852,78.54011450939326,10.874352010787431,HEAVY_MONSOON,HISTORICAL,HISTORICAL,Historical data
2023-07-06T00:00:00,Guwahati,26.18,91.75,189.03090122619335,24.710952921720192,91.36962795221235,14.724895981866213,HEAVY_MONSOON,HISTORICAL,HISTORICAL,Historical data
2023-07-06T00:00:00,Nagaon,26.15,92.72,180.03008315418708,23.041081683455282,78.28593929459251,19.07377070769696,HEAVY_MONSOON,HISTORICAL,HISTORICAL,Historical data
2023-07-06T00:00:00,Lumding,25.28,92.84,167.88825863942282,25.879105440672294,73.40874452990333,28.183889210857952,HEAVY_MONSOON,HISTORICAL,HISTORICAL,Historical data
2023-07-06T00:00:00,Silchar,24.82,92.8,281.1496859502135,23.532736403799525,87.17802122753753,11.444196583542046,HEAVY_MONSOON,HISTORICAL,HISTORICAL,Historical data
2023-07-07T00:00:00,Guwahati,26.18,91.75,182.3348612792262,24.55567592905445,92.79580358927481,23.750987169311234,HEAVY_MONSOON,HISTORICAL,HISTORICAL,Historical data
2023-07-07T00:00:00,Nagaon,26.15,92.72,218.13531269689244,27.976306707673487,93.95400343308701,22.58922722749129,HEAVY_MONSOON,HISTORICAL,HISTORICAL,Historical data
2023-07-07T00:00:00,Lumding,25.28,92.84,204.99037825264992,27.072893212823693,81.69140584008218,21.24263696443303,HEAVY_MONSOON,HISTORICAL,HISTORICAL,Historical data
2023-07-07T00:00:00,Silchar,24.82,92.8,240.6948699198107,26.71431588560489,68.38727168954213,28.32149722212092,HEAVY_MONSOON,HISTORICAL,HISTORICAL,Historical data
2023-07-08T00:00:00,Guwahati,26.18,91.75,201.32092439087424,25.739981262986753,72.47967598315593,25.79939702125989,HEAVY_MONSOON,HISTORICAL,HISTORICAL,Historical data
2023-07-08T00:00:00,Nagaon,26.15,92.72,119.4998403617283,25.92106192982139,77.39920805275874,13.626824067088197,HEAVY_MONSOON,HISTORICAL,HISTORICAL,Historical data
2023-07-08T00:00:00,Lumding,25.28,92.84,252.76102003130836,25.157086974041142,90.1371982708951,11.260482263322032,HEAVY_MONSOON,HISTORICAL,HISTORICAL,Historical data
2023-07-08T00:00:00,Silchar,24.82,92.8,222.39309573459718,26.10947154685315,75.82728265126752,17.880345144202227,HEAVY_MONSOON,HISTORICAL,HISTORICAL,Historical data
2023-07-09T00:00:00,Guwahati,26.18,91.75,227.59935309558,24.26907697040558,71.68710953073125,28.17855182421541,HEAVY_MONSOON,HISTORICAL,HISTORICAL,Historical data
2023-07-09T00:00:00,Nagaon,26.15,92.72,205.55465216512383,24.131721703779036,70.63954132654473,15.145082887510224,HEAVY_MONSOON,HISTORICAL,HISTORICAL,Historical data
2023-07-09T00:00:00,Lumding,25.28,92.84,240.00966360566287,24.349186310090857,65.10852285750809,8.684060916674156,HEAVY_MONSOON,HISTORICAL,HISTORICAL,Historical data
2023-07-09T00:00:00,Silchar,24.82,92.8,269.20173743710234,24.399855421135445,76.78507556733534,25.419202918564466,HEAVY_MONSOON,HISTORICAL,HISTORICAL,Historical data
2023-07-10T00:00:00,Guwahati,26.18,91.75,122.17147669566177,23.564430659812,90.0339907402867,10.096920947746801,HEAVY_MONSOON,HISTORICAL,HISTORICAL,Historical data
2023-07-10T00:00:00,Nagaon,26.15,92.72,252.98691395992682,22.932204584395564,93.60248079775727,11.050414676623996,HEAVY_MONSOON,HISTORICAL,HISTORICAL,Historical data
2023-07-10T00:00:00,Lumding,25.28,92.84,241.21596427052145,22.833491838826653,67.93988854548633,26.420887481741293,HEAVY_MONSOON,HISTORICAL,HISTORICAL,Historical data
2023-07-10T00:00:00,Silchar,24.82,92.8,329.86479886156206,23.850519479819464,92.51847640724772,25.54153782061386,HEAVY_MONSOON,HISTORICAL,HISTORICAL,Historical data
2023-07-11T00:00:00,Guwahati,26.18,91.75,221.89869069625945,26.818368144026582,89.05781123279951,9.655701405373572,HEAVY_MONSOON,HISTORICAL,HISTORICAL,Historical data
2023-07-11T00:00:00,Nagaon,26.15,92.72,237.89922990743895,25.083446762468217,78.4137386714635,13.964563174398128,HEAVY_MONSOON,HISTORICAL,HISTORICAL,Historical data
2023-07-11T00:00:00,Lumding,25.28,92.84,223.0406048653041,25.121985744675317,94.21768830261921,16.992091620583043,HEAVY_MONSOON,HISTORICAL,HISTORICAL,Historical data
2023-07-11T00:00:00,Silchar,24.82,92.8,281.6387736606959,24.43162235401622,74.00692568129101,8.08635726317176,HEAVY_MONSOON,HISTORICAL,HISTORICAL,Historical data
2023-07-12T00:00:00,Guwahati,26.18,91.75,152.4508894204629,24.56207948020375,93.70914943226896,16.367484398601533,HEAVY_MONSOON,HISTORICAL,HISTORICAL,Historical data
2023-07-12T00:00:00,Nagaon,26.15,92.72,218.71034289490876,23.612876501753643,79.4256817653446,8.255163833034647,HEAVY_MONSOON,HISTORICAL,HISTORICAL,Historical data
2023-07-12T00:00:00,Lumding,25.28,92.84,183.01322264073525,25.882801623303614,92.84328348959475,20.30973153019073,HEAVY_MONSOON,HISTORICAL,HISTORICAL,Historical data
2023-07-12T00:00:00,Silchar,24.82,92.8,326.92901552865817,23.426692224215387,83.71695655911343,28.452075353565007,HEAVY_MONSOON,HISTORICAL,HISTORICAL,Historical data
2023-07-13T00:00:00,Guwahati,26.18,91.75,219.5015178818545,24.027838458646524,74.78270040069047,19.41799211009381,HEAVY_MONSOON,HISTORICAL,HISTORICAL,Historical data
2023-07-13T00:00:00,Nagaon,26.15,92.72,251.19567362594336,23.695680340930355,74.2905111163671,9.400833129660539,HEAVY_MONSOON,HISTORICAL,HISTORICAL,Historical data
2023-07-13T00:00:00,Lumding,25.28,92.84,226.77314854783077,23.06144785747399,75.35949420930443,28.558307095108304,HEAVY_MONSOON,HISTORICAL,HISTORICAL,Historical data
2023-07-13T00:00:00,Silchar,24.82,92.8,252.234093861678,23.36232329945969,90.58092412052177,26.332908627994023,HEAVY_MONSOON,HISTORICAL,HISTORICAL,Historical data
2023-07-14T00:00:00,Guwahati,26.18,91.75,172.47111343547192,27.318450778661646,77.02949601719854,12.91854380681355,HEAVY_MONSOON,HISTORICAL,HISTORICAL,Historical data
2023-07-14T00:00:00,Nagaon,26.15,92.72,205.2586270467429,25.057877070422286,67.2889762063528,29.722194566546964,HEAVY_MONSOON,HISTORICAL,HISTORICAL,Historical data
2023-07-14T00:00:00,Lumding,25.28,92.84,247.52854843404432,24.309573498241527,84.81905334864675,18.3312111307574,HEAVY_MONSOON,HISTORICAL,HISTORICAL,Historical data
2023-07-14T00:00:00,Silchar,24.82,92.8,314.22631564806125,25.194818721751325,68.62778281686082,9.862794804641586,HEAVY_MONSOON,HISTORICAL,HISTORICAL,Historical data
2023-07-15T00:00:00,Guwahati,26.18,91.75,212.34044745023868,24.440145028844118,84.03730437846797,23.391259073903615,HEAVY_MONSOON,HISTORICAL,HISTORICAL,Historical data
2023-07-15T00:00:00,Nagaon,26.15,92.72,155.43048657099257,27.122753346673754,65.29114762232723,21.915499991122154,HEAVY_MONSOON,HISTORICAL,HISTORICAL,Historical data
2023-07-15T00:00:00,Lumding,25.28,92.84,219.91847538536527,21.323734033134134,74.14105753995315,20.389011168267828,HEAVY_MONSOON,HISTORICAL,HISTORICAL,Historical data
2023-07-15T00:00:00,Silchar,24.82,92.8,178.08221966595713,25.85185615628822,90.95558790252656,23.40163630182967,HEAVY_MONSOON,HISTORICAL,HISTORICAL,Historical data
2023-07-16T00:00:00,Guwahati,26.18,91.75,233.4706512681125,23.804108535507186,71.76035298524502,14.146197901666769,HEAVY_MONSOON,HISTORICAL,HISTORICAL,Historical data
2023-07-16T00:00:00,Nagaon,26.15,92.72,209.10841869519368,22.54460676005461,92.1403743177149,22.359157004974705,HEAVY_MONSOON,HISTORICAL,HISTORICAL,Historical data
2023-07-16T00:00:00,Lumding,25.28,92.84,184.62105131450554,25.204616763640058,94.78203847928438,17.084578741426448,HEAVY_MONSOON,HISTORICAL,HISTORICAL,Historical data
2023-07-16T00:00:00,Silchar,24.82,92.8,263.899206651419,25.300563777266785,73.00909299249135,15.497382347244063,HEAVY_MONSOON,HISTORICAL,HISTORICAL,Historical data
2023-07-17T00:00:00,Guwahati,26.18,91.75,140.07404321501207,24.497229465946727,85.50856665684177,8.064813862109803,HEAVY_MONSOON,HISTORICAL,HISTORICAL,Historical data
2023-07-17T00:00:00,Nagaon,26.15,92.72,122.1230127113298,24.364836845521495,68.73582734384753,13.828926574981358,HEAVY_MONSOON,HISTORICAL,HISTORICAL,Historical data
2023-07-17T00:00:00,Lumding,25.28,92.84,281.81363187529627,28.6539436907249,65.29368506216507,27.832526432810504,HEAVY_MONSOON,HISTORICAL,HISTORICAL,Historical data
2023-07-17T00:00:00,Silchar,24.82,92.8,276.0517698816802,23.965554920605936,68.87687228244965,8.019254430658421,HEAVY_MONSOON,HISTORICAL,HISTORICAL,Historical data
2023-07-18T00:00:00,Guwahati,26.18,91.75,192.98177023815074,27.01069504996642,90.0129895852243,18.451704962829908,HEAVY_MONSOON,HISTORICAL,HISTORICAL,Historical data
2023-07-18T00:00:00,Nagaon,26.15,92.72,314.4088172106853,24.339235864006902,82.27374484017409,19.48339986863242,HEAVY_MONSOON,HISTORICAL,HISTORICAL,Historical data
2023-07-18T00:00:00,Lumding,25.28,92.84,211.05202604673926,26.30220639181572,85.45969249752929,25.542028420311187,HEAVY_MONSOON,HISTORICAL,HISTORICAL,Historical data
2023-07-18T00:00:00,Silchar,24.82,92.8,230.53001247558342,24.42109192778177,67.65590222018156,24.72616646108075,HEAVY_MONSOON,HISTORICAL,HISTORICAL,Historical data
2023-07-19T00:00:00,Guwahati,26.18,91.75,186.71710050583476,19.176041020630525,85.28931243509271,20.398243604747826,HEAVY_MONSOON,HISTORICAL,HISTORICAL,Historical data
2023-07-19T00:00:00,Nagaon,26.15,92.72,221.78196201279405,27.240308599542267,78.93021656151079,28.45815964500905,HEAVY_MONSOON,HISTORICAL,HISTORICAL,Historical data
2023-07-19T00:00:00,Lumding,25.28,92.84,203.74149324561623,24.508701267798127,69.64973254001667,15.253852671646058,HEAVY_MONSOON,HISTORICAL,HISTORICAL,Historical data
2023-07-19T00:00:00,Silchar,24.82,92.8,222.40813983658074,25.97602956974582,90.32087860501018,29.23811596713492,HEAVY_MONSOON,HISTORICAL,HISTORICAL,Historical data
2023-07-20T00:00:00,Guwahati,26.18,91.75,189.17274786831447,23.388882489951676,70.11700938791537,29.94527288902021,HEAVY_MONSOON,HISTORICAL,HISTORICAL,Historical data
2023-07-20T00:00:00,Nagaon,26.15,92.72,223.64964373194775,23.820817998527392,66.56052306105471,14.116990270979583,HEAVY_MONSOON,HISTORICAL,HISTORICAL,Historical data
2023-07-20T00:00:00,Lumding,25.28,92.84,194.70245587259052,25.130475409651204,65.09613738139193,12.020059256173653,HEAVY_MONSOON,HISTORICAL,HISTORICAL,Historical data
2023-07-20T00:00:00,Silchar,24.82,92.8,227.06182893923878,23.22504611002069,73.13464703730811,27.500340832019667,HEAVY_MONSOON,HISTORICAL,HISTORICAL,Historical data
2023-07-21T00:00:00,Guwahati,26.18,91.75,209.0713989766315,23.204833786755742,75.15504839852917,15.243401420405846,HEAVY_MONSOON,HISTORICAL,HISTORICAL,Historical data
2023-07-21T00:00:00,Nagaon,26.15,92.72,179.01904236673923,29.191599724774225,86.06556041361077,21.014691992361044,HEAVY_MONSOON,HISTORICAL,HISTORICAL,Historical data
2023-07-21T00:00:00,Lumding,25.28,92.84,184.16148480355338,28.594411499658367,80.95593574977222,24.235646153066586,HEAVY_MONSOON,HISTORICAL,HISTORICAL,Historical data
2023-07-21T00:00:00,Silchar,24.82,92.8,302.3520246777417,22.090404294883975,71.0214313243658,19.430165079279753,HEAVY_MONSOON,HISTORICAL,HISTORICAL,Historical data
2023-07-22T00:00:00,Guwahati,26.18,91.75,139.0872591465772,24.662523682476884,83.65140451855835,28.794424085907465,HEAVY_MONSOON,HISTORICAL,HISTORICAL,Historical data
2023-07-22T00:00:00,Nagaon,26.15,92.72,169.5479192408119,25.224856845101662,70.64050372301966,13.23519840684154,HEAVY_MONSOON,HISTORICAL,HISTORICAL,Historical data
2023-07-22T00:00:00,Lumding,25.28,92.84,218.86837946348675,25.99698868204291,70.06708847618323,27.235867625282218,HEAVY_MONSOON,HISTORICAL,HISTORICAL,Historical data
2023-07-22T00:00:00,Silchar,24.82,92.8,273.03346441102315,24.883993367513796,92.98198936844733,14.19005956211576,HEAVY_MONSOON,HISTORICAL,HISTORICAL,Historical data
2023-07-23T00:00:00,Guwahati,26.18,91.75,182.11774339655435,25.738755322313942,87.6613608202632,12.391784241317701,HEAVY_MONSOON,HISTORICAL,HISTORICAL,Historical data
2023-07-23T00:00:00,Nagaon,26.15,92.72,220.16888299513423,27.15145510351058,73.47548982397988,26.656252401897238,HEAVY_MONSOON,HISTORICAL,HISTORICAL,Historical data
2023-07-23T00:00:00,Lumding,25.28,92.84,143.22952696007428,23.610420211625378,83.54724510554576,14.9106410986261,HEAVY_MONSOON,HISTORICAL,HISTORICAL,Historical data
2023-07-23T00:00:00,Silchar,24.82,92.8,214.9250330831572,24.884322472212123,74.74440723136182,8.214090973790077,HEAVY_MONSOON,HISTORICAL,HISTORICAL,Historical data
2023-07-24T00:00:00,Guwahati,26.18,91.75,173.24875625662028,25.79712850873806,85.45737891311819,25.504594133285377,HEAVY_MONSOON,HISTORICAL,HISTORICAL,Historical data
2023-07-24T00:00:00,Nagaon,26.15,92.72,243.26141238809342,21.666128349644392,79.20037928139325,12.223912398774967,HEAVY_MONSOON,HISTORICAL,HISTORICAL,Historical data
2023-07-24T00:00:00,Lumding,25.28,92.84,190.3065525149825,27.974811330096614,75.19641964435993,21.039679162989337,HEAVY_MONSOON,HISTORICAL,HISTORICAL,Historical data
2023-07-24T00:00:00,Silchar,24.82,92.8,207.94103424821952,23.68145700759515,70.90729549062655,12.378917373726319,HEAVY_MONSOON,HISTORICAL,HISTORICAL,Historical data
2023-07-25T00:00:00,Guwahati,26.18,91.75,156.03873717922576,23.071490870525874,88.66800073170111,10.354752629327514,HEAVY_MONSOON,HISTORICAL,HISTORICAL,Historical data
2023-07-25T00:00:00,Nagaon,26.15,92.72,249.49414421807177,26.11807628042405,65.26370501842491,26.547569391333376,HEAVY_MONSOON,HISTORICAL,HISTORICAL,Historical data
2023-07-25T00:00:00,Lumding,25.28,92.84,250.0094953142409,27.115694404548673,74.52444285622751,19.35738921205477,HEAVY_MONSOON,HISTORICAL,HISTORICAL,Historical data
2023-07-25T00:00:00,Silchar,24.82,92.8,201.3292639260428,24.675005623129643,68.5489426314994,9.863474583215151,HEAVY_MONSOON,HISTORICAL,HISTORICAL,Historical data
2023-07-26T00:00:00,Guwahati,26.18,91.75,150.9932504922589,25.721508360998815,91.50832329578583,28.735646736712237,HEAVY_MONSOON,HISTORICAL,HISTORICAL,Historical data
2023-07-26T00:00:00,Nagaon,26.15,92.72,244.2519272700018,25.720445363025853,65.84759079196047,27.449723507430807,HEAVY_MONSOON,HISTORICAL,HISTORICAL,Historical data
2023-07-26T00:00:00,Lumding,25.28,92.84,237.81770331027292,25.036377819412515,89.56047934578072,28.01291955634673,HEAVY_MONSOON,HISTORICAL,HISTORICAL,Historical data
2023-07-26T00:00:00,Silchar,24.82,92.8,272.2092250862685,24.971533108222825,93.6418499393974,21.696861384164393,HEAVY_MONSOON,HISTORICAL,HISTORICAL,Historical data
2023-07-27T00:00:00,Guwahati,26.18,91.75,180.89530576456778,27.638337076454484,70.57782910886678,24.4177382723013,HEAVY_MONSOON,HISTORICAL,HISTORICAL,Historical data
2023-07-27T00:00:00,Nagaon,26.15,92.72,200.21908503884464,22.47899687638729,74.21173261464098,13.520794437338354,HEAVY_MONSOON,HISTORICAL,HISTORICAL,Historical data
2023-07-27T00:00:00,Lumding,25.28,92.84,216.66600022244253,27.502382959461443,90.74178450357799,29.93128357291035,HEAVY_MONSOON,HISTORICAL,HISTORICAL,Historical data
2023-07-27T00:00:00,Silchar,24.82,92.8,192.65318366871583,26.54508329765146,90.70789540577168,13.117388800102574,HEAVY_MONSOON,HISTORICAL,HISTORICAL,Historical data
2023-07-28T00:00:00,Guwahati,26.18,91.75,178.80290606206773,26.72105362175192,93.67060874219877,20.08692514042101,HEAVY_MONSOON,HISTORICAL,HISTORICAL,Historical data
2023-07-28T00:00:00,Nagaon,26.15,92.72,253.82740493811605,23.17603158144727,77.94677945010139,23.944923785040796,HEAVY_MONSOON,HISTORICAL,HISTORICAL,Historical data
2023-07-28T00:00:00,Lumding,25.28,92.84,164.98296401198553,25.107250753536995,90.59346805093757,26.311117614567205,HEAVY_MONSOON,HISTORICAL,HISTORICAL,Historical data
2023-07-28T00:00:00,Silchar,24.82,92.8,287.8851458656131,28.715025391250435,68.56059703184737,23.419881428183942,HEAVY_MONSOON,HISTORICAL,HISTORICAL,Historical data
2023-07-29T00:00:00,Guwahati,26.18,91.75,154.62484477801544,25.257334563582074,89.1099348726689,9.77243624351423,HEAVY_MONSOON,HISTORICAL,HISTORICAL,Historical data
2023-07-29T00:00:00,Nagaon,26.15,92.72,291.86653279917914,21.692739770193498,69.28303024960711,9.096732383794624,HEAVY_MONSOON,HISTORICAL,HISTORICAL,Historical data
2023-07-29T00:00:00,Lumding,25.28,92.84,256.565345686852,20.292523094249265,82.022149670811,28.86536230859827,HEAVY_MONSOON,HISTORICAL,HISTORICAL,Historical data
2023-07-29T00:00:00,Silchar,24.82,92.8,263.7180787751899,27.724027526701764,78.5569465380923,12.90766403133798,HEAVY_MONSOON,HISTORICAL,HISTORICAL,Historical data
2023-07-30T00:00:00,Guwahati,26.18,91.75,181.0941826341593,26.23233843067046,86.29338923216858,12.09419575056134,HEAVY_MONSOON,HISTORICAL,HISTORICAL,Historical data
2023-07-30T00:00:00,Nagaon,26.15,92.72,163.7984026223347,26.85912222986753,77.98820644190356,8.81898469041216,HEAVY_MONSOON,HISTORICAL,HISTORICAL,Historical data
2023-07-30T00:00:00,Lumding,25.28,92.84,191.787479839311,28.424269621541292,86.78412540633565,25.573167707393452,HEAVY_MONSOON,HISTORICAL,HISTORICAL,Historical data
2023-07-30T00:00:00,Silchar,24.82,92.8,245.79430178297358,24.16580534620154,94.83101292217498,18.41175619494357,HEAVY_MONSOON,HISTORICAL,HISTORICAL,Historical data
2023-07-31T00:00:00,Guwahati,26.18,91.75,168.27910340693256,25.921218133096623,78.9955024957226,28.890455224789058,HEAVY_MONSOON,HISTORICAL,HISTORICAL,Historical data
2023-07-31T00:00:00,Nagaon,26.15,92.72,211.3808982027414,25.237905735200275,75.84521756560177,25.046744272522222,HEAVY_MONSOON,HISTORICAL,HISTORICAL,Historical data
2023-07-31T00:00:00,Lumding,25.28,92.84,224.20515697459203,24.21722350724973,77.20298404130637,13.993524694804018,HEAVY_MONSOON,HISTORICAL,HISTORICAL,Historical data
2023-07-31T00:00:00,Silchar,24.82,92.8,203.80474361150863,28.266363285298155,91.74007764195913,15.466226840730377,HEAVY_MONSOON,HISTORICAL,HISTORICAL,Historical data
2023-08-01T00:00:00,Guwahati,26.18,91.75,157.78129174630197,26.729203041283316,73.2684226464176,18.99473308872164,HEAVY_MONSOON,HISTORICAL,HISTORICAL,Historical data
2023-08-01T00:00:00,Nagaon,26.15,92.72,251.2873999109121,26.471252261346265,89.99932395097318,12.634192602510792,HEAVY_MONSOON,HISTORICAL,HISTORICAL,Historical data
2023-08-01T00:00:00,Lumding,25.28,92.84,235.54366170865373,22.341133042847122,93.01369404222379,22.853762953185,HEAVY_MONSOON,HISTORICAL,HISTORICAL,Historical data
2023-08-01T00:00:00,Silchar,24.82,92.8,274.5913903693651,22.360298297784368,74.4004095186944,29.59579121234412,HEAVY_MONSOON,HISTORICAL,HISTORICAL,Historical data
2023-08-02T00:00:00,Guwahati,26.18,91.75,115.12959401847209,22.473072847244826,89.93151296649287,12.164150414103203,HEAVY_MONSOON,HISTORICAL,HISTORICAL,Historical data
2023-08-02T00:00:00,Nagaon,26.15,92.72,169.90101464180967,24.846014046102383,76.0339554231146,28.881295019039516,HEAVY_MONSOON,HISTORICAL,HISTORICAL,Historical data
2023-08-02T00:00:00,Lumding,25.28,92.84,264.11905516232736,29.349925533228802,92.30287924520024,24.194110952339404,HEAVY_MONSOON,HISTORICAL,HISTORICAL,Historical data
2023-08-02T00:00:00,Silchar,24.82,92.8,371.7139971682973,25.655669989328736,70.1384398614785,16.84818719597102,HEAVY_MONSOON,HISTORICAL,HISTORICAL,Historical data
2023-08-03T00:00:00,Guwahati,26.18,91.75,248.7333860677851,26.28528012414862,76.13669301196762,9.52841721266831,HEAVY_MONSOON,HISTORICAL,HISTORICAL,Historical data
2023-08-03T00:00:00,Nagaon,26.15,92.72,211.15916213639608,23.893154784726555,68.131072118117,25.174923888644244,HEAVY_MONSOON,HISTORICAL,HISTORICAL,Historical data
2023-08-03T00:00:00,Lumding,25.28,92.84,263.31865766594035,22.712271361201644,65.12609228413069,19.31939531701399,HEAVY_MONSOON,HISTORICAL,HISTORICAL,Historical data
2023-08-03T00:00:00,Silchar,24.82,92.8,207.96678821550873,21.868096122398704,82.71802599199407,23.044492302685374,HEAVY_MONSOON,HISTORICAL,HISTORICAL,Historical data
2023-08-04T00:00:00,Guwahati,26.18,91.75,242.15340916974452,23.03387622958184,85.11441769621966,21.8167216221726,HEAVY_MONSOON,HISTORICAL,HISTORICAL,Historical data
2023-08-04T00:00:00,Nagaon,26.15,92.72,160.33046413781844,22.30036217723902,85.43797187107505,26.307371534829585,HEAVY_MONSOON,HISTORICAL,HISTORICAL,Historical data
2023-08-04T00:00:00,Lumding,25.28,92.84,235.8166182799642,21.250345915104248,80.39421023844935,21.327533399565986,HEAVY_MONSOON,HISTORICAL,HISTORICAL,Historical data
2023-08-04T00:00:00,Silchar,24.82,92.8,286.46894512333716,20.817524082901336,88.2941958593153,18.557573575855113,HEAVY_MONSOON,HISTORICAL,HISTORICAL,Historical data
2023-08-05T00:00:00,Guwahati,26.18,91.75,235.2741958875102,23.891762608108827,80.12486803710904,24.870273710645424,HEAVY_MONSOON,HISTORICAL,HISTORICAL,Historical data
2023-08-05T00:00:00,Nagaon,26.15,92.72,247.66918060390034,25.654368578896577,76.88412429481859,27.09116665106483,HEAVY_MONSOON,HISTORICAL,HISTORICAL,Historical data
2023-08-05T00:00:00,Lumding,25.28,92.84,210.65411824017863,27.554628573813527,90.65613276990892,19.59043986916898,HEAVY_MONSOON,HISTORICAL,HISTORICAL,Historical data
2023-08-05T00:00:00,Silchar,24.82,92.8,321.05435288480436,23.640287319291527,78.403430266763,26.792544380053847,HEAVY_MONSOON,HISTORICAL,HISTORICAL,Historical data
2023-08-06T00:00:00,Guwahati,26.18,91.75,195.59228020907278,21.74259310910207,89.41267424086132,8.617514253251716,HEAVY_MONSOON,HISTORICAL,HISTORICAL,Historical data
2023-08-06T00:00:00,Nagaon,26.15,92.72,202.32523681431076,28.7217933845578,85.01453200099556,24.97739941530843,HEAVY_MONSOON,HISTORICAL,HISTORICAL,Historical data
2023-08-06T00:00:00,Lumding,25.28,92.84,280.74014859958083,23.211295281087143,78.18769818712106,18.964356109602427,HEAVY_MONSOON,HISTORICAL,HISTORICAL,Historical data
2023-08-06T00:00:00,Silchar,24.82,92.8,175.84893044572647,23.225621934921307,88.7019547739939,21.23846588234051,HEAVY_MONSOON,HISTORICAL,HISTORICAL,Historical data
2023-08-07T00:00:00,Guwahati,26.18,91.75,156.85586756172572,22.153557860297436,78.29650645544253,29.89670684580888,HEAVY_MONSOON,HISTORICAL,HISTORICAL,Historical data
2023-08-07T00:00:00,Nagaon,26.15,92.72,188.96652984378252,24.510354650436515,82.284019497221,23.031199726245045,HEAVY_MONSOON,HISTORICAL,HISTORICAL,Historical data
2023-08-07T00:00:00,Lumding,25.28,92.84,169.64968656293968,25.811353585184907,74.25932114712157,20.33104154743637,HEAVY_MONSOON,HISTORICAL,HISTORICAL,Historical data
2023-08-07T00:00:00,Silchar,24.82,92.8,278.85873237810415,20.164051336385487,90.3763452169822,27.290855173098485,HEAVY_MONSOON,HISTORICAL,HISTORICAL,Historical data
2023-08-08T00:00:00,Guwahati,26.18,91.75,97.53685568510895,23.9647493649799,83.32738623995971,26.57024863725746,HEAVY_MONSOON,HISTORICAL,HISTORICAL,Historical data
2023-08-08T00:00:00,Nagaon,26.15,92.72,213.50849357405568,28.861083996090933,94.32094087127888,28.221415329919,HEAVY_MONSOON,HISTORICAL,HISTORICAL,Historical data
2023-08-08T00:00:00,Lumding,25.28,92.84,207.44918009155782,26.82108115551456,83.48157678371986,15.840402357471527,HEAVY_MONSOON,HISTORICAL,HISTORICAL,Historical data
2023-08-08T00:00:00,Silchar,24.82,92.8,255.3661347569795,26.93481338936445,68.64413155797703,8.422211176931832,HEAVY_MONSOON,HISTORICAL,HISTORICAL,Historical data
2023-08-09T00:00:00,Guwahati,26.18,91.75,185.43195510500234,25.40354581077206,70.20171499480546,14.969870225733649,HEAVY_MONSOON,HISTORICAL,HISTORICAL,Historical data
2023-08-09T00:00:00,Nagaon,26.15,92.72,192.5290067156522,26.19117111609092,86.27629492917063,29.422558793357542,HEAVY_MONSOON,HISTORICAL,HISTORICAL,Historical data
2023-08-09T00:00:00,Lumding,25.28,92.84,181.02322432285857,25.531396863506693,84.5776414841442,27.906258364964927,HEAVY_MONSOON,HISTORICAL,HISTORICAL,Historical data
2023-08-09T00:00:00,Silchar,24.82,92.8,211.430986018606,23.02885836056898,79.10103656066462,20.83677798086266,HEAVY_MONSOON,HISTORICAL,HISTORICAL,Historical data
2023-08-10T00:00:00,Guwahati,26.18,91.75,220.94922585214653,28.483261859283527,73.92424103924522,29.67940223885057,HEAVY_MONSOON,HISTORICAL,HISTORICAL,Historical data
2023-08-10T00:00:00,Nagaon,26.15,92.72,215.7263926969106,26.721284097141197,68.13171001397616,18.80128176358254,HEAVY_MONSOON,HISTORICAL,HISTORICAL,Historical data
2023-08-10T00:00:00,Lumding,25.28,92.84,253.80833405876965,28.883020662562654,81.58929209019058,16.030945328689853,HEAVY_MONSOON,HISTORICAL,HISTORICAL,Historical data
2023-08-10T00:00:00,Silchar,24.82,92.8,213.2240230461136,27.291967359497377,72.48730571186897,8.03591846495002,HEAVY_MONSOON,HISTORICAL,HISTORICAL,Historical data
2023-08-11T00:00:00,Guwahati,26.18,91.75,149.8612601354897,26.222642987122068,66.41584525969307,24.51738120919014,HEAVY_MONSOON,HISTORICAL,HISTORICAL,Historical data
2023-08-11T00:00:00,Nagaon,26.15,92.72,211.31566817697424,24.922288854300113,74.46965869742772,29.145833739364864,HEAVY_MONSOON,HISTORICAL,HISTORICAL,Historical data
2023-08-11T00:00:00,Lumding,25.28,92.84,238.5628660003569,23.769969314442946,73.61353052517275,22.38456047856049,HEAVY_MONSOON,HISTORICAL,HISTORICAL,Historical data
2023-08-11T00:00:00,Silchar,24.82,92.8,240.34927738247637,26.628490584208237,80.39109498357249,8.0654565499431,HEAVY_MONSOON,HISTORICAL,HISTORICAL,Historical data
2023-08-12T00:00:00,Guwahati,26.18,91.75,177.78959538480265,23.824635613869724,83.14616488775405,23.55892333635584,HEAVY_MONSOON,HISTORICAL,HISTORICAL,Historical data
2023-08-12T00:00:00,Nagaon,26.15,92.72,177.13483368144085,26.76340907641102,74.71363119686154,17.680152795040613,HEAVY_MONSOON,HISTORICAL,HISTORICAL,Historical data
2023-08-12T00:00:00,Lumding,25.28,92.84,209.2025570122829,29.47139173689633,80.5016603321865,24.864270894537444,HEAVY_MONSOON,HISTORICAL,HISTORICAL,Historical data
2023-08-12T00:00:00,Silchar,24.82,92.8,251.12138648551002,23.252015324350992,65.30821315384694,10.842569352212902,HEAVY_MONSOON,HISTORICAL,HISTORICAL,Historical data
2023-08-13T00:00:00,Guwahati,26.18,91.75,153.44255141106865,28.033652990581984,83.40050992791066,25.03366450420418,HEAVY_MONSOON,HISTORICAL,HISTORICAL,Historical data
2023-08-13T00:00:00,Nagaon,26.15,92.72,194.62189921992095,27.319275551057537,79.53801020468586,27.22950525987512,HEAVY_MONSOON,HISTORICAL,HISTORICAL,Historical data
2023-08-13T00:00:00,Lumding,25.28,92.84,168.85925531390404,20.581126680854275,91.684091775416,28.644474296233685,HEAVY_MONSOON,HISTORICAL,HISTORICAL,Historical data
2023-08-13T00:00:00,Silchar,24.82,92.8,217.94623904602247,25.886204756681295,79.5826714422299,22.054883673614388,HEAVY_MONSOON,HISTORICAL,HISTORICAL,Historical data
2023-08-14T00:00:00,Guwahati,26.18,91.75,138.3498848368319,25.993537891267167,88.39146943539156,22.775385531524794,HEAVY_MONSOON,HISTORICAL,HISTORICAL,Historical data
2023-08-14T00:00:00,Nagaon,26.15,92.72,260.8858855491873,27.22923255153817,73.2245944456463,23.971037908747057,HEAVY_MONSOON,HISTORICAL,HISTORICAL,Historical data
2023-08-14T00:00:00,Lumding,25.28,92.84,124.78101344669352,27.808231616031435,88.2981652269597,20.566286333174936,HEAVY_MONSOON,HISTORICAL,HISTORICAL,Historical data
2023-08-14T00:00:00,Silchar,24.82,92.8,242.3004223128114,21.32172231990499,87.0693248735989,25.64685433744203,HEAVY_MONSOON,HISTORICAL,HISTORICAL,Historical data
2023-08-15T00:00:00,Guwahati,26.18,91.75,193.71804046761372,22.796590832459387,88.36454382551904,8.144322830465637,HEAVY_MONSOON,HISTORICAL,HISTORICAL,Historical data
2023-08-15T00:00:00,Nagaon,26.15,92.72,165.1981402827822,24.51898102852217,69.24079713171409,19.666809565083398,HEAVY_MONSOON,HISTORICAL,HISTORICAL,Historical data
2023-08-15T00:00:00,Lumding,25.28,92.84,233.89006775755138,26.243402768776175,78.9912293271453,9.941851626034312,HEAVY_MONSOON,HISTORICAL,HISTORICAL,Historical data
2023-08-15T00:00:00,Silchar,24.82,92.8,290.4525040566866,26.08366771794979,84.17467326148902,9.944262657289455,HEAVY_MONSOON,HISTORICAL,HISTORICAL,Historical data
2023-08-16T00:00:00,Guwahati,26.18,91.75,152.38798845873296,25.52456977463306,83.59904012426547,10.322624086620506,HEAVY_MONSOON,HISTORICAL,HISTORICAL,Historical data
2023-08-16T00:00:00,Nagaon,26.15,92.72,155.07794905566234,28.509619967975333,88.79925887943624,27.60369579623813,HEAVY_MONSOON,HISTORICAL,HISTORICAL,Historical data
2023-08-16T00:00:00,Lumding,25.28,92.84,248.60952210662407,22.079414551386154,67.29189827386612,25.969741769822285,HEAVY_MONSOON,HISTORICAL,HISTORICAL,Historical data
2023-08-16T00:00:00,Silchar,24.82,92.8,307.0106407692151,25.719614201767904,71.33912849614444,11.680767417398627,HEAVY_MONSOON,HISTORICAL,HISTORICAL,Historical data
2023-08-17T00:00:00,Guwahati,26.18,91.75,156.1338502976231,26.22466900659016,91.185993179084,27.019482868702124,HEAVY_MONSOON,HISTORICAL,HISTORICAL,Historical data
2023-08-17T00:00:00,Nagaon,26.15,92.72,165.67457776656553,24.439945079215132,78.3779655691787,11.849918535947708,HEAVY_MONSOON,HISTORICAL,HISTORICAL,Historical data
2023-08-17T00:00:00,Lumding,25.28,92.84,183.55863093290168,27.42741573578196,81.66526435732659,19.929053443653903,HEAVY_MONSOON,HISTORICAL,HISTORICAL,Historical data
2023-08-17T00:00:00,Silchar,24.82,92.8,267.50041149163064,27.287768326599366,76.36180217070698,26.185863120933565,HEAVY_MONSOON,HISTORICAL,HISTORICAL,Historical data
2023-08-18T00:00:00,Guwahati,26.18,91.75,235.39734355732503,22.13294461123563,81.83523715427538,27.876923401585746,HEAVY_MONSOON,HISTORICAL,HISTORICAL,Historical data
2023-08-18T00:00:00,Nagaon,26.15,92.72,250.30502723974232,27.460071604287485,93.61262203015337,26.23515499526671,HEAVY_MONSOON,HISTORICAL,HISTORICAL,Historical data
2023-08-18T00:00:00,Lumding,25.28,92.84,226.06511460562024,23.274726635396704,76.2211423128612,11.454061813587366,HEAVY_MONSOON,HISTORICAL,HISTORICAL,Historical data
2023-08-18T00:00:00,Silchar,24.82,92.8,295.38514346590523,24.390085955185526,83.03712524605265,22.053376268459665,HEAVY_MONSOON,HISTORICAL,HISTORICAL,Historical data
2023-08-19T00:00:00,Guwahati,26.18,91.75,209.68538104664475,30.21732366617602,70.70939503262034,11.655143571122336,HEAVY_MONSOON,HISTORICAL,HISTORICAL,Historical data
2023-08-19T00:00:00,Nagaon,26.15,92.72,208.22808216737727,26.533931648684693,87.65259958435887,16.627786551200774,HEAVY_MONSOON,HISTORICAL,HISTORICAL,Historical data
2023-08-19T00:00:00,Lumding,25.28,92.84,253.41769506732004,25.364892615661116,87.30968764029267,25.52499027154054,HEAVY_MONSOON,HISTORICAL,HISTORICAL,Historical data
2023-08-19T00:00:00,Silchar,24.82,92.8,211.8878033098262,25.945955881380137,82.79939990806783,15.359423184516544,HEAVY_MONSOON,HISTORICAL,HISTORICAL,Historical data
2023-08-20T00:00:00,Guwahati,26.18,91.75,190.1329894643579,22.29178907585322,65.49503901947274,25.028749867977755,HEAVY_MONSOON,HISTORICAL,HISTORICAL,Historical data
2023-08-20T00:00:00,Nagaon,26.15,92.72,266.6029657107516,23.9062770873018,67.70204107017017,28.614354901582455,HEAVY_MONSOON,HISTORICAL,HISTORICAL,Historical data
2023-08-20T00:00:00,Lumding,25.28,92.84,222.84722417802877,24.16575626236049,75.72679072004667,25.794875989302476,HEAVY_MONSOON,HISTORICAL,HISTORICAL,Historical data
2023-08-20T00:00:00,Silchar,24.82,92.8,200.4641393612261,24.289005615541395,79.07873886431071,22.426700554377895,HEAVY_MONSOON,HISTORICAL,HISTORICAL,Historical data
2023-08-21T00:00:00,Guwahati,26.18,91.75,200.96297120176774,23.12645318339244,67.14397596269576,19.103440432735077,HEAVY_MONSOON,HISTORICAL,HISTORICAL,Historical data
2023-08-21T00:00:00,Nagaon,26.15,92.72,240.36940960192314,25.718190005856876,94.73830995912499,29.359061886037818,HEAVY_MONSOON,HISTORICAL,HISTORICAL,Historical data
2023-08-21T00:00:00,Lumding,25.28,92.84,205.77381600880298,23.77781970016163,78.00131342086762,10.556335860860582,HEAVY_MONSOON,HISTORICAL,HISTORICAL,Historical data
2023-08-21T00:00:00,Silchar,24.82,92.8,243.44458906554038,26.56252574941843,93.66876373567544,23.99711649607516,HEAVY_MONSOON,HISTORICAL,HISTORICAL,Historical data
2023-08-22T00:00:00,Guwahati,26.18,91.75,162.85393047730196,24.10195266543935,92.32771440905343,29.210650886663764,HEAVY_MONSOON,HISTORICAL,HISTORICAL,Historical data
2023-08-22T00:00:00,Nagaon,26.15,92.72,208.5099140781038,28.62210898407706,67.84268274947686,21.05128154575353,HEAVY_MONSOON,HISTORICAL,HISTORICAL,Historical data
2023-08-22T00:00:00,Lumding,25.28,92.84,225.89163579206712,28.834198970459475,71.06433562244254,26.267461457032983,HEAVY_MONSOON,HISTORICAL,HISTORICAL,Historical data
2023-08-22T00:00:00,Silchar,24.82,92.8,213.74284591236844,27.157773190080487,89.304168131491,16.683720891455835,HEAVY_MONSOON,HISTORICAL,HISTORICAL,Historical data
2023-08-23T00:00:00,Guwahati,26.18,91.75,160.39872587188225,23.79010936005883,71.94900009310095,8.04059819029021,HEAVY_MONSOON,HISTORICAL,HISTORICAL,Historical data
2023-08-23T00:00:00,Nagaon,26.15,92.72,185.15360459871638,25.42598282281421,87.83951121813251,20.449093830748957,HEAVY_MONSOON,HISTORICAL,HISTORICAL,Historical data
2023-08-23T00:00:00,Lumding,25.28,92.84,124.26548670019213,27.21360737851494,93.61498979983092,14.639669172568539,HEAVY_MONSOON,HISTORICAL,HISTORICAL,Historical data
2023-08-23T00:00:00,Silchar,24.82,92.8,256.7904266434628,24.39121362377001,76.06390202767528,9.265284895262173,HEAVY_MONSOON,HISTORICAL,HISTORICAL,Historical data
2023-08-24T00:00:00,Guwahati,26.18,91.75,200.68169112502258,26.60920764889368,85.28242496975344,24.17068295003821,HEAVY_MONSOON,HISTORICAL,HISTORICAL,Historical data
2023-08-24T00:00:00,Nagaon,26.15,92.72,212.83861499108056,22.937869213217713,86.77173952710504,8.320016909505616,HEAVY_MONSOON,HISTORICAL,HISTORICAL,Historical data
2023-08-24T00:00:00,Lumding,25.28,92.84,184.7698550946806,24.080244349147275,70.42956416370603,9.842885471614595,HEAVY_MONSOON,HISTORICAL,HISTORICAL,Historical data
2023-08-24T00:00:00,Silchar,24.82,92.8,290.3542523575218,23.1202050627641,72.59106784195164,8.330175925316745,HEAVY_MONSOON,HISTORICAL,HISTORICAL,Historical data
2023-08-25T00:00:00,Guwahati,26.18,91.75,161.84618782019004,22.379137158661777,69.35144677721985,15.324575843277568,HEAVY_MONSOON,HISTORICAL,HISTORICAL,Historical data
2023-08-25T00:00:00,Nagaon,26.15,92.72,181.9306353064478,23.457321038349857,70.57844291914334,8.574160108317523,HEAVY_MONSOON,HISTORICAL,HISTORICAL,Historical data
2023-08-25T00:00:00,Lumding,25.28,92.84,279.79283442012513,27.836516040647588,73.35307355240941,10.906319808583378,HEAVY_MONSOON,HISTORICAL,HISTORICAL,Historical data
2023-08-25T00:00:00,Silchar,24.82,92.8,254.48893436196033,24.610867302048405,78.37082659026404,16.82024534203109,HEAVY_MONSOON,HISTORICAL,HISTORICAL,Historical data
2023-08-26T00:00:00,Guwahati,26.18,91.75,181.1977388320887,24.992228069326636,94.38572388893199,21.195435617848457,HEAVY_MONSOON,HISTORICAL,HISTORICAL,Historical data
2023-08-26T00:00:00,Nagaon,26.15,92.72,144.1739256954195,23.864060473234908,77.69331851076772,20.39610245612047,HEAVY_MONSOON,HISTORICAL,HISTORICAL,Historical data
2023-08-26T00:00:00,Lumding,25.28,92.84,135.22509966523012,26.598919715181555,81.05476997296954,16.835269214114497,HEAVY_MONSOON,HISTORICAL,HISTORICAL,Historical data
2023-08-26T00:00:00,Silchar,24.82,92.8,266.98772744231303,25.706528542724378,66.64241141580763,8.236815647979409,HEAVY_MONSOON,HISTORICAL,HISTORICAL,Historical data
2023-08-27T00:00:00,Guwahati,26.18,91.75,161.24982510094833,25.219944594128734,78.74433930178593,26.473538044986032,HEAVY_MONSOON,HISTORICAL,HISTORICAL,Historical data
2023-08-27T00:00:00,Nagaon,26.15,92.72,179.61246078543695,22.808167266872623,81.57217577032526,8.57115008188446,HEAVY_MONSOON,HISTORICAL,HISTORICAL,Historical data
2023-08-27T00:00:00,Lumding,25.28,92.84,229.94972324088008,24.058072255639786,67.2126827243452,8.101236314922636,HEAVY_MONSOON,HISTORICAL,HISTORICAL,Historical data
2023-08-27T00:00:00,Silchar,24.82,92.8,249.10091680778703,27.601558645671215,67.92605087575102,14.303523231600197,HEAVY_MONSOON,HISTORICAL,HISTORICAL,Historical data
2023-08-28T00:00:00,Guwahati,26.18,91.75,163.01074434585155,24.34211695860216,83.76280981113253,26.271696203534457,HEAVY_MONSOON,HISTORICAL,HISTORICAL,Historical data
2023-08-28T00:00:00,Nagaon,26.15,92.72,183.58798311524984,26.511210112238047,74.34580284142463,9.933404716710232,HEAVY_MONSOON,HISTORICAL,HISTORICAL,Historical data
2023-08-28T00:00:00,Lumding,25.28,92.84,213.77474544030392,21.929596266127916,80.18033280038556,18.249630736217004,HEAVY_MONSOON,HISTORICAL,HISTORICAL,Historical data
2023-08-28T00:00:00,Silchar,24.82,92.8,266.2452346502244,27.089775924364858,68.09100606164489,21.105609249560448,HEAVY_MONSOON,HISTORICAL,HISTORICAL,Historical data
2023-08-29T00:00:00,Guwahati,26.18,91.75,204.26317188595624,23.086010186042564,77.2204474043418,20.307849088243348,HEAVY_MONSOON,HISTORICAL,HISTORICAL,Historical data
2023-08-29T00:00:00,Nagaon,26.15,92.72,210.8976363472315,23.686930655049107,85.694232076613,28.380582165908987,HEAVY_MONSOON,HISTORICAL,HISTORICAL,Historical data
2023-08-29T00:00:00,Lumding,25.28,92.84,191.396555954361,25.74437246187719,78.28053117868359,14.35206921688768,HEAVY_MONSOON,HISTORICAL,HISTORICAL,Historical data
2023-08-29T00:00:00,Silchar,24.82,92.8,155.49187853867238,25.330966247369215,73.60430525789586,15.956559718177893,HEAVY_MONSOON,HISTORICAL,HISTORICAL,Historical data
2023-08-30T00:00:00,Guwahati,26.18,91.75,156.02833175724683,24.82508836664525,78.84558490593044,13.581439399730922,HEAVY_MONSOON,HISTORICAL,HISTORICAL,Historical data
2023-08-30T00:00:00,Nagaon,26.15,92.72,142.85427031578584,24.833096846453024,89.07490323836035,22.947593167335892,HEAVY_MONSOON,HISTORICAL,HISTORICAL,Historical data
2023-08-30T00:00:00,Lumding,25.28,92.84,206.36225663728874,22.186704923468373,83.64434672037972,12.779375346801288,HEAVY_MONSOON,HISTORICAL,HISTORICAL,Historical data
2023-08-30T00:00:00,Silchar,24.82,92.8,179.1290745998881,22.456877800297796,65.045555369053,27.1888620896873,HEAVY_MONSOON,HISTORICAL,HISTORICAL,Historical data
2023-08-31T00:00:00,Guwahati,26.18,91.75,232.69597747696116,27.033302793090005,66.01314466277191,10.108133402941306,HEAVY_MONSOON,HISTORICAL,HISTORICAL,Historical data
2023-08-31T00:00:00,Nagaon,26.15,92.72,245.07088614642473,25.49238189139774,72.62237848422832,29.886973853192856,HEAVY_MONSOON,HISTORICAL,HISTORICAL,Historical data
2023-08-31T00:00:00,Lumding,25.28,92.84,192.17940211435572,24.29176685489392,70.99723110649242,13.955600766724547,HEAVY_MONSOON,HISTORICAL,HISTORICAL,Historical data
2023-08-31T00:00:00,Silchar,24.82,92.8,284.37856715525857,24.88200486805115,93.45255841908437,17.396266926778495,HEAVY_MONSOON,HISTORICAL,HISTORICAL,Historical data
2023-09-01T00:00:00,Guwahati,26.18,91.75,153.14710145776675,23.76766005508363,91.80742797403917,18.129788101876226,HEAVY_MONSOON,HISTORICAL,HISTORICAL,Historical data
2023-09-01T00:00:00,Nagaon,26.15,92.72,248.3473397700879,25.89436331299694,88.16540429015103,21.38526398053634,HEAVY_MONSOON,HISTORICAL,HISTORICAL,Historical data
2023-09-01T00:00:00,Lumding,25.28,92.84,185.01967479726238,25.517947855490437,89.32426736065106,19.679820546127143,HEAVY_MONSOON,HISTORICAL,HISTORICAL,Historical data
2023-09-01T00:00:00,Silchar,24.82,92.8,301.115296718388,25.461514253639663,90.87003695742257,26.209125115972757,HEAVY_MONSOON,HISTORICAL,HISTORICAL,Historical data
2023-09-02T00:00:00,Guwahati,26.18,91.75,192.99519598329533,28.40959048425352,75.65208760462254,11.237425729346276,HEAVY_MONSOON,HISTORICAL,HISTORICAL,Historical data
2023-09-02T00:00:00,Nagaon,26.15,92.72,238.5018538158928,25.124179823552097,65.17498572270549,14.837100562873264,HEAVY_MONSOON,HISTORICAL,HISTORICAL,Historical data
2023-09-02T00:00:00,Lumding,25.28,92.84,215.47639624737997,29.889883628526242,83.16843248299499,22.70319739086946,HEAVY_MONSOON,HISTORICAL,HISTORICAL,Historical data
2023-09-02T00:00:00,Silchar,24.82,92.8,312.4146315423373,25.070793397681726,83.05295449093325,9.351183497159662,HEAVY_MONSOON,HISTORICAL,HISTORICAL,Historical data
2023-09-03T00:00:00,Guwahati,26.18,91.75,146.43120224236173,25.569854621804147,70.32349538852424,8.876040091156707,HEAVY_MONSOON,HISTORICAL,HISTORICAL,Historical data
2023-09-03T00:00:00,Nagaon,26.15,92.72,218.09643423740476,26.793999062029176,66.44302137482636,8.136431002550973,HEAVY_MONSOON,HISTORICAL,HISTORICAL,Historical data
2023-09-03T00:00:00,Lumding,25.28,92.84,208.16000081287677,21.422180100372362,89.20606963896269,20.20575396536979,HEAVY_MONSOON,HISTORICAL,HISTORICAL,Historical data
2023-09-03T00:00:00,Silchar,24.82,92.8,228.99511231235545,23.706637440035095,93.23595125222701,19.916445688529077,HEAVY_MONSOON,HISTORICAL,HISTORICAL,Historical data
2023-09-04T00:00:00,Guwahati,26.18,91.75,159.2014660923322,24.735706009656745,91.16647265710756,21.635203056142423,HEAVY_MONSOON,HISTORICAL,HISTORICAL,Historical data
2023-09-04T00:00:00,Nagaon,26.15,92.72,214.874915355441,24.750391898097533,85.64259509440448,10.712204187594518,HEAVY_MONSOON,HISTORICAL,HISTORICAL,Historical data
2023-09-04T00:00:00,Lumding,25.28,92.84,210.6749625691337,28.475333801893402,92.60633138367645,16.720589599012374,HEAVY_MONSOON,HISTORICAL,HISTORICAL,Historical data
2023-09-04T00:00:00,Silchar,24.82,92.8,192.69285185423928,22.537569538374946,92.3359044388868,24.614429594942564,HEAVY_MONSOON,HISTORICAL,HISTORICAL,Historical data
2023-09-05T00:00:00,Guwahati,26.18,91.75,184.2002032457137,27.7823074788016,81.54883746201041,19.661903338464576,HEAVY_MONSOON,HISTORICAL,HISTORICAL,Historical data
2023-09-05T00:00:00,Nagaon,26.15,92.72,218.4965221802978,28.15030682249457,86.72031229474958,11.478394626515584,HEAVY_MONSOON,HISTORICAL,HISTORICAL,Historical data
2023-09-05T00:00:00,Lumding,25.28,92.84,236.098424952681,24.984831050355048,73.05924679828736,18.47988929756719,HEAVY_MONSOON,HISTORICAL,HISTORICAL,Historical data
2023-09-05T00:00:00,Silchar,24.82,92.8,312.6209246035669,24.257020182405206,87.47521267938689,16.219400291979937,HEAVY_MONSOON,HISTORICAL,HISTORICAL,Historical data
2023-09-06T00:00:00,Guwahati,26.18,91.75,228.74687945625294,26.306925979119395,80.25897276401614,29.761078601222057,HEAVY_MONSOON,HISTORICAL,HISTORICAL,Historical data
2023-09-06T00:00:00,Nagaon,26.15,92.72,162.61821685893062,26.41156958764153,88.61936176186781,26.667916487141213,HEAVY_MONSOON,HISTORICAL,HISTORICAL,Historical data
2023-09-06T00:00:00,Lumding,25.28,92.84,247.96934393785017,24.976917685283016,73.28062807291639,27.946282087122302,HEAVY_MONSOON,HISTORICAL,HISTORICAL,Historical data
2023-09-06T00:00:00,Silchar,24.82,92.8,303.17061305174747,24.745224625320297,93.36955518284573,22.649491939398775,HEAVY_MONSOON,HISTORICAL,HISTORICAL,Historical data
2023-09-07T00:00:00,Guwahati,26.18,91.75,154.62223922742058,29.645639292337542,81.78725106389368,9.794283103385439,HEAVY_MONSOON,HISTORICAL,HISTORICAL,Historical data
2023-09-07T00:00:00,Nagaon,26.15,92.72,203.78093788808266,24.92016316476516,75.33042237914138,13.415701308813613,HEAVY_MONSOON,HISTORICAL,HISTORICAL,Historical data
2023-09-07T00:00:00,Lumding,25.28,92.84,248.8240398805001,23.462308887791064,71.74656574726598,19.72324265116527,HEAVY_MONSOON,HISTORICAL,HISTORICAL,Historical data
2023-09-07T00:00:00,Silchar,24.82,92.8,281.2473071454153,22.959037068110128,81.59392479502084,16.32244063664156,HEAVY_MONSOON,HISTORICAL,HISTORICAL,Historical data
2023-09-08T00:00:00,Guwahati,26.18,91.75,143.5378198013526,23.05504160596774,90.21242932350802,9.001655144441525,HEAVY_MONSOON,HISTORICAL,HISTORICAL,Historical data
2023-09-08T00:00:00,Nagaon,26.15,92.72,213.42867768279768,23.898592411528234,65.22251540898259,25.134515455456093,HEAVY_MONSOON,HISTORICAL,HISTORICAL,Historical data
2023-09-08T00:00:00,Lumding,25.28,92.84,171.86912234340645,26.418800368726203,79.166640208745,11.166673072328802,HEAVY_MONSOON,HISTORICAL,HISTORICAL,Historical data
2023-09-08T00:00:00,Silchar,24.82,92.8,299.9563463906567,28.73644815339505,90.49739975978635,18.65075140491588,HEAVY_MONSOON,HISTORICAL,HISTORICAL,Historical data
2023-09-09T00:00:00,Guwahati,26.18,91.75,194.41840284142538,25.348931675767883,74.5012410646654,8.543844432772627,HEAVY_MONSOON,HISTORICAL,HISTORICAL,Historical data
2023-09-09T00:00:00,Nagaon,26.15,92.72,220.0514025117607,22.75748482340845,86.02728888766893,10.095649162594368,HEAVY_MONSOON,HISTORICAL,HISTORICAL,Historical data
2023-09-09T00:00:00,Lumding,25.28,92.84,292.3726094413518,25.152265343364313,72.84254230648158,20.720053035508567,HEAVY_MONSOON,HISTORICAL,HISTORICAL,Historical data
2023-09-09T00:00:00,Silchar,24.82,92.8,245.21417336027434,24.983227832312835,94.24541300198254,15.038267408783016,HEAVY_MONSOON,HISTORICAL,HISTORICAL,Historical data
2023-09-10T00:00:00,Guwahati,26.18,91.75,190.73045618571064,23.894499194414635,94.25970116853904,16.946142556707404,HEAVY_MONSOON,HISTORICAL,HISTORICAL,Historical data
2023-09-10T00:00:00,Nagaon,26.15,92.72,210.26725382438855,27.437125535325187,94.75656203358209,16.409281293355633,HEAVY_MONSOON,HISTORICAL,HISTORICAL,Historical data
2023-09-10T00:00:00,Lumding,25.28,92.84,237.10914290393842,21.967988615055507,74.0623480609772,19.669907459641312,HEAVY_MONSOON,HISTORICAL,HISTORICAL,Historical data
2023-09-10T00:00:00,Silchar,24.82,92.8,247.13554247471285,29.12138581644414,75.00377606242014,20.302238719687427,HEAVY_MONSOON,HISTORICAL,HISTORICAL,Historical data
2023-09-11T00:00:00,Guwahati,26.18,91.75,154.6149384698806,21.091836288917623,83.17500332143887,15.171562627632229,HEAVY_MONSOON,HISTORICAL,HISTORICAL,Historical data
2023-09-11T00:00:00,Nagaon,26.15,92.72,112.86559051636578,26.29245886949548,75.81012544854498,27.38835200980421,HEAVY_MONSOON,HISTORICAL,HISTORICAL,Historical data
2023-09-11T00:00:00,Lumding,25.28,92.84,225.2579957451319,29.000788272133274,82.95154318991489,24.289041325545355,HEAVY_MONSOON,HISTORICAL,HISTORICAL,Historical data
2023-09-11T00:00:00,Silchar,24.82,92.8,235.81421231806576,25.41505656366411,77.90690220989,10.470437495619734,HEAVY_MONSOON,HISTORICAL,HISTORICAL,Historical data
2023-09-12T00:00:00,Guwahati,26.18,91.75,174.84988080220631,25.445976307886546,88.70373722181499,15.775065868469213,HEAVY_MONSOON,HISTORICAL,HISTORICAL,Historical data
2023-09-12T00:00:00,Nagaon,26.15,92.72,184.0730595792249,22.91833137507821,79.87150582557375,15.065108467269319,HEAVY_MONSOON,HISTORICAL,HISTORICAL,Historical data
2023-09-12T00:00:00,Lumding,25.28,92.84,232.05405488200074,27.131483011405287,69.73139490606567,17.588005169935897,HEAVY_MONSOON,HISTORICAL,HISTORICAL,Historical data
2023-09-12T00:00:00,Silchar,24.82,92.8,321.8856931866026,21.43997743320506,86.72696931036106,25.62298430745909,HEAVY_MONSOON,HISTORICAL,HISTORICAL,Historical data
2023-09-13T00:00:00,Guwahati,26.18,91.75,127.8166248701875,25.661673919678595,70.13384092267438,14.98206700517937,HEAVY_MONSOON,HISTORICAL,HISTORICAL,Historical data
2023-09-13T00:00:00,Nagaon,26.15,92.72,124.69367138155008,27.62683221658887,83.49547353774341,10.897585042067735,HEAVY_MONSOON,HISTORICAL,HISTORICAL,Historical data
2023-09-13T00:00:00,Lumding,25.28,92.84,157.34415225693292,21.17743068091817,86.68674726158076,18.813612051274564,HEAVY_MONSOON,HISTORICAL,HISTORICAL,Historical data
2023-09-13T00:00:00,Silchar,24.82,92.8,242.88564916715998,26.685706651583413,67.28532187560032,13.742610690303568,HEAVY_MONSOON,HISTORICAL,HISTORICAL,Historical data
2023-09-14T00:00:00,Guwahati,26.18,91.75,153.98434098121484,25.333349548901893,77.23396007515298,9.12403080696862,HEAVY_MONSOON,HISTORICAL,HISTORICAL,Historical data
2023-09-14T00:00:00,Nagaon,26.15,92.72,89.41474913197959,23.81084838532025,69.65741981739686,22.00521473537162,HEAVY_MONSOON,HISTORICAL,HISTORICAL,Historical data
2023-09-14T00:00:00,Lumding,25.28,92.84,153.6391761144174,24.962317938399426,67.53109334941828,18.349851450516585,HEAVY_MONSOON,HISTORICAL,HISTORICAL,Historical data
2023-09-14T00:00:00,Silchar,24.82,92.8,323.1877813962165,22.719550360330654,85.21507468558003,27.171585180088645,HEAVY_MONSOON,HISTORICAL,HISTORICAL,Historical data
2023-09-15T00:00:00,Guwahati,26.18,91.75,204.4475681501103,26.323010014865453,84.885278009259,16.725517971997608,HEAVY_MONSOON,HISTORICAL,HISTORICAL,Historical data
2023-09-15T00:00:00,Nagaon,26.15,92.72,229.3253975637072,25.05462760416589,83.53532230850494,19.05625402976097,HEAVY_MONSOON,HISTORICAL,HISTORICAL,Historical data
2023-09-15T00:00:00,Lumding,25.28,92.84,276.1769244376211,21.750011032613532,66.99477025219049,25.256200137437503,HEAVY_MONSOON,HISTORICAL,HISTORICAL,Historical data
2023-09-15T00:00:00,Silchar,24.82,92.8,213.35533942643733,25.74470178690801,68.51561470200195,25.08725048434034,HEAVY_MONSOON,HISTORICAL,HISTORICAL,Historical data
2023-09-16T00:00:00,Guwahati,26.18,91.75,150.0818628493205,26.40997988187692,88.67199869002016,16.752589031398234,HEAVY_MONSOON,HISTORICAL,HISTORICAL,Historical data
2023-09-16T00:00:00,Nagaon,26.15,92.72,226.5355136494763,25.046900184194534,85.85070275401827,21.667560386195824,HEAVY_MONSOON,HISTORICAL,HISTORICAL,Historical data
2023-09-16T00:00:00,Lumding,25.28,92.84,200.8099148135654,26.874471237960158,78.89133388375731,29.952952794523924,HEAVY_MONSOON,HISTORICAL,HISTORICAL,Historical data
2023-09-16T00:00:00,Silchar,24.82,92.8,208.49508002836333,26.528845896971173,77.64006604277218,8.520360953853714,HEAVY_MONSOON,HISTORICAL,HISTORICAL,Historical data
2023-09-17T00:00:00,Guwahati,26.18,91.75,201.34815426068067,24.808268834082888,74.39359108058387,8.129565392576499,HEAVY_MONSOON,HISTORICAL,HISTORICAL,Historical data
2023-09-17T00:00:00,Nagaon,26.15,92.72,208.6876026722808,23.03563607597798,75.11436595043193,8.738583291474717,HEAVY_MONSOON,HISTORICAL,HISTORICAL,Historical data
2023-09-17T00:00:00,Lumding,25.28,92.84,229.12431062160064,24.615927774085478,93.58118844583973,29.31683584588614,HEAVY_MONSOON,HISTORICAL,HISTORICAL,Historical data
2023-09-17T00:00:00,Silchar,24.82,92.8,318.6930059547436,26.591987899974384,73.77464912171608,27.131424166900477,HEAVY_MONSOON,HISTORICAL,HISTORICAL,Historical data
2023-09-18T00:00:00,Guwahati,26.18,91.75,154.9665037427285,25.860548657880507,78.94592377318895,20.667149698023508,HEAVY_MONSOON,HISTORICAL,HISTORICAL,Historical data
2023-09-18T00:00:00,Nagaon,26.15,92.72,199.93929058024852,25.481733193094872,68.73007600063026,15.99511964919295,HEAVY_MONSOON,HISTORICAL,HISTORICAL,Historical data
2023-09-18T00:00:00,Lumding,25.28,92.84,180.67589122083282,23.54740655131317,88.15655451822532,23.28417853512912,HEAVY_MONSOON,HISTORICAL,HISTORICAL,Historical data
2023-09-18T00:00:00,Silchar,24.82,92.8,159.85969889674834,24.628871300068482,89.9029022970974,15.865652384207321,HEAVY_MONSOON,HISTORICAL,HISTORICAL,Historical data
2023-09-19T00:00:00,Guwahati,26.18,91.75,116.41363936068849,27.530737268416406,76.7200165936243,20.650206392672228,HEAVY_MONSOON,HISTORICAL,HISTORICAL,Historical data
2023-09-19T00:00:00,Nagaon,26.15,92.72,210.62941050088912,25.35457589246669,91.36172483650407,27.731667071440423,HEAVY_MONSOON,HISTORICAL,HISTORICAL,Historical data
2023-09-19T00:00:00,Lumding,25.28,92.84,270.8342266039494,26.61444890447748,87.03932091473185,13.433375361182112,HEAVY_MONSOON,HISTORICAL,HISTORICAL,Historical data
2023-09-19T00:00:00,Silchar,24.82,92.8,255.38242778341433,27.69427978272092,70.1190822109335,11.264166695531477,HEAVY_MONSOON,HISTORICAL,HISTORICAL,Historical data
2023-09-20T00:00:00,Guwahati,26.18,91.75,195.24905767250235,23.97581529463985,86.8972564078175,11.03729963640341,HEAVY_MONSOON,HISTORICAL,HISTORICAL,Historical data
2023-09-20T00:00:00,Nagaon,26.15,92.72,175.29515737522198,28.046894298767295,83.16686888358844,9.047093284244575,HEAVY_MONSOON,HISTORICAL,HISTORICAL,Historical data
2023-09-20T00:00:00,Lumding,25.28,92.84,238.93697220972328,25.956998794391342,71.73918366176504,29.198337873058897,HEAVY_MONSOON,HISTORICAL,HISTORICAL,Historical data
2023-09-20T00:00:00,Silchar,24.82,92.8,163.22175429566892,27.483185866776903,72.19586071638348,9.694053900493607,HEAVY_MONSOON,HISTORICAL,HISTORICAL,Historical data
2023-09-21T00:00:00,Guwahati,26.18,91.75,199.0080509830252,24.253233815551525,92.8974130033357,17.17191708866606,HEAVY_MONSOON,HISTORICAL,HISTORICAL,Historical data
2023-09-21T00:00:00,Nagaon,26.15,92.72,261.9987286309836,26.63509893801412,69.17971804758571,23.918390290923707,HEAVY_MONSOON,HISTORICAL,HISTORICAL,Historical data
2023-09-21T00:00:00,Lumding,25.28,92.84,262.68753060976053,24.07672339396668,90.72947812153704,22.22920470622509,HEAVY_MONSOON,HISTORICAL,HISTORICAL,Historical data
2023-09-21T00:00:00,Silchar,24.82,92.8,270.90936598723835,25.22875960201442,88.01827637196548,26.312367017970022,HEAVY_MONSOON,HISTORICAL,HISTORICAL,Historical data
2023-09-22T00:00:00,Guwahati,26.18,91.75,89.67734948803766,27.225682056288633,86.79427178556261,16.00428523102581,HEAVY_MONSOON,HISTORICAL,HISTORICAL,Historical data
2023-09-22T00:00:00,Nagaon,26.15,92.72,186.20841664073345,24.42838153242377,72.16794760959048,17.811052322706818,HEAVY_MONSOON,HISTORICAL,HISTORICAL,Historical data
2023-09-22T00:00:00,Lumding,25.28,92.84,250.18607387999123,23.76918957656066,94.12398305168196,19.02866052297129,HEAVY_MONSOON,HISTORICAL,HISTORICAL,Historical data
2023-09-22T00:00:00,Silchar,24.82,92.8,281.43775459291317,26.94989020672828,70.13175117495894,20.82079452855476,HEAVY_MONSOON,HISTORICAL,HISTORICAL,Historical data
2023-09-23T00:00:00,Guwahati,26.18,91.75,96.16829282340056,25.18765143984057,75.03214670084748,17.102860883492355,HEAVY_MONSOON,HISTORICAL,HISTORICAL,Historical data
2023-09-23T00:00:00,Nagaon,26.15,92.72,128.30873686416,24.17579791498379,94.86805635384124,9.517769294423479,HEAVY_MONSOON,HISTORICAL,HISTORICAL,Historical data
2023-09-23T00:00:00,Lumding,25.28,92.84,244.4039617995451,22.881041405389237,94.28066732968185,10.918017037162464,HEAVY_MONSOON,HISTORICAL,HISTORICAL,Historical data
2023-09-23T00:00:00,Silchar,24.82,92.8,260.9302950655352,24.236557660433057,84.6013856029857,23.268627635703517,HEAVY_MONSOON,HISTORICAL,HISTORICAL,Historical data
2023-09-24T00:00:00,Guwahati,26.18,91.75,165.3537651809734,22.836122387536783,88.52683553919253,11.207095135145847,HEAVY_MONSOON,HISTORICAL,HISTORICAL,Historical data
2023-09-24T00:00:00,Nagaon,26.15,92.72,178.1856029433962,22.184800571834113,75.80493594248514,10.879096956212397,HEAVY_MONSOON,HISTORICAL,HISTORICAL,Historical data
2023-09-24T00:00:00,Lumding,25.28,92.84,238.4022912500264,23.69592882944223,85.19199359091118,29.11494972487646,HEAVY_MONSOON,HISTORICAL,HISTORICAL,Historical data
2023-09-24T00:00:00,Silchar,24.82,92.8,282.1513337352164,28.16421437744982,82.83772011303606,25.401365852930617,HEAVY_MONSOON,HISTORICAL,HISTORICAL,Historical data
2023-09-25T00:00:00,Guwahati,26.18,91.75,190.024267086971,25.296527676034312,69.91232089929154,25.78923355001149,HEAVY_MONSOON,HISTORICAL,HISTORICAL,Historical data
2023-09-25T00:00:00,Nagaon,26.15,92.72,141.79828222118232,26.828318833792686,66.02366702890599,24.86279122648933,HEAVY_MONSOON,HISTORICAL,HISTORICAL,Historical data
2023-09-25T00:00:00,Lumding,25.28,92.84,290.31830703591703,23.882289439122598,84.75383672340885,21.07718607413997,HEAVY_MONSOON,HISTORICAL,HISTORICAL,Historical data
2023-09-25T00:00:00,Silchar,24.82,92.8,214.42470782851916,21.289218096272275,73.92133202944318,10.171774204265478,HEAVY_MONSOON,HISTORICAL,HISTORICAL,Historical data
2023-09-26T00:00:00,Guwahati,26.18,91.75,185.1401134432368,28.190336033575928,71.40963712755084,29.135383563024256,HEAVY_MONSOON,HISTORICAL,HISTORICAL,Historical data
2023-09-26T00:00:00,Nagaon,26.15,92.72,247.22135489846383,20.66242971544971,71.58026046763813,18.466290527584864,HEAVY_MONSOON,HISTORICAL,HISTORICAL,Historical data
2023-09-26T00:00:00,Lumding,25.28,92.84,166.22079057816785,27.06093246246143,93.45828318200216,20.98442076184682,HEAVY_MONSOON,HISTORICAL,HISTORICAL,Historical data
2023-09-26T00:00:00,Silchar,24.82,92.8,243.94714617672054,23.343774709010823,78.33493474580072,9.133069032235735,HEAVY_MONSOON,HISTORICAL,HISTORICAL,Historical data
2023-09-27T00:00:00,Guwahati,26.18,91.75,173.6315808338476,21.75948251356753,71.35943621873587,29.608031822872178,HEAVY_MONSOON,HISTORICAL,HISTORICAL,Historical data
2023-09-27T00:00:00,Nagaon,26.15,92.72,237.96881423879515,24.675168299272933,78.09548271092761,12.699360112695107,HEAVY_MONSOON,HISTORICAL,HISTORICAL,Historical data
2023-09-27T00:00:00,Lumding,25.28,92.84,143.1873004710649,24.87088724654348,80.68032136992528,9.60554877406279,HEAVY_MONSOON,HISTORICAL,HISTORICAL,Historical data
2023-09-27T00:00:00,Silchar,24.82,92.8,259.4011915522901,24.133213885951943,89.66050239939541,23.751876427545902,HEAVY_MONSOON,HISTORICAL,HISTORICAL,Historical data
2023-09-28T00:00:00,Guwahati,26.18,91.75,123.67646192712047,27.430491894419212,93.18346840744228,10.241397354629719,HEAVY_MONSOON,HISTORICAL,HISTORICAL,Historical data
2023-09-28T00:00:00,Nagaon,26.15,92.72,242.50918100775766,20.986435389609625,77.37191816467895,27.711652935392134,HEAVY_MONSOON,HISTORICAL,HISTORICAL,Historical data
2023-09-28T00:00:00,Lumding,25.28,92.84,207.54088459268408,25.836564959790238,66.92188057503795,26.875345606919105,HEAVY_MONSOON,HISTORICAL,HISTORICAL,Historical data
2023-09-28T00:00:00,Silchar,24.82,92.8,285.85137493080475,25.516595044506033,67.59091799641095,29.376232035385485,HEAVY_MONSOON,HISTORICAL,HISTORICAL,Historical data
2023-09-29T00:00:00,Guwahati,26.18,91.75,243.52004332103098,26.591052286746507,92.42466437064256,27.175221955047018,HEAVY_MONSOON,HISTORICAL,HISTORICAL,Historical data
2023-09-29T00:00:00,Nagaon,26.15,92.72,196.93887768981,23.781108261355286,72.988065059045,27.32881683866033,HEAVY_MONSOON,HISTORICAL,HISTORICAL,Historical data
2023-09-29T00:00:00,Lumding,25.28,92.84,215.51190041539033,23.047453366586197,68.78591850884823,18.267630289976488,HEAVY_MONSOON,HISTORICAL,HISTORICAL,Historical data
2023-09-29T00:00:00,Silchar,24.82,92.8,282.74738865660464,19.632197570386175,73.22556332790812,15.752805805578245,HEAVY_MONSOON,HISTORICAL,HISTORICAL,Historical data
2023-09-30T00:00:00,Guwahati,26.18,91.75,120.00265471592697,23.50407030564633,75.52678892313332,17.727435197865017,HEAVY_MONSOON,HISTORICAL,HISTORICAL,Historical data
2023-09-30T00:00:00,Nagaon,26.15,92.72,197.95681452205298,27.100636667440206,79.84701493605478,13.772183989820306,HEAVY_MONSOON,HISTORICAL,HISTORICAL,Historical data
2023-09-30T00:00:00,Lumding,25.28,92.84,259.67356093479583,25.066330673976005,82.50062686503564,25.865914507698182,HEAVY_MONSOON,HISTORICAL,HISTORICAL,Historical data
2023-09-30T00:00:00,Silchar,24.82,92.8,265.83306327420286,22.901969786621017,89.51968097325963,10.55595921953077,HEAVY_MONSOON,HISTORICAL,HISTORICAL,Historical data
2023-10-01T00:00:00,Guwahati,26.18,91.75,59.39527093068219,26.572486403601083,70.23849764250131,13.427323369556339,MODERATE,HISTORICAL,HISTORICAL,Historical data
2023-10-01T00:00:00,Nagaon,26.15,92.72,56.48753485087319,24.573293249174945,71.29370123812144,27.87280762781721,MODERATE,HISTORICAL,HISTORICAL,Historical data
2023-10-01T00:00:00,Lumding,25.28,92.84,92.20168579472586,31.180695872589993,73.74432499753348,14.166015704919133,MODERATE,HISTORICAL,HISTORICAL,Historical data
2023-10-01T00:00:00,Silchar,24.82,92.8,80.37865529314412,28.517555106582563,73.00992205077736,14.453284310027762,MODERATE,HISTORICAL,HISTORICAL,Historical data
2023-10-02T00:00:00,Guwahati,26.18,91.75,103.68347507073278,26.19753152954866,82.78786226134429,11.098818984950347,MODERATE,HISTORICAL,HISTORICAL,Historical data
2023-10-02T00:00:00,Nagaon,26.15,92.72,82.92354641009003,27.776027192566136,79.81304267581936,13.498091264218964,MODERATE,HISTORICAL,HISTORICAL,Historical data
2023-10-02T00:00:00,Lumding,25.28,92.84,67.53645019367357,27.36262878021136,93.69176919871252,8.102888083395278,MODERATE,HISTORICAL,HISTORICAL,Historical data
2023-10-02T00:00:00,Silchar,24.82,92.8,88.50923611753647,29.046444059602035,69.87637184626327,17.687656917226736,MODERATE,HISTORICAL,HISTORICAL,Historical data
2023-10-03T00:00:00,Guwahati,26.18,91.75,83.50373253949688,25.7677468878983,78.88084859769552,26.32242304777072,MODERATE,HISTORICAL,HISTORICAL,Historical data
2023-10-03T00:00:00,Nagaon,26.15,92.72,109.89105101050497,28.836073693545387,91.91138819807081,25.107846343374984,MODERATE,HISTORICAL,HISTORICAL,Historical data
2023-10-03T00:00:00,Lumding,25.28,92.84,79.84812522619032,29.95223661988681,72.32509810748384,8.09386079903354,MODERATE,HISTORICAL,HISTORICAL,Historical data
2023-10-03T00:00:00,Silchar,24.82,92.8,51.235815109578,27.660378080978326,74.22540124270675,22.29042005703435,MODERATE,HISTORICAL,HISTORICAL,Historical data
2023-10-04T00:00:00,Guwahati,26.18,91.75,90.40146324687876,28.09238785073148,90.68307094161077,10.036675936327374,MODERATE,HISTORICAL,HISTORICAL,Historical data
2023-10-04T00:00:00,Nagaon,26.15,92.72,94.45260253650353,22.05223585680433,89.85736286701919,22.947098392417917,MODERATE,HISTORICAL,HISTORICAL,Historical data
2023-10-04T00:00:00,Lumding,25.28,92.84,72.16716491993309,30.89955038033308,73.5004421476149,27.414793850889446,MODERATE,HISTORICAL,HISTORICAL,Historical data
2023-10-04T00:00:00,Silchar,24.82,92.8,93.61868786370125,27.37165848482529,72.86159991008141,22.775551163475505,MODERATE,HISTORICAL,HISTORICAL,Historical data
2023-10-05T00:00:00,Guwahati,26.18,91.75,67.25265612762828,30.068903895274154,76.99047753086064,15.678839210587736,MODERATE,HISTORICAL,HISTORICAL,Historical data
2023-10-05T00:00:00,Nagaon,26.15,92.72,69.16060057226166,28.60701998021485,76.18370649932469,26.610702737492193,MODERATE,HISTORICAL,HISTORICAL,Historical data
2023-10-05T00:00:00,Lumding,25.28,92.84,79.83923939142102,29.167761877543544,71.07133637471189,17.85934134812857,MODERATE,HISTORICAL,HISTORICAL,Historical data
2023-10-05T00:00:00,Silchar,24.82,92.8,58.376056290112984,26.396842695359314,74.4471799075788,18.88680554020025,MODERATE,HISTORICAL,HISTORICAL,Historical data
2023-10-06T00:00:00,Guwahati,26.18,91.75,83.59314437713935,24.93192306735464,81.619911009661,11.33405478815117,MODERATE,HISTORICAL,HISTORICAL,Historical data
2023-10-06T00:00:00,Nagaon,26.15,92.72,78.86642286386575,28.993228343013712,73.64132008566438,24.29185829324937,MODERATE,HISTORICAL,HISTORICAL,Historical data
2023-10-06T00:00:00,Lumding,25.28,92.84,60.847551682558695,27.875202900517827,91.21183812412384,18.501289043463675,MODERATE,HISTORICAL,HISTORICAL,Historical data
2023-10-06T00:00:00,Silchar,24.82,92.8,44.675213902036916,25.13142129983534,70.625303745445,19.9878999794522,MODERATE,HISTORICAL,HISTORICAL,Historical data
2023-10-07T00:00:00,Guwahati,26.18,91.75,112.15593078099786,29.16456890964221,68.40827173710679,22.317609564394996,MODERATE,HISTORICAL,HISTORICAL,Historical data
2023-10-07T00:00:00,Nagaon,26.15,92.72,82.40021492698527,28.213069652956236,65.71779230472757,29.835711686156486,MODERATE,HISTORICAL,HISTORICAL,Historical data
2023-10-07T00:00:00,Lumding,25.28,92.84,101.20268417688142,30.878552433523733,74.01099054656197,21.351698546607178,MODERATE,HISTORICAL,HISTORICAL,Historical data
2023-10-07T00:00:00,Silchar,24.82,92.8,55.08797256936144,26.075346849442557,65.8872969906426,15.690170237136225,MODERATE,HISTORICAL,HISTORICAL,Historical data
2023-10-08T00:00:00,Guwahati,26.18,91.75,71.03959325342687,26.979002494353193,69.29426686490307,20.571343053295365,MODERATE,HISTORICAL,HISTORICAL,Historical data
2023-10-08T00:00:00,Nagaon,26.15,92.72,73.1173114643394,26.104668877486315,91.1045247217172,24.35553751621726,MODERATE,HISTORICAL,HISTORICAL,Historical data
2023-10-08T00:00:00,Lumding,25.28,92.84,77.20012379994961,25.62399543549764,93.89653173532542,29.257358924772323,MODERATE,HISTORICAL,HISTORICAL,Historical data
2023-10-08T00:00:00,Silchar,24.82,92.8,71.22088976620466,26.129042479720958,66.74522655962694,14.506078334086547,MODERATE,HISTORICAL,HISTORICAL,Historical data
2023-10-09T00:00:00,Guwahati,26.18,91.75,63.25689542560758,29.58190206810321,80.78580290071267,25.367289028720812,MODERATE,HISTORICAL,HISTORICAL,Historical data
2023-10-09T00:00:00,Nagaon,26.15,92.72,76.21370426471306,25.959462249711954,86.5058129744585,11.860492665100017,MODERATE,HISTORICAL,HISTORICAL,Historical data
2023-10-09T00:00:00,Lumding,25.28,92.84,95.88443808344357,26.999522281571245,94.24631805510663,19.220158236197594,MODERATE,HISTORICAL,HISTORICAL,Historical data
2023-10-09T00:00:00,Silchar,24.82,92.8,77.30334631458611,28.683853257085417,94.44324464563645,24.602483167912915,MODERATE,HISTORICAL,HISTORICAL,Historical data
2023-10-10T00:00:00,Guwahati,26.18,91.75,98.87746038668968,28.99675611052914,73.05738657643589,16.18451448558873,MODERATE,HISTORICAL,HISTORICAL,Historical data
2023-10-10T00:00:00,Nagaon,26.15,92.72,69.44861812230805,29.045582195638005,83.14325032880788,12.89981655789648,MODERATE,HISTORICAL,HISTORICAL,Historical data
2023-10-10T00:00:00,Lumding,25.28,92.84,92.63060735813875,28.50230618473,82.66682335535903,28.305604956643737,MODERATE,HISTORICAL,HISTORICAL,Historical data
2023-10-10T00:00:00,Silchar,24.82,92.8,107.63429361992473,32.12275579866469,94.63424837662257,8.207412549793219,MODERATE,HISTORICAL,HISTORICAL,Historical data
2023-10-11T00:00:00,Guwahati,26.18,91.75,53.94224601477633,27.12716257236508,93.81010073329276,19.472711455616285,MODERATE,HISTORICAL,HISTORICAL,Historical data
2023-10-11T00:00:00,Nagaon,26.15,92.72,92.63610769371483,27.56270397134191,80.0090190056522,9.256746656864763,MODERATE,HISTORICAL,HISTORICAL,Historical data
2023-10-11T00:00:00,Lumding,25.28,92.84,60.10736740560718,26.537138659953328,75.96576731513228,28.274070939973367,MODERATE,HISTORICAL,HISTORICAL,Historical data
2023-10-11T00:00:00,Silchar,24.82,92.8,66.03722360022446,29.45391112182663,80.72727215112153,10.552589979469216,MODERATE,HISTORICAL,HISTORICAL,Historical data
2023-10-12T00:00:00,Guwahati,26.18,91.75,75.204314720398,27.178814304725538,71.860409856552,13.356675091093697,MODERATE,HISTORICAL,HISTORICAL,Historical data
2023-10-12T00:00:00,Nagaon,26.15,92.72,76.3734449919148,29.81525454018559,74.30388510458327,10.631506558616522,MODERATE,HISTORICAL,HISTORICAL,Historical data
2023-10-12T00:00:00,Lumding,25.28,92.84,94.2956007772265,27.09003162425915,91.05203556695032,13.265323600603974,MODERATE,HISTORICAL,HISTORICAL,Historical data
2023-10-12T00:00:00,Silchar,24.82,92.8,71.98632438447373,29.578134984602748,75.92417193879241,19.711595904830602,MODERATE,HISTORICAL,HISTORICAL,Historical data
2023-10-13T00:00:00,Guwahati,26.18,91.75,49.96133752540799,24.85328916486264,67.45032861219104,12.535841317638845,MODERATE,HISTORICAL,HISTORICAL,Historical data
2023-10-13T00:00:00,Nagaon,26.15,92.72,89.8419050046853,26.525358280598102,84.81473389580593,15.075900990499838,MODERATE,HISTORICAL,HISTORICAL,Historical data
2023-10-13T00:00:00,Lumding,25.28,92.84,81.72047682938431,28.07345736327107,78.5457210797821,21.089656953488873,MODERATE,HISTORICAL,HISTORICAL,Historical data
2023-10-13T00:00:00,Silchar,24.82,92.8,53.97249729400651,27.492817297597238,73.2837779011494,26.146885314522944,MODERATE,HISTORICAL,HISTORICAL,Historical data
2023-10-14T00:00:00,Guwahati,26.18,91.75,93.02020130429354,26.622666003179283,81.78982819137232,12.966034264743724,MODERATE,HISTORICAL,HISTORICAL,Historical data
2023-10-14T00:00:00,Nagaon,26.15,92.72,99.18875583311672,30.234000359701767,94.20553641543842,14.5902995852189,MODERATE,HISTORICAL,HISTORICAL,Historical data
2023-10-14T00:00:00,Lumding,25.28,92.84,78.50501658609807,26.929487366294378,79.89429438148967,17.18392724962348,MODERATE,HISTORICAL,HISTORICAL,Historical data
2023-10-14T00:00:00,Silchar,24.82,92.8,74.4010191857717,28.038159588852793,81.90204427268554,18.193420591849666,MODERATE,HISTORICAL,HISTORICAL,Historical data
2023-10-15T00:00:00,Guwahati,26.18,91.75,85.37414298123197,30.375780234738986,79.95608597597001,14.18906258486693,MODERATE,HISTORICAL,HISTORICAL,Historical data
2023-10-15T00:00:00,Nagaon,26.15,92.72,71.19991481170615,26.515925180400163,81.4919380359329,13.902215268546271,MODERATE,HISTORICAL,HISTORICAL,Historical data
2023-10-15T00:00:00,Lumding,25.28,92.84,71.54843729611444,26.61075460402257,85.42963485174364,26.11397231640446,MODERATE,HISTORICAL,HISTORICAL,Historical data
2023-10-15T00:00:00,Silchar,24.82,92.8,73.23894202540738,23.318499126733187,93.44196720463418,18.638982845473677,MODERATE,HISTORICAL,HISTORICAL,Historical data
2023-10-16T00:00:00,Guwahati,26.18,91.75,78.85055390965672,26.806359038617288,83.37048583233299,28.704521324122513,MODERATE,HISTORICAL,HISTORICAL,Historical data
2023-10-16T00:00:00,Nagaon,26.15,92.72,88.06532163357406,26.110794670044225,80.54621155354697,24.231180344283494,MODERATE,HISTORICAL,HISTORICAL,Historical data
2023-10-16T00:00:00,Lumding,25.28,92.84,92.71610683771468,30.05344450755986,78.64739993810839,19.605143670563475,MODERATE,HISTORICAL,HISTORICAL,Historical data
2023-10-16T00:00:00,Silchar,24.82,92.8,78.86242522698082,24.27430127063026,81.16163201899946,17.05334109038635,MODERATE,HISTORICAL,HISTORICAL,Historical data
2023-10-17T00:00:00,Guwahati,26.18,91.75,61.01312070258522,26.535228083839378,69.04752637620375,13.426771798223049,MODERATE,HISTORICAL,HISTORICAL,Historical data
2023-10-17T00:00:00,Nagaon,26.15,92.72,63.78763613594752,24.90832918335822,74.69820255726235,14.76469188492812,MODERATE,HISTORICAL,HISTORICAL,Historical data
2023-10-17T00:00:00,Lumding,25.28,92.84,51.502885072191525,26.555209739795238,93.03929728774449,23.2653733445019,MODERATE,HISTORICAL,HISTORICAL,Historical data
2023-10-17T00:00:00,Silchar,24.82,92.8,67.91002417559353,30.980419232976583,86.11632161634137,21.812394758627256,MODERATE,HISTORICAL,HISTORICAL,Historical data
2023-10-18T00:00:00,Guwahati,26.18,91.75,90.94500359975925,30.020406829042674,78.15291558166953,16.577045972180617,MODERATE,HISTORICAL,HISTORICAL,Historical data
2023-10-18T00:00:00,Nagaon,26.15,92.72,73.68701217049609,26.16642094458811,72.86144017672706,12.979620102468479,MODERATE,HISTORICAL,HISTORICAL,Historical data
2023-10-18T00:00:00,Lumding,25.28,92.84,76.67423875829883,27.24560743707412,91.87730675776649,14.718702326822912,MODERATE,HISTORICAL,HISTORICAL,Historical data
2023-10-18T00:00:00,Silchar,24.82,92.8,56.2674420556975,28.35922882393639,79.7576597769267,8.18963001544508,MODERATE,HISTORICAL,HISTORICAL,Historical data
2023-10-19T00:00:00,Guwahati,26.18,91.75,50.86036140450732,28.61893014042286,83.91591287914213,15.061737834706316,MODERATE,HISTORICAL,HISTORICAL,Historical data
2023-10-19T00:00:00,Nagaon,26.15,92.72,87.80427972765243,27.073450039019672,92.98233501289766,17.743023920292508,MODERATE,HISTORICAL,HISTORICAL,Historical data
2023-10-19T00:00:00,Lumding,25.28,92.84,101.85513527919457,28.058294269857377,69.61005749961805,20.73248664244078,MODERATE,HISTORICAL,HISTORICAL,Historical data
2023-10-19T00:00:00,Silchar,24.82,92.8,85.81159314751434,29.3072613839277,94.66262318036085,28.44137357393607,MODERATE,HISTORICAL,HISTORICAL,Historical data
2023-10-20T00:00:00,Guwahati,26.18,91.75,86.9178841680108,28.036508481308246,66.92842837817652,27.3086266427057,MODERATE,HISTORICAL,HISTORICAL,Historical data
2023-10-20T00:00:00,Nagaon,26.15,92.72,80.9373961140261,32.33610879719143,71.62554206264038,27.138420817727877,MODERATE,HISTORICAL,HISTORICAL,Historical data
2023-10-20T00:00:00,Lumding,25.28,92.84,50.812318778207,29.70240878495346,93.95757957003296,15.15462714759964,MODERATE,HISTORICAL,HISTORICAL,Historical data
2023-10-20T00:00:00,Silchar,24.82,92.8,47.69170515260361,30.04732440073505,72.6445316827097,17.18550358456549,MODERATE,HISTORICAL,HISTORICAL,Historical data
2023-10-21T00:00:00,Guwahati,26.18,91.75,93.86333146769142,27.269956156065522,93.6614714796538,25.81498516696494,MODERATE,HISTORICAL,HISTORICAL,Historical data
2023-10-21T00:00:00,Nagaon,26.15,92.72,80.33362885477676,28.034978274635034,78.07523452052881,15.446252482178537,MODERATE,HISTORICAL,HISTORICAL,Historical data
2023-10-21T00:00:00,Lumding,25.28,92.84,22.907171456402544,27.00990223869394,74.37052958478674,22.429902039204556,MODERATE,HISTORICAL,HISTORICAL,Historical data
2023-10-21T00:00:00,Silchar,24.82,92.8,70.06500466316722,28.616824783385564,94.05935146442863,10.966294488763443,MODERATE,HISTORICAL,HISTORICAL,Historical data
2023-10-22T00:00:00,Guwahati,26.18,91.75,14.67812018396522,28.20712762286953,75.10223297087688,9.86283365071403,MODERATE,HISTORICAL,HISTORICAL,Historical data
2023-10-22T00:00:00,Nagaon,26.15,92.72,94.3790560961617,25.723274046646917,72.83686839773084,26.046734725988674,MODERATE,HISTORICAL,HISTORICAL,Historical data
2023-10-22T00:00:00,Lumding,25.28,92.84,70.967743504318,27.847296979534438,91.65962344034557,20.340950550059198,MODERATE,HISTORICAL,HISTORICAL,Historical data
2023-10-22T00:00:00,Silchar,24.82,92.8,86.44589038069331,29.42686248642253,68.2842157124466,15.601798824192514,MODERATE,HISTORICAL,HISTORICAL,Historical data
2023-10-23T00:00:00,Guwahati,26.18,91.75,54.87903117029957,30.418468161027562,78.84976436273571,8.46891678193081,MODERATE,HISTORICAL,HISTORICAL,Historical data
2023-10-23T00:00:00,Nagaon,26.15,92.72,81.54246772602245,28.285317856032865,73.50575497863844,15.097187425502987,MODERATE,HISTORICAL,HISTORICAL,Historical data
2023-10-23T00:00:00,Lumding,25.28,92.84,92.35194896306513,26.991631394489524,81.32027227758968,17.042628381697742,MODERATE,HISTORICAL,HISTORICAL,Historical data
2023-10-23T00:00:00,Silchar,24.82,92.8,21.185641720217575,31.475065742846045,74.33826771674791,15.198333728022028,MODERATE,HISTORICAL,HISTORICAL,Historical data
2023-10-24T00:00:00,Guwahati,26.18,91.75,78.11177881129186,26.478666982505345,91.56809871847628,23.1774466502915,MODERATE,HISTORICAL,HISTORICAL,Historical data
2023-10-24T00:00:00,Nagaon,26.15,92.72,68.30780600428884,29.098943359023522,73.98964857831626,23.88223806038478,MODERATE,HISTORICAL,HISTORICAL,Historical data
2023-10-24T00:00:00,Lumding,25.28,92.84,54.262278965434035,28.95276619505041,93.19586038506695,11.310655320010039,MODERATE,HISTORICAL,HISTORICAL,Historical data
2023-10-24T00:00:00,Silchar,24.82,92.8,80.28549976893875,29.126700994331262,67.25434474798814,27.24349288260959,MODERATE,HISTORICAL,HISTORICAL,Historical data
2023-10-25T00:00:00,Guwahati,26.18,91.75,51.6257584287121,27.163823211013714,94.15132843963605,13.57240315567856,MODERATE,HISTORICAL,HISTORICAL,Historical data
2023-10-25T00:00:00,Nagaon,26.15,92.72,80.46945755756589,28.066927544091474,74.39381257720923,19.796014101875354,MODERATE,HISTORICAL,HISTORICAL,Historical data
2023-10-25T00:00:00,Lumding,25.28,92.84,92.81607289548872,29.93103453933911,66.87535477666513,13.027035359440934,MODERATE,HISTORICAL,HISTORICAL,Historical data
2023-10-25T00:00:00,Silchar,24.82,92.8,46.86633135837327,28.520733729317808,80.61598060658751,11.751058405953867,MODERATE,HISTORICAL,HISTORICAL,Historical data
2023-10-26T00:00:00,Guwahati,26.18,91.75,81.2355232376237,28.035454919990155,89.56493602808492,22.29840060906061,MODERATE,HISTORICAL,HISTORICAL,Historical data
2023-10-26T00:00:00,Nagaon,26.15,92.72,94.97293980365484,28.323001199014538,70.27841247852217,26.099847225126723,MODERATE,HISTORICAL,HISTORICAL,Historical data
2023-10-26T00:00:00,Lumding,25.28,92.84,46.34485172114525,28.375908980813943,86.56329106703289,25.53985062068135,MODERATE,HISTORICAL,HISTORICAL,Historical data
2023-10-26T00:00:00,Silchar,24.82,92.8,78.45509081750541,25.95925942828266,65.81906412226459,16.909575549446537,MODERATE,HISTORICAL,HISTORICAL,Historical data
2023-10-27T00:00:00,Guwahati,26.18,91.75,63.30890655823622,28.96333048578341,88.70768244859099,27.49964929379658,MODERATE,HISTORICAL,HISTORICAL,Historical data
2023-10-27T00:00:00,Nagaon,26.15,92.72,86.74692355195882,29.322092313042624,77.63018811320137,26.002445774066043,MODERATE,HISTORICAL,HISTORICAL,Historical data
2023-10-27T00:00:00,Lumding,25.28,92.84,98.713040775978,26.218100199500498,78.5928635949733,26.029661003416525,MODERATE,HISTORICAL,HISTORICAL,Historical data
2023-10-27T00:00:00,Silchar,24.82,92.8,85.67416183476115,30.510440683276613,84.78996214772621,29.63827371590593,MODERATE,HISTORICAL,HISTORICAL,Historical data
2023-10-28T00:00:00,Guwahati,26.18,91.75,35.5846960626819,28.33820405716255,72.47272173989613,8.8055639232721,MODERATE,HISTORICAL,HISTORICAL,Historical data
2023-10-28T00:00:00,Nagaon,26.15,92.72,66.76893759177949,22.360589193700072,86.54870693686392,20.09356234328165,MODERATE,HISTORICAL,HISTORICAL,Historical data
2023-10-28T00:00:00,Lumding,25.28,92.84,94.93572897421937,27.535871679001893,92.80289320120127,21.576492726569338,MODERATE,HISTORICAL,HISTORICAL,Historical data
2023-10-28T00:00:00,Silchar,24.82,92.8,74.8491582245602,28.929966065551096,75.1883943358222,20.260129464514513,MODERATE,HISTORICAL,HISTORICAL,Historical data
2023-10-29T00:00:00,Guwahati,26.18,91.75,63.20843332662055,26.90116330087421,84.88977119626787,14.306648702239105,MODERATE,HISTORICAL,HISTORICAL,Historical data
2023-10-29T00:00:00,Nagaon,26.15,92.72,69.33257423451793,26.7551734937146,86.65571731429306,28.937245852685102,MODERATE,HISTORICAL,HISTORICAL,Historical data
2023-10-29T00:00:00,Lumding,25.28,92.84,62.507954842373096,26.63017243458859,85.48472506596313,11.353586785009917,MODERATE,HISTORICAL,HISTORICAL,Historical data
2023-10-29T00:00:00,Silchar,24.82,92.8,67.1145788524936,28.629067651398643,84.55792740532023,11.882330794654324,MODERATE,HISTORICAL,HISTORICAL,Historical data
2023-10-30T00:00:00,Guwahati,26.18,91.75,87.24268596444858,29.4899114248944,90.81088190514885,28.345185843494104,MODERATE,HISTORICAL,HISTORICAL,Historical data
2023-10-30T00:00:00,Nagaon,26.15,92.72,88.33659700852547,32.61579661609593,74.04516340169795,10.499652063591107,MODERATE,HISTORICAL,HISTORICAL,Historical data
2023-10-30T00:00:00,Lumding,25.28,92.84,94.69870548143302,25.831391171383064,73.25321048886559,23.316028410833578,MODERATE,HISTORICAL,HISTORICAL,Historical data
2023-10-30T00:00:00,Silchar,24.82,92.8,81.66266407238938,29.527333019265935,91.99444129264513,16.501228735760005,MODERATE,HISTORICAL,HISTORICAL,Historical data
2023-10-31T00:00:00,Guwahati,26.18,91.75,77.24393452117975,28.752941595502122,88.13346367447384,27.007326872804978,MODERATE,HISTORICAL,HISTORICAL,Historical data
2023-10-31T00:00:00,Nagaon,26.15,92.72,79.78192106492482,25.264388275220142,80.16992991287557,28.98565109635841,MODERATE,HISTORICAL,HISTORICAL,Historical data
2023-10-31T00:00:00,Lumding,25.28,92.84,105.91261526459385,27.627295074388453,67.66942616492958,15.323878850390793,MODERATE,HISTORICAL,HISTORICAL,Historical data
2023-10-31T00:00:00,Silchar,24.82,92.8,66.37080711509512,29.580878615538435,72.50351325978826,24.766200795834028,MODERATE,HISTORICAL,HISTORICAL,Historical data
2023-11-01T00:00:00,Guwahati,26.18,91.75,10.672276230917282,21.470354732347893,79.48711334869611,14.946933210953205,DRY,HISTORICAL,HISTORICAL,Historical data
2023-11-01T00:00:00,Nagaon,26.15,92.72,21.05338836534506,18.952489704316537,89.98109923650797,17.87211254818272,DRY,HISTORICAL,HISTORICAL,Historical data
2023-11-01T00:00:00,Lumding,25.28,92.84,28.79732353024557,15.417828119029819,78.81809494157372,8.28764327326989,DRY,HISTORICAL,HISTORICAL,Historical data
2023-11-01T00:00:00,Silchar,24.82,92.8,28.931222374530662,20.832654659175088,67.34149087184292,19.81265865652654,DRY,HISTORICAL,HISTORICAL,Historical data
2023-11-02T00:00:00,Guwahati,26.18,91.75,11.634123089763122,21.534840318484147,85.78031789259822,12.061021625480244,DRY,HISTORICAL,HISTORICAL,Historical data
2023-11-02T00:00:00,Nagaon,26.15,92.72,11.84037169691909,18.080990635783568,90.49223260682871,16.562355301052847,DRY,HISTORICAL,HISTORICAL,Historical data
2023-11-02T00:00:00,Lumding,25.28,92.84,27.395224699999414,20.754350639926606,93.99935690398205,11.202910026299044,DRY,HISTORICAL,HISTORICAL,Historical data
2023-11-02T00:00:00,Silchar,24.82,92.8,23.862965052789583,20.666397838627223,71.78612551669463,24.664189543976004,DRY,HISTORICAL,HISTORICAL,Historical data
2023-11-03T00:00:00,Guwahati,26.18,91.75,12.363781577694235,18.55188541750485,73.00946994030478,17.225736387878325,DRY,HISTORICAL,HISTORICAL,Historical data
2023-11-03T00:00:00,Nagaon,26.15,92.72,18.944212745957163,19.390410838667528,74.18961416497714,21.533031927363417,DRY,HISTORICAL,HISTORICAL,Historical data
2023-11-03T00:00:00,Lumding,25.28,92.84,20.9282420446863,19.038191769214464,90.71222221232536,29.412667079250753,DRY,HISTORICAL,HISTORICAL,Historical data
2023-11-03T00:00:00,Silchar,24.82,92.8,30.701832361328556,23.53795794915246,84.36582161430783,16.458390272548456,DRY,HISTORICAL,HISTORICAL,Historical data
2023-11-04T00:00:00,Guwahati,26.18,91.75,23.073277250932513,20.11929055512432,94.27676462260256,10.548867368756538,DRY,HISTORICAL,HISTORICAL,Historical data
2023-11-04T00:00:00,Nagaon,26.15,92.72,23.577564681974724,20.00451532391593,85.90730262273648,20.19480020885682,DRY,HISTORICAL,HISTORICAL,Historical data
2023-11-04T00:00:00,Lumding,25.28,92.84,26.430321528632795,17.976852077921023,72.07306031927658,19.99733572906206,DRY,HISTORICAL,HISTORICAL,Historical data
2023-11-04T00:00:00,Silchar,24.82,92.8,17.49196347098386,20.31274512156221,84.22097531976603,14.8582577833821,DRY,HISTORICAL,HISTORICAL,Historical data
2023-11-05T00:00:00,Guwahati,26.18,91.75,18.81722099281181,19.076119626351154,71.7899362165562,28.521503656678867,DRY,HISTORICAL,HISTORICAL,Historical data
2023-11-05T00:00:00,Nagaon,26.15,92.72,22.028510585584957,17.33901630687264,65.72088116623246,12.664919432345409,DRY,HISTORICAL,HISTORICAL,Historical data
2023-11-05T00:00:00,Lumding,25.28,92.84,32.461609600691354,20.25337785080243,65.919602774412,26.37041864581158,DRY,HISTORICAL,HISTORICAL,Historical data
2023-11-05T00:00:00,Silchar,24.82,92.8,49.23784252012682,20.698914890666728,89.5491300590586,18.814177514028287,DRY,HISTORICAL,HISTORICAL,Historical data
2023-11-06T00:00:00,Guwahati,26.18,91.75,22.034130461934833,20.66416429644716,69.70900697186012,21.337716408350637,DRY,HISTORICAL,HISTORICAL,Historical data
2023-11-06T00:00:00,Nagaon,26.15,92.72,8.932177864475472,19.781405250539706,67.25277795550338,17.129298032782614,DRY,HISTORICAL,HISTORICAL,Historical data
2023-11-06T00:00:00,Lumding,25.28,92.84,41.13541277171302,19.22520655342852,69.33824545690197,22.129302319721248,DRY,HISTORICAL,HISTORICAL,Historical data
2023-11-06T00:00:00,Silchar,24.82,92.8,34.90406987144919,19.518277365735738,85.61585202394389,17.670459550882207,DRY,HISTORICAL,HISTORICAL,Historical data
2023-11-07T00:00:00,Guwahati,26.18,91.75,8.862758899379708,22.99609179581271,73.58476507787438,16.29751878100938,DRY,HISTORICAL,HISTORICAL,Historical data
2023-11-07T00:00:00,Nagaon,26.15,92.72,22.147777102355064,21.708395228926353,91.76591729521819,17.677928767586433,DRY,HISTORICAL,HISTORICAL,Historical data
2023-11-07T00:00:00,Lumding,25.28,92.84,33.90726231461285,19.686482068308468,70.43546963368931,24.069938533839494,DRY,HISTORICAL,HISTORICAL,Historical data
2023-11-07T00:00:00,Silchar,24.82,92.8,21.34269341739006,20.712277097541474,71.30354046562182,14.220643292162457,DRY,HISTORICAL,HISTORICAL,Historical data
2023-11-08T00:00:00,Guwahati,26.18,91.75,0.0,19.658287258790224,66.87639203080684,8.710377162777622,DRY,HISTORICAL,HISTORICAL,Historical data
2023-11-08T00:00:00,Nagaon,26.15,92.72,20.76787390154751,20.825049571591045,94.14038860302375,12.352142869904188,DRY,HISTORICAL,HISTORICAL,Historical data
2023-11-08T00:00:00,Lumding,25.28,92.84,29.351120997309252,22.11373488657341,74.54450400347166,13.478922360137782,DRY,HISTORICAL,HISTORICAL,Historical data
2023-11-08T00:00:00,Silchar,24.82,92.8,36.11225606202688,18.58828338149014,69.84000120232427,8.402190696713909,DRY,HISTORICAL,HISTORICAL,Historical data
2023-11-09T00:00:00,Guwahati,26.18,91.75,28.347869354798043,20.127317439340906,68.59315646788161,17.344757498502517,DRY,HISTORICAL,HISTORICAL,Historical data
2023-11-09T00:00:00,Nagaon,26.15,92.72,28.949692791611003,23.727170868718,66.90441786016078,22.69785762751384,DRY,HISTORICAL,HISTORICAL,Historical data
2023-11-09T00:00:00,Lumding,25.28,92.84,42.762494387219625,21.859981037801564,79.30347248713836,19.16161280322629,DRY,HISTORICAL,HISTORICAL,Historical data
2023-11-09T00:00:00,Silchar,24.82,92.8,27.891674364266574,20.999253938323832,78.15125223122801,16.870506147129735,DRY,HISTORICAL,HISTORICAL,Historical data
2023-11-10T00:00:00,Guwahati,26.18,91.75,19.80242588766417,18.568979551058504,83.04245106183987,11.956372980153594,DRY,HISTORICAL,HISTORICAL,Historical data
2023-11-10T00:00:00,Nagaon,26.15,92.72,23.251182646252108,16.34672573768492,88.29195705512362,8.153991762364342,DRY,HISTORICAL,HISTORICAL,Historical data
2023-11-10T00:00:00,Lumding,25.28,92.84,29.99520766302261,22.011785408286205,85.91479475971039,28.29968800582828,DRY,HISTORICAL,HISTORICAL,Historical data
2023-11-10T00:00:00,Silchar,24.82,92.8,31.27190818774567,19.842580951896664,91.50708481757322,19.591245381227004,DRY,HISTORICAL,HISTORICAL,Historical data
2023-11-11T00:00:00,Guwahati,26.18,91.75,9.860764957671002,24.303334085237328,86.47976416952923,8.155772734306058,DRY,HISTORICAL,HISTORICAL,Historical data
2023-11-11T00:00:00,Nagaon,26.15,92.72,17.88800593758214,18.311186415021623,66.40530048508687,17.750953157843124,DRY,HISTORICAL,HISTORICAL,Historical data
2023-11-11T00:00:00,Lumding,25.28,92.84,26.520568167579714,18.28638580078689,88.99419095304877,19.650118015700254,DRY,HISTORICAL,HISTORICAL,Historical data
2023-11-11T00:00:00,Silchar,24.82,92.8,21.019569792593934,21.956320810843998,89.80903333794109,10.175856510601399,DRY,HISTORICAL,HISTORICAL,Historical data
2023-11-12T00:00:00,Guwahati,26.18,91.75,3.339067572492425,27.704141940242014,67.17148201214225,29.102377666713664,DRY,HISTORICAL,HISTORICAL,Historical data
2023-11-12T00:00:00,Nagaon,26.15,92.72,17.813369562784064,16.451947855528086,92.32342788875935,8.843746097851884,DRY,HISTORICAL,HISTORICAL,Historical data
2023-11-12T00:00:00,Lumding,25.28,92.84,37.7850514524617,18.189982968169065,86.34181349435754,23.660509222596616,DRY,HISTORICAL,HISTORICAL,Historical data
2023-11-12T00:00:00,Silchar,24.82,92.8,25.0917319748989,16.252570416026582,67.90789775661145,24.88273267650483,DRY,HISTORICAL,HISTORICAL,Historical data
2023-11-13T00:00:00,Guwahati,26.18,91.75,17.241894048381678,15.804963250732918,86.54576033159297,13.355314210633388,DRY,HISTORICAL,HISTORICAL,Historical data
2023-11-13T00:00:00,Nagaon,26.15,92.72,7.872586317871342,19.944016939015018,81.19524699040221,10.271162397083025,DRY,HISTORICAL,HISTORICAL,Historical data
2023-11-13T00:00:00,Lumding,25.28,92.84,31.826317160723992,20.149444408733476,89.05837543060201,25.4383139145733,DRY,HISTORICAL,HISTORICAL,Historical data
2023-11-13T00:00:00,Silchar,24.82,92.8,24.375302974836057,23.652463413523265,94.45976697838725,14.26432946702645,DRY,HISTORICAL,HISTORICAL,Historical data
2023-11-14T00:00:00,Guwahati,26.18,91.75,0.0,18.817129354992268,87.45569873675416,22.71418150578114,DRY,HISTORICAL,HISTORICAL,Historical data
2023-11-14T00:00:00,Nagaon,26.15,92.72,17.99581066385912,20.10701286554882,66.82560893792817,29.04837922286258,DRY,HISTORICAL,HISTORICAL,Historical data
2023-11-14T00:00:00,Lumding,25.28,92.84,21.877501551152267,20.814851589634785,91.11262536292551,8.371221154158976,DRY,HISTORICAL,HISTORICAL,Historical data
2023-11-14T00:00:00,Silchar,24.82,92.8,35.50896121342405,21.661126737051276,83.16382378502838,12.249766865229493,DRY,HISTORICAL,HISTORICAL,Historical data
2023-11-15T00:00:00,Guwahati,26.18,91.75,27.309924357050303,20.9037133703019,69.0236548008683,12.76396414428079,DRY,HISTORICAL,HISTORICAL,Historical data
2023-11-15T00:00:00,Nagaon,26.15,92.72,31.701439398903766,18.547910634550664,91.62441467960797,25.54582775212964,DRY,HISTORICAL,HISTORICAL,Historical data
2023-11-15T00:00:00,Lumding,25.28,92.84,25.90016690167368,18.679172472061975,91.18270852417552,9.629649270661224,DRY,HISTORICAL,HISTORICAL,Historical data
2023-11-15T00:00:00,Silchar,24.82,92.8,10.304449219794655,20.985967556525676,93.06503463306176,15.776606873238084,DRY,HISTORICAL,HISTORICAL,Historical data
2023-11-16T00:00:00,Guwahati,26.18,91.75,8.509010409749381,19.648265310836685,84.60583291943858,17.355484070665817,DRY,HISTORICAL,HISTORICAL,Historical data
2023-11-16T00:00:00,Nagaon,26.15,92.72,13.337404768797327,16.872837337979362,68.5309391669673,27.123490752267383,DRY,HISTORICAL,HISTORICAL,Historical data
2023-11-16T00:00:00,Lumding,25.28,92.84,16.05810335807218,18.77880171796208,85.9187480495619,22.27893361272862,DRY,HISTORICAL,HISTORICAL,Historical data
2023-11-16T00:00:00,Silchar,24.82,92.8,13.986967905745878,21.07136434306453,84.98792720553028,10.792161437486488,DRY,HISTORICAL,HISTORICAL,Historical data
2023-11-17T00:00:00,Guwahati,26.18,91.75,9.16913352104256,22.21129410029432,79.54336514575161,22.27057101034262,DRY,HISTORICAL,HISTORICAL,Historical data
2023-11-17T00:00:00,Nagaon,26.15,92.72,22.662259901232197,21.84005120708073,87.09647151882832,20.04321068477258,DRY,HISTORICAL,HISTORICAL,Historical data
2023-11-17T00:00:00,Lumding,25.28,92.84,18.959183989555477,20.456056761831643,74.77651491505578,21.378341061996476,DRY,HISTORICAL,HISTORICAL,Historical data
2023-11-17T00:00:00,Silchar,24.82,92.8,35.18189885466984,20.724078274176335,79.78914036827535,21.783747429319238,DRY,HISTORICAL,HISTORICAL,Historical data
2023-11-18T00:00:00,Guwahati,26.18,91.75,25.647910025346512,20.993185169939668,90.8641809107392,9.393939279538415,DRY,HISTORICAL,HISTORICAL,Historical data
2023-11-18T00:00:00,Nagaon,26.15,92.72,26.947391874488915,21.42707283570151,85.26999047669104,11.76315415506437,DRY,HISTORICAL,HISTORICAL,Historical data
2023-11-18T00:00:00,Lumding,25.28,92.84,31.808149163797438,20.379908631867867,93.63821883231279,24.834456053204946,DRY,HISTORICAL,HISTORICAL,Historical data
2023-11-18T00:00:00,Silchar,24.82,92.8,33.2103159621649,18.698913947170144,89.14437693698324,15.663730671261016,DRY,HISTORICAL,HISTORICAL,Historical data
2023-11-19T00:00:00,Guwahati,26.18,91.75,0.0,18.616869900398395,87.30013124340047,26.98357100713036,DRY,HISTORICAL,HISTORICAL,Historical data
2023-11-19T00:00:00,Nagaon,26.15,92.72,16.551956668168653,19.25399759884988,77.51665784100945,17.05218889465305,DRY,HISTORICAL,HISTORICAL,Historical data
2023-11-19T00:00:00,Lumding,25.28,92.84,19.758611015353083,20.40391222289123,84.50471719733444,27.180216536756106,DRY,HISTORICAL,HISTORICAL,Historical data
2023-11-19T00:00:00,Silchar,24.82,92.8,15.152214409704861,17.909771704178656,82.1787957263293,16.806986722792566,DRY,HISTORICAL,HISTORICAL,Historical data
2023-11-20T00:00:00,Guwahati,26.18,91.75,25.756703235673278,17.66550425951351,65.21624759778594,12.773511497906188,DRY,HISTORICAL,HISTORICAL,Historical data
2023-11-20T00:00:00,Nagaon,26.15,92.72,27.270481768862602,18.60702441814996,77.2464427278875,25.63848088118421,DRY,HISTORICAL,HISTORICAL,Historical data
2023-11-20T00:00:00,Lumding,25.28,92.84,35.517394463880635,21.020490726891595,92.97253961537437,28.73065778727842,DRY,HISTORICAL,HISTORICAL,Historical data
2023-11-20T00:00:00,Silchar,24.82,92.8,41.74771901359692,18.172994076136014,75.3465193482796,18.631203704286193,DRY,HISTORICAL,HISTORICAL,Historical data
2023-11-21T00:00:00,Guwahati,26.18,91.75,16.65920018582713,18.688791109669914,77.20542425455622,10.632308719619344,DRY,HISTORICAL,HISTORICAL,Historical data
2023-11-21T00:00:00,Nagaon,26.15,92.72,36.67659090178584,17.445308127622177,71.93418620869289,24.8688217829249,DRY,HISTORICAL,HISTORICAL,Historical data
2023-11-21T00:00:00,Lumding,25.28,92.84,43.06484001585321,21.291475128066477,81.57935269251912,23.61038904813898,DRY,HISTORICAL,HISTORICAL,Historical data
2023-11-21T00:00:00,Silchar,24.82,92.8,11.229285284355711,19.517736551154773,73.62483123834662,20.781056503184566,DRY,HISTORICAL,HISTORICAL,Historical data
2023-11-22T00:00:00,Guwahati,26.18,91.75,12.640637327699734,21.418887951760468,82.38095170809952,16.444476371624248,DRY,HISTORICAL,HISTORICAL,Historical data
2023-11-22T00:00:00,Nagaon,26.15,92.72,3.5012478283328754,16.000851391856493,73.38467947124904,24.379894669067642,DRY,HISTORICAL,HISTORICAL,Historical data
2023-11-22T00:00:00,Lumding,25.28,92.84,31.18349731098758,16.997457487276584,84.92180371850397,27.879395946592926,DRY,HISTORICAL,HISTORICAL,Historical data
2023-11-22T00:00:00,Silchar,24.82,92.8,44.66631212405452,18.932919884645838,74.29043605795756,11.213151495166716,DRY,HISTORICAL,HISTORICAL,Historical data
2023-11-23T00:00:00,Guwahati,26.18,91.75,18.954601990959375,19.23372022440977,91.9410676684448,23.8727896837106,DRY,HISTORICAL,HISTORICAL,Historical data
2023-11-23T00:00:00,Nagaon,26.15,92.72,18.147556984259346,19.649457027720107,73.61805222331888,25.67617336866417,DRY,HISTORICAL,HISTORICAL,Historical data
2023-11-23T00:00:00,Lumding,25.28,92.84,32.89044057050468,19.897959908575032,85.1887456652957,29.17893326208746,DRY,HISTORICAL,HISTORICAL,Historical data
2023-11-23T00:00:00,Silchar,24.82,92.8,30.885169430405917,19.214727511911104,93.27137911641867,20.502477633428093,DRY,HISTORICAL,HISTORICAL,Historical data
2023-11-24T00:00:00,Guwahati,26.18,91.75,30.142370261815106,17.161939713163402,68.03454566072193,28.479550211563193,DRY,HISTORICAL,HISTORICAL,Historical data
2023-11-24T00:00:00,Nagaon,26.15,92.72,15.588921494404872,21.178599347098494,92.49193029641235,29.051504160204516,DRY,HISTORICAL,HISTORICAL,Historical data
2023-11-24T00:00:00,Lumding,25.28,92.84,28.539761565456054,22.20563755767886,80.19979571856817,13.33202078207801,DRY,HISTORICAL,HISTORICAL,Historical data
2023-11-24T00:00:00,Silchar,24.82,92.8,29.513531389026788,22.33205998600209,65.78144727394762,27.963796251867116,DRY,HISTORICAL,HISTORICAL,Historical data
2023-11-25T00:00:00,Guwahati,26.18,91.75,7.570749018819419,21.434101700430112,94.84192268413474,8.125262545349397,DRY,HISTORICAL,HISTORICAL,Historical data
2023-11-25T00:00:00,Nagaon,26.15,92.72,10.098962897977223,18.511519593120145,66.28851639071189,11.357090716036794,DRY,HISTORICAL,HISTORICAL,Historical data
2023-11-25T00:00:00,Lumding,25.28,92.84,37.093031211278415,20.390933137265094,90.36437529996043,13.208803327161672,DRY,HISTORICAL,HISTORICAL,Historical data
2023-11-25T00:00:00,Silchar,24.82,92.8,26.71871379715791,18.583922042767618,92.72220377466348,20.629826978137373,DRY,HISTORICAL,HISTORICAL,Historical data
2023-11-26T00:00:00,Guwahati,26.18,91.75,29.123960943542276,16.187279015795852,92.53261300703359,18.77112956560107,DRY,HISTORICAL,HISTORICAL,Historical data
2023-11-26T00:00:00,Nagaon,26.15,92.72,22.76099591590598,19.34156366919775,81.6993674649067,12.700322859817433,DRY,HISTORICAL,HISTORICAL,Historical data
2023-11-26T00:00:00,Lumding,25.28,92.84,28.923144167372794,21.17621280418338,74.51980513961409,24.94388371246815,DRY,HISTORICAL,HISTORICAL,Historical data
2023-11-26T00:00:00,Silchar,24.82,92.8,17.13904356280328,21.439886214455367,69.80311600938288,29.728269594785154,DRY,HISTORICAL,HISTORICAL,Historical data
2023-11-27T00:00:00,Guwahati,26.18,91.75,21.570149783437074,16.654865179457047,79.42466322834005,25.44065366180886,DRY,HISTORICAL,HISTORICAL,Historical data
2023-11-27T00:00:00,Nagaon,26.15,92.72,9.33516354331086,21.722409424991177,81.33521831314239,15.545725153471045,DRY,HISTORICAL,HISTORICAL,Historical data
2023-11-27T00:00:00,Lumding,25.28,92.84,22.540288472876007,19.62986061657813,81.81110806725802,11.352628923188707,DRY,HISTORICAL,HISTORICAL,Historical data
2023-11-27T00:00:00,Silchar,24.82,92.8,37.39312172549809,21.395855008213434,76.093894402258,23.39250743831573,DRY,HISTORICAL,HISTORICAL,Historical data
2023-11-28T00:00:00,Guwahati,26.18,91.75,42.494749285555,20.687076204089035,90.36522856362468,25.588770917059534,DRY,HISTORICAL,HISTORICAL,Historical data
2023-11-28T00:00:00,Nagaon,26.15,92.72,15.057983975166797,21.28364988064285,74.76142422749353,21.431052934044867,DRY,HISTORICAL,HISTORICAL,Historical data
2023-11-28T00:00:00,Lumding,25.28,92.84,19.400843297412244,20.5252526047079,78.83697323287727,29.661734662559912,DRY,HISTORICAL,HISTORICAL,Historical data
2023-11-28T00:00:00,Silchar,24.82,92.8,30.663710535130893,21.990927255729222,89.11806731404681,17.22735299220772,DRY,HISTORICAL,HISTORICAL,Historical data
2023-11-29T00:00:00,Guwahati,26.18,91.75,11.140064256581406,22.499457012260816,87.99765938098459,20.16125064108428,DRY,HISTORICAL,HISTORICAL,Historical data
2023-11-29T00:00:00,Nagaon,26.15,92.72,18.792850399093297,20.042205792858,82.70879638494321,21.56548445679487,DRY,HISTORICAL,HISTORICAL,Historical data
2023-11-29T00:00:00,Lumding,25.28,92.84,25.44116175556705,19.733873669746647,65.68006863066725,18.34774079233942,DRY,HISTORICAL,HISTORICAL,Historical data
2023-11-29T00:00:00,Silchar,24.82,92.8,25.197809667391,18.24629071286723,86.68664142298131,18.708323515408622,DRY,HISTORICAL,HISTORICAL,Historical data
2023-11-30T00:00:00,Guwahati,26.18,91.75,2.085419168317447,22.84127397668095,82.8307707361074,29.300393105283362,DRY,HISTORICAL,HISTORICAL,Historical data
2023-11-30T00:00:00,Nagaon,26.15,92.72,9.68537447191526,20.62821701366582,84.70507383094358,20.47604375031099,DRY,HISTORICAL,HISTORICAL,Historical data
2023-11-30T00:00:00,Lumding,25.28,92.84,21.04293953382382,23.354158980805774,73.0019279844307,12.003461875126213,DRY,HISTORICAL,HISTORICAL,Historical data
2023-11-30T00:00:00,Silchar,24.82,92.8,43.67041834006541,21.155151110469276,75.42186066150485,14.238123043618538,DRY,HISTORICAL,HISTORICAL,Historical data
2023-12-01T00:00:00,Guwahati,26.18,91.75,12.593081196174268,21.235827774659963,76.51308967386579,28.63983452647977,DRY,HISTORICAL,HISTORICAL,Historical data
2023-12-01T00:00:00,Nagaon,26.15,92.72,17.417712307349237,16.109055314556308,67.99357885928973,17.38446218815186,DRY,HISTORICAL,HISTORICAL,Historical data
2023-12-01T00:00:00,Lumding,25.28,92.84,4.030031528610532,17.69769877716707,66.18350586039799,16.813854452185616,DRY,HISTORICAL,HISTORICAL,Historical data
2023-12-01T00:00:00,Silchar,24.82,92.8,44.34524112358021,17.86997193139302,71.72215838887814,28.46268255368468,DRY,HISTORICAL,HISTORICAL,Historical data
2023-12-02T00:00:00,Guwahati,26.18,91.75,16.119946637314914,20.873628946739178,94.12978677255612,28.65120270791548,DRY,HISTORICAL,HISTORICAL,Historical data
2023-12-02T00:00:00,Nagaon,26.15,92.72,3.406335001709685,21.518145648336912,72.4317697340811,9.005400357303742,DRY,HISTORICAL,HISTORICAL,Historical data
2023-12-02T00:00:00,Lumding,25.28,92.84,30.691639526837463,21.522064920078517,89.27731449511079,10.868202839468937,DRY,HISTORICAL,HISTORICAL,Historical data
2023-12-02T00:00:00,Silchar,24.82,92.8,14.27171678634781,19.40774243416754,93.80572142771456,9.671592819155514,DRY,HISTORICAL,HISTORICAL,Historical data
2023-12-03T00:00:00,Guwahati,26.18,91.75,27.11352580498344,20.045416245301038,76.92286841132892,29.819992384122937,DRY,HISTORICAL,HISTORICAL,Historical data
2023-12-03T00:00:00,Nagaon,26.15,92.72,17.942846734170164,18.223639691867884,82.13445991536261,21.97616001006765,DRY,HISTORICAL,HISTORICAL,Historical data
2023-12-03T00:00:00,Lumding,25.28,92.84,29.715685935904947,22.12094074642455,80.74766355035264,18.516023515983406,DRY,HISTORICAL,HISTORICAL,Historical data
2023-12-03T00:00:00,Silchar,24.82,92.8,17.1517190179363,17.226256635941795,67.21097685682831,29.605204760307263,DRY,HISTORICAL,HISTORICAL,Historical data
2023-12-04T00:00:00,Guwahati,26.18,91.75,22.748077846374272,19.86401444547036,94.91890668670892,15.973853041202746,DRY,HISTORICAL,HISTORICAL,Historical data
2023-12-04T00:00:00,Nagaon,26.15,92.72,1.5244195065498118,19.114546709663163,78.88611383888377,18.7322739804432,DRY,HISTORICAL,HISTORICAL,Historical data
2023-12-04T00:00:00,Lumding,25.28,92.84,15.734631408587868,20.622489045311127,71.01465958878745,15.068700789499637,DRY,HISTORICAL,HISTORICAL,Historical data
2023-12-04T00:00:00,Silchar,24.82,92.8,26.14084041306879,23.571702465565796,89.47234223769665,11.862201586895482,DRY,HISTORICAL,HISTORICAL,Historical data
2023-12-05T00:00:00,Guwahati,26.18,91.75,13.319926431061772,20.248553699018018,73.23581483781986,12.913829309519613,DRY,HISTORICAL,HISTORICAL,Historical data
2023-12-05T00:00:00,Nagaon,26.15,92.72,18.02260830253235,19.466128953537403,71.96201135272106,9.673018275238308,DRY,HISTORICAL,HISTORICAL,Historical data
2023-12-05T00:00:00,Lumding,25.28,92.84,21.174555320724366,18.089317316971737,89.82849052079408,16.85647107395865,DRY,HISTORICAL,HISTORICAL,Historical data
2023-12-05T00:00:00,Silchar,24.82,92.8,23.489524851928525,20.741950732500463,74.09016109778902,8.449692586333395,DRY,HISTORICAL,HISTORICAL,Historical data
2023-12-06T00:00:00,Guwahati,26.18,91.75,0.8768411334983242,24.46058858298822,85.98604184483992,19.038727420921912,DRY,HISTORICAL,HISTORICAL,Historical data
2023-12-06T00:00:00,Nagaon,26.15,92.72,40.50992483646025,20.592422911056236,93.9887279938377,23.403853895834168,DRY,HISTORICAL,HISTORICAL,Historical data
2023-12-06T00:00:00,Lumding,25.28,92.84,39.46314125916408,20.143076819295448,82.57204010792226,13.583555160821364,DRY,HISTORICAL,HISTORICAL,Historical data
2023-12-06T00:00:00,Silchar,24.82,92.8,44.83887685712331,22.581237117561717,69.40035226627916,14.518349522661254,DRY,HISTORICAL,HISTORICAL,Historical data
2023-12-07T00:00:00,Guwahati,26.18,91.75,29.400623057302358,16.14306125534418,89.76690174992427,8.85142538443815,DRY,HISTORICAL,HISTORICAL,Historical data
2023-12-07T00:00:00,Nagaon,26.15,92.72,10.184740408362135,22.358846243540988,83.27681550264109,20.337002249810837,DRY,HISTORICAL,HISTORICAL,Historical data
2023-12-07T00:00:00,Lumding,25.28,92.84,21.494215949743904,18.289990661872185,90.19400551779236,28.26939013283864,DRY,HISTORICAL,HISTORICAL,Historical data
2023-12-07T00:00:00,Silchar,24.82,92.8,19.35236267407753,17.84449183378656,72.06310805742392,17.705354107192154,DRY,HISTORICAL,HISTORICAL,Historical data
2023-12-08T00:00:00,Guwahati,26.18,91.75,17.417244591767325,21.100091482035836,77.95545892727273,24.883259583256397,DRY,HISTORICAL,HISTORICAL,Historical data
2023-12-08T00:00:00,Nagaon,26.15,92.72,27.19868275692536,21.55422533753495,77.13567695232113,28.94618071236723,DRY,HISTORICAL,HISTORICAL,Historical data
2023-12-08T00:00:00,Lumding,25.28,92.84,30.586525816277106,21.94591882176219,66.90015020574414,10.624707457921241,DRY,HISTORICAL,HISTORICAL,Historical data
2023-12-08T00:00:00,Silchar,24.82,92.8,22.358421467170206,18.174866040465588,84.74192281932305,24.329279617498962,DRY,HISTORICAL,HISTORICAL,Historical data
2023-12-09T00:00:00,Guwahati,26.18,91.75,31.206662439579254,21.625570619916726,68.63469261863482,22.7398887586105,DRY,HISTORICAL,HISTORICAL,Historical data
2023-12-09T00:00:00,Nagaon,26.15,92.72,32.851958660919976,17.41022679852206,94.40215987030834,19.75512098886719,DRY,HISTORICAL,HISTORICAL,Historical data
2023-12-09T00:00:00,Lumding,25.28,92.84,38.43717755154216,19.048631234903674,93.97101701061946,8.291725554934054,DRY,HISTORICAL,HISTORICAL,Historical data
2023-12-09T00:00:00,Silchar,24.82,92.8,26.98345245274246,18.728270772591756,78.2351666028161,21.628223150549363,DRY,HISTORICAL,HISTORICAL,Historical data
2023-12-10T00:00:00,Guwahati,26.18,91.75,14.293059038949748,21.19688717791962,88.81414287390396,19.488566534251294,DRY,HISTORICAL,HISTORICAL,Historical data
2023-12-10T00:00:00,Nagaon,26.15,92.72,34.46051346861596,20.352637938432974,68.78769580543191,22.144582228931565,DRY,HISTORICAL,HISTORICAL,Historical data
2023-12-10T00:00:00,Lumding,25.28,92.84,31.50712364002173,16.74596789077765,77.80884473895392,14.537647643776854,DRY,HISTORICAL,HISTORICAL,Historical data
2023-12-10T00:00:00,Silchar,24.82,92.8,36.97383417201218,24.857845512155347,69.96609894500774,14.365548997143065,DRY,HISTORICAL,HISTORICAL,Historical data
2023-12-11T00:00:00,Guwahati,26.18,91.75,8.982771972025104,16.476889930192883,71.63037752134942,26.220996182319173,DRY,HISTORICAL,HISTORICAL,Historical data
2023-12-11T00:00:00,Nagaon,26.15,92.72,6.271326444825746,18.99120251514088,93.30990078472763,10.575909332768628,DRY,HISTORICAL,HISTORICAL,Historical data
2023-12-11T00:00:00,Lumding,25.28,92.84,33.868655538964525,18.379281102320235,85.29793358708959,23.23448356335875,DRY,HISTORICAL,HISTORICAL,Historical data
2023-12-11T00:00:00,Silchar,24.82,92.8,33.221100500578665,18.65795974384652,71.52293149769426,29.89083632600902,DRY,HISTORICAL,HISTORICAL,Historical data
2023-12-12T00:00:00,Guwahati,26.18,91.75,0.0,21.850370023708162,81.50627121530891,8.162118415966932,DRY,HISTORICAL,HISTORICAL,Historical data
2023-12-12T00:00:00,Nagaon,26.15,92.72,33.03826734885914,22.502315552521807,91.71344306521848,23.447861015128787,DRY,HISTORICAL,HISTORICAL,Historical data
2023-12-12T00:00:00,Lumding,25.28,92.84,8.181345702976603,17.372676320995218,69.22339156658083,17.929399522883166,DRY,HISTORICAL,HISTORICAL,Historical data
2023-12-12T00:00:00,Silchar,24.82,92.8,36.02222907714495,18.75744498394241,80.93406508462559,17.807246396732673,DRY,HISTORICAL,HISTORICAL,Historical data
2023-12-13T00:00:00,Guwahati,26.18,91.75,6.330196404375165,18.13833314253962,69.72759242185353,28.329665653543124,DRY,HISTORICAL,HISTORICAL,Historical data
2023-12-13T00:00:00,Nagaon,26.15,92.72,35.48183335434887,19.15457874857763,87.90133429131468,26.9678249760583,DRY,HISTORICAL,HISTORICAL,Historical data
2023-12-13T00:00:00,Lumding,25.28,92.84,20.01853064411761,20.030468011781092,71.63092040006039,21.690244464856047,DRY,HISTORICAL,HISTORICAL,Historical data
2023-12-13T00:00:00,Silchar,24.82,92.8,35.077792392185415,20.641183152384304,94.40320608496464,13.393574567287642,DRY,HISTORICAL,HISTORICAL,Historical data
2023-12-14T00:00:00,Guwahati,26.18,91.75,22.46223713693936,21.74877613737105,76.88206577742044,8.472876821825679,DRY,HISTORICAL,HISTORICAL,Historical data
2023-12-14T00:00:00,Nagaon,26.15,92.72,17.40629563221885,22.884299222095713,90.73101040520571,18.71294901576225,DRY,HISTORICAL,HISTORICAL,Historical data
2023-12-14T00:00:00,Lumding,25.28,92.84,31.166485393827337,20.21683866431106,67.52405317855462,19.288403825704275,DRY,HISTORICAL,HISTORICAL,Historical data
2023-12-14T00:00:00,Silchar,24.82,92.8,34.55384384524304,20.25692863606198,80.53089807149225,15.060531840789167,DRY,HISTORICAL,HISTORICAL,Historical data
2023-12-15T00:00:00,Guwahati,26.18,91.75,20.132691184871362,19.158119303409176,72.43271673765469,23.26432472369357,DRY,HISTORICAL,HISTORICAL,Historical data
2023-12-15T00:00:00,Nagaon,26.15,92.72,14.58524468363242,20.19523757266646,84.7944318246488,23.45811030364496,DRY,HISTORICAL,HISTORICAL,Historical data
2023-12-15T00:00:00,Lumding,25.28,92.84,30.24434489158701,20.774492392563236,80.57128425526868,20.772277735843016,DRY,HISTORICAL,HISTORICAL,Historical data
2023-12-15T00:00:00,Silchar,24.82,92.8,33.31809769256631,17.56798440592534,83.730196557804,16.536084351449034,DRY,HISTORICAL,HISTORICAL,Historical data
2023-12-16T00:00:00,Guwahati,26.18,91.75,20.390092478168743,19.422175825627892,84.1212236015811,22.30137646579548,DRY,HISTORICAL,HISTORICAL,Historical data
2023-12-16T00:00:00,Nagaon,26.15,92.72,12.899041183232532,22.35038962321795,70.99266359281586,15.356192809775607,DRY,HISTORICAL,HISTORICAL,Historical data
2023-12-16T00:00:00,Lumding,25.28,92.84,21.93663648481029,20.481410935617188,73.4412293171812,26.550701864538503,DRY,HISTORICAL,HISTORICAL,Historical data
2023-12-16T00:00:00,Silchar,24.82,92.8,22.1503255936099,20.55601813952328,88.23243114262944,8.216144720387552,DRY,HISTORICAL,HISTORICAL,Historical data
2023-12-17T00:00:00,Guwahati,26.18,91.75,12.7986755509533,20.56043278366448,89.73375461775963,23.456983135502057,DRY,HISTORICAL,HISTORICAL,Historical data
2023-12-17T00:00:00,Nagaon,26.15,92.72,0.49788567973128295,20.991392902663897,73.79327502053505,28.13748003199744,DRY,HISTORICAL,HISTORICAL,Historical data
2023-12-17T00:00:00,Lumding,25.28,92.84,23.31767947513288,18.920602169260636,85.49036736690232,16.636836314603624,DRY,HISTORICAL,HISTORICAL,Historical data
2023-12-17T00:00:00,Silchar,24.82,92.8,39.937547492248584,19.726172358760795,72.20518159944203,9.864521860156312,DRY,HISTORICAL,HISTORICAL,Historical data
2023-12-18T00:00:00,Guwahati,26.18,91.75,20.525726955690615,20.799144666492058,85.68448947529498,16.326472568734278,DRY,HISTORICAL,HISTORICAL,Historical data
2023-12-18T00:00:00,Nagaon,26.15,92.72,7.384761022008652,20.604391952042832,67.14602882812387,25.8108561369019,DRY,HISTORICAL,HISTORICAL,Historical data
2023-12-18T00:00:00,Lumding,25.28,92.84,29.180478223545194,20.688584499439948,83.42717561304113,18.594203984090107,DRY,HISTORICAL,HISTORICAL,Historical data
2023-12-18T00:00:00,Silchar,24.82,92.8,16.96381727673704,19.429078359269393,94.88828981880573,21.26646014827513,DRY,HISTORICAL,HISTORICAL,Historical data
2023-12-19T00:00:00,Guwahati,26.18,91.75,4.698630358914823,23.798990249117253,66.81071904586427,18.233008221160304,DRY,HISTORICAL,HISTORICAL,Historical data
2023-12-19T00:00:00,Nagaon,26.15,92.72,9.710286799517156,18.51472979841376,87.43059697424289,29.82629404277966,DRY,HISTORICAL,HISTORICAL,Historical data
2023-12-19T00:00:00,Lumding,25.28,92.84,51.11582884827244,20.466855553268733,91.42973943111454,22.464007575813557,DRY,HISTORICAL,HISTORICAL,Historical data
2023-12-19T00:00:00,Silchar,24.82,92.8,39.62346088425704,20.04274729258148,65.25723218304921,20.586960359686405,DRY,HISTORICAL,HISTORICAL,Historical data
2023-12-20T00:00:00,Guwahati,26.18,91.75,3.332667060940995,19.969073560010212,85.39113121800511,26.137510666172634,DRY,HISTORICAL,HISTORICAL,Historical data
2023-12-20T00:00:00,Nagaon,26.15,92.72,27.830969644271345,21.465285679267723,65.53470286004877,26.306966512620217,DRY,HISTORICAL,HISTORICAL,Historical data
2023-12-20T00:00:00,Lumding,25.28,92.84,31.962527496699945,20.089179689945894,92.18480890269524,16.167483326904524,DRY,HISTORICAL,HISTORICAL,Historical data
2023-12-20T00:00:00,Silchar,24.82,92.8,26.812722385825857,18.774661246448456,87.23504779973157,26.869065328639202,DRY,HISTORICAL,HISTORICAL,Historical data
2023-12-21T00:00:00,Guwahati,26.18,91.75,0.0,16.633510961439445,84.4943046693084,20.981561247291115,DRY,HISTORICAL,HISTORICAL,Historical data
2023-12-21T00:00:00,Nagaon,26.15,92.72,15.796713719405751,20.708385819634852,90.89368975712438,29.32060379272975,DRY,HISTORICAL,HISTORICAL,Historical data
2023-12-21T00:00:00,Lumding,25.28,92.84,14.460656454210511,21.278297046141805,66.43125941567067,25.184591242457046,DRY,HISTORICAL,HISTORICAL,Historical data
2023-12-21T00:00:00,Silchar,24.82,92.8,27.12718435401697,18.747911833696612,82.91059727261529,26.239561818129946,DRY,HISTORICAL,HISTORICAL,Historical data
2023-12-22T00:00:00,Guwahati,26.18,91.75,13.705741996512941,18.195771752863575,82.44152502235697,24.40740807487837,DRY,HISTORICAL,HISTORICAL,Historical data
2023-12-22T00:00:00,Nagaon,26.15,92.72,4.462789462498559,18.929530397440807,75.0198081837079,19.38693672527201,DRY,HISTORICAL,HISTORICAL,Historical data
2023-12-22T00:00:00,Lumding,25.28,92.84,30.248219093096935,21.51621438491034,85.69459450420642,16.240066241955635,DRY,HISTORICAL,HISTORICAL,Historical data
2023-12-22T00:00:00,Silchar,24.82,92.8,42.16068065467695,17.118905757605127,66.86891589698341,20.812750740543663,DRY,HISTORICAL,HISTORICAL,Historical data
2023-12-23T00:00:00,Guwahati,26.18,91.75,40.596399398334,18.93272493799974,90.1361281517846,15.768748030732748,DRY,HISTORICAL,HISTORICAL,Historical data
2023-12-23T00:00:00,Nagaon,26.15,92.72,29.187108947303663,21.321243397677236,82.4137013167474,20.241146190441576,DRY,HISTORICAL,HISTORICAL,Historical data
2023-12-23T00:00:00,Lumding,25.28,92.84,19.412948660575076,22.44257207644356,69.8163989029093,25.62968855717168,DRY,HISTORICAL,HISTORICAL,Historical data
2023-12-23T00:00:00,Silchar,24.82,92.8,30.297361543246424,17.428115426701027,65.22205038180645,19.851597845988188,DRY,HISTORICAL,HISTORICAL,Historical data
2023-12-24T00:00:00,Guwahati,26.18,91.75,21.39869524839979,18.9552210127694,65.50071450849876,15.023043514374315,DRY,HISTORICAL,HISTORICAL,Historical data
2023-12-24T00:00:00,Nagaon,26.15,92.72,33.04999380486965,17.92945888203244,80.77164973876106,25.304040265800325,DRY,HISTORICAL,HISTORICAL,Historical data
2023-12-24T00:00:00,Lumding,25.28,92.84,20.03710398774223,20.03211491126767,79.86162368263645,11.834436159999468,DRY,HISTORICAL,HISTORICAL,Historical data
2023-12-24T00:00:00,Silchar,24.82,92.8,36.443853956582316,22.02923167775247,75.04780484367895,14.669756952289854,DRY,HISTORICAL,HISTORICAL,Historical data
2023-12-25T00:00:00,Guwahati,26.18,91.75,9.039139748046365,19.71964830304642,76.66298996836636,25.311819218313772,DRY,HISTORICAL,HISTORICAL,Historical data
2023-12-25T00:00:00,Nagaon,26.15,92.72,28.520110221860485,17.316871771848092,85.75363934974453,13.874655281772071,DRY,HISTORICAL,HISTORICAL,Historical data
2023-12-25T00:00:00,Lumding,25.28,92.84,25.49477375845831,21.45265874167207,72.39977991484349,21.64884138859824,DRY,HISTORICAL,HISTORICAL,Historical data
2023-12-25T00:00:00,Silchar,24.82,92.8,24.796996881431774,18.306656224096965,77.51169653060012,9.593083909894313,DRY,HISTORICAL,HISTORICAL,Historical data
2023-12-26T00:00:00,Guwahati,26.18,91.75,0.0,20.279884726561296,76.9626179541022,17.392130482624967,DRY,HISTORICAL,HISTORICAL,Historical data
2023-12-26T00:00:00,Nagaon,26.15,92.72,29.49580435206917,20.846359306070134,87.9704979245317,21.179722264262352,DRY,HISTORICAL,HISTORICAL,Historical data
2023-12-26T00:00:00,Lumding,25.28,92.84,40.04428074155617,17.364986709347416,89.01196837579315,23.041889196129944,DRY,HISTORICAL,HISTORICAL,Historical data
2023-12-26T00:00:00,Silchar,24.82,92.8,41.81721241968019,19.07426472390589,76.17654995610413,24.460659605289983,DRY,HISTORICAL,HISTORICAL,Historical data
2023-12-27T00:00:00,Guwahati,26.18,91.75,0.0,19.110523536838276,82.42587477328814,16.12955161240528,DRY,HISTORICAL,HISTORICAL,Historical data
2023-12-27T00:00:00,Nagaon,26.15,92.72,26.43829547494058,21.691703145932053,78.9672116846669,14.671743630329294,DRY,HISTORICAL,HISTORICAL,Historical data
2023-12-27T00:00:00,Lumding,25.28,92.84,23.448559522973458,20.743220354925576,83.58351104568693,19.002403183407438,DRY,HISTORICAL,HISTORICAL,Historical data
2023-12-27T00:00:00,Silchar,24.82,92.8,35.55211889950729,17.740351402567406,65.78953576357512,13.883702821665928,DRY,HISTORICAL,HISTORICAL,Historical data
2023-12-28T00:00:00,Guwahati,26.18,91.75,3.6842655392285053,20.519724140306597,68.11047068485163,17.121019478678956,DRY,HISTORICAL,HISTORICAL,Historical data
2023-12-28T00:00:00,Nagaon,26.15,92.72,35.89578594668897,18.27965664842308,73.90211163092904,9.414165743600721,DRY,HISTORICAL,HISTORICAL,Historical data
2023-12-28T00:00:00,Lumding,25.28,92.84,29.736023249493826,21.231281122679658,85.42813455086812,27.904790667731486,DRY,HISTORICAL,HISTORICAL,Historical data
2023-12-28T00:00:00,Silchar,24.82,92.8,17.1244397996721,21.518084793766157,82.5625186381886,24.80970959485079,DRY,HISTORICAL,HISTORICAL,Historical data
2023-12-29T00:00:00,Guwahati,26.18,91.75,19.625439449283544,21.024714727006582,69.56919788891301,8.68824230441011,DRY,HISTORICAL,HISTORICAL,Historical data
2023-12-29T00:00:00,Nagaon,26.15,92.72,4.796531608637263,20.255669768693554,81.46648770157861,26.225534054219175,DRY,HISTORICAL,HISTORICAL,Historical data
2023-12-29T00:00:00,Lumding,25.28,92.84,22.476021827985363,19.993119106810468,69.57389916982302,9.080869959991565,DRY,HISTORICAL,HISTORICAL,Historical data
2023-12-29T00:00:00,Silchar,24.82,92.8,24.70341513281089,21.19117866826587,84.77134026742674,11.419012500376914,DRY,HISTORICAL,HISTORICAL,Historical data
2023-12-30T00:00:00,Guwahati,26.18,91.75,4.433760320796516,20.990956851682732,86.67470395862134,17.949619998656495,DRY,HISTORICAL,HISTORICAL,Historical data
2023-12-30T00:00:00,Nagaon,26.15,92.72,34.23740171898889,19.02363473827856,80.13486053046898,23.221651189807357,DRY,HISTORICAL,HISTORICAL,Historical data
2023-12-30T00:00:00,Lumding,25.28,92.84,22.359385645712194,20.374819622552668,67.66158433119256,20.15833524308051,DRY,HISTORICAL,HISTORICAL,Historical data
2023-12-30T00:00:00,Silchar,24.82,92.8,30.414767683626746,18.768665118393397,89.92033626706103,23.790490264332103,DRY,HISTORICAL,HISTORICAL,Historical data
2023-12-31T00:00:00,Guwahati,26.18,91.75,17.265546571706043,22.674881587329185,85.692755934022,10.591771449438886,DRY,HISTORICAL,HISTORICAL,Historical data
2023-12-31T00:00:00,Nagaon,26.15,92.72,15.181177689373328,23.056425151584733,68.04448204450519,12.2066944232244,DRY,HISTORICAL,HISTORICAL,Historical data
2023-12-31T00:00:00,Lumding,25.28,92.84,32.81512611069044,20.701225558447664,66.15992126801923,19.417234356306235,DRY,HISTORICAL,HISTORICAL,Historical data
2023-12-31T00:00:00,Silchar,24.82,92.8,57.06221931355657,22.23446333357138,71.73427067654728,18.245713924873606,DRY,HISTORICAL,HISTORICAL,Historical data
2024-02-15T12:00:00,Guwahati,,,35.0,24.0,68.45117888804424,19.726804502182702,DRY,DEMO,NORMAL,"Clear weather, dry season conditions"
2024-02-15T12:00:00,Nagaon,,,35.0,24.0,62.74108482622344,14.080195635117871,DRY,DEMO,NORMAL,"Clear weather, dry season conditions"
2024-02-15T12:00:00,Lumding,,,35.0,24.0,82.38368748074964,8.546913941878964,DRY,DEMO,NORMAL,"Clear weather, dry season conditions"
2024-02-15T12:00:00,Silchar,,,35.0,24.0,67.15755131126461,16.626204972317744,DRY,DEMO,NORMAL,"Clear weather, dry season conditions"
2024-08-15T14:00:00,Guwahati,,,220.0,25.0,67.97656742016333,17.29080418915856,MONSOON,DEMO,HEAVY_MONSOON,"Peak monsoon (Aug), sustained heavy rainfall"
2024-08-15T14:00:00,Nagaon,,,220.0,25.0,61.73587828538889,12.873680161423154,MONSOON,DEMO,HEAVY_MONSOON,"Peak monsoon (Aug), sustained heavy rainfall"
2024-08-15T14:00:00,Lumding,,,220.0,25.0,76.25950744697157,19.641743283463448,MONSOON,DEMO,HEAVY_MONSOON,"Peak monsoon (Aug), sustained heavy rainfall"
2024-08-15T14:00:00,Silchar,,,220.0,25.0,77.79204265095113,14.671710269238455,MONSOON,DEMO,HEAVY_MONSOON,"Peak monsoon (Aug), sustained heavy rainfall"
2024-07-20T10:00:00,Guwahati,,,320.0,24.0,75.5257905851297,15.489565462512347,MONSOON,DEMO,EXTREME_MONSOON,Extreme event: catastrophic rainfall + landslides
2024-07-20T10:00:00,Nagaon,,,320.0,24.0,79.4909290218703,14.41579594975206,MONSOON,DEMO,EXTREME_MONSOON,Extreme event: catastrophic rainfall + landslides
2024-07-20T10:00:00,Lumding,,,320.0,24.0,77.16969666635201,8.346891883343321,MONSOON,DEMO,EXTREME_MONSOON,Extreme event: catastrophic rainfall + landslides
2024-07-20T10:00:00,Silchar,,,320.0,24.0,66.49882778297919,18.805298952203774,MONSOON,DEMO,EXTREME_MONSOON,Extreme event: catastrophic rainfall + landslides
